Date,Pageviews,Log_Pageviews,Attention_Z,IAA,IOC,IOC_Velocity,IOC_Acceleration
2019-01-01,5551,8.62191350218664,,,,,
2019-01-02,8186,9.010302809376448,,,,,
2019-01-03,7904,8.975250749643573,,,,,
2019-01-04,6869,8.834919385216395,,,,,
2019-01-05,6559,8.788745881938135,,,,,
2019-01-06,6675,8.806274284781725,,,,,
2019-01-07,8013,8.98894529119609,,,,,
2019-01-08,7835,8.966483779064431,,,,,
2019-01-09,7670,8.945202263959297,,,,,
2019-01-10,7686,8.947285869349132,,,,,
2019-01-11,7321,8.898638793680181,,,,,
2019-01-12,6370,8.759511722116487,,,,,
2019-01-13,6639,8.80086724247048,,,,,
2019-01-14,6970,8.849513965486398,,,,,
2019-01-15,7039,8.859363449152088,,,,,
2019-01-16,6600,8.79497643168877,,,,,
2019-01-17,6788,8.823058934301647,,,,,
2019-01-18,9558,9.165238398063762,,,,,
2019-01-19,7477,8.91972065553706,,,,,
2019-01-20,6499,8.779557455883728,,,,,
2019-01-21,6513,8.781708985836179,,,,,
2019-01-22,6708,8.811205187562887,,,,,
2019-01-23,6808,8.826000545482966,,,,,
2019-01-24,6990,8.852378886511985,,,,,
2019-01-25,6080,8.71292443512011,,,,,
2019-01-26,5373,8.589327789175437,,,,,
2019-01-27,6278,8.744966011114109,,,,,
2019-01-28,7287,8.893984438939794,,,,,
2019-01-29,7046,8.860357273327022,,,,,
2019-01-30,7423,8.912473274466036,,,,,
2019-01-31,8036,8.991811158212718,,,,,
2019-02-01,7070,8.863757191604241,,,,,
2019-02-02,5968,8.69433468816865,,,,,
2019-02-03,5967,8.694167141883597,,,,,
2019-02-04,6734,8.815073088844464,,,,,
2019-02-05,7004,8.854379458771108,,,,,
2019-02-06,7123,8.871224644409553,,,,,
2019-02-07,6992,8.852664927703866,,,,,
2019-02-08,6589,8.793308627496552,,,,,
2019-02-09,5868,8.677439540558334,,,,,
2019-02-10,6203,8.73294952429643,,,,,
2019-02-11,7067,8.863332833439587,,,,,
2019-02-12,6884,8.837100411162755,,,,,
2019-02-13,7033,8.858510813033927,,,,,
2019-02-14,6254,8.741136422901011,,,,,
2019-02-15,5708,8.64979915596426,,,,,
2019-02-16,5751,8.657302899400882,,,,,
2019-02-17,5909,8.684401110400144,,,,,
2019-02-18,6186,8.73020559553099,,,,,
2019-02-19,6852,8.832441791585824,,,,,
2019-02-20,7217,8.884333185202735,,,,,
2019-02-21,6643,8.801469470733185,,,,,
2019-02-22,6502,8.780018887869153,,,,,
2019-02-23,6205,8.733271845008325,,,,,
2019-02-24,6126,8.720460512725655,,,,,
2019-02-25,7095,8.867286523989415,,,,,
2019-02-26,8310,9.025335217553026,,,,,
2019-02-27,7221,8.884887201837403,,,,,
2019-02-28,7500,8.922791623969637,,,,,
2019-03-01,11218,9.325364048544964,,,,,
2019-03-02,9175,9.124346658809207,2.3006710696007424,2.3006710696007424,81.78652028626276,,
2019-03-03,8913,9.0953783535065,1.9678805047051442,1.9678805047051442,75.47665524966575,-6.309865036597003,
2019-03-04,10543,9.263312256742289,3.2148455611833437,3.2148455611833437,92.27782715265488,16.801171902989125,23.11103693958613
2019-03-05,9009,9.106090350602384,1.8289173144840118,1.8289173144840118,72.32653953042103,-19.95128762223385,-36.752459525222974
2019-03-06,9042,9.10974625674048,1.774237719584504,1.774237719584504,70.99677632935317,-1.3297632010678626,18.621524421165986
2019-03-07,8428,9.039433419997483,1.217903883005317,1.217903883005317,54.33889228473353,-16.657884044619635,-15.328120843551773
2019-03-08,7831,8.965973184210347,0.6839554572413721,0.6839554572413721,32.924188386402285,-21.414703898331247,-4.756819853711612
2019-03-09,7029,8.857941984804711,-0.040817933251591644,0.0,0.0,-32.924188386402285,-11.509484488071038
2019-03-10,7477,8.91972065553706,0.3897204625086728,0.3897204625086728,19.24308090517024,19.24308090517024,52.167269291572524
2019-03-11,8775,9.079776001955066,1.4787888592736493,1.4787888592736493,62.87791507104477,43.63483416587453,24.39175326070429
2019-03-12,7690,8.947806093057054,0.5600194015214619,0.5600194015214619,27.291405881476226,-35.586509189568545,-79.22134335544308
2019-03-13,7474,8.919319398258887,0.3634676411418099,0.3634676411418099,17.975918451170664,-9.315487430305563,26.271021759262982
2019-03-14,8275,9.021115038865434,1.0275071743630833,1.0275071743630833,47.28646484909175,29.310546397921087,38.62603382822665
2019-03-15,13958,9.543879740512757,4.467535289222018,4.467535289222018,97.730925912731,50.444461063639245,21.13391466571816
2019-03-16,10774,9.28498391497195,2.3147659300756915,2.3147659300756915,82.0185172060668,-15.712408706664192,-66.15686977030344
2019-03-17,9479,9.156939595249067,1.4731566445080972,1.4731566445080972,62.707341275393304,-19.3111759306735,-3.5987672240093076
2019-03-18,9929,9.203315757039219,1.6699162192518686,1.6699162192518686,68.31293013736797,5.605588861974667,24.916764792648166
2019-03-19,8852,9.08851166361105,0.9907538222789019,0.9907538222789019,45.84735812969626,-22.46557200767171,-28.071160869646377
2019-03-20,7814,8.963800242855577,0.3373270250730217,0.3373270250730217,16.70821592089227,-29.139142208803992,-6.673570201132282
2019-03-21,7378,8.906393407058367,0.02560121441280612,0.02560121441280612,1.279990810206779,-15.428225110685489,13.710917098118504
2019-03-22,6959,8.847934753328465,-0.2999600660929546,0.0,0.0,-1.279990810206779,14.148234300478709
2019-03-23,6385,8.761863373274727,-0.7708799868816676,0.0,0.0,0.0,1.279990810206779
2019-03-24,6693,8.808966881771273,-0.5110026714188448,0.0,0.0,0.0,0.0
2019-03-25,7432,8.913684824725294,0.05350936528489622,0.05350936528489622,2.6748300686155315,2.6748300686155315,2.6748300686155315
2019-03-26,7077,8.864746660905409,-0.21504747739689858,0.0,0.0,-2.6748300686155315,-5.349660137231063
2019-03-27,7002,8.854093907655518,-0.2884464599034258,0.0,0.0,0.0,2.6748300686155315
2019-03-28,6852,8.832441791585824,-0.4408788236614982,0.0,0.0,0.0,0.0
2019-03-29,6158,8.725669705687043,-1.048961160262892,0.0,0.0,0.0,0.0
2019-03-30,5666,8.64241515616962,-1.4856219992719673,0.0,0.0,0.0,0.0
2019-03-31,6243,8.739376281635323,-0.9117166637920644,0.0,0.0,0.0,0.0
2019-04-01,7359,8.903815211722922,-5.6290163831894175e-05,0.0,0.0,0.0,0.0
2019-04-02,7148,8.874727765766853,-0.14981137149747142,0.0,0.0,0.0,0.0
2019-04-03,6656,8.803424211600703,-0.5374945726198933,0.0,0.0,0.0,0.0
2019-04-04,8829,9.085910293598007,0.9928897460502846,0.9928897460502846,45.93166465912512,45.93166465912512,45.93166465912512
2019-04-05,7090,8.866581653303996,-0.24316584378130815,0.0,0.0,-45.93166465912512,-91.86332931825024
2019-04-06,5889,8.681011276645632,-1.268669540665321,0.0,0.0,0.0,45.93166465912512
2019-04-07,6515,8.782015969721936,-0.6887518540988224,0.0,0.0,0.0,0.0
2019-04-08,7101,8.868131713503033,-0.21230059949355815,0.0,0.0,0.0,0.0
2019-04-09,7055,8.861633597686627,-0.2489425081664074,0.0,0.0,0.0,0.0
2019-04-10,6469,8.774931387494947,-0.7263585992231149,0.0,0.0,0.0,0.0
2019-04-11,6716,8.812396905266864,-0.536655518668854,0.0,0.0,0.0,0.0
2019-04-12,6947,8.846209127360996,-0.36076220891801686,0.0,0.0,0.0,0.0
2019-04-13,6075,8.712101863715663,-1.0971943896903067,0.0,0.0,0.0,0.0
2019-04-14,6496,8.77909581088053,-0.7107949712444702,0.0,0.0,0.0,0.0
2019-04-15,6689,8.808369153122275,-0.54187678893918,0.0,0.0,0.0,0.0
2019-04-16,6675,8.806274284781725,-0.5619000240434434,0.0,0.0,0.0,0.0
2019-04-17,7128,8.871926251117628,-0.22075081348920148,0.0,0.0,0.0,0.0
2019-04-18,6131,8.721276239991704,-1.0939598755779423,0.0,0.0,0.0,0.0
2019-04-19,5708,8.64979915596426,-1.5067520909247465,0.0,0.0,0.0,0.0
2019-04-20,6055,8.708804795117285,-1.153813400521757,0.0,0.0,0.0,0.0
2019-04-21,6448,8.771680359010377,-0.782416675330449,0.0,0.0,0.0,0.0
2019-04-22,8220,9.014447135152134,0.5736254028463956,0.5736254028463956,27.91985927802993,27.91985927802993,27.91985927802993
2019-04-23,9407,9.149315670138408,1.3001044476159296,1.3001044476159296,57.17051217609696,29.250652898067035,1.330793620037106
2019-04-24,9150,9.121618441915379,1.1029448549157441,1.1029448549157441,50.16229519174688,-7.008216984350085,-36.258869882417116
2019-04-25,9578,9.167328481382892,1.3169890662198804,1.3169890662198804,57.736065886116194,7.5737706943693155,14.5819876787194
2019-04-26,7658,8.943636705909594,0.05102564931526768,0.05102564931526768,2.5507290630049777,-55.185336823111214,-62.75910751748053
2019-04-27,6725,8.813735892300215,-0.6659223908665822,0.0,0.0,-2.5507290630049777,52.634607760106235
2019-04-28,6788,8.823058934301647,-0.5947762361622305,0.0,0.0,0.0,2.5507290630049777
2019-04-29,6956,8.847503625923641,-0.45463966537095873,0.0,0.0,0.0,0.0
2019-04-30,6709,8.811354229965728,-0.6435265757022818,0.0,0.0,0.0,0.0
2019-05-01,7136,8.873047798971067,-0.2718276312380033,0.0,0.0,0.0,0.0
2019-05-02,7564,8.931287626222456,0.08158777246515155,0.08158777246515155,4.07712723572256,4.07712723572256,4.07712723572256
2019-05-03,7355,8.903271585724212,-0.06330605052019155,0.0,0.0,-4.07712723572256,-8.15425447144512
2019-05-04,6129,8.720950028930258,-1.1186277524681265,0.0,0.0,0.0,4.07712723572256
2019-05-05,6574,8.791029857045965,-0.6630827841943571,0.0,0.0,0.0,0.0
2019-05-06,6777,8.821437352166997,-0.4538606854782113,0.0,0.0,0.0,0.0
2019-05-07,6558,8.788593431293735,-0.633471569167147,0.0,0.0,0.0,0.0
2019-05-08,7211,8.883501584323207,-0.03904472735074961,0.0,0.0,0.0,0.0
2019-05-09,7081,8.86531163267185,-0.15197619699245668,0.0,0.0,0.0,0.0
2019-05-10,7223,8.88516409509682,-0.026058222490618805,0.0,0.0,0.0,0.0
2019-05-11,6602,8.79527937019457,-0.5580950950014412,0.0,0.0,0.0,0.0
2019-05-12,7052,8.86120833720818,-0.13769642473312496,0.0,0.0,0.0,0.0
2019-05-13,6983,8.851377097519439,-0.19206794979332042,0.0,0.0,0.0,0.0
2019-05-14,6783,8.822322177471738,-0.35496941442393054,0.0,0.0,0.0,0.0
2019-05-15,6735,8.815221555922163,-0.3846022609266263,0.0,0.0,0.0,0.0
2019-05-16,6840,8.830689198760998,-0.23364393806847839,0.0,0.0,0.0,0.0
2019-05-17,6664,8.804625232612809,-0.41849210962512706,0.0,0.0,0.0,0.0
2019-05-18,5945,8.690474003558043,-1.426374149743759,0.0,0.0,0.0,0.0
2019-05-19,6099,8.716044050161402,-1.1639380362414449,0.0,0.0,0.0,0.0
2019-05-20,7247,8.888480847722816,0.4768515725765479,0.4768515725765479,23.400828875758815,23.400828875758815,23.400828875758815
2019-05-21,7920,8.97727273946428,1.3069670183113458,1.3069670183113458,57.401037144017245,34.00020826825843,10.599379392499618
2019-05-22,8295,9.023528749909364,1.6936545314840916,1.6936545314840916,68.94083239010335,11.539795246086108,-22.460413022172325
2019-05-23,7438,8.914491710191342,0.640464324430462,0.640464324430462,30.971682846975657,-37.9691495431277,-49.50894478921381
2019-05-24,7384,8.90720619496548,0.557580887390617,0.557580887390617,27.178523949792538,-3.793158897183119,34.17599064594458
2019-05-25,6043,8.70682132339263,-1.242721158537655,0.0,0.0,-27.178523949792538,-23.38536505260942
2019-05-26,6552,8.787678239039497,-0.48604243824716614,0.0,0.0,0.0,27.178523949792538
2019-05-27,6763,8.81936971001847,-0.19442975622578354,0.0,0.0,0.0,0.0
2019-05-28,6896,8.83884181343129,-0.019901358827345648,0.0,0.0,0.0,0.0
2019-05-29,7328,8.89959435992585,0.5063037858819395,0.5063037858819395,24.787919336255595,24.787919336255595,24.787919336255595
2019-05-30,6482,8.776938645174996,-0.6457215009649098,0.0,0.0,-24.787919336255595,-49.57583867251119
2019-05-31,6176,8.728587995695898,-1.100741560526121,0.0,0.0,0.0,24.787919336255595
2019-06-01,5209,8.558335134747413,-2.6247024325807957,0.0,0.0,0.0,0.0
2019-06-02,5835,8.671800909642677,-1.4571791573399508,0.0,0.0,0.0,0.0
2019-06-03,6750,8.81744592104187,-0.17116480136613874,0.0,0.0,0.0,0.0
2019-06-04,6702,8.810310466357958,-0.2018241576472174,0.0,0.0,0.0,0.0
2019-06-05,6141,8.722905701000768,-0.9705517871745644,0.0,0.0,0.0,0.0
2019-06-06,5922,8.686598356276965,-1.3091285924082408,0.0,0.0,0.0,0.0
2019-06-07,5901,8.683046555502886,-1.3101991449740606,0.0,0.0,0.0,0.0
2019-06-08,5356,8.58615939588096,-2.1119424599572625,0.0,0.0,0.0,0.0
2019-06-09,5364,8.587651655064798,-1.9880226364757552,0.0,0.0,0.0,0.0
2019-06-10,5575,8.62622695244036,-1.587012880228848,0.0,0.0,0.0,0.0
2019-06-11,5881,8.67965211911394,-1.1021068049381773,0.0,0.0,0.0,0.0
2019-06-12,6955,8.847359875474174,0.2604766322946152,0.2604766322946152,12.950690993319231,12.950690993319231,12.950690993319231
2019-06-13,6594,8.794067065151415,-0.18102698549118382,0.0,0.0,-12.950690993319231,-25.901381986638462
2019-06-14,6320,8.751632702472298,-0.5215900872196084,0.0,0.0,0.0,12.950690993319231
2019-06-15,5770,8.660600654710967,-1.2374142481758814,0.0,0.0,0.0,0.0
2019-06-16,7000,8.853808274977197,0.3156300510416676,0.3156300510416676,15.651778899454175,15.651778899454175,15.651778899454175
2019-06-17,7825,8.965206802770357,1.1946499729414364,1.1946499729414364,53.51433529072553,37.862556391271355,22.21077749181718
2019-06-18,6562,8.789203094473724,-0.22035080653526812,0.0,0.0,-53.51433529072553,-91.37689168199688
2019-06-19,6909,8.840724916761715,0.16634588953804585,0.16634588953804585,8.298168441981952,8.298168441981952,61.81250373270748
2019-06-20,6519,8.782629654920699,-0.31353783023231924,0.0,0.0,-8.298168441981952,-16.596336883963904
2019-06-21,5625,8.635153989049803,-1.492212229030637,0.0,0.0,0.0,8.298168441981952
2019-06-22,5088,8.534836626588833,-2.2478099743135957,0.0,0.0,0.0,0.0
2019-06-23,6463,8.774003600200931,-0.25787505507444436,0.0,0.0,0.0,0.0
2019-06-24,6794,8.823942326585245,0.21001113045275785,0.21001113045275785,10.462132346337373,10.462132346337373,10.462132346337373
2019-06-25,8663,9.066931788680826,2.6084517380752654,2.6084517380752654,86.28070846903545,75.81857612269808,65.3564437763607
2019-06-26,7116,8.87024156729927,0.6819119842208091,0.6819119842208091,32.83305975760999,-53.44764871142546,-129.26622483412353
2019-06-27,5984,8.697011617992073,-0.9164871706501306,0.0,0.0,-32.83305975760999,20.61458895381547
2019-06-28,6198,8.73214326770192,-0.5716588820745456,0.0,0.0,0.0,32.83305975760999
2019-06-29,5160,8.548885638148727,-2.221094523334331,0.0,0.0,0.0,0.0
2019-06-30,5850,8.674367865788236,-0.999679451660651,0.0,0.0,0.0,0.0
2019-07-01,5836,8.671972245203792,-0.988293322307077,0.0,0.0,0.0,0.0
2019-07-02,6237,8.738414897167749,-0.37362626335114846,0.0,0.0,0.0,0.0
2019-07-03,7601,8.936166649549195,1.397810552595609,1.397810552595609,60.36724528836006,60.36724528836006,60.36724528836006
2019-07-04,6752,8.817742129574842,0.3134651634465434,0.3134651634465434,15.546168419381443,-44.821076868978615,-105.18832215733867
2019-07-05,6785,8.822616945344176,0.35187186914786656,0.35187186914786656,17.414285718253748,1.8681172988723045,46.68919416785092
2019-07-06,6098,8.715880102296456,-0.5795337187006111,0.0,0.0,-17.414285718253748,-19.28240301712605
2019-07-07,7167,8.877381954654766,0.8377305717995785,0.8377305717995785,39.59740660475804,39.59740660475804,57.011692323011786
2019-07-08,7175,8.878497403738631,0.848985588464283,0.848985588464283,40.07086064371763,0.4734540389595878,-39.123952565798454
2019-07-09,6281,8.745443680098592,-0.3109704356262005,0.0,0.0,-40.07086064371763,-40.54431468267722
2019-07-10,7071,8.863898604317479,0.7438064087858505,0.7438064087858505,35.56553032746692,35.56553032746692,75.63639097118454
2019-07-11,6224,8.736328721332908,-0.3806369226107674,0.0,0.0,-35.56553032746692,-71.13106065493383
2019-07-12,6758,8.818630229100354,0.35550190343800253,0.35550190343800253,17.590227456411764,17.590227456411764,53.155757783878684
2019-07-13,5757,8.65834547117212,-1.0428655075104556,0.0,0.0,-17.590227456411764,-35.18045491282353
2019-07-14,6557,8.788440957404594,0.11973762501037763,0.11973762501037763,5.979738615123529,5.979738615123529,23.569966071535294
2019-07-15,6480,8.776630098427717,0.0209591194716976,0.0209591194716976,1.047917612685517,-4.931821002438012,-10.91155961756154
2019-07-16,6812,8.826587830773668,0.4644830742761677,0.4644830742761677,22.815429126868974,21.767511514183457,26.699332516621467
2019-07-17,7587,8.934323331054905,1.399062317465406,1.399062317465406,60.407010067782394,37.59158094091342,15.82406942672996
2019-07-18,7507,8.9237243977064,1.2569818446373358,1.2569818446373358,55.70122232494336,-4.705787742839036,-42.29736868375245
2019-07-19,6936,8.844624683385302,0.5403784945049063,0.5403784945049063,26.380092162182052,-29.321130162761307,-24.61534241992227
2019-07-20,6605,8.795733605950735,0.13058154424596927,0.13058154424596927,6.519815436458895,-19.860276725723157,9.46085343703815
2019-07-21,7001,8.85395110151461,0.6713887078123152,0.6713887078123152,32.36280886782263,25.842993431363734,45.70327015708689
2019-07-22,7636,8.940760134888384,1.5136463001592462,1.5136463001592462,63.920191958562576,31.557383090739947,5.714389659376213
2019-07-23,6983,8.851377097519439,0.6913809825319704,0.6913809825319704,33.25481254973744,-30.66537940882514,-62.222762499565086
2019-07-24,7558,8.930494185292178,1.4282858009908332,1.4282858009908332,61.32681663674335,28.072004087005915,58.737383495831054
2019-07-25,10557,9.264639145383562,4.387742604299308,4.387742604299308,97.54476467768791,36.217948040944556,8.145943953938641
2019-07-26,8406,9.036819971135296,1.968581823332427,1.968581823332427,75.49174108920882,-22.053023588479093,-58.27097162942365
2019-07-27,7533,8.927181388251986,1.0474491756070303,1.0474491756070303,48.05695402497375,-27.434787064235067,-5.3817634757559745
2019-07-28,7519,8.925321416943886,1.0139912201380603,1.0139912201380603,46.76010212936366,-1.2968518956100894,26.137935168624978
2019-07-29,7537,8.92771217382708,1.0257084341567828,1.0257084341567828,47.21660815219899,0.4565060228353275,1.7533579184454169
2019-07-30,7249,8.88875674784872,0.7077263479985361,0.7077263479985361,33.97971426553468,-13.236893886664305,-13.693399909499632
2019-07-31,6501,8.779865100863852,-0.12395728854619326,0.0,0.0,-33.97971426553468,-20.742820378870377
2019-08-01,6155,8.72518249495877,-0.5740313607407193,0.0,0.0,0.0,33.97971426553468
2019-08-02,6144,8.723394022000136,-0.5977639033307716,0.0,0.0,0.0,0.0
2019-08-03,5702,8.648747631156539,-1.1566522401252965,0.0,0.0,0.0,0.0
2019-08-04,5852,8.67470962929122,-0.9266547587742975,0.0,0.0,0.0,0.0
2019-08-05,5839,8.672486075822272,-0.9331562819572731,0.0,0.0,0.0,0.0
2019-08-06,5979,8.696175846944678,-0.7512675341348592,0.0,0.0,0.0,0.0
2019-08-07,5921,8.686429508661536,-0.8275254397804207,0.0,0.0,0.0,0.0
2019-08-08,6172,8.727940222393896,-0.5350942826856561,0.0,0.0,0.0,0.0
2019-08-09,5547,8.621192781434722,-1.3998128553867448,0.0,0.0,0.0,0.0
2019-08-10,5057,8.52872642722991,-2.120953959916792,0.0,0.0,0.0,0.0
2019-08-11,5833,8.671458150427666,-0.9564522587253265,0.0,0.0,0.0,0.0
2019-08-12,6180,8.729235349659273,-0.49244245149677046,0.0,0.0,0.0,0.0
2019-08-13,6117,8.718990524710849,-0.5604566140142758,0.0,0.0,0.0,0.0
2019-08-14,6105,8.717027173294824,-0.5701105169377997,0.0,0.0,0.0,0.0
2019-08-15,5507,8.613956859848546,-1.359587477682959,0.0,0.0,0.0,0.0
2019-08-16,5706,8.649448770536708,-1.0470840958261103,0.0,0.0,0.0,0.0
2019-08-17,5570,8.625329850020815,-1.1949284498200796,0.0,0.0,0.0,0.0
2019-08-18,6095,8.715388097366482,-0.49276845406645314,0.0,0.0,0.0,0.0
2019-08-19,6244,8.739536422559677,-0.29807259635232225,0.0,0.0,0.0,0.0
2019-08-20,6722,8.813289762469037,0.25391811914357587,0.25391811914357587,12.628129486664,12.628129486664,12.628129486664
2019-08-21,6703,8.810459642161918,0.21294780696528706,0.21294780696528706,10.607336573957193,-2.0207929127068063,-14.648922399370806
2019-08-22,6673,8.80597465931132,0.14947198352946134,0.14947198352946134,7.459715676481926,-3.1476208974752673,-1.126827984768461
2019-08-23,6201,8.732627099660395,-0.4199184089234811,0.0,0.0,-7.459715676481926,-4.312094779006658
2019-08-24,5673,8.643649615368796,-1.0931030586211485,0.0,0.0,0.0,7.459715676481926
2019-08-25,6000,8.699681400989514,-0.6271263734536406,0.0,0.0,0.0,0.0
2019-08-26,6284,8.745921121024347,-0.23712613349527606,0.0,0.0,0.0,0.0
2019-08-27,6089,8.714403360703942,-0.4960589230649165,0.0,0.0,0.0,0.0
2019-08-28,6268,8.743372131273969,-0.2620520849595979,0.0,0.0,0.0,0.0
2019-08-29,6286,8.74623928838306,-0.27268277785490175,0.0,0.0,0.0,0.0
2019-08-30,6244,8.739536422559677,-0.339490817125664,0.0,0.0,0.0,0.0
2019-08-31,7053,8.861350110795998,0.660883266476847,0.660883266476847,31.89175481872983,31.89175481872983,31.89175481872983
2019-09-01,6091,8.714731714015052,-0.5724952548333856,0.0,0.0,-31.89175481872983,-63.78350963745966
2019-09-02,5916,8.685584842676693,-0.7923329889107249,0.0,0.0,0.0,31.89175481872983
2019-09-03,5870,8.677780256064185,-0.8356855656488625,0.0,0.0,0.0,0.0
2019-09-04,6287,8.746398334109042,-0.24190825021250548,0.0,0.0,0.0,0.0
2019-09-05,6518,8.782476268924539,0.053626711826625685,0.053626711826625685,2.680693188587799,2.680693188587799,2.680693188587799
2019-09-06,6671,8.805674944038582,0.2613857326485317,0.2613857326485317,12.995381003790655,10.314687815202856,7.633994626615056
2019-09-07,6128,8.720786883485731,-0.44164107588756624,0.0,0.0,-12.995381003790655,-23.31006881899351
2019-09-08,6259,8.741935464094144,-0.25979110837181507,0.0,0.0,0.0,12.995381003790655
2019-09-09,7061,8.862483576488332,0.7747194358844584,0.7747194358844584,36.90818342817018,36.90818342817018,36.90818342817018
2019-09-10,7874,8.971448463693834,1.67059806570971,1.67059806570971,68.33110851014685,31.422925081976665,-5.485258346193518
2019-09-11,7702,8.949365142352965,1.4319708185401843,1.4319708185401843,61.44164128019245,-6.889467229954398,-38.31239231193106
2019-09-12,7268,8.891374009484636,0.9067328470834007,0.9067328470834007,42.466227445566325,-18.975413834626124,-12.085946604671726
2019-09-13,6918,8.842026529498812,0.4866096694622062,0.4866096694622062,23.86148650415767,-18.604740941408654,0.37067289321747054
2019-09-14,6154,8.725020038618554,-0.4699392884980756,0.0,0.0,-23.86148650415767,-5.256745562749018
2019-09-15,6881,8.836664586357426,0.44682940652801767,0.44682940652801767,21.9770266084318,21.9770266084318,45.83851311258947
2019-09-16,7170,8.877800393882575,0.8017623091690999,0.8017623091690999,38.07026597660027,16.09323936816847,-5.883787240263331
2019-09-17,8316,9.026056891868688,2.03353957017701,2.03353957017701,76.85475761076226,38.784491634161995,22.691252265993526
2019-09-18,7640,8.941283763647567,1.2705028037983406,1.2705028037983406,56.165761496212205,-20.688996114550058,-59.47348774871205
2019-09-19,7623,8.939056445334039,1.2171916779238308,1.2171916779238308,54.31379186863564,-1.8519696275765654,18.837026486973492
2019-09-20,6878,8.836228571526014,0.39253299596159563,0.39253299596159563,19.37846350109223,-34.935328367543406,-33.08335873996684
2019-09-21,6046,8.707317560273212,-0.6056811706612966,0.0,0.0,-19.37846350109223,15.556864866451175
2019-09-22,6791,8.823500727991183,0.3291168552123729,0.3291168552123729,16.308895721588428,16.308895721588428,35.687359222680655
2019-09-23,7687,8.947415950650129,1.334172686367418,1.334172686367418,58.30600168451133,41.9971059629229,25.688210241334474
2019-09-24,7764,8.957381735582787,1.6528750786540929,1.6528750786540929,67.85584940246353,9.549847717952204,-32.4472582449707
2019-09-25,7521,8.925587339030281,1.412390990484968,1.412390990484968,60.828558343181406,-7.027291059282128,-16.57713877723433
2019-09-26,7622,8.938925271988273,1.5369210998347849,1.5369210998347849,64.60333958013804,3.7747812369566347,10.802072296238762
2019-09-27,7684,8.947025655972697,1.6049414743096078,1.6049414743096078,66.54157833442343,1.9382387542853934,-1.8365424826712413
2019-09-28,6600,8.79497643168877,0.19443068240051795,0.19443068240051795,9.691023955290436,-56.850554379133,-58.788793133418395
2019-09-29,7774,8.958668737047434,1.7324231468063982,1.7324231468063982,69.9444209870321,60.25339703174167,117.10395141087467
2019-09-30,8507,9.048762176320128,2.480930227361343,2.480930227361343,84.558819624508,14.614398637475901,-45.63899839426577
2019-10-01,8014,8.989070065043654,1.8038442919619935,1.8038442919619935,71.72325084596518,-12.835568778542822,-27.449967416018723
2019-10-02,8213,9.013595294516504,1.9306073144501874,1.9306073144501874,74.6633250326048,2.9400741866396203,15.775642965182442
2019-10-03,8617,9.061608318175784,2.2426989121667265,2.2426989121667265,80.803778993463,6.140453960858196,3.2003797742185753
2019-10-04,6930,8.843759381917984,0.37043172276921144,0.37043172276921144,18.312658750763816,-62.49112024269918,-68.63157420355738
2019-10-05,6456,8.772920092626467,-0.22307468319525525,0.0,0.0,-18.312658750763816,44.178461491935366
2019-10-06,7927,8.978156076009824,1.4356417020111156,1.4356417020111156,61.55576731544493,61.55576731544493,79.86842606620874
2019-10-07,8674,9.06820060481506,2.109609945904277,2.109609945904277,78.36674237929977,16.810975063854833,-44.7447922515901
2019-10-08,7895,8.974111581113318,1.2637111972561348,1.2637111972561348,55.9328616236315,-22.433880755668262,-39.244855819523096
2019-10-09,7686,8.947285869349132,1.0148076922646831,1.0148076922646831,46.79199353540376,-9.14086808822774,13.293012667440522
2019-10-10,7490,8.921457578947884,0.7863417190090266,0.7863417190090266,37.409057494114265,-9.382936041289497,-0.2420679530617562
2019-10-11,7276,8.892473968347087,0.5202015262277829,0.5202015262277829,25.43897773555929,-11.970079758554974,-2.5871437172654765
2019-10-12,6315,8.750841375375533,-0.6713831240434093,0.0,0.0,-25.43897773555929,-13.468897977004318
2019-10-13,6822,8.828054536815424,-0.03749851107947024,0.0,0.0,0.0,25.43897773555929
2019-10-14,7986,8.985570498917388,1.2642414692808916,1.2642414692808916,55.95107778261785,55.95107778261785,55.95107778261785
2019-10-15,7771,8.95828281049733,1.0009881716761053,1.0009881716761053,46.25056412148146,-9.700513661136391,-65.65159144375424
2019-10-16,7847,8.9680140012452,1.0558322343967936,1.0558322343967936,48.3786549227847,2.1280908013032374,11.828604462439628
2019-10-17,7848,8.968141414126814,1.0310783106000752,1.0310783106000752,47.42497908436432,-0.9536758384203807,-3.081766639723618
2019-10-18,7356,8.903407519932264,0.4234126597304255,0.4234126597304255,20.859916056583774,-26.565063027780543,-25.611387189360162
2019-10-19,6425,8.768107539675803,-0.8076577141618391,0.0,0.0,-20.859916056583774,5.705146971196768
2019-10-20,7242,8.887790764195326,0.2682917605583277,0.2682917605583277,13.334697341022384,13.334697341022384,34.19461339760616
2019-10-21,7617,8.938269147038548,0.7070629458253078,0.7070629458253078,33.9503707409512,20.615673399928816,7.2809760589064325
2019-10-22,7578,8.93313654381203,0.6402755605983366,0.6402755605983366,30.96314975989969,-2.987220981051511,-23.602894380980327
2019-10-23,8365,9.031931152002144,1.5015372421795852,1.5015372421795852,63.560727698217654,32.59757793831797,35.584798919369476
2019-10-24,10840,9.291090521661292,3.8288811203133974,3.8288811203133974,95.74567913359007,32.18495143537242,-0.4126265029455496
2019-10-25,8928,9.097059685517216,1.7997515688724377,1.7997515688724377,71.62373821028565,-24.12194092330442,-56.30689235867684
2019-10-26,7183,8.879611609982035,-0.05796233072864245,0.0,0.0,-71.62373821028565,-47.50179728698123
2019-10-27,7693,8.94819608331224,0.4901105771260997,0.4901105771260997,24.0264962284419,24.0264962284419,95.65023443872755
2019-10-28,7931,8.978660489639687,0.723710833674424,0.723710833674424,34.68472878848905,10.658232560047153,-13.368263668394746
2019-10-29,8286,9.022443300849043,1.070037980323043,1.070037980323043,48.920827713523366,14.236098925034312,3.577866364987159
2019-10-30,8807,9.083415678402515,1.5586875495781758,1.5586875495781758,65.23298884362899,16.312161130105622,2.0760622050713096
2019-10-31,7671,8.945332616563274,0.3378760560923687,0.3378760560923687,16.734899897491808,-48.49808894613718,-64.8102500762428
2019-11-01,6474,8.775703886567738,-1.145031076144944,0.0,0.0,-16.734899897491808,31.763189048645373
2019-11-02,6627,8.799058378546453,-0.9772256024413973,0.0,0.0,0.0,16.734899897491808
2019-11-03,7497,8.922391597295857,0.08916602603710004,0.08916602603710004,4.455349808270371,4.455349808270371,4.455349808270371
2019-11-04,8061,8.994916943677111,0.7311767509086905,0.7311767509086905,35.01268986638709,30.557340058116722,26.101990249846352
2019-11-05,7754,8.956093075610639,0.3444355109682779,0.3444355109682779,17.053511523845096,-17.959178342541996,-48.51651840065872
2019-11-06,7825,8.965206802770357,0.40930407814591785,0.40930407814591785,20.18419962190618,3.1306880980610856,21.089866440603082
2019-11-07,7855,8.969032850034301,0.4194348171459407,0.4194348171459407,20.669599732984267,0.48540011107808567,-2.645287986983
2019-11-08,6993,8.852807917623322,-0.7582908843074114,0.0,0.0,-20.669599732984267,-21.154999844062353
2019-11-09,6022,8.70334075304372,-2.2349410929556512,0.0,0.0,0.0,20.669599732984267
2019-11-10,6564,8.789507786736896,-1.2876823795072538,0.0,0.0,0.0,0.0
2019-11-11,7276,8.892473968347087,-0.27803089469800457,0.0,0.0,0.0,0.0
2019-11-12,7980,8.984818995876008,0.5898568299552113,0.5898568299552113,28.666459032761125,28.666459032761125,28.666459032761125
2019-11-13,13072,9.47830431356186,5.217399359806868,5.217399359806868,98.92156465101847,70.25510561825735,41.58864658549622
2019-11-14,10329,9.242807562113684,2.4457355596886683,2.4457355596886683,84.04980814435847,-14.871756506660006,-85.12686212491735
2019-11-15,6937,8.844768827529695,-0.7593025796882709,0.0,0.0,-84.04980814435847,-69.17805163769846
2019-11-16,6012,8.70167907103957,-1.8474853453164726,0.0,0.0,0.0,84.04980814435847
2019-11-17,6607,8.796036315200814,-1.058644619946222,0.0,0.0,0.0,0.0
2019-11-18,8123,9.002577922700276,0.49701360299415437,0.49701360299415437,24.351452117077198,24.351452117077198,24.351452117077198
2019-11-19,7989,8.98594603876032,0.3653867713660348,0.3653867713660348,18.068758242177317,-6.282693874899881,-30.63414599197708
2019-11-20,7774,8.958668737047434,0.146116995596104,0.146116995596104,7.292879040062528,-10.77587920211479,-4.49318532721491
2019-11-21,8708,9.07211225269274,0.9808331349582019,0.9808331349582019,45.45469944898052,38.16182040891799,48.937699611032784
2019-11-22,24806,10.118881150390276,8.90434416359889,8.90434416359889,99.9728441445511,54.518144695570584,16.356324286652594
2019-11-23,22629,10.027031738627583,5.288595305285155,5.288595305285155,98.99530308733941,-0.9775410572116954,-55.49568575278228
2019-11-24,26187,10.173056569560982,4.896094518789787,4.896094518789787,98.51594986174916,-0.47935322559024485,0.4981878316214505
2019-11-25,28231,10.248211365355106,4.330591106180515,4.330591106180515,97.40223273601389,-1.1137171257352776,-0.6343639001450327
2019-11-26,19846,9.895808141192258,2.6432452498983663,2.6432452498983663,86.71868852446421,-10.683544211549673,-9.569827085814396
2019-11-27,16533,9.713174145812621,1.931246634884977,1.931246634884977,74.67746786123503,-12.041220663229183,-1.3576764516795095
2019-11-28,14028,9.548881894718772,1.377901229072168,1.377901229072168,59.7307433832102,-14.946724478024827,-2.905503814795644
2019-11-29,11772,9.373564053078196,0.8451730130661136,0.8451730130661136,39.910718504196765,-19.820024879013438,-4.873300400988612
2019-11-30,10764,9.284055409798464,0.5790364394796359,0.5790364394796359,28.16913218954158,-11.741586314655187,8.078438564358251
2019-12-01,11114,9.316050826398296,0.6520539711931801,0.6520539711931801,31.49463420079564,3.3255020112540628,15.06708832590925
2019-12-02,11165,9.320628725870305,0.6486867643358671,0.6486867643358671,31.34289340570462,-0.15174079509102256,-3.4772428063450853
2019-12-03,10815,9.288781798282745,0.5478325080822798,0.5478325080822798,26.72651405380958,-4.616379351895038,-4.464638556804015
2019-12-04,10956,9.301733800405394,0.5637276673268512,0.5637276673268512,27.46292221651795,0.7364081627083685,5.352787514603406
2019-12-05,10652,9.273596821611198,0.46476276933007726,0.46476276933007726,22.82868548887002,-4.634236727647931,-5.370644890356299
2019-12-06,9332,9.141311785565748,0.08842652599562685,0.08842652599562685,4.4184475958678675,-18.41023789300215,-13.77600116535422
2019-12-07,9654,9.175231194862615,0.1780460663139168,0.1780460663139168,8.87886041188675,4.4604128160188825,22.870650709021035
2019-12-08,9397,9.14825217966276,0.0950158135085942,0.0950158135085942,4.747219719164359,-4.131640692722391,-8.592053508741273
2019-12-09,9531,9.162409838218633,0.1248799120091208,0.1248799120091208,6.235893646539093,1.4886739273747347,5.620314620097126
2019-12-10,9241,9.131513591430211,0.029016060697101238,0.029016060697101238,1.4507012536594013,-4.785192392879692,-6.2738663202544265
2019-12-11,8798,9.08239335764556,-0.11765569580923109,0.0,0.0,-1.4507012536594013,3.3344911392202903
2019-12-12,8647,9.065083359319043,-0.18243099395556756,0.0,0.0,0.0,1.4507012536594013
2019-12-13,7975,8.984192311641674,-0.4215294280594419,0.0,0.0,0.0,0.0
2019-12-14,6967,8.849083518532339,-0.8005006528481965,0.0,0.0,0.0,0.0
2019-12-15,7201,8.882114044208821,-0.7003866948946925,0.0,0.0,0.0,0.0
2019-12-16,7797,8.961622569542543,-0.47295358614051486,0.0,0.0,0.0,0.0
2019-12-17,7648,8.942330199321866,-0.5263931009119208,0.0,0.0,0.0,0.0
2019-12-18,7600,8.936035096566041,-0.5463457115923913,0.0,0.0,0.0,0.0
2019-12-19,7167,8.877381954654766,-0.7224501312196961,0.0,0.0,0.0,0.0
2019-12-20,7042,8.85978949474541,-0.7711228461113212,0.0,0.0,0.0,0.0
2019-12-21,6237,8.738414897167749,-1.1056436556504832,0.0,0.0,0.0,0.0
2019-12-22,7903,8.975124239427704,-0.43003721044298304,0.0,0.0,0.0,0.0
2019-12-23,8495,9.04735074348172,-0.22635491207541564,0.0,0.0,0.0,0.0
2019-12-24,7866,8.970432074329242,-0.4293356905635675,0.0,0.0,0.0,0.0
2019-12-25,6967,8.849083518532339,-0.7599012632440807,0.0,0.0,0.0,0.0
2019-12-26,7539,8.927977461002001,-0.5387908047968886,0.0,0.0,0.0,0.0
2019-12-27,8279,9.021598247379305,-0.27793952021009194,0.0,0.0,0.0,0.0
2019-12-28,7826,8.965334573804839,-0.43626867222417803,0.0,0.0,0.0,0.0
2019-12-29,7787,8.960339366492091,-0.4470636309585253,0.0,0.0,0.0,0.0
2019-12-30,9128,9.119211438565081,-0.0008654033220373499,0.0,0.0,0.0,0.0
2019-12-31,7348,8.90231952852887,-0.6105455513181556,0.0,0.0,0.0,0.0
2020-01-01,7010,8.855235623206967,-0.7505398245602158,0.0,0.0,0.0,0.0
2020-01-02,8942,9.09862638234618,-0.07497553136994316,0.0,0.0,0.0,0.0
2020-01-03,10138,9.22414465295258,0.26814599583151644,0.26814599583151644,13.327538630278848,13.327538630278848,13.327538630278848
2020-01-04,8801,9.082734247371036,-0.13870553111217254,0.0,0.0,-13.327538630278848,-26.655077260557697
2020-01-05,8731,9.074749717669835,-0.16731972977843382,0.0,0.0,0.0,13.327538630278848
2020-01-06,8576,9.056839480990421,-0.22311468573551183,0.0,0.0,0.0,0.0
2020-01-07,10650,9.273409063443166,0.38247927120738623,0.38247927120738623,18.89418671186312,18.89418671186312,18.89418671186312
2020-01-08,11062,9.311361486034912,0.4717256629978592,0.4717256629978592,23.158423253640503,4.264236541777382,-14.629950170085738
2020-01-09,13823,9.534161491043838,1.0862674266943593,1.0862674266943593,49.5356404595577,26.377217205917194,22.112980664139812
2020-01-10,10480,9.257319373170178,0.2580604343877124,0.2580604343877124,12.83188879668026,-36.70375166287744,-63.08096886879463
2020-01-11,8483,9.045937315684574,-0.36629389115175964,0.0,0.0,-12.83188879668026,23.871862866197176
2020-01-12,8368,9.032289682032873,-0.4090425632329578,0.0,0.0,0.0,12.83188879668026
2020-01-13,10339,9.24377514806242,0.22280159974448124,0.22280159974448124,11.094224293201012,11.094224293201012,11.094224293201012
2020-01-14,11451,9.345919666218006,0.5185816679010807,0.5185816679010807,25.363210613359243,14.26898632015823,3.174762026957218
2020-01-15,10153,9.22562299550734,0.14678397130401863,0.14678397130401863,7.32604964835822,-18.03716096500102,-32.306147285159255
2020-01-16,9477,9.156728602527533,-0.08058074706227686,0.0,0.0,-7.32604964835822,10.711111316642802
2020-01-17,8729,9.074520648833648,-0.3456735109208556,0.0,0.0,0.0,7.32604964835822
2020-01-18,7435,8.914088348841334,-0.8310511805182242,0.0,0.0,0.0,0.0
2020-01-19,12391,9.424806382096705,0.7025541510524868,0.7025541510524868,33.750763373868416,33.750763373868416,33.750763373868416
2020-01-20,10562,9.265112607823163,0.2016103019736537,0.2016103019736537,10.04650833392101,-23.704255039947405,-57.45501841381582
2020-01-21,9917,9.202106567049078,0.003475049368629393,0.003475049368629393,0.17375229357924177,-9.872756040341768,13.831498999605637
2020-01-22,12546,9.4372368721597,0.8078009384407275,0.8078009384407275,38.32813995017852,38.154387656599276,48.027143696941046
2020-01-23,13959,9.543951376316363,1.2555353083103808,1.2555353083103808,55.65131571877148,17.32317576859296,-20.831211888006315
2020-01-24,10348,9.244645175668174,0.29697286186482696,0.29697286186482696,14.740468300447262,-40.91084741832422,-58.23402318691718
2020-01-25,8103,9.000113045928519,-0.656082015361369,0.0,0.0,-14.740468300447262,26.170379117876955
2020-01-26,7917,8.976893927666076,-0.76580743142502,0.0,0.0,0.0,14.740468300447262
2020-01-27,8248,9.017847259860732,-0.5421775921923871,0.0,0.0,0.0,0.0
2020-01-28,8293,9.023287640806327,-0.4878142434448363,0.0,0.0,0.0,0.0
2020-01-29,9716,9.181632207839439,0.4157730335698762,0.4157730335698762,20.494266559429093,20.494266559429093,20.494266559429093
2020-01-30,13463,9.507774735870642,2.2511483805204118,2.2511483805204118,80.94990920469517,60.45564264526608,39.96137608583699
2020-01-31,9963,9.20673387638207,0.5343021725967665,0.5343021725967665,26.097193045630508,-54.85271615906467,-115.30835880433075
2020-02-01,8285,9.022322622637347,-0.45973906977919193,0.0,0.0,-26.097193045630508,28.755523113434162
2020-02-02,8538,9.052399183907607,-0.2727371317837119,0.0,0.0,0.0,26.097193045630508
2020-02-03,11521,9.352013530292329,1.4155240097375843,1.4155240097375843,60.92715264179335,60.92715264179335,60.92715264179335
2020-02-04,19823,9.894648603868923,4.390351591507172,4.390351591507172,97.55108367372021,36.623931031926865,-24.303221609866483
2020-02-05,16947,9.73790511174645,3.0071504377270406,3.0071504377270406,90.5792232702659,-6.971860403454315,-43.59579143538118
2020-02-06,12910,9.46583494017472,1.5443070396444083,1.5443070396444083,64.81799399868781,-25.761229271578088,-18.789368868123773
2020-02-07,10055,9.215924750270084,0.39378037661126825,0.39378037661126825,19.438483159579214,-45.3795108391086,-19.61828156753051
2020-02-08,8343,9.029297996680608,-0.4293164197643563,0.0,0.0,-19.438483159579214,25.941027679529384
2020-02-09,8925,9.096723645189215,-0.1258455724859595,0.0,0.0,0.0,19.438483159579214
2020-02-10,10201,9.230339058482873,0.45847715469163897,0.45847715469163897,22.530570557630536,22.530570557630536,22.530570557630536
2020-02-11,10348,9.244645175668174,0.5085236129254799,0.5085236129254799,24.892062230277357,2.361491672646821,-20.169078884983715
2020-02-12,9644,9.17419492533983,0.18146356471353758,0.18146356471353758,9.048362372373587,-15.84369985790377,-18.205191530550593
2020-02-13,9833,9.193601047971885,0.24600740273018915,0.24600740273018915,12.238708781989043,3.190346409615456,19.034046267519226
2020-02-14,8190,9.010791269515602,-0.5953030926981736,0.0,0.0,-12.238708781989043,-15.4290551916045
2020-02-15,8000,8.987321812850125,-0.706214756114098,0.0,0.0,0.0,12.238708781989043
2020-02-16,8603,9.05998249038762,-0.38359582486431054,0.0,0.0,0.0,0.0
2020-02-17,9023,9.10764297373784,-0.17892904165657642,0.0,0.0,0.0,0.0
2020-02-18,9541,9.163458386076051,0.05792103879626424,0.05792103879626424,2.8952425604802086,2.8952425604802086,2.8952425604802086
2020-02-19,10129,9.22325659724273,0.3146633228357846,0.3146633228357846,15.604623061849132,12.709380501368923,9.814137940888713
2020-02-20,10746,9.282381924841154,0.5719284661614346,0.5719284661614346,27.841607893551277,12.236984831702145,-0.4723956696667777
2020-02-21,8926,9.096835671179361,-0.3509313052848096,0.0,0.0,-27.841607893551277,-40.07859272525342
2020-02-22,7956,8.981807323377534,-0.9150516489795935,0.0,0.0,0.0,27.841607893551277
2020-02-23,8370,9.032528630660057,-0.6698872502816828,0.0,0.0,0.0,0.0
2020-02-24,9610,9.170663554823284,-0.012582377551959576,0.0,0.0,0.0,0.0
2020-02-25,8567,9.055789612127585,-0.6093413391002713,0.0,0.0,0.0,0.0
2020-02-26,8388,9.034676602846295,-0.7195794536485454,0.0,0.0,0.0,0.0
2020-02-27,7873,8.971321471503682,-1.0494524611318614,0.0,0.0,0.0,0.0
2020-02-28,7855,8.969032850034301,-1.0630221256020251,0.0,0.0,0.0,0.0
2020-02-29,6673,8.80597465931132,-1.859139151806115,0.0,0.0,0.0,0.0
2020-03-01,6889,8.837826364007704,-1.6694166893754623,0.0,0.0,0.0,0.0
2020-03-02,7367,8.904901577935142,-1.332763886543374,0.0,0.0,0.0,0.0
2020-03-03,7646,8.942068693044225,-1.1180160507919878,0.0,0.0,0.0,0.0
2020-03-04,7492,8.92172453036431,-1.1827353871548913,0.0,0.0,0.0,0.0
2020-03-05,7504,8.923324744067562,-1.1501937130052933,0.0,0.0,0.0,0.0
2020-03-06,7386,8.907476977528738,-1.2023523024288651,0.0,0.0,0.0,0.0
2020-03-07,6695,8.80926561216931,-1.638745679485564,0.0,0.0,0.0,0.0
2020-03-08,6382,8.761393485256058,-1.791848406001238,0.0,0.0,0.0,0.0
2020-03-09,7715,8.951051374025619,-0.8598746795727711,0.0,0.0,0.0,0.0
2020-03-10,9192,9.126197603863755,-0.02901565483755531,0.0,0.0,0.0,0.0
2020-03-11,7885,8.972844314437573,-0.7257636552609055,0.0,0.0,0.0,0.0
2020-03-12,6883,8.83695515733143,-1.3421592939490607,0.0,0.0,0.0,0.0
2020-03-13,5737,8.65486599654131,-2.1351451193421087,0.0,0.0,0.0,0.0
2020-03-14,5418,8.597666575566114,-2.2713501340527418,0.0,0.0,0.0,0.0
2020-03-15,5544,8.620651899784468,-2.048280184942048,0.0,0.0,0.0,0.0
2020-03-16,5784,8.663023639627777,-1.7694439944253983,0.0,0.0,0.0,0.0
2020-03-17,5837,8.67214355141406,-1.6566096786695141,0.0,0.0,0.0,0.0
2020-03-18,6605,8.795733605950735,-1.109027140051456,0.0,0.0,0.0,0.0
2020-03-19,6169,8.727454116899434,-1.3597350470598268,0.0,0.0,0.0,0.0
2020-03-20,5687,8.646113971483077,-1.6328374862633592,0.0,0.0,0.0,0.0
2020-03-21,5257,8.567506005289827,-1.8682873824693613,0.0,0.0,0.0,0.0
2020-03-22,5645,8.638702608813434,-1.5157058597468112,0.0,0.0,0.0,0.0
2020-03-23,5699,8.648221453822641,-1.4305014158627418,0.0,0.0,0.0,0.0
2020-03-24,6074,8.711937268208748,-1.1543857949000698,0.0,0.0,0.0,0.0
2020-03-25,6461,8.773694146384443,-0.8822636343608908,0.0,0.0,0.0,0.0
2020-03-26,6344,8.755422380148488,-0.9310817737404264,0.0,0.0,0.0,0.0
2020-03-27,6216,8.735042754269337,-0.9867537411946039,0.0,0.0,0.0,0.0
2020-03-28,6226,8.736649954872451,-0.9555028838300178,0.0,0.0,0.0,0.0
2020-03-29,6764,8.819517540604888,-0.6263856887171882,0.0,0.0,0.0,0.0
2020-03-30,6354,8.756997183623554,-0.8348785040730584,0.0,0.0,0.0,0.0
2020-03-31,6380,8.761080103868347,-0.7953033049923138,0.0,0.0,0.0,0.0
2020-04-01,6670,8.805525052709516,-0.6002398526525033,0.0,0.0,0.0,0.0
2020-04-02,7278,8.892748769118258,-0.2555639059987678,0.0,0.0,0.0,0.0
2020-04-03,7284,8.893572718629306,-0.24252595427480597,0.0,0.0,0.0,0.0
2020-04-04,6585,8.792701462936309,-0.6063818644508666,0.0,0.0,0.0,0.0
2020-04-05,6801,8.82497196556714,-0.4666956290484385,0.0,0.0,0.0,0.0
2020-04-06,6686,8.80792062205398,-0.5345450300239072,0.0,0.0,0.0,0.0
2020-04-07,5926,8.687273461787838,-1.1466800957304213,0.0,0.0,0.0,0.0
2020-04-08,6710,8.811503250158239,-0.4534707028594863,0.0,0.0,0.0,0.0
2020-04-09,6348,8.75605259917045,-0.731110387524834,0.0,0.0,0.0,0.0
2020-04-10,6590,8.79346036105272,-0.5042796802344847,0.0,0.0,0.0,0.0
2020-04-11,5931,8.688116703257823,-1.0598649439463614,0.0,0.0,0.0,0.0
2020-04-12,5996,8.69901462316851,-0.9743041179645839,0.0,0.0,0.0,0.0
2020-04-13,6446,8.77137018531062,-0.5288408414689597,0.0,0.0,0.0,0.0
2020-04-14,6671,8.805674944038582,-0.299035121318219,0.0,0.0,0.0,0.0
2020-04-15,6870,8.835064935031076,-0.10446793555094866,0.0,0.0,0.0,0.0
2020-04-16,7191,8.880724576151456,0.18534420097045734,0.18534420097045734,9.240771569071969,9.240771569071969,9.240771569071969
2020-04-17,6944,8.845777255188445,-0.007317858566537535,0.0,0.0,-9.240771569071969,-18.481543138143937
2020-04-18,7555,8.9300972286214,0.5464221824407632,0.5464221824407632,26.661022463929058,26.661022463929058,35.901794033001025
2020-04-19,7156,8.875846177738598,0.2396184797592627,0.2396184797592627,11.923925492093101,-14.737096971835957,-41.39811943576501
2020-04-20,8006,8.988071438072634,1.0583661989830262,1.0583661989830262,48.47564000554676,36.55171451345366,51.288811485289614
2020-04-21,7275,8.892336539638013,0.47350206369275577,0.47350206369275577,23.242462449906192,-25.233177555640566,-61.78489206909423
2020-04-22,7141,8.873748128154395,0.3737439293861322,0.3737439293861322,18.472666608775437,-4.769795841130755,20.46338171450981
2020-04-23,7000,8.853808274977197,0.2384017926225598,0.2384017926225598,11.863951735134211,-6.608714873641226,-1.8389190325104714
2020-04-24,6823,8.828201089171515,0.0657841076847699,0.0657841076847699,3.288019714265982,-8.57593202086823,-1.9672171472270037
2020-04-25,7079,8.865029186687766,0.42951497596570615,0.42951497596570615,21.151568645084097,17.863548930818116,26.439480951686345
2020-04-26,7005,8.854522203757432,0.3808752543972874,0.3808752543972874,18.816837259093457,-2.33473138599064,-20.198280316808756
2020-04-27,7508,8.923857580099885,1.0467624375741158,1.0467624375741158,48.03054277344921,29.213705514355755,31.548436900346395
2020-04-28,8167,9.007979359844501,1.830498435466683,1.830498435466683,72.36421879351322,24.333676020064004,-4.880029494291751
2020-04-29,9788,9.18901458526143,3.440732588361021,3.440732588361021,93.79071230887173,21.426493515358516,-2.9071825047054887
2020-04-30,11789,9.375006993531416,4.626077631725542,4.626077631725542,98.06037572739311,4.269663418521375,-17.15683009683714
2020-05-01,12436,9.42843117965374,4.286857957084161,4.286857957084161,97.28767825074206,-0.7726974766510466,-5.042360895172422
2020-05-02,15870,9.672248823507559,5.216297005602583,5.216297005602583,98.92038159867346,1.6327033479313968,2.4054008245824434
2020-05-03,11609,9.359622074691938,2.6600136596989916,2.6600136596989916,86.92510023923869,-11.99528135943477,-13.627984707366167
2020-05-04,9494,9.158520623246385,1.500365739990521,1.500365739990521,63.52580373598189,-23.3992965032568,-11.40401514382203
2020-05-05,18142,9.806040090370162,4.5631698484421355,4.5631698484421355,97.935738415804,34.40993467982211,57.80923118307891
2020-05-06,24864,10.12121647114884,5.173881927486043,5.173881927486043,98.8738678710429,0.9381294552389079,-33.4718052245832
2020-05-07,21653,9.982945473870844,3.7540251823496043,3.7540251823496043,95.42256395303184,-3.451303918011064,-4.389433373249972
2020-05-08,17790,9.786447990434775,2.7115027427502136,2.7115027427502136,87.54039841103479,-7.882165541997054,-4.43086162398599
2020-05-09,16753,9.726392314713754,2.3426717807904054,2.3426717807904054,82.46999526232788,-5.070403148706902,2.8117623932901523
2020-05-10,19757,9.89131375160442,2.682891463613868,2.682891463613868,87.20190565962731,4.73191039729943,9.802313546006332
2020-05-11,16301,9.699043078654404,1.984079479317031,1.984079479317031,75.8230731179924,-11.378832541634921,-16.11074293893435
2020-05-12,24619,10.111314399738445,2.948038319520576,2.948038319520576,90.03413840243006,14.211065284437666,25.589897826072587
2020-05-13,20454,9.9259826303635,2.2632520431459846,2.2632520431459846,81.15750309335455,-8.87663530907551,-23.087700593513176
2020-05-14,15186,9.62819507773027,1.4407713798979687,1.4407713798979687,61.71481512260064,-19.44268797075391,-10.566052661678398
2020-05-15,11172,9.321255432547337,0.6767263970120266,0.6767263970120266,32.601534389438974,-29.113280733161666,-9.670592762407757
2020-05-16,9902,9.200593020521303,0.37260153209332986,0.37260153209332986,18.417490083050954,-14.18404430638802,14.929236426773645
2020-05-17,9830,9.193295937366925,0.33695011829741606,0.33695011829741606,16.689896100407736,-1.7275939826432172,12.456450323744804
2020-05-18,13226,9.490015474026047,1.0167269763751348,1.0167269763751348,46.86691280334707,30.177016702939333,31.90461068558255
2020-05-19,9012,9.10642325855641,0.08876134644902386,0.08876134644902386,4.435155811830638,-42.43175699151643,-72.60877369445576
2020-05-20,8813,9.084096645401932,0.018929606702501295,0.018929606702501295,0.9464520734454428,-3.4887037383851953,38.94305325313123
2020-05-21,11345,9.336620537886512,0.6002579367382102,0.6002579367382102,29.143063173841327,28.196611100395884,31.68531483878108
2020-05-22,8595,9.059052257762401,-0.08933915505852165,0.0,0.0,-29.143063173841327,-57.33967427423721
2020-05-23,8275,9.021115038865434,-0.19874543880631862,0.0,0.0,0.0,29.143063173841327
2020-05-24,8464,9.043695294567236,-0.15768398377532883,0.0,0.0,0.0,0.0
2020-05-25,9840,9.194312610898985,0.2000951333350174,0.2000951333350174,9.97150885557222,9.97150885557222,9.97150885557222
2020-05-26,11522,9.352100317014015,0.5730885317067316,0.5730885317067316,27.89510637152976,17.92359751595754,7.95208866038532
2020-05-27,21241,9.963735632881486,2.0694152575788975,2.0694152575788975,77.57895415176037,49.68384778023061,31.76025026427307
2020-05-28,13687,9.52427481557203,0.903366374837059,0.903366374837059,42.32816042395401,-35.25079372780636,-84.93464150803698
2020-05-29,11717,9.368881400104733,0.4985113803355392,0.4985113803355392,24.421887267009975,-17.906273156944035,17.344520570862326
2020-05-30,26870,10.198802917143304,2.4952811472343357,2.4952811472343357,84.76206960968112,60.34018234267114,78.24645549961518
2020-05-31,30564,10.327610842462827,2.6402360191139804,2.6402360191139804,86.6813273128019,1.9192577031207776,-58.420924639550364
2020-06-01,16745,9.725914702764378,1.121257653001569,1.121257653001569,50.844384728603465,-35.83694258419843,-37.75620028731921
2020-06-02,12072,9.398726833332388,0.36014214782206855,0.36014214782206855,17.814968720479964,-33.029416008123505,2.8075265760749275
2020-06-03,10622,9.270776740780013,0.05855804252837568,0.05855804252837568,2.927065754360918,-14.887902966119047,18.14151304200446
2020-06-04,10186,9.228867676590067,-0.052727919204919364,0.0,0.0,-2.927065754360918,11.960837211758129
2020-06-05,10330,9.242904362849446,-0.036642972820628124,0.0,0.0,0.0,2.927065754360918
2020-06-06,9811,9.19136140537838,-0.17101202895754516,0.0,0.0,0.0,0.0
2020-06-07,9818,9.19207456316929,-0.1913762841866576,0.0,0.0,0.0,0.0
2020-06-08,9744,9.184509611941662,-0.22572429111275533,0.0,0.0,0.0,0.0
2020-06-09,10125,9.222861652529854,-0.1547398959280628,0.0,0.0,0.0,0.0
2020-06-10,11642,9.362460420037015,0.1605110098741438,0.1605110098741438,8.008364058465947,8.008364058465947,8.008364058465947
2020-06-11,11612,9.359880439245758,0.12979379161966534,0.12979379161966534,6.480594228887895,-1.5277698295780517,-9.536133888043999
2020-06-12,9411,9.149740749847252,-0.4174236949599414,0.0,0.0,-6.480594228887895,-4.9528243993098435
2020-06-13,8748,9.076694687106265,-0.623640584934818,0.0,0.0,0.0,6.480594228887895
2020-06-14,12076,9.399058096275375,0.18000773818569057,0.18000773818569057,8.976162266748108,8.976162266748108,8.976162266748108
2020-06-15,8980,9.10286651367095,-0.6077423486777194,0.0,0.0,-8.976162266748108,-17.952324533496217
2020-06-16,8446,9.041566627727496,-0.7827166495001244,0.0,0.0,0.0,8.976162266748108
2020-06-17,8806,9.08330213880546,-0.688591187363957,0.0,0.0,0.0,0.0
2020-06-18,8488,9.046526486737967,-0.7970164349067526,0.0,0.0,0.0,0.0
2020-06-19,7898,8.97449144816442,-1.003292944941275,0.0,0.0,0.0,0.0
2020-06-20,7770,8.958154135209242,-1.0456768047081608,0.0,0.0,0.0,0.0
2020-06-21,7658,8.943636705909594,-1.0910345259830148,0.0,0.0,0.0,0.0
2020-06-22,7626,8.939449862164238,-1.109545370259174,0.0,0.0,0.0,0.0
2020-06-23,7011,8.855378246041125,-1.3457867720092453,0.0,0.0,0.0,0.0
2020-06-24,6806,8.825706773447951,-1.4296008893258672,0.0,0.0,0.0,0.0
2020-06-25,7030,8.858084222199162,-1.3369288654431908,0.0,0.0,0.0,0.0
2020-06-26,7197,8.881558488638976,-1.2740218498838207,0.0,0.0,0.0,0.0
2020-06-27,7284,8.893572718629306,-1.2367845210656694,0.0,0.0,0.0,0.0
2020-06-28,9127,9.119101891541911,-0.6208574680254115,0.0,0.0,0.0,0.0
2020-06-29,8127,9.003070169818264,-0.9268930165229433,0.0,0.0,0.0,0.0
2020-06-30,8055,8.994172434398399,-0.9275428152683751,0.0,0.0,0.0,0.0
2020-07-01,11293,9.332026890232783,-0.011427680824861576,0.0,0.0,0.0,0.0
2020-07-02,16243,9.69547888880619,0.9684951439139279,0.9684951439139279,44.96388929175835,44.96388929175835,44.96388929175835
2020-07-03,11420,9.343209045050607,0.018234029971267187,0.018234029971267187,0.9116762392051343,-44.05221305255321,-89.01610234431156
2020-07-04,8625,9.062536177207788,-0.7306937235569227,0.0,0.0,-0.9116762392051343,43.14053681334808
2020-07-05,11087,9.313618721429684,-0.03556915366654374,0.0,0.0,0.0,0.9116762392051343
2020-07-06,12114,9.402199633250627,0.2458626405233566,0.2458626405233566,12.231579025255073,12.231579025255073,12.231579025255073
2020-07-07,11317,9.334149657702469,0.08659339434509528,0.08659339434509528,4.326966272355353,-7.90461275289972,-20.136191778154792
2020-07-08,9334,9.141526055975824,-0.449480548287759,0.0,0.0,-4.326966272355353,3.5776464805443666
2020-07-09,9174,9.12423767292277,-0.47709972686942553,0.0,0.0,0.0,4.326966272355353
2020-07-10,10721,9.280052984387483,0.01897598631627858,0.01897598631627858,0.9487708458972791,0.9487708458972791,0.9487708458972791
2020-07-11,12434,9.428270356237505,0.49436602031502946,0.49436602031502946,24.22688289234428,23.278112046447,22.32934120054972
2020-07-12,11377,9.339436945310593,0.27276488372456836,0.27276488372456836,13.554310712900863,-10.672572179443415,-33.95068422589041
2020-07-13,13516,9.511703431483827,0.900405448191714,0.900405448191714,42.20656304524398,28.652252332343117,39.32482451178653
2020-07-14,11612,9.359880439245758,0.39613978379570153,0.39613978379570153,19.551969877164797,-22.654593168079185,-51.3068455004223
2020-07-15,10320,9.241935933565934,-0.008134273495053653,0.0,0.0,-19.551969877164797,3.102623290914387
2020-07-16,9443,9.153134898205403,-0.31305121074595005,0.0,0.0,0.0,19.551969877164797
2020-07-17,8564,9.05543941075822,-0.6432806633588899,0.0,0.0,0.0,0.0
2020-07-18,8100,8.999742789830492,-0.810500226391831,0.0,0.0,0.0,0.0
2020-07-19,8227,9.015298250772847,-0.7484279569179002,0.0,0.0,0.0,0.0
2020-07-20,8690,9.07004328643746,-0.5569197097895169,0.0,0.0,0.0,0.0
2020-07-21,10207,9.23092700558457,0.004045745303049687,0.004045745303049687,0.20228698923217817,0.20228698923217817,0.20228698923217817
2020-07-22,13000,9.472781556562168,0.8161153299188981,0.8161153299188981,38.68222216758108,38.4799351783489,38.277648189116725
2020-07-23,18762,9.839642124487375,2.035179488982237,2.035179488982237,76.88830024273825,38.20607807515717,-0.2738571031917303
2020-07-24,10393,9.248983995568388,-0.014526823225014996,0.0,0.0,-76.88830024273825,-115.09437831789543
2020-07-25,11306,9.333177281935246,0.2600789995052249,0.2600789995052249,12.931142306412694,12.931142306412694,89.81944254915095
2020-07-26,10484,9.25770094333602,0.012250524039646705,0.012250524039646705,0.6125185416741676,-12.318623764738525,-25.24976607115122
2020-07-27,10097,9.22009266341886,-0.07669312454355981,0.0,0.0,-0.6125185416741676,11.706105223064357
2020-07-28,9642,9.173987542510384,-0.22074318460764983,0.0,0.0,0.0,0.6125185416741676
2020-07-29,9306,9.13852208418571,-0.33382169003689127,0.0,0.0,0.0,0.0
2020-07-30,8777,9.080003870248179,-0.5315008655554532,0.0,0.0,0.0,0.0
2020-07-31,7409,8.910585718290132,-1.3483230939088438,0.0,0.0,0.0,0.0
2020-08-01,7225,8.885440911707585,-1.4629581133359595,0.0,0.0,0.0,0.0
2020-08-02,10357,9.245514446983837,0.35380656967893515,0.35380656967893515,17.50807135594094,17.50807135594094,17.50807135594094
2020-08-03,10079,9.21830854162536,0.22278416590815758,0.22278416590815758,11.093363329493117,-6.4147080264478245,-23.922779382388768
2020-08-04,8289,9.022805248129341,-0.7351091402791774,0.0,0.0,-11.093363329493117,-4.678655303045293
2020-08-05,7979,8.984693690443855,-0.9009615400193521,0.0,0.0,0.0,11.093363329493117
2020-08-06,7488,8.921190556249368,-1.1866610494126335,0.0,0.0,0.0,0.0
2020-08-07,7419,8.911934336161426,-1.1959503354748078,0.0,0.0,0.0,0.0
2020-08-08,7501,8.922924930641832,-1.1084105650440157,0.0,0.0,0.0,0.0
2020-08-09,7492,8.92172453036431,-1.0804004609651605,0.0,0.0,0.0,0.0
2020-08-10,7215,8.88405606174246,-1.221799647390981,0.0,0.0,0.0,0.0
2020-08-11,7427,8.913011922472597,-1.0451582378900577,0.0,0.0,0.0,0.0
2020-08-12,8302,9.02437217426203,-0.5008088423026172,0.0,0.0,0.0,0.0
2020-08-13,7901,8.974871170971337,-0.7253211561554322,0.0,0.0,0.0,0.0
2020-08-14,7475,8.919453168575453,-0.9580813297832564,0.0,0.0,0.0,0.0
2020-08-15,6557,8.788440957404594,-1.5446715495313157,0.0,0.0,0.0,0.0
2020-08-16,7367,8.904901577935142,-0.9665898735706321,0.0,0.0,0.0,0.0
2020-08-17,9113,9.117566971823829,0.01560847593480935,0.01560847593480935,0.7804079529286562,0.7804079529286562,0.7804079529286562
2020-08-18,11162,9.320360017014732,0.9278381936991926,0.9278381936991926,43.327299223940045,42.54689127101139,41.766483318082734
2020-08-19,10545,9.263501920090414,0.6422406350165433,0.6422406350165433,31.051956687244513,-12.275342536695533,-54.82223380770692
2020-08-20,10573,9.266153436795395,0.6321002194925209,0.6321002194925209,30.59310558915848,-0.45885109808603275,11.8164914386095
2020-08-21,10700,9.278092474027002,0.6635080743836175,0.6635080743836175,32.009597572526275,1.416491983367795,1.8753430814538277
2020-08-22,9557,9.165133779138104,0.12696939670454938,0.12696939670454938,6.339954801597231,-25.669642770929045,-27.08613475429684
2020-08-23,8770,9.079206103951382,-0.2907524220244995,0.0,0.0,-6.339954801597231,19.329687969331815
2020-08-24,10755,9.283219017388756,0.6407348340926787,0.6407348340926787,30.9839103923997,30.9839103923997,37.32386519399693
2020-08-25,10694,9.277531621516506,0.5882990657555063,0.5882990657555063,28.594955459357468,-2.388954933042232,-33.372865325441936
2020-08-26,9521,9.161360189754465,0.0053625804183229766,0.0053625804183229766,0.26812837836313724,-28.32682708099433,-25.9378721479521
2020-08-27,10841,9.291182759820284,0.6165384362584796,0.6165384362584796,29.886172228001296,29.61804384963816,57.94487093063249
2020-08-28,10314,9.241354425505353,0.3586876471019843,0.3586876471019843,17.744542669621982,-12.141629558379314,-41.75967340801748
2020-08-29,10442,9.253687176479549,0.4011547993774463,0.4011547993774463,19.79301628501247,2.0484736153904883,14.190103173769803
2020-08-30,10097,9.22009266341886,0.21710022892801212,0.21710022892801212,10.812576116124214,-8.980440168888256,-11.028913784278744
2020-08-31,13317,9.496871782670567,1.592480258685647,1.592480258685647,66.19295439808431,55.3803782819601,64.36081845084836
2020-09-01,15152,9.625953811136162,2.3277272022000095,2.3277272022000095,82.22950161222336,16.03654721413905,-39.34383106782105
2020-09-02,13535,9.513108081846005,1.6629684794292323,1.6629684794292323,68.12721674978883,-14.10228486243453,-30.13883207657358
2020-09-03,11882,9.382864086290027,0.9653799456081198,0.9653799456081198,44.839533165081235,-23.287683584707594,-9.185398722273064
2020-09-04,10238,9.233959237574817,0.23978585782323752,0.23978585782323752,11.932175323882403,-32.90735784119883,-9.619674256491237
2020-09-05,9155,9.122164681072457,-0.28665582471490464,0.0,0.0,-11.932175323882403,20.975182517316426
2020-09-06,8886,9.092344813738475,-0.4158617347880713,0.0,0.0,0.0,11.932175323882403
2020-09-07,8925,9.096723645189215,-0.39007886098747585,0.0,0.0,0.0,0.0
2020-09-08,11439,9.344871264933788,0.8186223062745951,0.8186223062745951,38.788763147284236,38.788763147284236,38.788763147284236
2020-09-09,12057,9.397483619049352,1.0653679868803547,1.0653679868803547,48.743007488520256,9.95424434123602,-28.834518806048216
2020-09-10,10693,9.277438115508676,0.48779028910917877,0.48779028910917877,23.917148589444313,-24.825858899075943,-34.78010324031196
2020-09-11,9929,9.203315757039219,0.13317504589412757,0.13317504589412757,6.648928307796724,-17.26822028164759,7.557638617428353
2020-09-12,8601,9.059750013343681,-0.5542979844142202,0.0,0.0,-6.648928307796724,10.619291973850867
2020-09-13,8219,9.014325488050225,-0.7599711267155542,0.0,0.0,0.0,6.648928307796724
2020-09-14,8828,9.085797036901582,-0.38115385900014626,0.0,0.0,0.0,0.0
2020-09-15,9250,9.132486932771318,-0.1420093465969049,0.0,0.0,0.0,0.0
2020-09-16,8495,9.04735074348172,-0.5747038566316066,0.0,0.0,0.0,0.0
2020-09-17,8522,9.050523670522297,-0.564386459362088,0.0,0.0,0.0,0.0
2020-09-18,8493,9.047115310873217,-0.5855817566890376,0.0,0.0,0.0,0.0
2020-09-19,7535,8.927446816256198,-1.1840408081394829,0.0,0.0,0.0,0.0
2020-09-20,7967,8.983188799264434,-0.869555138702495,0.0,0.0,0.0,0.0
2020-09-21,10233,9.233470789365038,0.4212720784068649,0.4212720784068649,20.757521389715084,20.757521389715084,20.757521389715084
2020-09-22,13009,9.47347357150655,1.8880749808312736,1.8880749808312736,73.70717705210086,52.94965566238578,32.1921342726707
2020-09-23,13882,9.538420349034803,2.177020833181144,2.177020833181144,79.63338225552612,5.926205203425255,-47.023450458960525
2020-09-24,10523,9.261413642160184,0.612088302348027,0.612088302348027,29.68340495568261,-49.9499772998435,-55.87618250326876
2020-09-25,8647,9.065083359319043,-0.4390033069630183,0.0,0.0,-29.68340495568261,20.266572344160892
2020-09-26,8050,8.993551586299981,-0.8077743945625767,0.0,0.0,0.0,29.68340495568261
2020-09-27,8669,9.067624069774588,-0.39335713852487014,0.0,0.0,0.0,0.0
2020-09-28,8808,9.083529205109796,-0.3020232722089924,0.0,0.0,0.0,0.0
2020-09-29,9073,9.113168460223909,-0.14479710308902702,0.0,0.0,0.0,0.0
2020-09-30,8158,9.0068768914288,-0.7371895851144762,0.0,0.0,0.0,0.0
2020-10-01,7555,8.9300972286214,-1.175540780548611,0.0,0.0,0.0,0.0
2020-10-02,8573,9.056489647157923,-0.4541196669212107,0.0,0.0,0.0,0.0
2020-10-03,7654,8.943114308091785,-1.0518952412078457,0.0,0.0,0.0,0.0
2020-10-04,7797,8.961622569542543,-0.9390561495333405,0.0,0.0,0.0,0.0
2020-10-05,7858,8.969414650866176,-0.8935134187101232,0.0,0.0,0.0,0.0
2020-10-06,7603,8.93642970360832,-1.0794515777184568,0.0,0.0,0.0,0.0
2020-10-07,9062,9.111955470054781,-0.13706742418246085,0.0,0.0,0.0,0.0
2020-10-08,8193,9.011157458106817,-0.7061610660055365,0.0,0.0,0.0,0.0
2020-10-09,7448,8.915835074176277,-1.2445853152776247,0.0,0.0,0.0,0.0
2020-10-10,6750,8.81744592104187,-1.7960677378013752,0.0,0.0,0.0,0.0
2020-10-11,7734,8.953510763007166,-1.0216263898661613,0.0,0.0,0.0,0.0
2020-10-12,9423,9.151014905891367,0.06108750909880984,0.06108750909880984,3.0534259789777995,3.0534259789777995,3.0534259789777995
2020-10-13,7906,8.975503722070927,-0.91271385898374,0.0,0.0,-3.0534259789777995,-6.106851957955599
2020-10-14,8141,9.004791129062925,-0.7621548463490361,0.0,0.0,0.0,3.0534259789777995
2020-10-15,9123,9.11866358340428,-0.16129221623308368,0.0,0.0,0.0,0.0
2020-10-16,7591,8.934850340289763,-1.2393002477017336,0.0,0.0,0.0,0.0
2020-10-17,6685,8.807771066980044,-1.9271160698068484,0.0,0.0,0.0,0.0
2020-10-18,7822,8.96482339168508,-0.967232668226874,0.0,0.0,0.0,0.0
2020-10-19,8207,9.012864567410551,-0.6707909529850393,0.0,0.0,0.0,0.0
2020-10-20,7815,8.96392819372262,-0.9188443274136188,0.0,0.0,0.0,0.0
2020-10-21,8284,9.022201929860664,-0.5668649690117886,0.0,0.0,0.0,0.0
2020-10-22,9318,9.139810605785655,0.09612725792839165,0.09612725792839165,4.80266523363327,4.80266523363327,4.80266523363327
2020-10-23,7598,8.935771938669784,-1.035135900018305,0.0,0.0,-4.80266523363327,-9.60533046726654
2020-10-24,7268,8.891374009484636,-1.2456870593594256,0.0,0.0,0.0,4.80266523363327
2020-10-25,7730,8.952993499320474,-0.8658197090164165,0.0,0.0,0.0,0.0
2020-10-26,8078,8.997023381479709,-0.6024690623065709,0.0,0.0,0.0,0.0
2020-10-27,7763,8.957252944288902,-0.7968771859903498,0.0,0.0,0.0,0.0
2020-10-28,7660,8.94389780251682,-0.8439405126313394,0.0,0.0,0.0,0.0
2020-10-29,7263,8.890685920281129,-1.1075676085067172,0.0,0.0,0.0,0.0
2020-10-30,7107,8.868976189274543,-1.1895050014037676,0.0,0.0,0.0,0.0
2020-10-31,6522,8.783089671796096,-1.6536936920315344,0.0,0.0,0.0,0.0
2020-11-01,6767,8.81996090128606,-1.4588713722918885,0.0,0.0,0.0,0.0
2020-11-02,7690,8.947806093057054,-0.6527301370435032,0.0,0.0,0.0,0.0
2020-11-03,7632,8.94023623179847,-0.6785538504333117,0.0,0.0,0.0,0.0
2020-11-04,6134,8.721765357145012,-2.094421839233386,0.0,0.0,0.0,0.0
2020-11-05,6514,8.781862489558945,-1.6008669916283673,0.0,0.0,0.0,0.0
2020-11-06,7057,8.861917004235215,-1.0360824212841901,0.0,0.0,0.0,0.0
2020-11-07,6615,8.797246236703527,-1.406539966489429,0.0,0.0,0.0,0.0
2020-11-08,6714,8.812099108957337,-1.281658122358667,0.0,0.0,0.0,0.0
2020-11-09,8194,9.01127949117793,0.04441889415542477,0.04441889415542477,2.2205796124178407,2.2205796124178407,2.2205796124178407
2020-11-10,7252,8.889170455363413,-0.7528147846632013,0.0,0.0,-2.2205796124178407,-4.4411592248356815
2020-11-11,7197,8.881558488638976,-0.7782996456956854,0.0,0.0,0.0,2.2205796124178407
2020-11-12,7610,8.937349848267392,-0.37348634542070963,0.0,0.0,0.0,0.0
2020-11-13,8172,9.00859131751613,0.12293094114740602,0.12293094114740602,6.138818177117742,6.138818177117742,6.138818177117742
2020-11-14,7072,8.86403999703599,-0.8600139299395234,0.0,0.0,-6.138818177117742,-12.277636354235485
2020-11-15,8065,8.995412975433313,0.07262394738451988,0.07262394738451988,3.6296022273545137,3.6296022273545137,9.768420404472256
2020-11-16,11072,9.312264991698108,2.2621867488668395,2.2621867488668395,81.13931353662839,77.50971130927388,73.88010908191937
2020-11-17,13525,9.512369038134885,3.4711397085751403,3.4711397085751403,93.97107136376367,12.831757827135277,-64.6779534821386
2020-11-18,12096,9.400712766959849,2.447684549873226,2.447684549873226,84.07839229099318,-9.892679072770491,-22.72443689990577
2020-11-19,11323,9.33467964623179,1.9106076736960462,1.9106076736960462,74.21748028764982,-9.860912003343358,0.03176706942713281
2020-11-20,9487,9.157783121237507,0.8299716696638458,0.8299716696638458,39.26978789798116,-34.94769238966866,-25.0867803863253
2020-11-21,8385,9.034318927730707,0.1454351627405903,0.1454351627405903,7.258967875580118,-32.01082002240104,2.9368723672676182
2020-11-22,8900,9.093918908958932,0.5578324969255197,0.5578324969255197,27.19017474331543,19.931206867735312,51.942026890136354
2020-11-23,9474,9.156412029950626,1.0769163981272507,1.0769163981272507,49.18199937834827,21.99182463503284,2.060617767297529
2020-11-24,23032,10.044683249202905,7.094259659339234,7.094259659339234,99.83416663226078,50.6521672539125,28.66034261887966
2020-11-25,20600,9.933094897288786,4.598613815530546,4.598613815530546,98.00690622071106,-1.827260411549716,-52.47942766546222
2020-11-26,13152,9.48440514846878,1.9686911870300128,1.9686911870300128,75.49409285681591,-22.512813363895148,-20.685552952345432
2020-11-27,11271,9.330077053578517,1.239749536760159,1.239749536760159,55.104082901599035,-20.390009955216875,2.1228034086782728
2020-11-28,10597,9.268420583052707,0.9552462506925997,0.9552462506925997,44.43380330396752,-10.670279597631513,9.719730357585362
2020-11-29,9944,9.204825191288073,0.6796049286659648,0.6796049286659648,32.730103174552006,-11.703700129415516,-1.033420531784003
2020-11-30,10494,9.258654232254733,0.8818894298887848,0.8818894298887848,41.44272086560451,8.7126176910525,20.416317820468016
2020-12-01,10678,9.276034475171546,0.9258584775943622,0.9258584775943622,43.24686110514613,1.8041402395416242,-6.908477451510876
2020-12-02,10607,9.269363712425644,0.8779417696533437,0.8779417696533437,41.27910474162784,-1.9677563635182906,-3.771896603059915
2020-12-03,10299,9.239899174217728,0.7346737539465243,0.7346737539465243,35.1660113208353,-6.113093420792538,-4.145337057274247
2020-12-04,9384,9.14686794902061,0.3441965896341787,0.3441965896341787,17.041912639106165,-18.124098681729137,-12.0110052609366
2020-12-05,8611,9.060911858484253,-0.009141107474663639,0.0,0.0,-17.041912639106165,1.082186042622972
2020-12-06,8861,9.089527751759436,0.09656087538268875,0.09656087538268875,4.824295872558724,4.824295872558724,21.86620851166489
2020-12-07,9519,9.161150127785412,0.3834270275359825,0.3834270275359825,18.939878734777935,14.11558286221921,9.291286989660485
2020-12-08,11448,9.345657668923812,1.1076842604008719,1.1076842604008719,50.33942679448945,31.399548059711513,17.283965197492304
2020-12-09,12960,9.469700127423375,1.5622340561913686,1.5622340561913686,65.33473836177758,14.995311567288134,-16.40423649242338
2020-12-10,12010,9.39357817555449,1.2051174081090597,1.2051174081090597,53.88677814353389,-11.447960218243693,-26.443271785531827
2020-12-11,10050,9.21542741102474,0.4751196287632537,0.4751196287632537,23.31895716639987,-30.56782097713402,-19.119860758890326
2020-12-12,9543,9.163667963777751,0.27005156968369515,0.27005156968369515,13.4211130407623,-9.897844125637569,20.66997685149645
2020-12-13,9842,9.194515821629212,0.3777129336193031,0.3777129336193031,18.6642744239573,5.243161383194998,15.141005508832567
2020-12-14,10290,9.239025005836092,0.5378222672263648,0.5378222672263648,26.261135265824713,7.596860841867414,2.3536994586724163
2020-12-15,9898,9.200189020919808,0.3787501344015354,0.3787501344015354,18.714323043108777,-7.5468122227159355,-15.14367306458335
2020-12-16,9325,9.140561477368266,0.13161145906115373,0.13161145906115373,6.571090553100532,-12.143232490008245,-4.596420267292309
2020-12-17,9298,9.137662146478197,0.1000500074648984,0.1000500074648984,4.998331625387236,-1.5727589277132967,10.570473562294948
2020-12-18,9670,9.176886995716963,0.2431401016619503,0.2431401016619503,12.097466450604623,7.099134825217387,8.671893752930684
2020-12-19,9609,9.170559501964338,0.20772741934981664,0.20772741934981664,10.349183178943504,-1.7482832716611192,-8.847418096878506
2020-12-20,10134,9.2237500588861,0.4045253831466277,0.4045253831466277,19.9548889659695,9.605705787025995,11.353989058687114
2020-12-21,10992,9.305013985578864,0.7117883891200061,0.7117883891200061,34.15924158713625,14.204352621166752,4.598646834140757
2020-12-22,10700,9.278092474027002,0.5922631858164518,0.5922631858164518,28.77685139165889,-5.38239019547736,-19.58674281664411
2020-12-23,13650,9.521568058002977,1.5293209317439367,1.5293209317439367,64.38138733953306,35.60453594787417,40.986926143351525
2020-12-24,10400,9.249657234353133,0.413150289931098,0.413150289931098,20.36860363470101,-44.01278370483205,-79.61731965270621
2020-12-25,9101,9.116249448576587,-0.1257648082016694,0.0,0.0,-20.36860363470101,23.644180070131043
2020-12-26,9759,9.186047679407139,0.1394677245626362,0.1394677245626362,6.962104750475882,6.962104750475882,27.33070838517689
2020-12-27,10178,9.22808205345234,0.2905654754831846,0.2905654754831846,14.426913010549402,7.46480826007352,0.5027035095976373
2020-12-28,12617,9.442879644930755,1.1232184387735045,1.1232184387735045,50.91704313455192,36.49013012400252,29.025321863929
2020-12-29,12673,9.447307929883463,1.1038101371275484,1.1038101371275484,50.19466591795941,-0.7223772165925055,-37.212507340595025
2020-12-30,11932,9.387062950369655,0.8293356993377615,0.8293356993377615,39.24288972459718,-10.951776193362235,-10.22939897676973
2020-12-31,11048,9.310095205113175,0.4921606174105006,0.4921606174105006,24.123057268520522,-15.119832456076654,-4.168056262714419
2021-01-01,10392,9.248887781588422,0.21647920782650573,0.21647920782650573,10.781887055155972,-13.341170213364551,1.7786622427121035
2021-01-02,12527,9.435721418230584,0.9699790674108749,0.9699790674108749,45.02306509222662,34.24117803707065,47.582348250435196
2021-01-03,14480,9.580592724328602,1.5385408588402374,1.5385408588402374,64.65050178243719,19.627436690210573,-14.613741346860074
2021-01-04,14115,9.55506418479516,1.396418502017125,1.396418502017125,60.32298875480304,-4.327513027634147,-23.95494971784472
2021-01-05,13587,9.516942329280475,1.1988066023074864,1.1988066023074864,53.66248333096634,-6.660505423836703,-2.332992396202556
2021-01-06,12751,9.453443401029997,0.8902005867179001,0.8902005867179001,41.78631297775152,-11.876170353214818,-5.215664929378114
2021-01-07,40655,10.612901705559945,6.015357711657263,6.015357711657263,99.5129937614474,57.72668078369588,69.6028511369107
2021-01-08,64512,11.07462203286291,6.415936608545599,6.415936608545599,99.6734764466392,0.16048268519179487,-57.56619809850409
2021-01-09,41287,10.628327179828563,3.633754848103981,3.633754848103981,94.85261607598545,-4.820860370653747,-4.981343055845542
2021-01-10,31481,10.357171232914768,2.562565411775935,2.562565411775935,85.68262961722952,-9.169986458755929,-4.349126088102182
2021-01-11,28201,10.247148176397175,2.132748180695826,2.132748180695826,78.80912403516565,-6.873505582063871,2.2964808766920584
2021-01-12,29399,10.288749953326773,2.123970858332557,2.123970858332557,78.64225624163532,-0.16686779353032932,6.706637788533541
2021-01-13,32051,10.375114862897961,2.2144687120044835,2.2144687120044835,80.30826051106025,1.6660042694249313,1.8328720629552606
2021-01-14,28150,10.24533815691556,1.8092962591000425,1.8092962591000425,71.85535986044034,-8.45290065061991,-10.11890492004484
2021-01-15,21552,9.978270296979813,1.138497197680577,1.138497197680577,51.48072317066684,-20.374636689773503,-11.921736039153593
2021-01-16,18768,9.83996185165625,0.7990199092668121,0.7990199092668121,37.95295823809249,-13.52776493257435,6.846871757199153
2021-01-17,17924,9.793951665467821,0.682224147625405,0.682224147625405,32.84698463805959,-5.105973600032904,8.421791332541446
2021-01-18,16780,9.728002573001161,0.5217420852560111,0.5217420852560111,25.511006759467453,-7.335977878592136,-2.230004278559232
2021-01-19,15459,9.646011322141414,0.32829836731984674,0.32829836731984674,16.269057177609795,-9.241949581857657,-1.9059717032655215
2021-01-20,15426,9.64387450001194,0.307104430926206,0.307104430926206,15.235665735728618,-1.033391441881177,8.20855813997648
2021-01-21,14942,9.611998241741393,0.21704999847620451,0.21704999847620451,10.810093949457023,-4.425571786271595,-3.392180344390418
2021-01-22,15170,9.627140989748092,0.23304010255798624,0.23304010255798624,11.599557152715336,0.7894632032583129,5.215034989529908
2021-01-23,14633,9.591102867443976,0.13634682846145707,0.13634682846145707,6.806799562366937,-4.792757590348399,-5.582220793606712
2021-01-24,15412,9.64296658814672,0.2720149597483179,0.2720149597483179,13.517501522726786,6.710701960359849,11.503459550708248
2021-01-25,14918,9.610390847382849,0.21082488644593567,0.21082488644593567,10.502373077556056,-3.0151284451707294,-9.725830405530578
2021-01-26,14534,9.584314812992977,0.14675391253978318,0.14675391253978318,7.324554774920809,-3.177818302635247,-0.16268985746451747
2021-01-27,16446,9.707898368741269,0.41846300799859026,0.41846300799859026,20.62308054868946,13.298525773768652,16.476344076403898
2021-01-28,19541,9.880321274504288,0.7952511230863027,0.7952511230863027,37.79154698914546,17.168466440455997,3.869940666687345
2021-01-29,18215,9.810055607743575,0.6093064253055035,0.6093064253055035,29.556514417404866,-8.235032571740593,-25.40349901219659
2021-01-30,15317,9.636783886469539,0.1938563359385011,0.1938563359385011,9.662575542706103,-19.89393887469876,-11.658906302958169
2021-01-31,14263,9.565494159542977,0.01774117263825496,0.01774117263825496,0.8870353658949951,-8.775540176811107,11.118398697887654
2021-02-01,15099,9.622450022803015,0.13718146004159568,0.13718146004159568,6.848336606144525,5.96130124024953,14.736841417060639
2021-02-02,17693,9.780980878043332,0.48859042978815476,0.48859042978815476,23.95486349026534,17.106526884120814,11.145225643871285
2021-02-03,17173,9.75115189123243,0.39797690680290015,0.39797690680290015,19.640298666545444,-4.314564823719895,-21.42109170784071
2021-02-04,14996,9.61560546008168,0.0574653878715223,0.0574653878715223,2.8724789617947177,-16.76781970475073,-12.453254881030833
2021-02-05,13352,9.499496357683965,-0.2384453446822021,0.0,0.0,-2.8724789617947177,13.89534074295601
2021-02-06,16810,9.72978871303306,0.29778827713202227,0.29778827713202227,14.780350791861158,14.780350791861158,17.652829753655876
2021-02-07,20796,9.942564024517921,0.7944564375957703,0.7944564375957703,37.75748245436992,22.97713166250876,8.196780870647602
2021-02-08,21906,9.9945614994355,0.8967219847210562,0.8967219847210562,42.05508078899907,4.29759833462915,-18.67953332787961
2021-02-09,22224,10.008973060382106,0.9035965795304316,0.9035965795304316,42.33760794043352,0.28252715143445073,-4.015071183194699
2021-02-10,18609,9.831454349636296,0.4498432112739061,0.4498432112739061,22.120391075637137,-20.217216864796384,-20.499744016230835
2021-02-11,17517,9.770984202723035,0.2816462928652694,0.2816462928652694,13.98995765433067,-8.130433421306467,12.086783443489917
2021-02-12,16587,9.716434821366272,0.12823647835733862,0.12823647835733862,6.403051689527023,-7.586905964803647,0.5435274565028196
2021-02-13,14317,9.56927276595613,-0.251907356325055,0.0,0.0,-6.403051689527023,1.1838542752766248
2021-02-14,14164,9.558529412264617,-0.29671185960698726,0.0,0.0,0.0,6.403051689527023
2021-02-15,14583,9.5876803163585,-0.2451538361793654,0.0,0.0,0.0,0.0
2021-02-16,13877,9.538060131459494,-0.3955559940102132,0.0,0.0,0.0,0.0
2021-02-17,14256,9.56500329315396,-0.3466627629377432,0.0,0.0,0.0,0.0
2021-02-18,13547,9.513994213937663,-0.5039841292609982,0.0,0.0,0.0,0.0
2021-02-19,13019,9.47424191576256,-0.6290032282210946,0.0,0.0,0.0,0.0
2021-02-20,12252,9.413526083949446,-0.8039722340557335,0.0,0.0,0.0,0.0
2021-02-21,12280,9.415808631610384,-0.8088555967858108,0.0,0.0,0.0,0.0
2021-02-22,13288,9.494691904331507,-0.588846618164874,0.0,0.0,0.0,0.0
2021-02-23,15269,9.633645398212678,-0.22760979734028317,0.0,0.0,0.0,0.0
2021-02-24,14712,9.596486735697948,-0.3605617329639731,0.0,0.0,0.0,0.0
2021-02-25,13487,9.509555680241636,-0.6336797983679782,0.0,0.0,0.0,0.0
2021-02-26,13345,9.498971993463552,-0.6868145012179271,0.0,0.0,0.0,0.0
2021-02-27,10915,9.29798488182823,-1.271278573343483,0.0,0.0,0.0,0.0
2021-02-28,11173,9.321344930019094,-1.1875495457296148,0.0,0.0,0.0,0.0
2021-03-01,10859,9.292841593487926,-1.2616947304105581,0.0,0.0,0.0,0.0
2021-03-02,11452,9.346006983397716,-1.1079196531941797,0.0,0.0,0.0,0.0
2021-03-03,11775,9.373818840968658,-1.0393156153966292,0.0,0.0,0.0,0.0
2021-03-04,12434,9.428270356237505,-0.8776100102201757,0.0,0.0,0.0,0.0
2021-03-05,11898,9.384209641955154,-0.9916189178686722,0.0,0.0,0.0,0.0
2021-03-06,10932,9.299541017434485,-1.2171519467095244,0.0,0.0,0.0,0.0
2021-03-07,10661,9.274441297382706,-1.2660480162650256,0.0,0.0,0.0,0.0
2021-03-08,11935,9.387314322443542,-0.9332186448968989,0.0,0.0,0.0,0.0
2021-03-09,12218,9.410747396316522,-0.8515160980817132,0.0,0.0,0.0,0.0
2021-03-10,11676,9.365376374075716,-1.0539939481928022,0.0,0.0,0.0,0.0
2021-03-11,10854,9.292381082312392,-1.347156488588299,0.0,0.0,0.0,0.0
2021-03-12,10158,9.226115291091546,-1.601958856563868,0.0,0.0,0.0,0.0
2021-03-13,10917,9.298168082341704,-1.2916802834324213,0.0,0.0,0.0,0.0
2021-03-14,9795,9.189729418072059,-1.751062451499471,0.0,0.0,0.0,0.0
2021-03-15,12843,9.460632055209405,-0.5577767881362043,0.0,0.0,0.0,0.0
2021-03-16,12555,9.437953917961844,-0.6539077898150987,0.0,0.0,0.0,0.0
2021-03-17,11146,9.318925682389624,-1.2407183602436436,0.0,0.0,0.0,0.0
2021-03-18,10591,9.26785427817679,-1.4661523760408721,0.0,0.0,0.0,0.0
2021-03-19,9724,9.182455168486648,-1.854213540513342,0.0,0.0,0.0,0.0
2021-03-20,9749,9.185022563991893,-1.7587949077023042,0.0,0.0,0.0,0.0
2021-03-21,10536,9.262648151599528,-1.2997682699206343,0.0,0.0,0.0,0.0
2021-03-22,11093,9.31415970061518,-1.003706016065136,0.0,0.0,0.0,0.0
2021-03-23,10198,9.230044955250518,-1.380464765585252,0.0,0.0,0.0,0.0
2021-03-24,11343,9.336444248771908,-0.8224842994929603,0.0,0.0,0.0,0.0
2021-03-25,10693,9.277438115508676,-1.0797042866815114,0.0,0.0,0.0,0.0
2021-03-26,9774,9.187583384853566,-1.469956797564138,0.0,0.0,0.0,0.0
2021-03-27,8916,9.095714846134879,-1.8432942761146867,0.0,0.0,0.0,0.0
2021-03-28,9062,9.111955470054781,-1.6855959619293646,0.0,0.0,0.0,0.0
2021-03-29,9149,9.121509158269568,-1.5748716019489228,0.0,0.0,0.0,0.0
2021-03-30,9673,9.177197153382929,-1.2800897415575614,0.0,0.0,0.0,0.0
2021-03-31,9500,9.15915233520675,-1.3251987631371214,0.0,0.0,0.0,0.0
2021-04-01,9378,9.146228426508939,-1.3370891241714067,0.0,0.0,0.0,0.0
2021-04-02,9798,9.190035618635818,-1.094338601604505,0.0,0.0,0.0,0.0
2021-04-03,9428,9.151545325465678,-1.2296342769671547,0.0,0.0,0.0,0.0
2021-04-04,9155,9.122164681072457,-1.3260832895654104,0.0,0.0,0.0,0.0
2021-04-05,10396,9.249272581977971,-0.7114941929374466,0.0,0.0,0.0,0.0
2021-04-06,10257,9.235813167949214,-0.7474513770167893,0.0,0.0,0.0,0.0
2021-04-07,10368,9.246575864558277,-0.6768008574623661,0.0,0.0,0.0,0.0
2021-04-08,9933,9.203718495667296,-0.8479316144101872,0.0,0.0,0.0,0.0
2021-04-09,9688,9.178746500385005,-0.9557345420281114,0.0,0.0,0.0,0.0
2021-04-10,8838,9.086929027060949,-1.4407564670985864,0.0,0.0,0.0,0.0
2021-04-11,9019,9.10719961305667,-1.3730106296636686,0.0,0.0,0.0,0.0
2021-04-12,9683,9.178230318057949,-0.9473637737648718,0.0,0.0,0.0,0.0
2021-04-13,9823,9.192583650386924,-0.847108993250488,0.0,0.0,0.0,0.0
2021-04-14,9484,9.157466882369114,-1.0693709096326334,0.0,0.0,0.0,0.0
2021-04-15,8722,9.07371849443322,-1.6133071069150169,0.0,0.0,0.0,0.0
2021-04-16,9180,9.1248914101437,-1.212692710096041,0.0,0.0,0.0,0.0
2021-04-17,8981,9.102977853647683,-1.3398880499699375,0.0,0.0,0.0,0.0
2021-04-18,9207,9.127827950401718,-1.1268365648942649,0.0,0.0,0.0,0.0
2021-04-19,10994,9.305195902988862,0.19064006495143435,0.19064006495143435,9.503238813392263,9.503238813392263,9.503238813392263
2021-04-20,10164,9.226705726062447,-0.3650713563671735,0.0,0.0,-9.503238813392263,-19.006477626784527
2021-04-21,9551,9.164505835632383,-0.8139459819810703,0.0,0.0,0.0,9.503238813392263
2021-04-22,9696,9.179571838304547,-0.6708923058692017,0.0,0.0,0.0,0.0
2021-04-23,9972,9.207636720401869,-0.4293584106536477,0.0,0.0,0.0,0.0
2021-04-24,9306,9.13852208418571,-0.9503566044690432,0.0,0.0,0.0,0.0
2021-04-25,10442,9.253687176479549,0.0288854122300588,0.0288854122300588,1.4441701988981415,1.4441701988981415,1.4441701988981415
2021-04-26,11425,9.343646739284408,0.9166645103848237,0.9166645103848237,42.87239790084807,41.42822770194993,39.98405750305179
2021-04-27,12315,9.41865450904439,1.713785173584441,1.713785173584441,69.4653188696289,26.59292096878083,-14.835306733169098
2021-04-28,10521,9.261223582290752,0.20683954157509876,0.20683954157509876,10.3052627585865,-59.1600561110424,-85.75297707982324
2021-04-29,9792,9.189423123720795,-0.5043598023130413,0.0,0.0,-10.3052627585865,48.8547933524559
2021-04-30,8799,9.082507000466299,-1.5570739731237906,0.0,0.0,0.0,10.3052627585865
2021-05-01,8005,8.987946539552519,-2.429089410507567,0.0,0.0,0.0,0.0
2021-05-02,8925,9.096723645189215,-1.2505153118207761,0.0,0.0,0.0,0.0
2021-05-03,10034,9.213834261230438,-0.09307698601940367,0.0,0.0,0.0,0.0
2021-05-04,10026,9.213036733523925,-0.06886781474506695,0.0,0.0,0.0,0.0
2021-05-05,9711,9.181117513299279,-0.364402276460021,0.0,0.0,0.0,0.0
2021-05-06,11664,9.36434818445553,1.5159164162688035,1.5159164162688035,63.987272966696054,63.987272966696054,63.987272966696054
2021-05-07,10868,9.293669979563187,0.769984093035893,0.769984093035893,36.703490546099495,-27.28378242059656,-91.27105538729262
2021-05-08,10669,9.275191344295799,0.6130366565793014,0.6130366565793014,29.72663858274534,-6.976851963354154,20.306930457242405
2021-05-09,19358,9.87091270660395,6.932685203896078,6.932685203896078,99.80511443527308,70.07847585252775,77.0553278158819
2021-05-10,15857,9.671429383832344,3.571789567388078,3.571789567388078,94.53256273510165,-5.272551700171434,-75.35102755269918
2021-05-11,13932,9.542015406113592,2.2696055464869245,2.2696055464869245,81.26566101752793,-13.266901717573717,-7.994350017402283
2021-05-12,11878,9.38252741428954,1.0367501895860003,1.0367501895860003,47.64449328355231,-33.621167733975625,-20.35426601640191
2021-05-13,14873,9.607370001263245,2.565843690521451,2.565843690521451,85.72614476990525,38.08165148635294,71.70281922032856
2021-05-14,11497,9.349928386183237,0.7102523400216579,0.7102523400216579,34.09138306631389,-51.63476170359136,-89.71641318994429
2021-05-15,9972,9.207636720401869,-0.21027662574730577,0.0,0.0,-34.09138306631389,17.54337863727747
2021-05-16,11400,9.34145634983372,0.7118397548673502,0.7118397548673502,34.16151017301674,34.16151017301674,68.25289323933063
2021-05-17,15345,9.638610132737611,2.7022076512349185,2.7022076512349185,87.43135735547229,53.26984718245555,19.108337009438813
2021-05-18,11582,9.357293784932345,0.7299892250478938,0.7299892250478938,34.96058161775755,-52.47077573771474,-105.7406229201703
2021-05-19,11607,9.359449794564023,0.7229253901763436,0.7229253901763436,34.6501764709077,-0.31040514684984544,52.16037059086489
2021-05-20,11140,9.318387276059317,0.4437973205670865,0.4437973205670865,21.832696664362235,-12.817479806545467,-12.507074659695622
2021-05-21,9374,9.14580185083861,-0.6480512831165798,0.0,0.0,-21.832696664362235,-9.015216857816768
2021-05-22,8736,9.075322160298095,-1.0715087384649966,0.0,0.0,0.0,21.832696664362235
2021-05-23,8896,9.093469420244768,-0.9326007547874181,0.0,0.0,0.0,0.0
2021-05-24,9188,9.125762395500885,-0.7036869200631487,0.0,0.0,0.0,0.0
2021-05-25,9151,9.12172771361958,-0.710460886224722,0.0,0.0,0.0,0.0
2021-05-26,8433,9.040026434306505,-1.203541655055306,0.0,0.0,0.0,0.0
2021-05-27,8805,9.0831885863157,-0.9269632482581194,0.0,0.0,0.0,0.0
2021-05-28,8305,9.024733424190698,-1.2780886689126212,0.0,0.0,0.0,0.0
2021-05-29,7753,8.955964118230874,-1.671218475736623,0.0,0.0,0.0,0.0
2021-05-30,8296,9.023649282664286,-1.2133576827425514,0.0,0.0,0.0,0.0
2021-05-31,8467,9.044049632254756,-1.067910717310366,0.0,0.0,0.0,0.0
2021-06-01,8033,8.991437814919227,-1.3549118696558562,0.0,0.0,0.0,0.0
2021-06-02,8238,9.01663425631559,-1.1721582870173968,0.0,0.0,0.0,0.0
2021-06-03,8951,9.09963224999176,-0.6782841005142299,0.0,0.0,0.0,0.0
2021-06-04,8155,9.006509131694346,-1.201219913227803,0.0,0.0,0.0,0.0
2021-06-05,8429,9.039552050995901,-0.9803226104629998,0.0,0.0,0.0,0.0
2021-06-06,11447,9.345570321236286,0.7406082223218063,0.7406082223218063,35.42576867869941,35.42576867869941,35.42576867869941
2021-06-07,10698,9.277905558138606,0.35511726805699556,0.35511726805699556,17.571590119007833,-17.85417855969158,-53.27994723839099
2021-06-08,8443,9.041211408968211,-0.9563064883367083,0.0,0.0,-17.571590119007833,0.282588440683746
2021-06-09,8415,9.03788993497749,-0.9549980789260275,0.0,0.0,0.0,17.571590119007833
2021-06-10,8084,8.997765772011208,-1.1656871532285065,0.0,0.0,0.0,0.0
2021-06-11,8278,9.021477467138807,-1.0176823571544669,0.0,0.0,0.0,0.0
2021-06-12,7186,8.880029117468442,-1.7531165765405812,0.0,0.0,0.0,0.0
2021-06-13,7448,8.915835074176277,-1.4955457489012904,0.0,0.0,0.0,0.0
2021-06-14,8149,9.005773206234908,-0.9866134382474107,0.0,0.0,0.0,0.0
2021-06-15,7215,8.88405606174246,-1.5979620015283011,0.0,0.0,0.0,0.0
2021-06-16,7113,8.8698199525084,-1.6177023718799166,0.0,0.0,0.0,0.0
2021-06-17,6971,8.849657406639912,-1.6657899986573887,0.0,0.0,0.0,0.0
2021-06-18,6448,8.771680359010377,-1.9817892018406955,0.0,0.0,0.0,0.0
2021-06-19,6349,8.756210091886738,-1.9564947890081665,0.0,0.0,0.0,0.0
2021-06-20,6767,8.81996090128606,-1.5738907328122878,0.0,0.0,0.0,0.0
2021-06-21,6676,8.806424063857868,-1.576950936732459,0.0,0.0,0.0,0.0
2021-06-22,6856,8.833025307284364,-1.4026761811863335,0.0,0.0,0.0,0.0
2021-06-23,6412,8.766082459148864,-1.640778946271047,0.0,0.0,0.0,0.0
2021-06-24,6760,8.818926087090677,-1.3578617140586215,0.0,0.0,0.0,0.0
2021-06-25,6514,8.781862489558945,-1.4633385889606887,0.0,0.0,0.0,0.0
2021-06-26,6216,8.735042754269337,-1.6004210036903639,0.0,0.0,0.0,0.0
2021-06-27,6688,8.808219665118408,-1.2441582586328077,0.0,0.0,0.0,0.0
2021-06-28,7727,8.952605375892354,-0.6223124329308036,0.0,0.0,0.0,0.0
2021-06-29,7065,8.86304982791909,-0.9638532880710745,0.0,0.0,0.0,0.0
2021-06-30,6794,8.823942326585245,-1.0974369385297535,0.0,0.0,0.0,0.0
2021-07-01,7900,8.974744612722734,-0.48301695937699407,0.0,0.0,0.0,0.0
2021-07-02,7764,8.957381735582787,-0.5423946621891339,0.0,0.0,0.0,0.0
2021-07-03,7044,8.86007342433278,-0.9079717454337732,0.0,0.0,0.0,0.0
2021-07-04,7091,8.866722667194098,-0.8546308383006304,0.0,0.0,0.0,0.0
2021-07-05,7652,8.942853006809921,-0.5336166301435179,0.0,0.0,0.0,0.0
2021-07-06,8106,9.000483164987708,-0.2841576326242442,0.0,0.0,0.0,0.0
2021-07-07,7713,8.950792138768174,-0.4628947085870589,0.0,0.0,0.0,0.0
2021-07-08,7280,8.893023494394711,-0.672573359063089,0.0,0.0,0.0,0.0
2021-07-09,7538,8.927844826211702,-0.5159035199760325,0.0,0.0,0.0,0.0
2021-07-10,7697,8.948715833843691,-0.396388526130178,0.0,0.0,0.0,0.0
2021-07-11,7667,8.944811104165534,-0.38725874176013514,0.0,0.0,0.0,0.0
2021-07-12,8719,9.073374516903025,0.28493678742469375,0.28493678742469375,14.15122505784478,14.15122505784478,14.15122505784478
2021-07-13,9131,9.119540007649686,0.6090431059264003,0.6090431059264003,29.544498143566734,15.393273085721955,1.2420480278771748
2021-07-14,8096,8.999248901686114,-0.026103470810484065,0.0,0.0,-29.544498143566734,-44.937771229288686
2021-07-15,7727,8.952605375892354,-0.27085638173171894,0.0,0.0,0.0,29.544498143566734
2021-07-16,7818,8.964311948124514,-0.17345086272168284,0.0,0.0,0.0,0.0
2021-07-17,7552,8.929700114313448,-0.35700943029600585,0.0,0.0,0.0,0.0
2021-07-18,7865,8.970304952991755,-0.037698066707024906,0.0,0.0,0.0,0.0
2021-07-19,8080,8.997270906233448,0.21516965245767847,0.21516965245767847,10.717165899908961,10.717165899908961,10.717165899908961
2021-07-20,8746,9.076466063419854,0.9187678374674749,0.9187678374674749,42.958195516624,32.24102961671504,21.523863716806076
2021-07-21,8570,9.056139690898883,0.7714622264433989,0.7714622264433989,36.76742355300721,-6.19077196361679,-38.43180158033183
2021-07-22,8199,9.011889433252344,0.41008903484611237,0.41008903484611237,20.221845508416177,-16.545578044591036,-10.354806080974246
2021-07-23,7908,8.975756630519417,0.12371437838993747,0.12371437838993747,6.177841479349615,-14.044004029066562,2.501574015524474
2021-07-24,7685,8.94715577112479,-0.09547226919106065,0.0,0.0,-6.177841479349615,7.866162549716947
2021-07-25,8047,8.99317889233952,0.324669078351069,0.324669078351069,16.092343794166478,16.092343794166478,22.27018527351609
2021-07-26,9389,9.147400572202308,1.666700745432581,1.666700745432581,68.22708980036639,52.134746006199904,36.04240221203342
2021-07-27,10571,9.26596427572418,2.6487777541315043,2.6487777541315043,86.78712361425039,18.560033813884004,-33.5747121923159
2021-07-28,7987,8.985695694535705,0.20956650786438413,0.20956650786438413,10.440144039390052,-76.34697957486034,-94.90701338874435
2021-07-29,8190,9.010791269515602,0.4086569672584002,0.4086569672584002,20.153160222592966,9.713016183202914,86.05999575806325
2021-07-30,7761,8.956995311928852,-0.02516711516176936,0.0,0.0,-20.153160222592966,-29.86617640579588
2021-07-31,7963,8.982686665184087,0.19554005167025929,0.19554005167025929,9.74596852229983,9.74596852229983,29.899128744892796
2021-08-01,7114,8.869960510523953,-0.7205263145359911,0.0,0.0,-9.74596852229983,-19.49193704459966
2021-08-02,7691,8.94793610670867,-0.06595642096471144,0.0,0.0,0.0,9.74596852229983
2021-08-03,7680,8.946505025998682,-0.05772748057549285,0.0,0.0,0.0,0.0
2021-08-04,7170,8.877800393882575,-0.6149421365945271,0.0,0.0,0.0,0.0
2021-08-05,7287,8.893984438939794,-0.46022537254803464,0.0,0.0,0.0,0.0
2021-08-06,7061,8.862483576488332,-0.7266403165583233,0.0,0.0,0.0,0.0
2021-08-07,6740,8.815963560853438,-1.1813728457246788,0.0,0.0,0.0,0.0
2021-08-08,7352,8.902863672196222,-0.28406183778682736,0.0,0.0,0.0,0.0
2021-08-09,8049,8.99342737041261,0.6381130791976197,0.6381130791976197,30.865359023531298,30.865359023531298,30.865359023531298
2021-08-10,7746,8.955060950631902,0.25670098399740526,0.25670098399740526,12.765029673533537,-18.10032934999776,-48.96568837352906
2021-08-11,6906,8.840290669088972,-0.8822029760397472,0.0,0.0,-12.765029673533537,5.335299676464224
2021-08-12,7156,8.875846177738598,-0.5163851516738125,0.0,0.0,0.0,12.765029673533537
2021-08-13,6815,8.827028068509152,-0.9952813478851327,0.0,0.0,0.0,0.0
2021-08-14,6419,8.767173396684006,-1.5580247400322047,0.0,0.0,0.0,0.0
2021-08-15,6883,8.83695515733143,-0.8292774498171959,0.0,0.0,0.0,0.0
2021-08-16,8422,9.038721338315364,1.1406299398696051,1.1406299398696051,51.559055589467995,51.559055589467995,51.559055589467995
2021-08-17,8638,9.064042114358884,1.3475350544092974,1.3475350544092974,58.74526951634414,7.1862139268761425,-44.37284166259185
2021-08-18,8541,9.052750451401412,1.1964423316806208,1.1964423316806208,53.5782579121487,-5.167011604195437,-12.35322553107158
2021-08-19,8329,9.027618735160889,0.9166503577023885,0.9166503577023885,42.87182033113324,-10.706437581015457,-5.53942597682002
2021-08-20,10060,9.21642184229205,2.7500140451203334,2.7500140451203334,87.98282860734868,45.111008276215436,55.817445857230894
2021-08-21,8815,9.084323531392696,1.3174436260765232,1.3174436260765232,57.75121562042166,-30.23161298692702,-75.34262126314246
2021-08-22,8393,9.035272443893536,0.8115839601053549,0.8115839601053549,38.48938677011462,-19.26182885030704,10.969784136619978
2021-08-23,8855,9.088850474388472,1.2992048550154418,1.2992048550154418,57.14022620577296,18.65083943565834,37.91266828596538
2021-08-24,8383,9.034080406560824,0.7315152255608404,0.7315152255608404,35.02753805819376,-22.1126881475792,-40.76352758323754
2021-08-25,7783,8.959825623865841,-0.0216506474712941,0.0,0.0,-35.02753805819376,-12.914849910614564
2021-08-26,7368,8.905037290767,-0.6221547086067517,0.0,0.0,0.0,35.02753805819376
2021-08-27,7143,8.874028122556336,-0.9749124920513622,0.0,0.0,0.0,0.0
2021-08-28,6874,8.835646922534773,-1.351556847089507,0.0,0.0,0.0,0.0
2021-08-29,7213,8.883778861463485,-0.8432166000462903,0.0,0.0,0.0,0.0
2021-08-30,7511,8.9242570208881,-0.44186020483217475,0.0,0.0,0.0,0.0
2021-08-31,7255,8.889583991794973,-0.7934467595944061,0.0,0.0,0.0,0.0
2021-09-01,7254,8.889446165318288,-0.7790754412462287,0.0,0.0,0.0,0.0
2021-09-02,7356,8.903407519932264,-0.6426257064071534,0.0,0.0,0.0,0.0
2021-09-03,6747,8.817001443665859,-1.5568481374569982,0.0,0.0,0.0,0.0
2021-09-04,6639,8.80086724247048,-1.6709761023742107,0.0,0.0,0.0,0.0
2021-09-05,6928,8.843470781627381,-1.1741314667414133,0.0,0.0,0.0,0.0
2021-09-06,7086,8.866017398810255,-0.9191719119627405,0.0,0.0,0.0,0.0
2021-09-07,7541,8.928242677818302,-0.2954898516527575,0.0,0.0,0.0,0.0
2021-09-08,7821,8.96469555531546,0.06529517891682196,0.06529517891682196,3.263599509289123,3.263599509289123,3.263599509289123
2021-09-09,7933,8.978912601074276,0.20340520896435144,0.20340520896435144,10.135339829594999,6.871740320305876,3.608140811016753
2021-09-10,7351,8.902727664035522,-0.5563252680760797,0.0,0.0,-10.135339829594999,-17.007080149900876
2021-09-11,6823,8.828201089171515,-1.276926187870159,0.0,0.0,0.0,10.135339829594999
2021-09-12,7520,8.925454386826402,-0.260004799156322,0.0,0.0,0.0,0.0
2021-09-13,7581,8.93353229607628,-0.16637956828974967,0.0,0.0,0.0,0.0
2021-09-14,7598,8.935771938669784,-0.14051570581727718,0.0,0.0,0.0,0.0
2021-09-15,7624,8.939187601475613,-0.10122283657616223,0.0,0.0,0.0,0.0
2021-09-16,8247,9.017726025696795,0.6904765583089946,0.6904765583089946,33.21458622686896,33.21458622686896,33.21458622686896
2021-09-17,7663,8.944289319650697,-0.05908133070813916,0.0,0.0,-33.21458622686896,-66.42917245373792
2021-09-18,7235,8.886823846515187,-0.6297688334705545,0.0,0.0,0.0,33.21458622686896
2021-09-19,7505,8.923457979694966,-0.23105831275727318,0.0,0.0,0.0,0.0
2021-09-20,7728,8.952734767106872,0.0910076077089265,0.0910076077089265,4.54724231776359,4.54724231776359,4.54724231776359
2021-09-21,7391,8.90815361332152,-0.3597896582315702,0.0,0.0,-4.54724231776359,-9.09448463552718
2021-09-22,7547,8.92903790648844,-0.131986445325127,0.0,0.0,0.0,4.54724231776359
2021-09-23,7583,8.933796043934858,-0.07961164265082406,0.0,0.0,0.0,0.0
2021-09-24,8607,9.060447282401565,1.2441730056901505,1.2441730056901505,55.25791018805861,55.25791018805861,55.25791018805861
2021-09-25,8646,9.06496771896043,1.341477902366841,1.341477902366841,58.54657537712077,3.288665189062158,-51.96924499899645
2021-09-26,8208,9.012986392348266,0.9072698114692481,0.9072698114692481,42.488231400123524,-16.058343976997243,-19.3470091660594
2021-09-27,8520,9.050288983827956,1.3344499995961692,1.3344499995961692,58.3151528498988,15.826921449775277,31.88526542677252
2021-09-28,8727,9.074291527512907,1.5937322519697323,1.5937322519697323,66.22811140182311,7.912958551924312,-7.913962897850965
2021-09-29,8476,9.045111892608405,1.2079297556472797,1.2079297556472797,53.98648763968421,-12.2416237621389,-20.154582314063212
2021-09-30,8702,9.071423072789514,1.4799779178722898,1.4799779178722898,62.91384906178622,8.92736142210201,21.16898518424091
2021-10-01,7576,8.932872621931374,-0.1143282999289374,0.0,0.0,-62.91384906178622,-71.84121048388823
2021-10-02,7510,8.924123891686012,-0.2086836397879668,0.0,0.0,0.0,62.91384906178622
2021-10-03,7925,8.97790377375038,0.39253661514694904,0.39253661514694904,19.378637664828684,19.378637664828684,19.378637664828684
2021-10-04,9099,9.116029692504942,1.9135645723184074,1.9135645723184074,74.28381592921727,54.90517826438858,35.526540599559894
2021-10-05,8673,9.068085324395312,1.3030117034429762,1.3030117034429762,57.2682822916918,-17.015533637525472,-71.92071190191405
2021-10-06,7939,8.979668554241181,0.3052202954862907,0.3052202954862907,15.143632560914282,-42.12464973077751,-25.10911609325204
2021-10-07,8488,9.046526486737967,1.014235595674342,1.014235595674342,46.76964871639656,31.626016155482276,73.75066588625978
2021-10-08,11947,9.388319179336001,4.710542166141052,4.710542166141052,98.21607576997809,51.44642705358153,19.820410898099254
2021-10-09,8805,9.0831885863157,1.120417132602922,1.120417132602922,50.81321641317258,-47.40285935680551,-98.84928641038704
2021-10-10,8549,9.053686561930807,0.8169370707064048,0.8169370707064048,38.71715574036046,-12.096060672812122,35.306798683993385
2021-10-11,8981,9.102977853647683,1.2467685124492274,1.2467685124492274,55.3479947975736,16.630839057213137,28.72689973002526
2021-10-12,9496,9.158731238242952,1.71872932710193,1.71872932710193,69.59301864818053,14.245023850606934,-2.3858152066062033
2021-10-13,9079,9.11382947159534,1.2428271820831478,1.2428271820831478,55.21114856261591,-14.381870085564621,-28.626893936171555
2021-10-14,8736,9.075322160298095,0.8546624986836728,0.8546624986836728,40.30885848625951,-14.902290076356401,-0.5204199907917797
2021-10-15,8209,9.013108202446475,0.23892130067406653,0.23892130067406653,11.889560735443641,-28.41929775081587,-13.517007674459467
2021-10-16,7428,8.913146539151807,-0.7017610424206694,0.0,0.0,-11.889560735443641,16.529737015372227
2021-10-17,8213,9.013595294516504,0.2718485769394816,0.2718485769394816,13.50933430016309,13.50933430016309,25.39889503560673
2021-10-18,9510,9.160204302482386,1.6697324253027879,1.6697324253027879,68.30802864829022,54.79869434812713,41.28936004796404
2021-10-19,8943,9.09873819539488,1.0429653006159543,1.0429653006159543,47.8843514939398,-20.423677154350415,-75.22237150247754
2021-10-20,9180,9.1248914101437,1.3444292584453996,1.3444292584453996,58.64347755309086,10.759126059151058,31.182803213501472
2021-10-21,10450,9.254452946594503,2.559017338136523,2.559017338136523,85.6353953308052,26.991917777714335,16.232791718563277
2021-10-22,9135,9.119977931895791,1.1853742441661141,1.1853742441661141,53.18254617812366,-32.45284915268154,-59.44476693039587
2021-10-23,8633,9.063463176115423,0.6667600986252475,0.6667600986252475,32.15546238304185,-21.027083795081808,11.42576535759973
2021-10-24,8458,9.042986242304014,0.4771205489094409,0.4771205489094409,23.413540836689364,-8.741921546352486,12.285162248729321
2021-10-25,15830,9.669725322073777,6.078559591153297,6.078559591153297,99.54275278300109,76.12921194631173,84.87113349266421
2021-10-26,24264,10.096790261839317,7.732752045502066,7.732752045502066,99.91239111150647,0.36963832850537415,-75.75957361780635
2021-10-27,19598,9.88323382350886,4.321255663573542,4.321255663573542,97.37818727787705,-2.5342038336294195,-2.9038421621347936
2021-10-28,16986,9.74020362461931,3.0897142989273347,3.0897142989273347,91.29329409430355,-6.084893183573499,-3.5506893499440793
2021-10-29,14605,9.589187682180055,2.199837766364096,2.199837766364096,80.04698826008023,-11.246305834223321,-5.161412650649822
2021-10-30,12724,9.451323841418724,1.5290547609835434,1.5290547609835434,64.37359447366457,-15.673393786415659,-4.427087952192338
2021-10-31,12269,9.414912537704957,1.3272846367224722,1.3272846367224722,58.07822542914193,-6.295369044522637,9.378024741893022
2021-11-01,16560,9.714805812589491,2.4453002013114804,2.4453002013114804,84.04341672006933,25.9651912909274,32.26056033545004
2021-11-02,18222,9.810439811486056,2.6475411907781523,2.6475411907781523,86.77185626195748,2.72843954188815,-23.23675174903925
2021-11-03,14263,9.565494159542977,1.5994529698535438,1.5994529698535438,66.38838324793389,-20.383473014023593,-23.111912555911744
2021-11-04,12996,9.47247384058159,1.2115514509124168,1.2115514509124168,54.114669057067054,-12.273714190866833,8.10975882315676
2021-11-05,11278,9.330697868639916,0.6737540100066688,0.6737540100066688,32.468646907041446,-21.64602215002561,-9.372307959158775
2021-11-06,11061,9.311271090554623,0.5809654492291905,0.5809654492291905,28.257905184259712,-4.210741722781734,17.435280427243875
2021-11-07,14324,9.56976154158294,1.4722608305937084,1.4722608305937084,62.68015559090598,34.42225040664627,38.632992129428004
2021-11-08,34652,10.45313958095679,4.492430065490519,4.492430065490519,97.78609909779958,35.105943506893595,0.683693100247325
2021-11-09,17715,9.782223465043089,1.7974488799253963,1.7974488799253963,71.5676210209951,-26.218478076804473,-61.32442158369807
2021-11-10,15852,9.671114035843228,1.3897665621345412,1.3897665621345412,60.11099470217924,-11.456626318815864,14.761851757988609
2021-11-11,17178,9.751442986626445,1.5780968325024582,1.5780968325024582,65.78696283081804,5.6759681286388,17.132594447454665
2021-11-12,12995,9.472396896788991,0.7052011479745677,0.7052011479745677,33.867984633232616,-31.918978197585425,-37.594946326224225
2021-11-13,13334,9.498147436616115,0.7557778880389648,0.7557778880389648,36.087273304776694,2.219288671544078,34.1382668691295
2021-11-14,13561,9.515027043243787,0.779325939385459,0.779325939385459,37.1069640527208,1.0196907479441037,-1.199597923599974
2021-11-15,16283,9.69793830962287,1.2882168610590683,1.2882168610590683,56.76904429854734,19.662080245826544,18.64238949788244
2021-11-16,13753,9.529084969879781,0.7538887939183224,0.7538887939183224,36.005091364683125,-20.763952933864218,-40.42603317969076
2021-11-17,12517,9.434922887484646,0.4540049660567406,0.4540049660567406,22.318205499070363,-13.686885865612762,7.077067068251456
2021-11-18,11415,9.342771159156673,0.16095225355530632,0.16095225355530632,8.030284361496772,-14.28792113757359,-0.6010352719608285
2021-11-19,10361,9.245900547374733,-0.14551203157612486,0.0,0.0,-8.030284361496772,6.257636776076819
2021-11-20,9725,9.182557990963732,-0.35093264138390207,0.0,0.0,0.0,8.030284361496772
2021-11-21,10800,9.287394001418473,-0.051494738268872964,0.0,0.0,0.0,0.0
2021-11-22,11140,9.318387276059317,0.024454170855033333,0.024454170855033333,1.2226476140933882,1.2226476140933882,1.2226476140933882
2021-11-23,10651,9.273502946933823,-0.13397549549276236,0.0,0.0,-1.2226476140933882,-2.4452952281867764
2021-11-24,10645,9.272939513732704,-0.14748116269977973,0.0,0.0,0.0,1.2226476140933882
2021-11-25,9308,9.13873695311649,-0.5787359054898707,0.0,0.0,0.0,0.0
2021-11-26,8953,9.09985563880091,-0.7105648295136495,0.0,0.0,0.0,0.0
2021-11-27,8384,9.034199674257309,-0.9214595397625511,0.0,0.0,0.0,0.0
2021-11-28,9648,9.174609562020384,-0.4762126095623347,0.0,0.0,0.0,0.0
2021-11-29,10583,9.267098705794792,-0.19311780336535486,0.0,0.0,0.0,0.0
2021-11-30,10312,9.24116051431607,-0.28688811781822693,0.0,0.0,0.0,0.0
2021-12-01,10194,9.229652683008556,-0.34426666381613197,0.0,0.0,0.0,0.0
2021-12-02,12013,9.393827915410107,0.17009021440440858,0.17009021440440858,8.484066424339714,8.484066424339714,8.484066424339714
2021-12-03,10853,9.29228895462335,-0.18624051950792248,0.0,0.0,-8.484066424339714,-16.968132848679428
2021-12-04,8676,9.06843112579349,-0.9400912193494112,0.0,0.0,0.0,8.484066424339714
2021-12-05,8862,9.089640586738398,-0.8697111720760863,0.0,0.0,0.0,0.0
2021-12-06,10325,9.242420265439595,-0.3709915539111945,0.0,0.0,0.0,0.0
2021-12-07,11158,9.320001626185702,-0.1235991795663287,0.0,0.0,0.0,0.0
2021-12-08,10400,9.249657234353133,-0.3566992351380595,0.0,0.0,0.0,0.0
2021-12-09,9627,9.172430798902962,-0.6300174530490665,0.0,0.0,0.0,0.0
2021-12-10,8990,9.103979355984773,-0.8736938435917645,0.0,0.0,0.0,0.0
2021-12-11,8532,9.051696278536586,-1.052008450573261,0.0,0.0,0.0,0.0
2021-12-12,8358,9.031094081699155,-1.110219647889327,0.0,0.0,0.0,0.0
2021-12-13,10620,9.27058845232154,-0.2921960457672988,0.0,0.0,0.0,0.0
2021-12-14,11916,9.385721231090805,0.0859996390941752,0.0859996390941752,4.297333713346658,4.297333713346658,4.297333713346658
2021-12-15,15469,9.646657943567112,0.9633974072563062,0.9633974072563062,44.760301353264495,40.462967639917835,36.165633926571175
2021-12-16,10996,9.305377787310935,-0.2563117652418726,0.0,0.0,-44.760301353264495,-85.22326899318233
2021-12-17,9395,9.148039345778804,-0.8333236966933293,0.0,0.0,0.0,44.760301353264495
2021-12-18,27223,10.211854216180742,2.927155768631957,2.927155768631957,89.834526659174,89.834526659174,89.834526659174
2021-12-19,9688,9.178746500385005,-0.7444619665723718,0.0,0.0,-89.834526659174,-179.669053318348
2021-12-20,11780,9.37424334324612,-0.09598891059412415,0.0,0.0,0.0,89.834526659174
2021-12-21,10615,9.270117576012044,-0.45158066149326787,0.0,0.0,0.0,0.0
2021-12-22,10932,9.299541017434485,-0.36362179776687786,0.0,0.0,0.0,0.0
2021-12-23,13467,9.508071780280964,0.329148994378803,0.329148994378803,16.31045993392012,16.31045993392012,16.31045993392012
2021-12-24,9937,9.204121072162266,-0.7416450662008149,0.0,0.0,-16.31045993392012,-32.62091986784024
2021-12-25,8984,9.103311799217659,-1.0647440445026617,0.0,0.0,0.0,16.31045993392012
2021-12-26,10087,9.219101877644755,-0.6329247011645606,0.0,0.0,0.0,0.0
2021-12-27,9747,9.184817414745098,-0.7341022226095442,0.0,0.0,0.0,0.0
2021-12-28,9656,9.175438319966918,-0.7425327311973883,0.0,0.0,0.0,0.0
2021-12-29,9866,9.196951134857168,-0.6372671800690737,0.0,0.0,0.0,0.0
2021-12-30,10874,9.294221855956884,-0.25757237547624934,0.0,0.0,0.0,0.0
2021-12-31,9316,9.139595967450425,-0.8258641523361447,0.0,0.0,0.0,0.0
2022-01-01,8425,9.039077442538963,-1.1757851326932112,0.0,0.0,0.0,0.0
2022-01-02,10524,9.261508658550582,-0.2954344276836355,0.0,0.0,0.0,0.0
2022-01-03,12768,9.454775637424682,0.4642222854876939,0.4642222854876939,22.803068079716578,22.803068079716578,22.803068079716578
2022-01-04,12785,9.456106101326672,0.47073260172573617,0.47073260172573617,23.111427746148916,0.30835966643233803,-22.49470841328424
2022-01-05,11357,9.337677620437377,0.007793653417088931,0.007793653417088931,0.38968069838907765,-22.721747047759838,-23.030106714192176
2022-01-06,10798,9.28720881623276,-0.1874072305204633,0.0,0.0,-0.38968069838907765,22.33206634937076
2022-01-07,10062,9.216620609933333,-0.44297415152163544,0.0,0.0,0.0,0.38968069838907765
2022-01-08,9105,9.116688815894728,-0.9091209941329105,0.0,0.0,0.0,0.0
2022-01-09,9154,9.122055457108612,-0.8634182491908758,0.0,0.0,0.0,0.0
2022-01-10,9488,9.15788851197376,-0.659637289750181,0.0,0.0,0.0,0.0
2022-01-11,9349,9.143131622282732,-0.7145537067496442,0.0,0.0,0.0,0.0
2022-01-12,8973,9.102086786535928,-0.9034127221753893,0.0,0.0,0.0,0.0
2022-01-13,8950,9.099520536870939,-0.8869495480416899,0.0,0.0,0.0,0.0
2022-01-14,8955,9.100078977718645,-0.8547017748954375,0.0,0.0,0.0,0.0
2022-01-15,8026,8.990566138131577,-1.4408315859695349,0.0,0.0,0.0,0.0
2022-01-16,8663,9.066931788680826,-0.973301210162167,0.0,0.0,0.0,0.0
2022-01-17,9959,9.206332350578643,-0.1676823565670857,0.0,0.0,0.0,0.0
2022-01-18,9873,9.197660318818809,-0.20376140816620483,0.0,0.0,0.0,0.0
2022-01-19,9362,9.14452103093889,-0.4948914199314459,0.0,0.0,0.0,0.0
2022-01-20,8949,9.099408811268901,-0.7413383067720484,0.0,0.0,0.0,0.0
2022-01-21,8446,9.041566627727496,-1.0414447889247822,0.0,0.0,0.0,0.0
2022-01-22,7497,8.922391597295857,-1.664312578100197,0.0,0.0,0.0,0.0
2022-01-23,7569,8.931948346431495,-1.5454326596949193,0.0,0.0,0.0,0.0
2022-01-24,9161,9.122819774446688,-0.47903740609930395,0.0,0.0,0.0,0.0
2022-01-25,9234,9.13075589263334,-0.4354655063475954,0.0,0.0,0.0,0.0
2022-01-26,10207,9.23092700558457,0.0904966604519661,0.0904966604519661,4.5217474846331145,4.5217474846331145,4.5217474846331145
2022-01-27,11765,9.3729692954244,0.830159334648017,0.830159334648017,39.27772384864364,34.75597636401052,30.234228879377408
2022-01-28,10867,9.293577970546238,0.38774185140202894,0.38774185140202894,19.147795601689147,-20.129928246954492,-54.885904610965014
2022-01-29,9149,9.121509158269568,-0.5257449714636333,0.0,0.0,-19.147795601689147,0.9821326452653452
2022-01-30,8493,9.047115310873217,-0.9070160248125544,0.0,0.0,0.0,19.147795601689147
2022-01-31,10324,9.242323417829233,0.13920400675103964,0.13920400675103964,6.948982652710954,6.948982652710954,6.948982652710954
2022-02-01,9662,9.176059437999308,-0.19664097679294162,0.0,0.0,-6.948982652710954,-13.897965305421907
2022-02-02,9105,9.116688815894728,-0.5007936202103084,0.0,0.0,0.0,6.948982652710954
2022-02-03,9629,9.172638504792172,-0.209558452357507,0.0,0.0,0.0,0.0
2022-02-04,8618,9.061724347647399,-0.8080397549286791,0.0,0.0,0.0,0.0
2022-02-05,8046,8.993054630146133,-1.1515866922456246,0.0,0.0,0.0,0.0
2022-02-06,8464,9.043695294567236,-0.8478151957348855,0.0,0.0,0.0,0.0
2022-02-07,9264,9.13399913871946,-0.35338039936946786,0.0,0.0,0.0,0.0
2022-02-08,9752,9.185330208972015,-0.08172048122458965,0.0,0.0,0.0,0.0
2022-02-09,9401,9.148677711584076,-0.28077480159053475,0.0,0.0,0.0,0.0
2022-02-10,8917,9.095826985187422,-0.5684137206165142,0.0,0.0,0.0,0.0
2022-02-11,8672,9.067970030684457,-0.7236279423682423,0.0,0.0,0.0,0.0
2022-02-12,8114,9.00146947994869,-1.0534617785479716,0.0,0.0,0.0,0.0
2022-02-13,7615,8.938006576471201,-1.3525433260418704,0.0,0.0,0.0,0.0
2022-02-14,7750,8.955577146281511,-1.2412585919693393,0.0,0.0,0.0,0.0
2022-02-15,8151,9.00601857490256,-0.9266036920568572,0.0,0.0,0.0,0.0
2022-02-16,8174,9.008835995765454,-0.8924027932353381,0.0,0.0,0.0,0.0
2022-02-17,8268,9.020268861722167,-1.0466111494416122,0.0,0.0,0.0,0.0
2022-02-18,8613,9.061144065614055,-0.7029038545972855,0.0,0.0,0.0,0.0
2022-02-19,8048,8.993303139093733,-1.2104697333436059,0.0,0.0,0.0,0.0
2022-02-20,7688,8.94754601503218,-1.527917453993812,0.0,0.0,0.0,0.0
2022-02-21,7928,8.978282203272398,-1.2340658041581474,0.0,0.0,0.0,0.0
2022-02-22,8726,9.074176947163311,-0.4468310249435432,0.0,0.0,0.0,0.0
2022-02-23,8135,9.004053937728395,-1.0126296727466007,0.0,0.0,0.0,0.0
2022-02-24,7484,8.920656296853728,-1.6783440959006382,0.0,0.0,0.0,0.0
2022-02-25,6240,8.738895704934043,-3.0815761375694777,0.0,0.0,0.0,0.0
2022-02-26,5550,8.621733370690162,-3.698662219653164,0.0,0.0,0.0,0.0
2022-02-27,7260,8.890272839380247,-1.448828471945747,0.0,0.0,0.0,0.0
2022-02-28,7509,8.92399074475818,-1.1679955547405199,0.0,0.0,0.0,0.0
2022-03-01,7305,8.896451207355227,-1.3174119032407619,0.0,0.0,0.0,0.0
2022-03-02,7604,8.936561204693394,-1.0053963003916266,0.0,0.0,0.0,0.0
2022-03-03,7540,8.928110078202646,-1.0424680608370256,0.0,0.0,0.0,0.0
2022-03-04,6685,8.807771066980044,-1.8080110526178532,0.0,0.0,0.0,0.0
2022-03-05,7226,8.885579291282982,-1.2544591626958181,0.0,0.0,0.0,0.0
2022-03-06,7242,8.887790764195326,-1.2352121659486524,0.0,0.0,0.0,0.0
2022-03-07,7902,8.974997713204976,-0.5674820611675628,0.0,0.0,0.0,0.0
2022-03-08,8233,9.01602720232985,-0.2330519076019713,0.0,0.0,0.0,0.0
2022-03-09,8022,8.990067695753655,-0.4089972927240962,0.0,0.0,0.0,0.0
2022-03-10,8975,9.102309627762478,0.4647719795095001,0.4647719795095001,22.829121998008755,22.829121998008755,22.829121998008755
2022-03-11,8981,9.102977853647683,0.47305334046490655,0.47305334046490655,23.221237210531925,0.3921152125231693,-22.437006785485586
2022-03-12,7390,8.908018322784887,-1.0176377447963014,0.0,0.0,-23.221237210531925,-23.613352423055094
2022-03-13,7900,8.974744612722734,-0.47266066037528676,0.0,0.0,0.0,23.221237210531925
2022-03-14,9409,9.149528232579426,0.8847724380686027,0.8847724380686027,41.56204208967163,41.56204208967163,41.56204208967163
2022-03-15,9860,9.19634286233233,1.2321281386574976,1.2321281386574976,54.83816624894264,13.276124159271014,-28.285917930400615
2022-03-16,8986,9.103534367658373,0.5054301225350742,0.5054301225350742,24.7469158042596,-30.09125044468304,-43.367374603954055
2022-03-17,9578,9.167328481382892,0.9724515445602988,0.9724515445602988,45.12157456960241,20.374658765342808,50.46590921002585
2022-03-18,7466,8.918248591035702,-0.9143167579019972,0.0,0.0,-45.12157456960241,-65.49623333494522
2022-03-19,7154,8.875566691990551,-1.2063712596503244,0.0,0.0,0.0,45.12157456960241
2022-03-20,7967,8.983188799264434,-0.35414037891859085,0.0,0.0,0.0,0.0
2022-03-21,8657,9.066239028001926,0.29527447782548477,0.29527447782548477,14.657383854723644,14.657383854723644,14.657383854723644
2022-03-22,10082,9.218606116393214,1.4596729076258113,1.4596729076258113,62.296528352502264,47.63914449777862,32.98176064305497
2022-03-23,10339,9.24377514806242,1.6007002585176233,1.6007002585176233,66.4232466332284,4.126718280726138,-43.51242621705248
2022-03-24,9580,9.167537249650874,0.9754580990738851,0.9754580990738851,45.24121498188687,-21.182031651341532,-25.30874993206767
2022-03-25,8756,9.077608659522225,0.2832590145119926,0.2832590145119926,14.069006601402807,-31.172208380484065,-9.990176729142533
2022-03-26,7415,8.91139510724569,-0.9347265559730341,0.0,0.0,-14.069006601402807,17.10320177908126
2022-03-27,7749,8.955448122347393,-0.5815187077254713,0.0,0.0,0.0,14.069006601402807
2022-03-28,8584,9.057771773331575,0.20672879454068702,0.20672879454068702,10.299784181420367,10.299784181420367,10.299784181420367
2022-03-29,8240,9.016876974763383,-0.06268749226904291,0.0,0.0,-10.299784181420367,-20.599568362840735
2022-03-30,7880,8.97221007835365,-0.3953641033668695,0.0,0.0,0.0,10.299784181420367
2022-03-31,7474,8.919319398258887,-0.814628893024698,0.0,0.0,0.0,0.0
2022-04-01,6916,8.841737428600585,-1.4323150383020125,0.0,0.0,0.0,0.0
2022-04-02,6856,8.833025307284364,-1.4694133174553439,0.0,0.0,0.0,0.0
2022-04-03,8166,9.007856923358275,0.03909034501031994,0.03909034501031994,1.9542684043743246,1.9542684043743246,1.9542684043743246
2022-04-04,15116,9.623575217348709,5.236160066113333,5.236160066113333,98.94150217533586,96.98723377096154,95.03296536658722
2022-04-05,13520,9.511999311358759,3.5462976307589984,3.5462976307589984,94.39535146594625,-4.546150709389607,-101.53338448035115
2022-04-06,11970,9.39024233725137,2.3976471680029903,2.3976471680029903,83.32954245153338,-11.065809014412864,-6.519658305023256
2022-04-07,10336,9.243484970568485,1.3511390630964528,1.3511390630964528,58.86315773707441,-24.466384714458975,-13.400575700046112
2022-04-08,11818,9.377463685012241,2.1199446696045894,2.1199446696045894,78.56532704320325,19.702169306128845,44.16855402058782
2022-04-09,12360,9.422301633887823,2.28915882178524,2.28915882178524,81.59503769840214,3.0297106551988833,-16.67245865092996
2022-04-10,12556,9.438033557988964,2.2748784219875886,2.2748784219875886,81.3549999877294,-0.2400377106727376,-3.269748365871621
2022-04-11,20818,9.943621310275773,4.904530560516297,4.904530560516297,98.5283249755175,17.173324987788106,17.413362698460844
2022-04-12,13500,9.510519035757246,2.09534865427321,2.09534865427321,78.0900539911071,-20.43827098441041,-37.611595972198515
2022-04-13,10542,9.26321741157695,0.8960269848961568,0.8960269848961568,42.02647260514314,-36.06358138596396,-15.625310401553548
2022-04-14,24961,10.1251099474784,4.6614641929487535,4.6614641929487535,98.12718067079152,56.10070806564838,92.16428945161233
2022-04-15,27753,10.231135252930956,4.329829542184105,4.329829542184105,97.40027934226686,-0.7269013285246615,-56.82760939417304
2022-04-16,19583,9.882468185312053,2.5649751754861656,2.5649751754861656,85.71462819449638,-11.685651147770471,-10.95874981924581
2022-04-17,15362,9.63971730013066,1.6295496218289107,1.6295496218289107,67.22158642823075,-18.493041766265634,-6.8073906184951625
2022-04-18,16433,9.707107638491133,1.771462196067532,1.771462196067532,70.9278830372595,3.7062966090287546,22.19933837529439
2022-04-19,14773,9.600624158088683,1.3747959842636561,1.3747959842636561,59.63078238755377,-11.297100649705733,-15.003397258734488
2022-04-20,13732,9.527556974530281,1.1117611101869678,1.1117611101869678,50.49145820218567,-9.139324185368103,2.15777646433763
2022-04-21,18050,9.800956363888462,1.8785248190841817,1.8785248190841817,73.48831844660842,22.99686024442275,32.13618442979085
2022-04-22,14010,9.547598014371232,1.0665518178810973,1.0665518178810973,48.78812281013102,-24.700195636477396,-47.697055880900145
2022-04-23,12525,9.435561763085358,0.7142217453016237,0.7142217453016237,34.26666784163386,-14.52145496849716,10.178740667980236
2022-04-24,13485,9.509407389294527,0.903954163360596,0.903954163360596,42.35228122418679,8.085613382552928,22.60706835105009
2022-04-25,32430,10.386870034471961,3.3512308028931312,3.3512308028931312,93.22902338915529,50.8767421649685,42.79112878241557
2022-04-26,51453,10.848443483624047,4.228865101445146,4.228865101445146,97.12805799795875,3.8990346088034613,-46.977707556165036
2022-04-27,34818,10.45791849378284,2.7722140282923733,2.7722140282923733,88.23114457143276,-8.896913426525984,-12.795948035329445
2022-04-28,29946,10.307184431581645,2.2554787995005454,2.2554787995005454,81.02441569859714,-7.206728872835626,1.690184553690358
2022-04-29,24888,10.122181217776706,1.7335560700982666,1.7335560700982666,69.97334312792113,-11.051072570676013,-3.8443436978403867
2022-04-30,19161,9.860684430210819,1.1103726083122303,1.1103726083122303,50.43971412411048,-19.533629003810645,-8.482556433134633
2022-05-01,17921,9.793784287444165,0.9333926946727241,0.9333926946727241,43.55261649764011,-6.887097626470371,12.646531377340274
2022-05-02,16942,9.737610048158107,0.7852015530227738,0.7852015530227738,37.360016697200585,-6.192599800439524,0.6944978260308474
2022-05-03,16079,9.685331542732957,0.6488400763260915,0.6488400763260915,31.349805788284122,-6.010210908916463,0.18238889152306115
2022-05-04,15312,9.636457419815208,0.520200887039662,0.520200887039662,25.438947844376898,-5.910857943907224,0.0993529650092384
2022-05-05,13437,9.505841793480096,0.21862549472967568,0.21862549472967568,10.887941569072213,-14.551006275304685,-8.64014833139746
2022-05-06,12817,9.458605712064172,0.09673241870973019,0.09673241870973019,4.8328530411295585,-6.0550885279426545,8.49591774736203
2022-05-07,10970,9.30301070681749,-0.2583530615077548,0.0,0.0,-4.8328530411295585,1.222235486813096
2022-05-08,10934,9.299723933110869,-0.2775942318411664,0.0,0.0,0.0,4.8328530411295585
2022-05-09,11710,9.368283850042138,-0.13990139045554018,0.0,0.0,0.0,0.0
2022-05-10,11346,9.336708670790989,-0.22020323986336007,0.0,0.0,0.0,0.0
2022-05-11,12199,9.409191230721348,-0.0687050064156842,0.0,0.0,0.0,0.0
2022-05-12,15630,9.65701140089547,0.4691769725781228,0.4691769725781228,23.03778766970771,23.03778766970771,23.03778766970771
2022-05-13,11942,9.387900611668426,-0.1631381994746554,0.0,0.0,-23.03778766970771,-46.07557533941542
2022-05-14,9955,9.205930663487482,-0.5872349133060031,0.0,0.0,0.0,23.03778766970771
2022-05-15,10244,9.234545060673,-0.5225524338647501,0.0,0.0,0.0,0.0
2022-05-16,10784,9.285911558823257,-0.4119329153263427,0.0,0.0,0.0,0.0
2022-05-17,12033,9.395491255780296,-0.16641981348837587,0.0,0.0,0.0,0.0
2022-05-18,11960,9.389406636049465,-0.201300535470079,0.0,0.0,0.0,0.0
2022-05-19,11352,9.337237305164534,-0.3481000542626009,0.0,0.0,0.0,0.0
2022-05-20,12465,9.430760217368796,-0.14274624729221452,0.0,0.0,0.0,0.0
2022-05-21,11153,9.3195534569495,-0.4265008263816739,0.0,0.0,0.0,0.0
2022-05-22,10073,9.217713126305595,-0.6774012139723766,0.0,0.0,0.0,0.0
2022-05-23,9841,9.194414221425923,-0.7320982475953625,0.0,0.0,0.0,0.0
2022-05-24,9389,9.147400572202308,-0.8473164865278789,0.0,0.0,0.0,0.0
2022-05-25,8855,9.088850474388472,-0.9941544438685461,0.0,0.0,0.0,0.0
2022-05-26,8165,9.007734471879521,-1.2084212290670169,0.0,0.0,0.0,0.0
2022-05-27,8055,8.994172434398399,-1.2471210585197263,0.0,0.0,0.0,0.0
2022-05-28,7692,8.948066103458935,-1.3532955633263162,0.0,0.0,0.0,0.0
2022-05-29,7475,8.919453168575453,-1.4152661842397594,0.0,0.0,0.0,0.0
2022-05-30,7894,8.973984926689743,-1.276694374259144,0.0,0.0,0.0,0.0
2022-05-31,8058,8.994544758324512,-1.232754745923324,0.0,0.0,0.0,0.0
2022-06-01,9750,9.18512512283512,-0.7822220502658245,0.0,0.0,0.0,0.0
2022-06-02,10288,9.23883064237581,-0.6769853920082014,0.0,0.0,0.0,0.0
2022-06-03,11840,9.379323364330956,-0.3385066101715386,0.0,0.0,0.0,0.0
2022-06-04,9513,9.160519676992227,-0.8804466198059021,0.0,0.0,0.0,0.0
2022-06-05,8568,9.055906318669118,-1.1224992319151883,0.0,0.0,0.0,0.0
2022-06-06,8991,9.104090572133472,-0.9780442712254279,0.0,0.0,0.0,0.0
2022-06-07,7919,8.977146484808472,-1.2815353348242196,0.0,0.0,0.0,0.0
2022-06-08,7633,8.940367233305174,-1.338594422554791,0.0,0.0,0.0,0.0
2022-06-09,7370,8.905308661189288,-1.3842566627062443,0.0,0.0,0.0,0.0
2022-06-10,7080,8.865170419651774,-1.4367487661094978,0.0,0.0,0.0,0.0
2022-06-11,6304,8.74909824839902,-1.6590811100770377,0.0,0.0,0.0,0.0
2022-06-12,6680,8.807022955925477,-1.460072865055444,0.0,0.0,0.0,0.0
2022-06-13,7589,8.934586870389676,-1.1304498453338427,0.0,0.0,0.0,0.0
2022-06-14,7349,8.902455592206882,-1.1712104580775042,0.0,0.0,0.0,0.0
2022-06-15,7792,8.96098117384356,-1.006146845159425,0.0,0.0,0.0,0.0
2022-06-16,7869,8.970813341411448,-0.9503631016697895,0.0,0.0,0.0,0.0
2022-06-17,7476,8.919586920999915,-1.0400448311147006,0.0,0.0,0.0,0.0
2022-06-18,6839,8.830543010616596,-1.213235827106778,0.0,0.0,0.0,0.0
2022-06-19,6778,8.821584877430965,-1.1933035078675438,0.0,0.0,0.0,0.0
2022-06-20,7091,8.866722667194098,-1.0515694214260753,0.0,0.0,0.0,0.0
2022-06-21,8768,9.078978053779355,-0.5322517964546346,0.0,0.0,0.0,0.0
2022-06-22,7798,8.961750799330497,-0.7824223368435644,0.0,0.0,0.0,0.0
2022-06-23,7226,8.885579291282982,-0.9344824933659044,0.0,0.0,0.0,0.0
2022-06-24,6256,8.741456115998364,-1.232502473855982,0.0,0.0,0.0,0.0
2022-06-25,5677,8.644354337032917,-1.4522149210923339,0.0,0.0,0.0,0.0
2022-06-26,6090,8.714567550836485,-1.3506747051163102,0.0,0.0,0.0,0.0
2022-06-27,6214,8.734721003944811,-1.329860487496599,0.0,0.0,0.0,0.0
2022-06-28,6383,8.761550139129644,-1.2780116881564103,0.0,0.0,0.0,0.0
2022-06-29,6260,8.74209519574531,-1.360690793024209,0.0,0.0,0.0,0.0
2022-06-30,5637,8.637284671674058,-1.716159046793676,0.0,0.0,0.0,0.0
2022-07-01,5356,8.58615939588096,-1.8742967752088535,0.0,0.0,0.0,0.0
2022-07-02,5252,8.566554620953962,-1.9078718986305347,0.0,0.0,0.0,0.0
2022-07-03,5798,8.66544076787644,-1.495380543316904,0.0,0.0,0.0,0.0
2022-07-04,5793,8.664578178329295,-1.4691752878778785,0.0,0.0,0.0,0.0
2022-07-05,5525,8.617219505483362,-1.6090796522547175,0.0,0.0,0.0,0.0
2022-07-06,5937,8.689127655323706,-1.2822093818859217,0.0,0.0,0.0,0.0
2022-07-07,8013,8.98894529119609,-0.09380651438306671,0.0,0.0,0.0,0.0
2022-07-08,6881,8.836664586357426,-0.6623754487629365,0.0,0.0,0.0,0.0
2022-07-09,8332,9.027978814382207,0.11148641399909393,0.11148641399909393,5.568554162109618,5.568554162109618,5.568554162109618
2022-07-10,7784,8.959954084268098,-0.13644796646547983,0.0,0.0,-5.568554162109618,-11.137108324219236
2022-07-11,7646,8.942068693044225,-0.18201552916326938,0.0,0.0,0.0,5.568554162109618
2022-07-12,6984,8.851520271691061,-0.5371711371711727,0.0,0.0,0.0,0.0
2022-07-13,7460,8.917444732471514,-0.2169355288571251,0.0,0.0,0.0,0.0
2022-07-14,7040,8.859505484519133,-0.45882275201108047,0.0,0.0,0.0,0.0
2022-07-15,6951,8.846784666945227,-0.49374289056735554,0.0,0.0,0.0,0.0
2022-07-16,6217,8.735203590618699,-0.9875836958423375,0.0,0.0,0.0,0.0
2022-07-17,6001,8.699848026000312,-1.1351755069341602,0.0,0.0,0.0,0.0
2022-07-18,6429,8.768729817231666,-0.7738255643227803,0.0,0.0,0.0,0.0
2022-07-19,6792,8.823647949191303,-0.4701261052761544,0.0,0.0,0.0,0.0
2022-07-20,7344,8.901775088607979,-0.020324949026574727,0.0,0.0,0.0,0.0
2022-07-21,8442,9.0410929746695,0.8113065412353686,0.8113065412353686,38.47757008301392,38.47757008301392,38.47757008301392
2022-07-22,7158,8.876125585396185,-0.11346439283056715,0.0,0.0,-38.47757008301392,-76.95514016602785
2022-07-23,6112,8.718172930028725,-1.0297250400709552,0.0,0.0,0.0,38.47757008301392
2022-07-24,6581,8.792093929503284,-0.5513639775632435,0.0,0.0,0.0,0.0
2022-07-25,7677,8.946114375560743,0.41584599538951544,0.41584599538951544,20.497761399000908,20.497761399000908,20.497761399000908
2022-07-26,6973,8.849944227235596,-0.16739231324129777,0.0,0.0,-20.497761399000908,-40.995522798001815
2022-07-27,6174,8.728264161496178,-0.9044657807521443,0.0,0.0,0.0,20.497761399000908
2022-07-28,6102,8.716535732544495,-0.9495787272410136,0.0,0.0,0.0,0.0
2022-07-29,5761,8.659039915644474,-1.2735431182621628,0.0,0.0,0.0,0.0
2022-07-30,5590,8.628913441026645,-1.4117897699145845,0.0,0.0,0.0,0.0
2022-07-31,5818,8.66888370465667,-1.121305860123633,0.0,0.0,0.0,0.0
2022-08-01,6287,8.746398334109042,-0.6210236045654652,0.0,0.0,0.0,0.0
2022-08-02,6317,8.75115798136203,-0.5687731551144999,0.0,0.0,0.0,0.0
2022-08-03,5788,8.663714844079005,-1.1921309627512227,0.0,0.0,0.0,0.0
2022-08-04,6261,8.742254901886351,-0.589234595228093,0.0,0.0,0.0,0.0
2022-08-05,6588,8.793156870913819,-0.1725003049000474,0.0,0.0,0.0,0.0
2022-08-06,5842,8.672999642554437,-1.1040945097779113,0.0,0.0,0.0,0.0
2022-08-07,6010,8.701346403039162,-0.8404253077954391,0.0,0.0,0.0,0.0
2022-08-08,6105,8.717027173294824,-0.6846902561889683,0.0,0.0,0.0,0.0
2022-08-09,5932,8.688285266258644,-0.8947107455376341,0.0,0.0,0.0,0.0
2022-08-10,7505,8.923457979694966,1.0391008037780851,1.0391008037780851,47.73529366141968,47.73529366141968,47.73529366141968
2022-08-11,6224,8.736328721332908,-0.4975725517291788,0.0,0.0,-47.73529366141968,-95.47058732283936
2022-08-12,5815,8.668368019213355,-1.0327464518835776,0.0,0.0,0.0,47.73529366141968
2022-08-13,5417,8.59748202264504,-1.5692987642764544,0.0,0.0,0.0,0.0
2022-08-14,5926,8.687273461787838,-0.7955139956409909,0.0,0.0,0.0,0.0
2022-08-15,6364,8.758569510991506,-0.1955442772707018,0.0,0.0,0.0,0.0
2022-08-16,6164,8.726643415598444,-0.4319762038815308,0.0,0.0,0.0,0.0
2022-08-17,7595,8.935377071932177,1.317244107621548,1.317244107621548,57.744566487277794,57.744566487277794,57.744566487277794
2022-08-18,6587,8.79300509129753,0.12328235235727775,0.12328235235727775,6.156322333814112,-51.588244153463684,-109.33281064074149
2022-08-19,5845,8.673512945671192,-0.8497742620643339,0.0,0.0,-6.156322333814112,45.431921819649574
2022-08-20,5500,8.612685172875459,-1.3191751635082878,0.0,0.0,0.0,6.156322333814112
2022-08-21,5580,8.627123250788433,-1.1859727620064917,0.0,0.0,0.0,0.0
2022-08-22,6159,8.725832056527565,-0.3020912170701813,0.0,0.0,0.0,0.0
2022-08-23,6642,8.80131894766524,0.3752319500756276,0.3752319500756276,18.544518898194767,18.544518898194767,18.544518898194767
2022-08-24,6383,8.761550139129644,0.020401963135960956,0.020401963135960956,1.0200627744575859,-17.52445612373718,-36.06897502193195
2022-08-25,6955,8.847359875474174,0.7560596139237532,0.7560596139237532,36.09952453032517,35.079461755867584,52.603917879604765
2022-08-26,6348,8.75605259917045,-0.06397373894408466,0.0,0.0,-36.09952453032517,-71.17898628619275
2022-08-27,5598,8.630343289348893,-1.1666737921424348,0.0,0.0,0.0,36.09952453032517
2022-08-28,5906,8.683893367307235,-0.6715759815599636,0.0,0.0,0.0,0.0
2022-08-29,6698,8.809713540508268,0.42356445992268393,0.42356445992268393,20.86717568252671,20.86717568252671,20.86717568252671
2022-08-30,7170,8.877800393882575,0.9939624410005143,0.9939624410005143,45.97397356139012,25.106797878863407,4.239622196336697
2022-08-31,6942,8.845489236753274,0.6795316764348311,0.6795316764348311,32.72683288459214,-13.247140676797976,-38.35393855566139
2022-09-01,6542,8.78615105486974,0.1190520745827958,0.1190520745827958,5.945582962063685,-26.781249922528456,-13.53410924573048
2022-09-02,5635,8.636929873018572,-1.255168046531081,0.0,0.0,-5.945582962063685,20.83566696046477
2022-09-03,4995,8.516392871245468,-2.335845804643808,0.0,0.0,0.0,5.945582962063685
2022-09-04,5365,8.58783803098557,-1.6276156468435548,0.0,0.0,0.0,0.0
2022-09-05,6280,8.74528448245438,-0.22351614935122222,0.0,0.0,0.0,0.0
2022-09-06,6255,8.741296282225147,-0.22995398519447696,0.0,0.0,0.0,0.0
2022-09-07,6188,8.73052880173936,-0.31274319618072854,0.0,0.0,0.0,0.0
2022-09-08,6017,8.70251025718999,-0.5452787803838545,0.0,0.0,0.0,0.0
2022-09-09,5914,8.685246776412487,-0.6867687012488006,0.0,0.0,0.0,0.0
2022-09-10,5501,8.61286694148452,-1.3794701832082998,0.0,0.0,0.0,0.0
2022-09-11,5742,8.655737000864297,-0.9084378940822418,0.0,0.0,0.0,0.0
2022-09-12,6287,8.746398334109042,0.027892565141780894,0.027892565141780894,1.3945378462832791,1.3945378462832791,1.3945378462832791
2022-09-13,6226,8.736649954872451,-0.0515471735149723,0.0,0.0,-1.3945378462832791,-2.7890756925665583
2022-09-14,6848,8.831857935197906,0.9421782875834073,0.9421782875834073,43.907890257368784,43.907890257368784,45.30242810365206
2022-09-15,6536,8.78523362361273,0.44473227630315443,0.44473227630315443,21.8772115935313,-22.030678663837485,-65.93856892120627
2022-09-16,6693,8.808966881771273,0.6716083707149791,0.6716083707149791,32.37264134218472,10.495429748653422,32.526108412490906
2022-09-17,6044,8.706986763048892,-0.37117280252621543,0.0,0.0,-32.37264134218472,-42.86807109083814
2022-09-18,5974,8.695339376799712,-0.4717182470749274,0.0,0.0,0.0,32.37264134218472
2022-09-19,7073,8.864181369765426,1.3111207208514606,1.3111207208514606,57.540126520133995,57.540126520133995,57.540126520133995
2022-09-20,6769,8.820256365906321,0.9540545538784102,0.9540545538784102,44.38597001441483,-13.154156505719165,-70.69428302585317
2022-09-21,7009,8.855092980028635,1.3742894044929148,1.3742894044929148,59.61445749193235,15.228487477517518,28.382643983236683
2022-09-22,8030,8.991064332188461,2.852228561441331,2.852228561441331,89.08675313974298,29.472295647810633,14.243808170293114
2022-09-23,7264,8.890823576004383,1.59119160078302,1.59119160078302,66.15673738086417,-22.93001575887881,-52.40231140668944
2022-09-24,6358,8.757626411267408,0.20006068914355976,0.20006068914355976,9.969803767171438,-56.18693361369273,-33.25691785481392
2022-09-25,6415,8.766550149546351,0.3162772260099883,0.3162772260099883,15.683343329380406,5.713539562208968,61.900473175901695
2022-09-26,7090,8.866581653303996,1.3963902202626441,1.3963902202626441,60.32208922655177,44.63874589717136,38.9252063349624
2022-09-27,6971,8.849657406639912,1.1670901062270322,1.1670901062270322,52.523727211743534,-7.798362014808234,-52.437107911979595
2022-09-28,6852,8.832441791585824,0.9445944963247852,0.9445944963247852,44.00535786670577,-8.518369345037762,-0.720007330229528
2022-09-29,7129,8.872066513408342,1.3384389849589597,1.3384389849589597,58.44662317567645,14.441265308970678,22.95963465400844
2022-09-30,6797,8.824383730256061,0.7844373439465252,0.7844373439465252,37.327134854713954,-21.119488320962496,-35.560753629933174
2022-10-01,6957,8.847647355711887,1.0126938640996146,1.0126938640996146,46.709402347446,9.382267492732048,30.501755813694544
2022-10-02,7186,8.880029117468442,1.3267808670694787,1.3267808670694787,58.061530781964585,11.352128434518583,1.9698609417865356
2022-10-03,8369,9.032409163483521,2.8674220064768043,2.8674220064768043,89.24245857996176,31.180927797997178,19.828799363478595
2022-10-04,9089,9.114930187171524,3.4488268831448448,3.4488268831448448,93.83922730544705,4.5967687254852905,-26.584159072511888
2022-10-05,8854,9.088737550216933,2.8702220909680234,2.8702220909680234,89.27092482496347,-4.568302480483581,-9.165071205968871
2022-10-06,7731,8.953122840328222,1.5069734238242085,1.5069734238242085,63.722447041715725,-25.548477783247748,-20.980175302764167
2022-10-07,7745,8.954931860074698,1.4644576907203064,1.4644576907203064,62.442704065973345,-1.27974297574238,24.268734807505368
2022-10-08,6584,8.792549614177382,0.08317414563700448,0.08317414563700448,4.156311465811918,-58.28639260016143,-57.00664962441905
2022-10-09,6918,8.842026529498812,0.4756533979602774,0.4756533979602774,23.34419280669419,19.18788134088227,77.47427394104369
2022-10-10,7597,8.935640333747571,1.267369483672091,1.267369483672091,56.058422872607494,32.714230065913306,13.526348725031035
2022-10-11,7766,8.957639268419648,1.4054659242564251,1.4054659242564251,60.60996315374586,4.551540281138365,-28.16268978477494
2022-10-12,8847,9.087946723762116,2.4140456343704315,2.4140456343704315,83.57842037276902,22.968457219023158,18.416916937884793
2022-10-13,8242,9.017119634313227,1.7273392707559432,1.7273392707559432,69.8143534638883,-13.764066908880721,-36.73252412790388
2022-10-14,8056,8.994296557777195,1.4771117021386968,1.4771117021386968,62.82718478938606,-6.987168674502236,6.776898234378486
2022-10-15,7154,8.875566691990551,0.5135562346293966,0.5135562346293966,25.127953630771017,-37.69923115861504,-30.712062484112806
2022-10-16,7167,8.877381954654766,0.5091013687894609,0.5091013687894609,24.919158144007543,-0.20879548676347426,37.49043567185157
2022-10-17,7353,8.902999661861218,0.7168940686429338,0.7168940686429338,34.3845406987142,9.465382554706654,9.674178041470128
2022-10-18,7573,8.93247660846174,0.9262129184547958,0.9262129184547958,43.26126750612922,8.876726807415025,-0.5886557472916287
2022-10-19,8676,9.06843112579349,1.942461337258095,1.942461337258095,74.92445962010333,31.663192113974112,22.786465306559087
2022-10-20,10403,9.249945626568541,3.251083918975433,3.251083918975433,92.54240844596447,17.617948825861134,-14.045243288112978
2022-10-21,8495,9.04735074348172,1.5269142489960952,1.5269142489960952,64.31087666473294,-28.231531781231524,-45.84948060709266
2022-10-22,8282,9.021960500598263,1.2889025616231609,1.2889025616231609,56.79227568458869,-7.518600980144257,20.712930801087268
2022-10-23,7338,8.900957872545062,0.40293882910395284,0.40293882910395284,19.87870803057024,-36.91356765401845,-29.394966673874194
2022-10-24,7459,8.917310693197807,0.5015181593898466,0.5015181593898466,24.563207581866724,4.684499551296483,41.59806720531493
2022-10-25,8124,9.002701007197938,1.0874133907451,1.0874133907451,49.57886667197053,25.015659090103807,20.331159538807324
2022-10-26,9033,9.108750516214549,1.7867161185506295,1.7867161185506295,71.30483819411336,21.725971522142828,-3.2896875679609785
2022-10-27,9919,9.20230820027892,2.3658874624189967,2.3658874624189967,82.83775814628689,11.532919952173529,-10.193051569969299
2022-10-28,23522,10.065733944899032,7.9900563673779486,7.9900563673779486,99.93225995439994,17.09450180811305,5.561581855939522
2022-10-29,16018,9.681530796701484,3.685109459489029,3.685109459489029,95.10397733701062,-4.82828261738932,-21.92278442550237
2022-10-30,13711,9.52602664083756,2.619292284322499,2.619292284322499,86.41858495135115,-8.685392385659469,-3.857109768270149
2022-10-31,14096,9.553717287770926,2.5477413723434936,2.5477413723434936,85.48432628195258,-0.9342586693985737,7.751133716260895
2022-11-01,13504,9.510815266226716,2.214913045722049,2.214913045722049,80.31614732315063,-5.1681789588019456,-4.233920289403372
2022-11-02,12529,9.435881047890113,1.8223608347661793,1.8223608347661793,72.16983348366159,-8.14631383948904,-2.9781348806870938
2022-11-03,13674,9.523324627290181,2.075376828305438,2.075376828305438,77.69736013601783,5.527526652356244,13.673840491845283
2022-11-04,15462,9.64620535247543,2.420893263802198,2.420893263802198,83.68134140464561,5.9839812686277725,0.45645461627152883
2022-11-05,15278,9.634234615552714,2.2309507787540572,2.2309507787540572,80.59893493462317,-3.082406470022434,-9.066387738650207
2022-11-06,12506,9.434043766548907,1.4410457824652925,1.4410457824652925,61.72330892117015,-18.875626013453022,-15.793219543430588
2022-11-07,15358,9.639456900415627,2.065494460941314,2.065494460941314,77.50078198906895,15.777473067898804,34.653099081351826
2022-11-08,15373,9.640433049909078,1.9668737174938928,1.9668737174938928,75.45498460912461,-2.0457973799443465,-17.82327044784315
2022-11-09,14076,9.552297538827965,1.5989440296295556,1.5989440296295556,66.37414939246507,-9.080835216659537,-7.0350378367151905
2022-11-10,13129,9.482654967296842,1.324048711893762,1.324048711893762,57.97090360372694,-8.403245788738133,0.6775894279214043
2022-11-11,15460,9.646076003102594,1.792451660160018,1.792451660160018,71.44551885296455,13.474615249237615,21.877861037975748
2022-11-12,16574,9.715650815054063,1.9305505004228625,1.9305505004228625,74.66206788539755,3.2165490324329937,-10.258066216804622
2022-11-13,16278,9.69763121260851,1.7887931387134808,1.7887931387134808,71.35584961120064,-3.306218274196908,-6.522767306629902
2022-11-14,14220,9.562475024372697,1.3106624763784502,1.3106624763784502,57.52479820650276,-13.831051404697881,-10.524833130500973
2022-11-15,13501,9.510593101601815,1.1126447738371323,1.1126447738371323,50.524370035676135,-7.000428170826623,6.830623233871258
2022-11-16,13418,9.504426892100957,1.0577493828546412,1.0577493828546412,48.45204291513089,-2.0723271205452463,4.928101050281377
2022-11-17,12085,9.399803036921504,0.7151840263090158,0.7151840263090158,34.30912531516296,-14.14291759996793,-12.070590479422684
2022-11-18,24822,10.11952592172029,2.840281061210952,2.840281061210952,88.96282373864645,54.65369842348349,68.79661602345142
2022-11-19,17298,9.758403975346978,1.6056817391010962,1.6056817391010962,66.56219784034893,-22.40062589829752,-77.05432432178101
2022-11-20,15567,9.652972804425787,1.2491245415343113,1.2491245415343113,55.429655666842926,-11.132542173506003,11.268083724791516
2022-11-21,15541,9.651301315769187,1.2020469238688856,1.2020469238688856,53.777743942237244,-1.6519117246056823,9.480630448900321
2022-11-22,14415,9.57609397984812,0.9542763189089025,0.9542763189089025,44.39487331538871,-9.382870626848536,-7.730958902242854
2022-11-23,13649,9.521494800613105,0.7722982754807302,0.7722982754807302,36.80356941025298,-7.5913039051357245,1.7915667217128117
2022-11-24,23326,10.057366766948556,2.240002040140685,2.240002040140685,80.75692713918833,43.95335772893535,51.544661634071076
2022-11-25,18533,9.827362162146636,1.5013133642592942,1.5013133642592942,63.55405562356684,-17.202871515621496,-61.15622924455685
2022-11-26,25946,10.163811274974622,2.355766794119174,2.355766794119174,82.67830257065005,19.124246947083208,36.3271184627047
2022-11-27,25596,10.150230436100662,2.1885085613635824,2.1885085613635824,79.84256382268504,-2.83573874796501,-21.959985695048218
2022-11-28,17795,9.786728991925932,1.151007502294667,1.151007502294667,51.93897864804975,-27.90358517463529,-25.06784642667028
2022-11-29,16219,9.694000327669404,0.8766705422667669,0.8766705422667669,41.22636017212795,-10.7126184759218,17.19096669871349
2022-11-30,12909,9.465757483840688,0.2587471993732081,0.2587471993732081,12.86566015199681,-28.360700020131137,-17.648081544209337
2022-12-01,12065,9.398146859000708,0.05856706563214053,0.05856706563214053,2.927516522952772,-9.938143629044038,18.4225563910871
2022-12-02,11497,9.349928386183237,-0.09173261056880658,0.0,0.0,-2.927516522952772,7.010627106091267
2022-12-03,10716,9.279586544712997,-0.2950443365955508,0.0,0.0,0.0,2.927516522952772
2022-12-04,9398,9.148358579620302,-0.6565047332506446,0.0,0.0,0.0,0.0
2022-12-05,8938,9.098179005087852,-0.7957289698066276,0.0,0.0,0.0,0.0
2022-12-06,8291,9.02304647355567,-1.011399612868976,0.0,0.0,0.0,0.0
2022-12-07,8457,9.042868018032435,-0.964051093664863,0.0,0.0,0.0,0.0
2022-12-08,8788,9.081256218564645,-0.8843954866173421,0.0,0.0,0.0,0.0
2022-12-09,7741,8.954415331137593,-1.263457633780759,0.0,0.0,0.0,0.0
2022-12-10,6801,8.82497196556714,-1.6290378737999696,0.0,0.0,0.0,0.0
2022-12-11,7638,8.94102198354136,-1.2855452041046154,0.0,0.0,0.0,0.0
2022-12-12,9323,9.140347000155648,-0.7190527090942027,0.0,0.0,0.0,0.0
2022-12-13,10109,9.221280312014517,-0.5039015766795347,0.0,0.0,0.0,0.0
2022-12-14,9797,9.18993356219852,-0.6067424274651461,0.0,0.0,0.0,0.0
2022-12-15,11130,9.317489287493226,-0.26856552045188414,0.0,0.0,0.0,0.0
2022-12-16,10983,9.304194947447806,-0.33372064442999533,0.0,0.0,0.0,0.0
2022-12-17,9511,9.160309438370618,-0.7849790575159555,0.0,0.0,0.0,0.0
2022-12-18,8438,9.040619097157967,-1.1650145094308306,0.0,0.0,0.0,0.0
2022-12-19,12255,9.413770891980372,-0.046288166779719614,0.0,0.0,0.0,0.0
2022-12-20,10042,9.21463115339334,-0.6513565163458757,0.0,0.0,0.0,0.0
2022-12-21,11024,9.307920700315046,-0.3831071411867064,0.0,0.0,0.0,0.0
2022-12-22,9109,9.117127990254003,-0.9856462306058614,0.0,0.0,0.0,0.0
2022-12-23,8348,9.029897050194,-1.2824616194784837,0.0,0.0,0.0,0.0
2022-12-24,7231,8.886270902072013,-1.749203688801655,0.0,0.0,0.0,0.0
2022-12-25,6843,8.831127635012084,-1.8975136714471135,0.0,0.0,0.0,0.0
2022-12-26,7464,8.91798070997329,-1.5805395180031525,0.0,0.0,0.0,0.0
2022-12-27,9411,9.149740749847252,-0.8482952023785427,0.0,0.0,0.0,0.0
2022-12-28,10748,9.282568005973063,-0.4165195406991209,0.0,0.0,0.0,0.0
2022-12-29,9244,9.131838143821225,-0.8618565694187997,0.0,0.0,0.0,0.0
2022-12-30,8411,9.03741453682259,-1.1266532018841187,0.0,0.0,0.0,0.0
2022-12-31,7070,8.863757191604241,-1.6182892462964524,0.0,0.0,0.0,0.0
2023-01-01,6914,8.841448244098858,-1.6202037031174157,0.0,0.0,0.0,0.0
2023-01-02,8263,9.019664010799474,-1.03811187772676,0.0,0.0,0.0,0.0
2023-01-03,11352,9.337237305164534,-0.0876510363215969,0.0,0.0,0.0,0.0
2023-01-04,10117,9.222071294851881,-0.4081946196416933,0.0,0.0,0.0,0.0
2023-01-05,7916,8.976767625171433,-1.106366952659522,0.0,0.0,0.0,0.0
2023-01-06,7653,8.942983665985647,-1.1715104823123175,0.0,0.0,0.0,0.0
2023-01-07,6983,8.851377097519439,-1.3959666913156075,0.0,0.0,0.0,0.0
2023-01-08,7043,8.859931469616097,-1.3212645911138838,0.0,0.0,0.0,0.0
2023-01-09,7217,8.884333185202735,-1.2060012681553176,0.0,0.0,0.0,0.0
2023-01-10,7623,8.939056445334039,-1.0133609753279298,0.0,0.0,0.0,0.0
2023-01-11,7591,8.934850340289763,-0.9918880669199136,0.0,0.0,0.0,0.0
2023-01-12,7376,8.906122330884303,-1.040311752291764,0.0,0.0,0.0,0.0
2023-01-13,9641,9.173883834965567,-0.2527191128621253,0.0,0.0,0.0,0.0
2023-01-14,8729,9.074520648833648,-0.5171817345228192,0.0,0.0,0.0,0.0
2023-01-15,8241,9.016998311898762,-0.661018668156433,0.0,0.0,0.0,0.0
2023-01-16,7976,8.984317679911129,-0.731442732690151,0.0,0.0,0.0,0.0
2023-01-17,8949,9.099408811268901,-0.383775973866039,0.0,0.0,0.0,0.0
2023-01-18,8500,9.04793908261736,-0.509297223345845,0.0,0.0,0.0,0.0
2023-01-19,7966,8.983063289380366,-0.6825468900314413,0.0,0.0,0.0,0.0
2023-01-20,7614,8.937875265329263,-0.7967470756426722,0.0,0.0,0.0,0.0
2023-01-21,8075,8.996651979432729,-0.5848633253817132,0.0,0.0,0.0,0.0
2023-01-22,9433,9.152075463844207,-0.06730398315358142,0.0,0.0,0.0,0.0
2023-01-23,9002,9.105313134108476,-0.19823350641273907,0.0,0.0,0.0,0.0
2023-01-24,8263,9.019664010799474,-0.45508674672475996,0.0,0.0,0.0,0.0
2023-01-25,8540,9.052633375946147,-0.3089715642230652,0.0,0.0,0.0,0.0
2023-01-26,9611,9.17076759685636,0.2139407700600401,0.2139407700600401,10.656423520434496,10.656423520434496,10.656423520434496
2023-01-27,8168,9.00810178134187,-0.47622152332902595,0.0,0.0,-10.656423520434496,-21.31284704086899
2023-01-28,7356,8.903407519932264,-1.0473860267445079,0.0,0.0,0.0,10.656423520434496
2023-01-29,7126,8.871645667501872,-1.2733008067255573,0.0,0.0,0.0,0.0
2023-01-30,7723,8.952087643548404,-0.7409658386529475,0.0,0.0,0.0,0.0
2023-01-31,7777,8.959054514715692,-0.6721492225466256,0.0,0.0,0.0,0.0
2023-02-01,7933,8.978912601074276,-0.510739342053458,0.0,0.0,0.0,0.0
2023-02-02,8444,9.041329829241901,-0.0465068824729413,0.0,0.0,0.0,0.0
2023-02-03,8313,9.025696119812583,-0.14454627447704718,0.0,0.0,0.0,0.0
2023-02-04,8475,9.04499391938819,0.00031169068070143293,0.00031169068070143293,0.015584533908900454,0.015584533908900454,0.015584533908900454
2023-02-05,8007,8.988196320995057,-0.4039923331835465,0.0,0.0,-0.015584533908900454,-0.03116906781780091
2023-02-06,8544,9.053101595549691,0.061429635301429045,0.061429635301429045,3.0705162507600434,3.0705162507600434,3.0861007846689437
2023-02-07,7303,8.896177422274805,-1.044212545768255,0.0,0.0,-3.0705162507600434,-6.141032501520087
2023-02-08,7474,8.919319398258887,-0.8687617093503434,0.0,0.0,0.0,3.0705162507600434
2023-02-09,7754,8.956093075610639,-0.6300229427337297,0.0,0.0,0.0,0.0
2023-02-10,7883,8.97259066827261,-0.5149348895102892,0.0,0.0,0.0,0.0
2023-02-11,6190,8.730851903519232,-2.2233580294258424,0.0,0.0,0.0,0.0
2023-02-12,6143,8.723231274827508,-2.1633481226100346,0.0,0.0,0.0,0.0
2023-02-13,7104,8.868554040531201,-1.0673133446956158,0.0,0.0,0.0,0.0
2023-02-14,6746,8.816853240627426,-1.4020850689931508,0.0,0.0,0.0,0.0
2023-02-15,7240,8.88751459738882,-0.87058779717989,0.0,0.0,0.0,0.0
2023-02-16,7543,8.928507824313293,-0.5500648438592559,0.0,0.0,0.0,0.0
2023-02-17,13305,9.495970340301833,3.4902092413176247,3.4902092413176247,94.08158101405823,94.08158101405823,94.08158101405823
2023-02-18,9343,9.142489705068009,0.9433468626740839,0.9433468626740839,43.95504241362615,-50.12653860043208,-144.2081196144903
2023-02-19,8053,8.9939241414114,-0.07134444597669455,0.0,0.0,-43.95504241362615,6.171496186805925
2023-02-20,7660,8.94389780251682,-0.3983047608121176,0.0,0.0,0.0,43.95504241362615
2023-02-21,7377,8.906257878156621,-0.6530408692758672,0.0,0.0,0.0,0.0
2023-02-22,7326,8.899321434159964,-0.6864471745584318,0.0,0.0,0.0,0.0
2023-02-23,8666,9.067277989134345,0.5302460477299553,0.5302460477299553,25.908099373113338,25.908099373113338,25.908099373113338
2023-02-24,7184,8.879750798513125,-0.8680980143496865,0.0,0.0,-25.908099373113338,-51.816198746226675
2023-02-25,6661,8.804175018753625,-1.4126362048200478,0.0,0.0,0.0,25.908099373113338
2023-02-26,6621,8.798152718107191,-1.406799448535427,0.0,0.0,0.0,0.0
2023-02-27,7387,8.90761234131913,-0.5658505383343143,0.0,0.0,0.0,0.0
2023-02-28,9263,9.133891199812776,1.1541956930468853,1.1541956930468853,52.05528855403793,52.05528855403793,52.05528855403793
2023-03-01,9890,9.199380531739841,1.617640787462477,1.617640787462477,66.89390170530388,14.838613151265946,-37.21667540277198
2023-03-02,10082,9.218606116393214,1.6939700298891638,1.6939700298891638,68.94910884556636,2.055207140262482,-12.783406011003464
2023-03-03,9640,9.17378011666438,1.3022888772539516,1.3022888772539516,57.24398906201043,-11.70511978355593,-13.760326923818411
2023-03-04,8383,9.034080406560824,0.2711823277578563,0.2711823277578563,13.476628329845584,-43.767360732164846,-32.06224094860892
2023-03-05,8284,9.022201929860664,0.23462668946169624,0.23462668946169624,11.677811906431076,-1.7988164234145074,41.96854430875034
2023-03-06,9326,9.140668698726863,1.179550697557891,1.179550697557891,52.97340167445847,41.2955897680274,43.094406191441905
2023-03-07,9688,9.178746500385005,1.4355500210110104,1.4355500210110104,61.552920133214265,8.579518458755793,-32.716071309271605
2023-03-08,8782,9.080573313917117,0.6473017971775883,0.6473017971775883,31.280434300558046,-30.27248583265622,-38.852004291412015
2023-03-09,7557,8.930361883909434,-0.5115937035317006,0.0,0.0,-31.280434300558046,-1.0079484679018265
2023-03-10,7503,8.92319149068606,-0.5787016566981528,0.0,0.0,0.0,31.280434300558046
2023-03-11,6665,8.804775258867686,-1.4897044717787393,0.0,0.0,0.0,0.0
2023-03-12,6485,8.777401286867264,-1.6539765832565023,0.0,0.0,0.0,0.0
2023-03-13,6637,8.80056599227992,-1.4304775669086602,0.0,0.0,0.0,0.0
2023-03-14,6612,8.796792687674662,-1.4259849097443975,0.0,0.0,0.0,0.0
2023-03-15,6558,8.788593431293735,-1.4375438263595819,0.0,0.0,0.0,0.0
2023-03-16,6353,8.756839814829462,-1.611451528305762,0.0,0.0,0.0,0.0
2023-03-17,6311,8.750207862525711,-1.5947275017123974,0.0,0.0,0.0,0.0
2023-03-18,5569,8.62515033292133,-2.393108859101289,0.0,0.0,0.0,0.0
2023-03-19,6028,8.704336438489406,-1.7266840566591954,0.0,0.0,0.0,0.0
2023-03-20,6380,8.761080103868347,-1.2865394714982035,0.0,0.0,0.0,0.0
2023-03-21,6453,8.772455372611907,-1.1734296291282984,0.0,0.0,0.0,0.0
2023-03-22,6021,8.70317470904168,-1.5792513510308301,0.0,0.0,0.0,0.0
2023-03-23,6214,8.734721003944811,-1.3235064764208084,0.0,0.0,0.0,0.0
2023-03-24,6615,8.797246236703527,-0.8939095234079802,0.0,0.0,0.0,0.0
2023-03-25,6409,8.765614549914716,-1.059928589079197,0.0,0.0,0.0,0.0
2023-03-26,6876,8.835937789319836,-0.5945733752799176,0.0,0.0,0.0,0.0
2023-03-27,7841,8.967249182852276,0.23479480616126674,0.23479480616126674,11.68610302854623,11.68610302854623,11.68610302854623
2023-03-28,7566,8.931551966694522,0.03663489837180546,0.03663489837180546,1.8315400782690208,-9.85456295027721,-21.54066597882344
2023-03-29,7101,8.868131713503033,-0.35396533100582744,0.0,0.0,-1.8315400782690208,8.02302287200819
2023-03-30,8134,9.003931019653137,0.5030063103935029,0.5030063103935029,24.633112954405302,24.633112954405302,26.464653032674324
2023-03-31,6560,8.788898309344878,-0.8604901813897129,0.0,0.0,-24.633112954405302,-49.266225908810604
2023-04-01,6116,8.718827059242566,-1.2755417248292718,0.0,0.0,0.0,24.633112954405302
2023-04-02,6959,8.847934753328465,-0.439598252777779,0.0,0.0,0.0,0.0
2023-04-03,7825,8.965206802770357,0.29581012137634116,0.29581012137634116,14.68358961755502,14.68358961755502,14.68358961755502
2023-04-04,7527,8.926384681265215,0.06494970137628994,0.06494970137628994,3.246343933703461,-11.43724568385156,-26.12083530140658
2023-04-05,5948,8.690978417187905,-1.385342694698891,0.0,0.0,-3.246343933703461,8.190901750148099
2023-04-06,6045,8.707152175339404,-1.236060405089493,0.0,0.0,0.0,3.246343933703461
2023-04-07,6459,8.773384596776648,-0.7920606884949013,0.0,0.0,0.0,0.0
2023-04-08,6404,8.764834214330834,-0.8174183846051171,0.0,0.0,0.0,0.0
2023-04-09,6234,8.737933858114136,-0.9626552649245432,0.0,0.0,0.0,0.0
2023-04-10,6893,8.83840674707681,-0.33296784010096475,0.0,0.0,0.0,0.0
2023-04-11,6726,8.813884558025606,-0.4688210707300566,0.0,0.0,0.0,0.0
2023-04-12,7235,8.886823846515187,-0.014040941952248982,0.0,0.0,0.0,0.0
2023-04-13,6917,8.841881989497114,-0.3025435890592319,0.0,0.0,0.0,0.0
2023-04-14,6292,8.747193183526933,-0.8962710554183958,0.0,0.0,0.0,0.0
2023-04-15,5822,8.66957087183712,-1.3498685496838572,0.0,0.0,0.0,0.0
2023-04-16,6211,8.734238184268579,-0.9294585241503818,0.0,0.0,0.0,0.0
2023-04-17,6850,8.832149906002899,-0.324752391656053,0.0,0.0,0.0,0.0
2023-04-18,7194,8.881141619321468,-0.02353251171062893,0.0,0.0,0.0,0.0
2023-04-19,8955,9.100078977718645,1.5253074213026447,1.5253074213026447,64.26373923888535,64.26373923888535,64.26373923888535
2023-04-20,11589,9.357897936333798,3.3030836793298928,3.3030836793298928,92.90688953761222,28.643150298726866,-35.620588940158484
2023-04-21,10415,9.251098364448351,2.33940051529962,2.33940051529962,82.41760565769455,-10.489283879917664,-39.13243417864453
2023-04-22,8824,9.085343881801498,1.2089733818090016,1.2089733818090016,54.0234500763907,-28.39415558130385,-17.904871701386185
2023-04-23,8273,9.020873347021357,0.7917358057865359,0.7917358057865359,37.64078403449502,-16.382666041895682,12.011489539408167
2023-04-24,8333,9.0280988119824,0.8185447656027474,0.8185447656027474,38.785469390284824,1.1446853557898038,17.527351397685486
2023-04-25,7724,8.952217101765946,0.3729307160959396,0.3729307160959396,18.433390498482257,-20.352078891802567,-21.49676424759237
2023-04-26,7689,8.94767606249969,0.3382658794169166,0.3382658794169166,16.753844582026876,-1.6795459164553819,18.672532975347185
2023-04-27,7210,8.88336291691676,-0.05919208660367918,0.0,0.0,-16.753844582026876,-15.074298665571494
2023-04-28,7033,8.858510813033927,-0.21651386512198068,0.0,0.0,0.0,16.753844582026876
2023-04-29,10123,9.222664121665014,1.966066791444375,1.966066791444375,75.43760400091716,75.43760400091716,75.43760400091716
2023-04-30,7979,8.984693690443855,0.5262001506407777,0.5262001506407777,25.71928444658501,-49.718319554332155,-125.15592355524932
2023-05-01,7314,8.897682313454224,0.035622998090218044,0.035622998090218044,1.7809615721057153,-23.938322874479297,25.779996679852857
2023-05-02,7454,8.916640227198839,0.1889933860470918,0.1889933860470918,9.421642072768652,7.640680500662937,31.579003375142236
2023-05-03,7180,8.879193928110318,-0.019055308707460597,0.0,0.0,-9.421642072768652,-17.062322573431587
2023-05-04,7278,8.892748769118258,0.08552597352934686,0.08552597352934686,4.273693931045852,4.273693931045852,13.695336003814504
2023-05-05,6967,8.849083518532339,-0.18525737407801038,0.0,0.0,-4.273693931045852,-8.547387862091703
2023-05-06,6764,8.819517540604888,-0.3559437421471595,0.0,0.0,0.0,4.273693931045852
2023-05-07,7309,8.896998552743824,0.21188973848952575,0.21188973848952575,10.55502546552585,10.55502546552585,10.55502546552585
2023-05-08,7515,8.924789360533357,0.43490021442472654,0.43490021442472654,21.40863705991445,10.853611594388601,0.2985861288627518
2023-05-09,7500,8.922791623969637,0.4215102766500133,0.4215102766500133,20.76891785209905,-0.6397192078153999,-11.493330802204001
2023-05-10,7437,8.914357274485015,0.36168937888823094,0.36168937888823094,17.889864689051226,-2.879053163047825,-2.239333955232425
2023-05-11,7369,8.905172985183382,0.2836492853025565,0.2836492853025565,14.088133370545892,-3.8017313185053343,-0.9226781554575094
2023-05-12,8297,9.023769800892813,1.113885195893797,1.113885195893797,50.57054446233202,36.48241109178613,40.284142410291466
2023-05-13,6860,8.833608482690892,-0.26472837032543806,0.0,0.0,-50.57054446233202,-87.05295555411816
2023-05-14,6939,8.84505705350085,-0.18852196160022736,0.0,0.0,0.0,50.57054446233202
2023-05-15,7279,8.892886141190731,0.1436500734450574,0.1436500734450574,7.170177986837664,7.170177986837664,7.170177986837664
2023-05-16,7977,8.984443032465352,0.7816155455648993,0.7816155455648993,37.20563930084098,30.035461314003314,22.86528332716565
2023-05-17,8921,9.09627541568821,1.554760134379285,1.554760134379285,65.12003602859559,27.914396727754614,-2.1210645862487
2023-05-18,8123,9.002577922700276,0.8362839347826353,0.8362839347826353,39.53639859681653,-25.58363743177906,-53.498034159533674
2023-05-19,7640,8.941283763647567,0.3616186673777351,0.3616186673777351,17.88644224700601,-21.649956349810523,3.933681081968537
2023-05-20,6910,8.840869624091395,-0.39429842780951785,0.0,0.0,-17.88644224700601,3.763514102804514
2023-05-21,7408,8.910450756416656,0.10820407940074575,0.10820407940074575,5.4049315319491305,5.4049315319491305,23.29137377895514
2023-05-22,7421,8.912203841620542,0.09735843971558389,0.09735843971558389,4.864080509814367,-0.5408510221347633,-5.945782554083894
2023-05-23,7531,8.926915889777042,0.18805490000671685,0.18805490000671685,9.375132252489992,4.511051742675625,5.0519027648103885
2023-05-24,7302,8.89604050162011,-0.06354210356520175,0.0,0.0,-9.375132252489992,-13.886183995165617
2023-05-25,7538,8.927844826211702,0.16460082835132334,0.16460082835132334,8.211509951282753,8.211509951282753,17.586642203772747
2023-05-26,8839,9.08704215563169,1.3851381902497226,1.3851381902497226,59.96298969920786,51.7514797479251,43.53996979664235
2023-05-27,6755,8.81818627792769,-0.7009501036665265,0.0,0.0,-59.96298969920786,-111.71446944713296
2023-05-28,6476,8.776012719182917,-1.0044799470955668,0.0,0.0,0.0,59.96298969920786
2023-05-29,6853,8.832587702434553,-0.5585019458054145,0.0,0.0,0.0,0.0
2023-05-30,7299,8.895629627136483,-0.06155890406721419,0.0,0.0,0.0,0.0
2023-05-31,7275,8.892336539638013,-0.10055088177257866,0.0,0.0,0.0,0.0
2023-06-01,7866,8.970432074329242,0.4800141776866139,0.4800141776866139,23.550244523579654,23.550244523579654,23.550244523579654
2023-06-02,8157,9.006754319877503,0.7454957183948797,0.7454957183948797,35.639289535367226,12.089045011787572,-11.461199511792081
2023-06-03,7361,8.904086913938967,-0.05473637732137036,0.0,0.0,-35.639289535367226,-47.7283345471548
2023-06-04,7444,8.915297945118109,0.03467827983962752,0.03467827983962752,1.7337402482379047,1.7337402482379047,37.37302978360513
2023-06-05,7568,8.931816237309167,0.13677721084257777,0.13677721084257777,6.828218663851203,5.094478415613298,3.360738167375393
2023-06-06,7308,8.896861744480391,-0.17375768126008906,0.0,0.0,-6.828218663851203,-11.922697079464502
2023-06-07,7921,8.977398978181862,0.4680987613606158,0.4680987613606158,22.98673202004748,22.98673202004748,29.814950683898683
2023-06-08,8166,9.007856923358275,0.697615458570321,0.697615458570321,33.531775354608264,10.545043334560784,-12.441688685486696
2023-06-09,7956,8.981807323377534,0.4514699518876727,0.4514699518876727,22.19773425754379,-11.334041097064475,-21.87908443162526
2023-06-10,6675,8.806274284781725,-1.0558254272210745,0.0,0.0,-22.19773425754379,-10.863693160479315
2023-06-11,6474,8.775703886567738,-1.3125261190748336,0.0,0.0,0.0,22.19773425754379
2023-06-12,7549,8.92930284224307,0.004206593470668601,0.004206593470668601,0.21032936337783506,0.21032936337783506,0.21032936337783506
2023-06-13,8307,9.024974184996003,0.7954898769290584,0.7954898769290584,37.80177927719791,37.59144991382007,37.38112055044223
2023-06-14,7341,8.90136656405678,-0.2859673513620668,0.0,0.0,-37.80177927719791,-75.39322919101798
2023-06-15,7148,8.874727765766853,-0.5714814308344841,0.0,0.0,0.0,37.80177927719791
2023-06-16,6755,8.81818627792769,-1.1264184296980526,0.0,0.0,0.0,0.0
2023-06-17,7650,8.942591637231851,0.015848598648914716,0.015848598648914716,0.7924133461099914,0.7924133461099914,0.7924133461099914
2023-06-18,7144,8.874168090363968,-0.6207738806382447,0.0,0.0,-0.7924133461099914,-1.5848266922199827
2023-06-19,6741,8.816111895794005,-1.1358449660286525,0.0,0.0,0.0,0.7924133461099914
2023-06-20,6953,8.847072312567807,-0.8782670251844861,0.0,0.0,0.0,0.0
2023-06-21,10159,9.226213721132472,3.6238489696924554,3.6238489696924554,94.80270495178829,94.80270495178829,94.80270495178829
2023-06-22,8400,9.036106025364846,1.2347896561634875,1.2347896561634875,54.931155306354604,-39.87154964543368,-134.67425459722196
2023-06-23,7901,8.974871170971337,0.5514472759112364,0.5514472759112364,26.894260970585687,-28.036894335768917,11.834655309664765
2023-06-24,6546,8.786762208441091,-1.5299251959529792,0.0,0.0,-26.894260970585687,1.1426333651832294
2023-06-25,6787,8.822911626354117,-1.0766458192943413,0.0,0.0,0.0,26.894260970585687
2023-06-26,7124,8.871365005136852,-0.5191588832272266,0.0,0.0,0.0,0.0
2023-06-27,6784,8.82246957226897,-1.0462645464542708,0.0,0.0,0.0,0.0
2023-06-28,7460,8.917444732471514,-0.010624669460198594,0.0,0.0,0.0,0.0
2023-06-29,6387,8.762176509334903,-1.8044330194925329,0.0,0.0,0.0,0.0
2023-06-30,6355,8.757154527656606,-1.7839940135062464,0.0,0.0,0.0,0.0
2023-07-01,6894,8.838551790227402,-0.7838145802653691,0.0,0.0,0.0,0.0
2023-07-02,8697,9.070848393157585,1.8704358038906443,1.8704358038906443,73.30173911095957,73.30173911095957,73.30173911095957
2023-07-03,8813,9.084096645401932,1.930809828973938,1.930809828973938,74.66780572045026,1.3660666094906873,-71.93567250146889
2023-07-04,7836,8.966611387052865,0.5811401085265293,0.5811401085265293,28.265940615527967,-46.401865104922294,-47.76793171441298
2023-07-05,7102,8.86827250899781,-0.49416614079336035,0.0,0.0,-28.265940615527967,18.135924489394327
2023-07-06,7420,8.912069097970134,-0.03323870871428335,0.0,0.0,0.0,28.265940615527967
2023-07-07,7899,8.974618038455112,0.639874779780223,0.639874779780223,30.945030771207055,30.945030771207055,30.945030771207055
2023-07-08,7527,8.926384681265215,0.10937768529220358,0.10937768529220358,5.463438539764837,-25.481592231442217,-56.42662300264927
2023-07-09,7777,8.959054514715692,0.46052786298578696,0.46052786298578696,22.627878487845614,17.164439948080776,42.64603217952299
2023-07-10,7817,8.9641840463529,0.5068509429061829,0.5068509429061829,24.81359446728782,2.1857159794422074,-14.978723968638569
2023-07-11,7629,8.939843124278502,0.234162707003175,0.234162707003175,11.654928533404824,-13.158665933882997,-15.344381913325204
2023-07-12,7785,8.960082528170402,0.4713047759906547,0.4713047759906547,23.138506567884207,11.483578034479383,24.64224396836238
2023-07-13,8713,9.072686206677387,1.6782791067579783,1.6782791067579783,68.53530439844411,45.396797830559905,33.913219796080526
2023-07-14,19286,9.867186572809796,10.12157698618299,10.12157698618299,99.99195978794792,31.45665538950381,-13.940142441056096
2023-07-15,13154,9.484557193474393,3.5563812061760856,3.5563812061760856,94.45002197960991,-5.541937808338005,-36.998593197841814
2023-07-16,8685,9.069467813094768,0.7249341414964108,0.7249341414964108,34.73852437755846,-59.71149760205145,-54.16955979371345
2023-07-17,8364,9.031811613420924,0.505607817111943,0.505607817111943,24.755256240161668,-9.983268137396795,49.72822946465466
2023-07-18,8690,9.07004328643746,0.7287934626166364,0.7287934626166364,34.908090087449395,10.152833847287727,20.136101984684522
2023-07-19,9072,9.11305824916963,0.9668723244533606,0.9668723244533606,44.89912939294879,9.991039305499392,-0.16179454178833552
2023-07-20,9702,9.1801903950253,1.3309790739392173,1.3309790739392173,58.20050779607999,13.301378403131203,3.310339097631811
2023-07-21,8132,9.003685138166775,0.2630911362871559,0.2630911362871559,13.07920183485142,-45.12130596122857,-58.422684364359775
2023-07-22,7633,8.940367233305174,-0.11289336398139638,0.0,0.0,-13.07920183485142,32.042104126377154
2023-07-23,8803,9.082961442646353,0.7128053865214042,0.7128053865214042,34.204150216398126,34.204150216398126,47.283352051249544
2023-07-24,15850,9.670987868797893,4.093044137481977,4.093044137481977,96.71711504573875,62.512964829340625,28.3088146129425
2023-07-25,12960,9.469700127423375,2.5275956431491213,2.5275956431491213,85.21077523779968,-11.50633980793907,-74.0193046372797
2023-07-26,10231,9.23327534325868,1.2248538237113835,1.2248538237113835,54.58332081314714,-30.62745442465254,-19.12111461671347
2023-07-27,10357,9.245514446983837,1.2424398110982835,1.2424398110982835,55.197682632101454,0.6143618189543147,31.241816243606856
2023-07-28,9845,9.194820560318146,0.9559561145256186,0.9559561145256186,44.46228435868764,-10.735398273413814,-11.349760092368129
2023-07-29,10026,9.213036733523925,1.0126911597638635,1.0126911597638635,46.70929663176131,2.247012273073672,12.982410546487486
2023-07-30,10792,9.286653054825347,1.333565631711644,1.333565631711644,58.285964090369305,11.576667458607993,9.329655185534321
2023-07-31,11005,9.306195857619704,1.379230165898991,1.379230165898991,59.77346661216292,1.4875025217936155,-10.089164936814377
2023-08-01,10722,9.280146246220145,1.2110544549335296,1.2110544549335296,54.09709390376537,-5.676372708397551,-7.163875230191167
2023-08-02,10173,9.22759072538271,0.9337079574243426,0.9337079574243426,43.56538875840422,-10.531705145361151,-4.8553324369636
2023-08-03,11664,9.36434818445553,1.531539520277317,1.531539520277317,64.44629054975579,20.88090179135157,31.41260693671272
2023-08-04,14450,9.57851889529833,2.437723332015947,2.437723332015947,83.9318067799373,19.485516230181517,-1.3953855611700519
2023-08-05,9672,9.177093778182547,0.5544414458007416,0.5544414458007416,27.03308503215914,-56.89872174777817,-76.38423797795969
2023-08-06,8309,9.025214887849494,-0.12009275757929769,0.0,0.0,-27.03308503215914,29.86563671561903
2023-08-07,9907,9.20109779060925,0.6355635704917763,0.6355635704917763,30.749982462196012,30.749982462196012,57.78306749435515
2023-08-08,10266,9.236690147298965,0.7729860268552451,0.7729860268552451,36.83329541018634,6.083312947990326,-24.666669514205687
2023-08-09,9297,9.13755460225053,0.3267581622024208,0.3267581622024208,16.19407586683071,-20.63921954335563,-26.722532491345955
2023-08-10,8255,9.018695487721343,-0.20838633678339025,0.0,0.0,-16.19407586683071,4.445143676524921
2023-08-11,7644,8.941807118363164,-0.5662213357523929,0.0,0.0,0.0,16.19407586683071
2023-08-12,7313,8.897545598709327,-0.761700557297126,0.0,0.0,0.0,0.0
2023-08-13,7173,8.878218658092228,-0.8334372788565033,0.0,0.0,0.0,0.0
2023-08-14,7447,8.915700818956903,-0.6670986046523293,0.0,0.0,0.0,0.0
2023-08-15,7981,8.984944285608679,-0.3688062991393895,0.0,0.0,0.0,0.0
2023-08-16,8295,9.023528749909364,-0.21418974459782014,0.0,0.0,0.0,0.0
2023-08-17,8555,9.054388070202297,-0.0841405413187767,0.0,0.0,0.0,0.0
2023-08-18,8646,9.06496771896043,-0.050959922293176946,0.0,0.0,0.0,0.0
2023-08-19,8429,9.039552050995901,-0.18477734106860041,0.0,0.0,0.0,0.0
2023-08-20,8864,9.089866218508309,0.027750317971399437,0.027750317971399437,1.3874268638890288,1.3874268638890288,1.3874268638890288
2023-08-21,9690,9.17895289873455,0.44488214080412214,0.44488214080412214,21.88434606657754,20.49691920268851,19.10949233879948
2023-08-22,8022,8.990067695753655,-0.4276627043025387,0.0,0.0,-21.88434606657754,-42.38126526926605
2023-08-23,9134,9.119868468812108,0.16303746086642584,0.16303746086642584,8.13386368960662,8.13386368960662,30.01820975618416
2023-08-24,8825,9.085457189829492,-0.01956404851866465,0.0,0.0,-8.13386368960662,-16.26772737921324
2023-08-25,7652,8.942853006809921,-0.7102005654360393,0.0,0.0,0.0,8.13386368960662
2023-08-26,6862,8.833899942908635,-1.23375705965396,0.0,0.0,0.0,0.0
2023-08-27,6946,8.846065190692881,-1.1785870781117949,0.0,0.0,0.0,0.0
2023-08-28,6983,8.851377097519439,-1.141305707606172,0.0,0.0,0.0,0.0
2023-08-29,6986,8.85180655855245,-1.1574656609084435,0.0,0.0,0.0,0.0
2023-08-30,7849,8.968268810776454,-0.6188849639264448,0.0,0.0,0.0,0.0
2023-08-31,8898,9.093694189856862,-0.02799025776602856,0.0,0.0,0.0,0.0
2023-09-01,10307,9.240675571772256,0.6822520447483108,0.6822520447483108,32.84822899407062,32.84822899407062,32.84822899407062
2023-09-02,7756,8.956350940490871,-0.7051949338063546,0.0,0.0,-32.84822899407062,-65.69645798814123
2023-09-03,7770,8.958154135209242,-0.6952699186979029,0.0,0.0,0.0,32.84822899407062
2023-09-04,7940,8.97979449089521,-0.6021759892857851,0.0,0.0,0.0,0.0
2023-09-05,8727,9.074291527512907,-0.14938099191740023,0.0,0.0,0.0,0.0
2023-09-06,11407,9.342070142654077,1.1523509869436097,1.1523509869436097,51.98801445750153,51.98801445750153,51.98801445750153
2023-09-07,9635,9.173261363734762,0.2912120989029883,0.2912120989029883,14.458569776366193,-37.52944468113533,-89.51745913863687
2023-09-08,7766,8.957639268419648,-0.7803499229555434,0.0,0.0,-14.458569776366193,23.070874904769138
2023-09-09,6809,8.826147399143558,-1.422793438390327,0.0,0.0,0.0,14.458569776366193
2023-09-10,8006,8.988071438072634,-0.6147657909072454,0.0,0.0,0.0,0.0
2023-09-11,8496,9.047468439003541,-0.33002680518753535,0.0,0.0,0.0,0.0
2023-09-12,8966,9.101306450952048,-0.06693507748386347,0.0,0.0,0.0,0.0
2023-09-13,8759,9.077951183930438,-0.13466386173875858,0.0,0.0,0.0,0.0
2023-09-14,8596,9.059168584174444,-0.20906820272171484,0.0,0.0,0.0,0.0
2023-09-15,8743,9.076123029856374,-0.11071013429755276,0.0,0.0,0.0,0.0
2023-09-16,10863,9.293209849798478,1.1325134176208445,1.1325134176208445,51.26048861934876,51.26048861934876,51.26048861934876
2023-09-17,9161,9.122819774446688,0.13056153128091832,0.13056153128091832,6.518819041111254,-44.741669578237506,-96.00215819758627
2023-09-18,9481,9.157150543462064,0.32487209066492595,0.32487209066492595,16.10223138438843,9.583412343277175,54.32508192151468
2023-09-19,9379,9.14633504200027,0.2657764739440866,0.2657764739440866,13.211148623762778,-2.8910827606256504,-12.474495103902825
2023-09-20,8761,9.078179468373843,-0.13598885989089252,0.0,0.0,-13.211148623762778,-10.320065863137128
2023-09-21,8569,9.056023011591826,-0.2774518875048739,0.0,0.0,0.0,13.211148623762778
2023-09-22,7811,8.96341629199657,-0.8064695887679317,0.0,0.0,0.0,0.0
2023-09-23,7358,8.903679332926599,-1.189800763859847,0.0,0.0,0.0,0.0
2023-09-24,7681,8.94663520890585,-0.8935734137360525,0.0,0.0,0.0,0.0
2023-09-25,7806,8.962776046120291,-0.7576834466264679,0.0,0.0,0.0,0.0
2023-09-26,8434,9.040144994980068,-0.21861086083603748,0.0,0.0,0.0,0.0
2023-09-27,9238,9.131188933670746,0.4035642584162974,0.4035642584162974,19.908741895474435,19.908741895474435,19.908741895474435
2023-09-28,7696,8.948585921534317,-0.8082142029872463,0.0,0.0,-19.908741895474435,-39.81748379094887
2023-09-29,7943,8.980172205725008,-0.5663397533164292,0.0,0.0,0.0,19.908741895474435
2023-09-30,8088,8.998260393017953,-0.4154260904228465,0.0,0.0,0.0,0.0
2023-10-01,9510,9.160204302482386,0.7552557380073759,0.7552557380073759,36.0645636213267,36.0645636213267,36.0645636213267
2023-10-02,10981,9.304012847838818,1.7950827957783517,1.7950827957783517,71.5098624582268,35.44529883690011,-0.6192647844265906
2023-10-03,9366,9.14494815320913,0.6778218860155518,0.6778218860155518,32.65047833719195,-38.85938412103486,-74.30468295793497
2023-10-04,8560,9.054972284742485,0.09047844185665384,0.09047844185665384,4.520838416998328,-28.129639920193622,10.729744200841235
2023-10-05,8805,9.0831885863157,0.34562396068838525,0.34562396068838525,17.11120001898777,12.590361601989443,40.72000152218307
2023-10-06,10295,9.239510749275963,1.6496492389458526,1.6496492389458526,67.76872768596519,50.657527666977415,38.06716606498797
2023-10-07,8540,9.052633375946147,0.07472420071749185,0.07472420071749185,3.734472514462343,-64.03425517150285,-114.69178283848026
2023-10-08,7067,8.863332833439587,-1.5101500991512844,0.0,0.0,-3.734472514462343,60.29978265704051
2023-10-09,7580,8.933400396056303,-0.8633233114715527,0.0,0.0,0.0,3.734472514462343
2023-10-10,7910,8.976009475021396,-0.4899489075530528,0.0,0.0,0.0,0.0
2023-10-11,7816,8.96405612822033,-0.596510079595968,0.0,0.0,0.0,0.0
2023-10-12,7679,8.946374826141717,-0.7604728044212247,0.0,0.0,0.0,0.0
2023-10-13,7381,8.906799883589944,-1.1163826114701596,0.0,0.0,0.0,0.0
2023-10-14,8132,9.003685138166775,-0.2866327665385168,0.0,0.0,0.0,0.0
2023-10-15,8170,9.008346579384707,-0.2497616336225854,0.0,0.0,0.0,0.0
2023-10-16,8939,9.09829086816756,0.5206497704927263,0.5206497704927263,25.459938365870528,25.459938365870528,25.459938365870528
2023-10-17,8850,9.088285725968877,0.4280571034419236,0.4280571034419236,21.081925473148512,-4.378012892722015,-29.837951258592543
2023-10-18,9658,9.175645402179295,1.1679753739361944,1.1679753739361944,52.555772019382694,31.47384654623418,35.8518594389562
2023-10-19,9845,9.194820560318146,1.297237808021678,1.297237808021678,57.07394872612033,4.518176706737634,-26.955669839496547
2023-10-20,8945,9.098961783992793,0.46965829948376886,0.46965829948376886,23.06057545472173,-34.0133732713986,-38.53154997813623
2023-10-21,7017,8.85623355614316,-1.5512350058444782,0.0,0.0,-23.06057545472173,10.95279781667687
2023-10-22,8200,9.012011377036412,-0.22149955526757695,0.0,0.0,0.0,23.06057545472173
2023-10-23,9282,9.135940049399933,0.8169929011848921,0.8169929011848921,38.719528784133885,38.719528784133885,38.719528784133885
2023-10-24,8472,9.044639916198465,0.0551081469306464,0.0551081469306464,2.7547102317203134,-35.964818552413576,-74.68434733654746
2023-10-25,7916,8.976767625171433,-0.520254799269269,0.0,0.0,-2.7547102317203134,33.210108320693266
2023-10-26,7845,8.967759126769497,-0.6287879392504535,0.0,0.0,0.0,2.7547102317203134
2023-10-27,7225,8.885440911707585,-1.3708279525061724,0.0,0.0,0.0,0.0
2023-10-28,6777,8.821437352166997,-1.9437070282404456,0.0,0.0,0.0,0.0
2023-10-29,6807,8.82585367025321,-1.885604708340359,0.0,0.0,0.0,0.0
2023-10-30,7323,8.898911905794401,-1.2027230150550732,0.0,0.0,0.0,0.0
2023-10-31,7061,8.862483576488332,-1.4671718428266856,0.0,0.0,0.0,0.0
2023-11-01,7916,8.976767625171433,-0.4653588797060525,0.0,0.0,0.0,0.0
2023-11-02,7336,8.900685318713995,-1.1088420980100493,0.0,0.0,0.0,0.0
2023-11-03,7276,8.892473968347087,-1.16166109214469,0.0,0.0,0.0,0.0
2023-11-04,6761,8.819073983267831,-1.7455188943942004,0.0,0.0,0.0,0.0
2023-11-05,6819,8.827614750837508,-1.6016150327136274,0.0,0.0,0.0,0.0
2023-11-06,7499,8.922658299524402,-0.7936097942184597,0.0,0.0,0.0,0.0
2023-11-07,7345,8.901911226379612,-0.9418395408653735,0.0,0.0,0.0,0.0
2023-11-08,7756,8.956350940490871,-0.47024805224479826,0.0,0.0,0.0,0.0
2023-11-09,7716,8.951180966457603,-0.5425348910265491,0.0,0.0,0.0,0.0
2023-11-10,6900,8.839421607620602,-1.4940150298564554,0.0,0.0,0.0,0.0
2023-11-11,6644,8.801619971147346,-1.757347899614105,0.0,0.0,0.0,0.0
2023-11-12,6749,8.817297783866575,-1.5520564124951624,0.0,0.0,0.0,0.0
2023-11-13,7405,8.910045761473558,-0.7381731432742731,0.0,0.0,0.0,0.0
2023-11-14,7499,8.922658299524402,-0.6140058287552296,0.0,0.0,0.0,0.0
2023-11-15,7119,8.87066300440602,-1.0149170612603915,0.0,0.0,0.0,0.0
2023-11-16,7029,8.857941984804711,-1.1086845890137813,0.0,0.0,0.0,0.0
2023-11-17,7311,8.897272113133987,-0.7390814617251911,0.0,0.0,0.0,0.0
2023-11-18,7966,8.983063289380366,0.025494224264212474,0.025494224264212474,1.2746421755705295,1.2746421755705295,1.2746421755705295
2023-11-19,7973,8.983941527941301,0.05748136360380777,0.05748136360380777,2.873277089136194,1.5986349135656643,0.32399273799513484
2023-11-20,8573,9.056489647157923,0.7114232542295607,0.7114232542295607,34.143114132172364,31.26983704303617,29.671202129470505
2023-11-21,8007,8.988196320995057,0.10916154916470876,0.10916154916470876,5.452663927226215,-28.69045020494615,-59.96028724798232
2023-11-22,8385,9.034318927730707,0.5121972580201563,0.5121972580201563,25.06428432376285,19.611620396536633,48.30207060148278
2023-11-23,7491,8.921591063563978,-0.5016742380002602,0.0,0.0,-25.06428432376285,-44.675904720299485
2023-11-24,8520,9.050288983827956,0.6374775684304198,0.6374775684304198,30.83660782777163,30.83660782777163,55.90089215153448
2023-11-25,6913,8.84130362048157,-1.2141375182640892,0.0,0.0,-30.83660782777163,-61.67321565554326
2023-11-26,7035,8.85879510585745,-1.0214694701649436,0.0,0.0,0.0,30.83660782777163
2023-11-27,9010,9.106201332235038,1.1805684763219828,1.1805684763219828,53.01000038476909,53.01000038476909,53.01000038476909
2023-11-28,8135,9.004053937728395,0.2587721792529543,0.2587721792529543,12.86688847001091,-40.14311191475818,-93.15311229952727
2023-11-29,7934,8.97903863296051,0.03832024258011478,0.03832024258011478,1.9157777008675467,-10.951110769143362,29.192001145614817
2023-11-30,10801,9.287486581152837,2.71603039230771,2.71603039230771,87.593192006735,85.67741430586744,96.6285250750108
2023-12-01,13601,9.517972119735584,4.5178372362684724,4.5178372362684724,97.84103995848533,10.24784795175033,-75.42956635411711
2023-12-02,12502,9.433723894495,3.4291807112029353,3.4291807112029353,93.72083252576367,-4.1202074327216565,-14.368055384471987
2023-12-03,9306,9.13852208418571,1.0733280483887055,1.0733280483887055,49.04586064802391,-44.67497187773976,-40.5547644450181
2023-12-04,8653,9.06577692078483,0.5514658542445974,0.5514658542445974,26.895122696440033,-22.150737951583878,22.52423392615588
2023-12-05,8817,9.084550365917883,0.6844192043487609,0.6844192043487609,32.94486064885036,6.049737952410325,28.200475903994203
2023-12-06,8577,9.056956065076825,0.5227516179761754,0.5227516179761754,25.558192238000572,-7.386668410849786,-13.436406363260112
2023-12-07,8062,8.995040974685022,0.08268794803621513,0.08268794803621513,4.132043336182148,-21.426148901818422,-14.039480490968636
2023-12-08,8176,9.009080614161977,0.16779559741105846,0.16779559741105846,8.370150361824527,4.238107025642378,25.6642559274608
2023-12-09,7347,8.902183446335016,-0.6052219253315589,0.0,0.0,-8.370150361824527,-12.608257387466905
2023-12-10,7724,8.952217101765946,-0.23803896265012228,0.0,0.0,0.0,8.370150361824527
2023-12-11,8264,9.019785010255125,0.2448658807849723,0.2448658807849723,12.182483683286833,12.182483683286833,12.182483683286833
2023-12-12,7732,8.953252164609035,-0.23795366038081442,0.0,0.0,-12.182483683286833,-24.364967366573666
2023-12-13,9778,9.187992508312275,1.4326738119290303,1.4326738119290303,61.46351695951292,61.46351695951292,73.64600064279975
2023-12-14,9283,9.136047767394327,1.022430586217448,1.022430586217448,47.089155544365944,-14.374361415146979,-75.83787837465991
2023-12-15,7835,8.966483779064431,-0.1819992389685518,0.0,0.0,-47.089155544365944,-32.714794129218966
2023-12-16,6788,8.823058934301647,-1.170766311000908,0.0,0.0,0.0,47.089155544365944
2023-12-17,7141,8.873748128154395,-0.7796878459472069,0.0,0.0,0.0,0.0
2023-12-18,9388,9.147294070258548,1.1672270813237968,1.1672270813237968,52.52868639347392,52.52868639347392,52.52868639347392
2023-12-19,9069,9.112727543109182,0.9373187335954862,0.9373187335954862,43.71154721242628,-8.817139181047636,-61.345825574521555
2023-12-20,8476,9.045111892608405,0.45689506394620194,0.45689506394620194,22.45546820756096,-21.256079004865324,-12.438939823817687
2023-12-21,7557,8.930361883909434,-0.37747273460548936,0.0,0.0,-22.45546820756096,-1.1993892026956345
2023-12-22,7131,8.872346978983032,-0.7788867435598792,0.0,0.0,0.0,22.45546820756096
2023-12-23,7268,8.891374009484636,-0.6161706003628267,0.0,0.0,0.0,0.0
2023-12-24,6158,8.725669705687043,-1.777358415825812,0.0,0.0,0.0,0.0
2023-12-25,6081,8.71308886823731,-1.7906276125993943,0.0,0.0,0.0,0.0
2023-12-26,6499,8.779557455883728,-1.2663877490553648,0.0,0.0,0.0,0.0
2023-12-27,7316,8.89795568688403,-0.4488589176454902,0.0,0.0,0.0,0.0
2023-12-28,7792,8.96098117384356,-0.03597587633051245,0.0,0.0,0.0,0.0
2023-12-29,10392,9.248887781588422,1.9015690141236599,1.9015690141236599,74.013800804729,74.013800804729,74.013800804729
2023-12-30,10129,9.22325659724273,1.6428223151388135,1.6428223151388135,67.58372091226347,-6.430079892465528,-80.44388069719453
2023-12-31,7762,8.95712413640568,-0.1512022675401872,0.0,0.0,-67.58372091226347,-61.153641019797945
2024-01-01,6345,8.75557997214314,-1.4567336766783896,0.0,0.0,0.0,67.58372091226347
2024-01-02,8147,9.005527777346696,0.17794406255563286,0.17794406255563286,8.873800407967424,8.873800407967424,8.873800407967424
2024-01-03,9462,9.155144736508232,1.1244701709622078,1.1244701709622078,50.9633891068504,42.08958869888298,33.215788290915555
2024-01-04,7843,8.967504187316237,-0.11296649016787588,0.0,0.0,-50.9633891068504,-93.05297780573338
2024-01-05,7516,8.924922401177469,-0.4037753127232426,0.0,0.0,0.0,50.9633891068504
2024-01-06,6929,8.84361509218395,-0.9287852715302692,0.0,0.0,0.0,0.0
2024-01-07,7239,8.887376485379763,-0.6371068524828922,0.0,0.0,0.0,0.0
2024-01-08,7414,8.911260254572033,-0.4748395745694339,0.0,0.0,0.0,0.0
2024-01-09,8563,9.055322649709574,0.4512782108255054,0.4512782108255054,22.188619402374886,22.188619402374886,22.188619402374886
2024-01-10,9329,9.140990293841389,0.9818120762299954,0.9818120762299954,45.493524773133096,23.30490537075821,1.1162859683833233
2024-01-11,8382,9.033961124637857,0.2582494463800186,0.2582494463800186,12.841183672461984,-32.65234110067111,-55.957246471429315
2024-01-12,8237,9.016512874996026,0.1234884563696503,0.1234884563696503,6.166588412241883,-6.674595260220101,25.977745840451007
2024-01-13,7557,8.930361883909434,-0.4521809846872944,0.0,0.0,-6.166588412241883,0.5080068479782174
2024-01-14,8823,9.085230560933338,0.5617632227711866,0.5617632227711866,27.372083553731507,27.372083553731507,33.53867196597339
2024-01-15,8491,9.046879822823147,0.2880377874461417,0.2880377874461417,14.303136618094229,-13.068946935637278,-40.441030489368785
2024-01-16,10826,9.289798293310898,1.878844220088338,1.878844220088338,73.49566295656017,59.19252633846594,72.26147327410322
2024-01-17,10922,9.298625936843543,1.8491489571539728,1.8491489571539728,72.80542996913543,-0.6902329874247357,-59.882759325890675
2024-01-18,10268,9.236884927198295,1.3775704337764232,1.3775704337764232,59.72010356131941,-13.08532640781602,-12.395093420391284
2024-01-19,9605,9.17014318222477,0.9169562709674143,0.9169562709674143,42.884303843511454,-16.83579971780796,-3.750473309991939
2024-01-20,8640,9.0642735958414,0.2471337354937504,0.2471337354937504,12.294178046767858,-30.590125796743596,-13.754326078935637
2024-01-21,9236,9.13097243659261,0.6501046483073676,0.6501046483073676,31.406808908581922,19.112630861814065,49.70275665855766
2024-01-22,10284,9.238441802087058,1.2975449328145439,1.2975449328145439,57.08430186208548,25.67749295350356,6.564862091689495
2024-01-23,9864,9.196748418456716,0.9991154338129724,0.9991154338129724,46.17692536396315,-10.907376498122332,-36.58486945162589
2024-01-24,10559,9.264828557260252,1.3865475219061063,1.3865475219061063,60.00810052989468,13.831175165931533,24.738551664053865
2024-01-25,10951,9.301277366968284,1.5576725106222922,1.5576725106222922,65.20382393644249,5.195723406547806,-8.635451759383727
2024-01-26,9233,9.130647603066935,0.4845465892754485,0.4845465892754485,23.76418186407226,-41.43964207237023,-46.63536547891804
2024-01-27,7886,8.97297111339799,-0.45528871456886866,0.0,0.0,-23.76418186407226,17.675460208297974
2024-01-28,7909,8.9758830607617,-0.4344162513400235,0.0,0.0,0.0,23.76418186407226
2024-01-29,8784,9.080801000621198,0.1885960340235169,0.1885960340235169,9.401950462660338,9.401950462660338,9.401950462660338
2024-01-30,10158,9.226115291091546,1.0899758489000244,1.0899758489000244,49.675434754036765,40.27348429137643,30.87153382871609
2024-01-31,15389,9.641473226832925,3.863346778303118,3.863346778303118,95.88684492402676,46.211410169989996,5.937925878613569
2024-02-01,10850,9.292012520620208,1.4899680843165537,1.4899680843165537,63.21469643256099,-32.67214849146577,-78.88355866145577
2024-02-02,9372,9.145588494746486,0.5850373819415696,0.5850373819415696,28.445136464234448,-34.76955996832655,-2.0974114768607777
2024-02-03,7879,8.972083182851925,-0.4484247227541287,0.0,0.0,-28.445136464234448,6.324423504092099
2024-02-04,8105,9.000359807188254,-0.2701403661038014,0.0,0.0,0.0,28.445136464234448
2024-02-05,8344,9.029417836095936,-0.09324486107953396,0.0,0.0,0.0,0.0
2024-02-06,7929,8.978408314628894,-0.3973924267333318,0.0,0.0,0.0,0.0
2024-02-07,7997,8.986946789406764,-0.3437218630202649,0.0,0.0,0.0,0.0
2024-02-08,7874,8.971448463693834,-0.4455796851468222,0.0,0.0,0.0,0.0
2024-02-09,6904,8.840001065843392,-1.226786623478607,0.0,0.0,0.0,0.0
2024-02-10,6321,8.751790892775563,-1.7106728837225247,0.0,0.0,0.0,0.0
2024-02-11,6690,8.808518618782816,-1.3297565238430995,0.0,0.0,0.0,0.0
2024-02-12,7393,8.908424139496578,-0.7154141946098571,0.0,0.0,0.0,0.0
2024-02-13,7623,8.939056445334039,-0.5191899298480411,0.0,0.0,0.0,0.0
2024-02-14,7024,8.857230494201946,-0.9796966504600757,0.0,0.0,0.0,0.0
2024-02-15,7538,8.927844826211702,-0.5848335183298299,0.0,0.0,0.0,0.0
2024-02-16,6901,8.839566503657949,-1.0962496302625409,0.0,0.0,0.0,0.0
2024-02-17,6055,8.708804795117285,-1.8026348038963333,0.0,0.0,0.0,0.0
2024-02-18,6627,8.799058378546453,-1.2223432547177788,0.0,0.0,0.0,0.0
2024-02-19,7384,8.90720619496548,-0.5933381377920524,0.0,0.0,0.0,0.0
2024-02-20,7472,8.91905180393029,-0.5257995514381866,0.0,0.0,0.0,0.0
2024-02-21,7251,8.889032571874742,-0.6961375702699056,0.0,0.0,0.0,0.0
2024-02-22,7548,8.929170383139624,-0.4758073273496608,0.0,0.0,0.0,0.0
2024-02-23,7502,8.923058219545728,-0.5386283223247792,0.0,0.0,0.0,0.0
2024-02-24,6883,8.83695515733143,-1.0640851962771918,0.0,0.0,0.0,0.0
2024-02-25,7291,8.894533135798554,-0.7451297137860046,0.0,0.0,0.0,0.0
2024-02-26,8231,9.015784277513886,-0.045983452180950055,0.0,0.0,0.0,0.0
2024-02-27,9461,9.155039056191093,0.7519545708680597,0.7519545708680597,35.92088822893644,35.92088822893644,35.92088822893644
2024-02-28,8583,9.057655284310535,0.20114687957707755,0.20114687957707755,10.023570552047346,-25.897317676889095,-61.818205905825536
2024-02-29,7656,8.943375541113124,-0.4534304493819508,0.0,0.0,-10.023570552047346,15.87374712484175
2024-03-01,7325,8.89918494333876,-0.711975812703907,0.0,0.0,0.0,10.023570552047346
2024-03-02,7146,8.874447967219979,-0.8863131715513178,0.0,0.0,0.0,0.0
2024-03-03,7381,8.906799883589944,-0.6752226001599065,0.0,0.0,0.0,0.0
2024-03-04,8576,9.056839480990421,0.24218658751823005,0.24218658751823005,12.050485765093066,12.050485765093066,12.050485765093066
2024-03-05,8875,9.091106284052485,0.43760931618815574,0.43760931618815574,21.53784629001793,9.487360524924865,-2.563125240168201
2024-03-06,8884,9.092119740588751,0.4276149021582748,0.4276149021582748,21.060797100924532,-0.47704918909339966,-9.964409714018265
2024-03-07,8169,9.008224187854049,-0.09849125828704589,0.0,0.0,-21.060797100924532,-20.583747911831132
2024-03-08,7483,8.92052268739398,-0.6419566615309715,0.0,0.0,0.0,21.060797100924532
2024-03-09,6922,8.842604480678025,-1.1151043791556892,0.0,0.0,0.0,0.0
2024-03-10,7410,8.910720661951359,-0.6744414221338956,0.0,0.0,0.0,0.0
2024-03-11,7601,8.936166649549195,-0.4991993244860311,0.0,0.0,0.0,0.0
2024-03-12,7556,8.93022956502072,-0.5239919626196375,0.0,0.0,0.0,0.0
2024-03-13,7470,8.918784137975802,-0.5825747480790272,0.0,0.0,0.0,0.0
2024-03-14,8475,9.04499391938819,0.17236760103760407,0.17236760103760407,8.597105162329118,8.597105162329118,8.597105162329118
2024-03-15,7691,8.94793610670867,-0.4035056931840491,0.0,0.0,-8.597105162329118,-17.194210324658236
2024-03-16,7079,8.865029186687766,-0.8882463678737581,0.0,0.0,0.0,8.597105162329118
2024-03-17,6997,8.853379672927634,-0.9317309604406097,0.0,0.0,0.0,0.0
2024-03-18,8220,9.014447135152134,0.09397081586544995,0.09397081586544995,4.695086299456448,4.695086299456448,4.695086299456448
2024-03-19,7807,8.962904128092928,-0.2066685715553247,0.0,0.0,-4.695086299456448,-9.390172598912896
2024-03-20,7518,8.925188429378027,-0.4276713815416767,0.0,0.0,0.0,4.695086299456448
2024-03-21,7616,8.938137870372788,-0.33026262039899207,0.0,0.0,0.0,0.0
2024-03-22,7110,8.869398159883518,-0.7536642736013757,0.0,0.0,0.0,0.0
2024-03-23,6399,8.764053269347762,-1.4175406729375721,0.0,0.0,0.0,0.0
2024-03-24,6483,8.777092882855566,-1.286323667671144,0.0,0.0,0.0,0.0
2024-03-25,6878,8.836228571526014,-0.8612169779622618,0.0,0.0,0.0,0.0
2024-03-26,7379,8.906528917594517,-0.35331194666706534,0.0,0.0,0.0,0.0
2024-03-27,7269,8.891511570527564,-0.43680994258273786,0.0,0.0,0.0,0.0
2024-03-28,6801,8.82497196556714,-0.8939071314880238,0.0,0.0,0.0,0.0
2024-03-29,6524,8.783396232190894,-1.1608110841550314,0.0,0.0,0.0,0.0
2024-03-30,6294,8.747510946478448,-1.3715215883517684,0.0,0.0,0.0,0.0
2024-03-31,6523,8.783242963740905,-1.0874562436462485,0.0,0.0,0.0,0.0
2024-04-01,7051,8.861066543517762,-0.5676084425913626,0.0,0.0,0.0,0.0
2024-04-02,8233,9.01602720232985,1.0375047678396832,1.0375047678396832,47.67365249861199,47.67365249861199,47.67365249861199
2024-04-03,8887,9.092457331319466,1.9234784964374125,1.9234784964374125,74.50516586773023,26.831513369118234,-20.84213912949376
2024-04-04,8080,8.997270906233448,0.8572556849171252,0.8572556849171252,40.41739391418609,-34.087771953544134,-60.91928532266237
2024-04-05,7844,8.967631665167133,0.5485277838443676,0.5485277838443676,26.758791641488394,-13.6586022726977,20.429169680846435
2024-04-06,6997,8.853379672927634,-0.6406109137054222,0.0,0.0,-26.758791641488394,-13.100189368790694
2024-04-07,7005,8.854522203757432,-0.6069793446487524,0.0,0.0,0.0,26.758791641488394
2024-04-08,7256,8.889721799278137,-0.2126034702164267,0.0,0.0,0.0,0.0
2024-04-09,7557,8.930361883909434,0.23267879881542336,0.23267879881542336,11.58173465891205,11.58173465891205,11.58173465891205
2024-04-10,7418,8.911799556189527,0.019668130918608615,0.019668130918608615,0.9833748457868019,-10.598359813125247,-22.180094472037297
2024-04-11,7963,8.982686665184087,0.7660909445369588,0.7660909445369588,36.534936109913225,35.55156126412642,46.14992107725167
2024-04-12,7608,8.937087036176523,0.23731634848052305,0.23731634848052305,11.810439987256984,-24.72449612265624,-60.27605738678266
2024-04-13,6906,8.840290669088972,-0.8329397016674787,0.0,0.0,-11.810439987256984,12.914056135399257
2024-04-14,6857,8.833171133022866,-0.88857556839567,0.0,0.0,0.0,11.810439987256984
2024-04-15,11700,9.367429587218957,4.946669835830173,4.946669835830173,98.58862327388928,98.58862327388928,98.58862327388928
2024-04-16,13101,9.480520169291822,5.141366072933282,5.141366072933282,98.8368653517472,0.24824207785792396,-98.34038119603136
2024-04-17,12792,9.456653425317034,4.035711732785395,4.035711732785395,96.5267634246515,-2.310101927095701,-2.558344004953625
2024-04-18,10712,9.279213236262558,2.3344256321241668,2.3344256321241668,82.33766126321122,-14.189102161440289,-11.879000234344588
2024-04-19,8844,9.087607606593886,0.9104633333767337,0.9104633333767337,42.618993146912324,-39.71866811629889,-25.529565954858604
2024-04-20,8935,9.097843340749037,0.9534215222083644,0.9534215222083644,44.36055058445622,1.7415574375438965,41.46022555384279
2024-04-21,9121,9.118444357271645,1.0639769980247562,1.0639769980247562,48.68996419078427,4.329413606328053,2.587856168784157
2024-04-22,11528,9.352620879232953,2.5763814502859015,2.5763814502859015,85.86519490685015,37.175230716065876,32.84581710973782
2024-04-23,12118,9.402529747968487,2.7144428938202347,2.7144428938202347,87.57470517770788,1.7095102708577343,-35.46572044520814
2024-04-24,11705,9.367856809851165,2.3113767085379346,2.3113767085379346,81.96297608225456,-5.611729095453327,-7.321239366311062
2024-04-25,8680,9.068892008391808,0.4721100822649029,0.4721100822649029,23.17661256269236,-58.7863635195622,-53.17463442410887
2024-04-26,8407,9.036938912556787,0.2733941858646402,0.2733941858646402,13.585196426781323,-9.591416135911036,49.19494738365117
2024-04-27,7688,8.94754601503218,-0.23878856718261346,0.0,0.0,-13.585196426781323,-3.993780290870287
2024-04-28,8870,9.090542808520587,0.601241253980534,0.601241253980534,29.188046841063013,29.188046841063013,42.773243267844336
2024-04-29,9240,9.13140538388804,0.8316142746336687,0.8316142746336687,39.3392302950245,10.151183453961487,-19.036863387101526
2024-04-30,9400,9.148571345578551,0.9074509448185858,0.9074509448185858,42.49565282727215,3.156422532247653,-6.994760921713834
2024-05-01,8205,9.012620873002131,0.10710703950550467,0.10710703950550467,5.3502381618658665,-37.145414665406285,-40.30183719765394
2024-05-02,8953,9.09985563880091,0.5921546507044844,0.5921546507044844,28.7718739518606,23.42163578999473,60.56705045540102
2024-05-03,8284,9.022201929860664,0.13061752156601947,0.13061752156601947,6.521606653742021,-22.25026729811858,-45.67190308811331
2024-05-04,7404,8.909910726701899,-0.5068412726563455,0.0,0.0,-6.521606653742021,15.728660644376559
2024-05-05,7172,8.878079256126435,-0.6714925792830956,0.0,0.0,0.0,6.521606653742021
2024-05-06,7661,8.944028325260595,-0.27434022785548196,0.0,0.0,0.0,0.0
2024-05-07,7422,8.912338567117548,-0.4487200727870171,0.0,0.0,0.0,0.0
2024-05-08,7571,8.932212512329214,-0.3345507095870386,0.0,0.0,0.0,0.0
2024-05-09,7292,8.894670262984233,-0.5598614919527283,0.0,0.0,0.0,0.0
2024-05-10,6063,8.710124927322207,-1.614024272232891,0.0,0.0,0.0,0.0
2024-05-11,5529,8.61794309451638,-2.0769078853292804,0.0,0.0,0.0,0.0
2024-05-12,5486,8.610136937058975,-2.021503777212268,0.0,0.0,0.0,0.0
2024-05-13,6185,8.730043953245016,-1.3013422188721682,0.0,0.0,0.0,0.0
2024-05-14,6133,8.721602344674197,-1.3013884239968985,0.0,0.0,0.0,0.0
2024-05-15,6034,8.705331133531631,-1.347388653606134,0.0,0.0,0.0,0.0
2024-05-16,6214,8.734721003944811,-1.168632020643502,0.0,0.0,0.0,0.0
2024-05-17,6135,8.721928343047091,-1.2126077249095355,0.0,0.0,0.0,0.0
2024-05-18,5227,8.561784074744113,-1.9664577533614929,0.0,0.0,0.0,0.0
2024-05-19,5471,8.607399459302387,-1.6553713496332854,0.0,0.0,0.0,0.0
2024-05-20,6429,8.768729817231666,-0.8379784471172824,0.0,0.0,0.0,0.0
2024-05-21,6756,8.818334283552174,-0.5888176955893899,0.0,0.0,0.0,0.0
2024-05-22,5936,8.688959234270676,-1.1854819540592352,0.0,0.0,0.0,0.0
2024-05-23,6090,8.714567550836485,-1.0542831472370893,0.0,0.0,0.0,0.0
2024-05-24,5523,8.616857514529183,-1.4946022704817785,0.0,0.0,0.0,0.0
2024-05-25,5040,8.525359754082631,-1.867837401034643,0.0,0.0,0.0,0.0
2024-05-26,5534,8.618846845142738,-1.3764695776593343,0.0,0.0,0.0,0.0
2024-05-27,6338,8.754476306284166,-0.7478593169010083,0.0,0.0,0.0,0.0
2024-05-28,6257,8.741615924228828,-0.7960752642489648,0.0,0.0,0.0,0.0
2024-05-29,6220,8.73568594451502,-0.8169343880500345,0.0,0.0,0.0,0.0
2024-05-30,6081,8.71308886823731,-0.9129076848869586,0.0,0.0,0.0,0.0
2024-05-31,5387,8.591929537530255,-1.4244658418100855,0.0,0.0,0.0,0.0
2024-06-01,5155,8.547916364059079,-1.5686402579177794,0.0,0.0,0.0,0.0
2024-06-02,5257,8.567506005289827,-1.4262513631231517,0.0,0.0,0.0,0.0
2024-06-03,5848,8.674025985443025,-0.9372956758209202,0.0,0.0,0.0,0.0
2024-06-04,5654,8.640295388550221,-1.0472716265994622,0.0,0.0,0.0,0.0
2024-06-05,5623,8.6347984334905,-1.0388037548542948,0.0,0.0,0.0,0.0
2024-06-06,5744,8.656085190282855,-0.9298935993435227,0.0,0.0,0.0,0.0
2024-06-07,6230,8.737292112544221,-0.587222230553718,0.0,0.0,0.0,0.0
2024-06-08,5592,8.629271094821588,-1.0038938610912784,0.0,0.0,0.0,0.0
2024-06-09,5718,8.651549243915316,-0.8885247781184077,0.0,0.0,0.0,0.0
2024-06-10,6245,8.739696537843024,-0.5213115417966969,0.0,0.0,0.0,0.0
2024-06-11,6365,8.758726607842037,-0.430808798303032,0.0,0.0,0.0,0.0
2024-06-12,7495,8.922124823918258,0.21905967082520997,0.21905967082520997,10.909392514530778,10.909392514530778,10.909392514530778
2024-06-13,8207,9.012864567410551,0.5677913245499923,0.5677913245499923,27.650675755750516,16.74128324121974,5.831890726688963
2024-06-14,9389,9.147400572202308,1.0784394194347657,1.0784394194347657,49.23970887323894,21.589033117488423,4.847749876268683
2024-06-15,6570,8.790421306897867,-0.30369848171389213,0.0,0.0,-49.23970887323894,-70.82874199072737
2024-06-16,6063,8.710124927322207,-0.6094434826572174,0.0,0.0,0.0,49.23970887323894
2024-06-17,6162,8.726318950962243,-0.516952712529973,0.0,0.0,0.0,0.0
2024-06-18,6160,8.725994381014571,-0.4926985819523048,0.0,0.0,0.0,0.0
2024-06-19,6174,8.728264161496178,-0.45921785231618617,0.0,0.0,0.0,0.0
2024-06-20,5753,8.657650544111494,-0.7665959416300259,0.0,0.0,0.0,0.0
2024-06-21,5367,8.588210678651517,-1.068791516605714,0.0,0.0,0.0,0.0
2024-06-22,5126,8.5422759717837,-1.2888771969252455,0.0,0.0,0.0,0.0
2024-06-23,5858,8.675734219544788,-0.5920399568867326,0.0,0.0,0.0,0.0
2024-06-24,6384,8.76170676846664,-0.07788325158077959,0.0,0.0,0.0,0.0
2024-06-25,5950,8.691314551644853,-0.4705263000623369,0.0,0.0,0.0,0.0
2024-06-26,6006,8.700680734850161,-0.3879894049962171,0.0,0.0,0.0,0.0
2024-06-27,5768,8.660254034256889,-0.6158413707185797,0.0,0.0,0.0,0.0
2024-06-28,4910,8.499232866039245,-1.6194414385494251,0.0,0.0,0.0,0.0
2024-06-29,4656,8.446126742982377,-1.9497286061276444,0.0,0.0,0.0,0.0
2024-06-30,4788,8.47407690034261,-1.7443360783779833,0.0,0.0,0.0,0.0
2024-07-01,5286,8.57300625623545,-1.0181527572045201,0.0,0.0,0.0,0.0
2024-07-02,5852,8.67470962929122,-0.2756376447502652,0.0,0.0,0.0,0.0
2024-07-03,7399,8.909235279192261,1.525186395625964,1.525186395625964,64.26018689316358,64.26018689316358,64.26018689316358
2024-07-04,6472,8.77539495854551,0.5154337854139308,0.5154337854139308,25.21588284234257,-39.04430405082101,-103.30449094398459
2024-07-05,5736,8.654691704601872,-0.3872022122152367,0.0,0.0,-25.21588284234257,13.828421208478442
2024-07-06,4984,8.514188682395938,-1.4645462632953612,0.0,0.0,0.0,25.21588284234257
2024-07-07,5133,8.543640361431086,-1.1889283363930734,0.0,0.0,0.0,0.0
2024-07-08,5249,8.565983355585669,-0.9802108797934922,0.0,0.0,0.0,0.0
2024-07-09,5551,8.62191350218664,-0.49288065320462343,0.0,0.0,0.0,0.0
2024-07-10,7099,8.867850063029406,1.5351909947555304,1.5351909947555304,64.55290991512727,64.55290991512727,64.55290991512727
2024-07-11,5976,8.695674048824253,0.08869523124503931,0.08869523124503931,4.4318565494263735,-60.1210533657009,-124.67396328082818
2024-07-12,5742,8.655737000864297,-0.24532403240497846,0.0,0.0,-4.4318565494263735,55.68919681627453
2024-07-13,5573,8.625868208041894,-0.47700462940082494,0.0,0.0,0.0,4.4318565494263735
2024-07-14,5115,8.540128162698734,-1.15620718338418,0.0,0.0,0.0,0.0
2024-07-15,5287,8.573195381531523,-0.8576266139329592,0.0,0.0,0.0,0.0
2024-07-16,6343,8.755264763314685,0.6163035140568945,0.6163035140568945,29.875474885370068,29.875474885370068,29.875474885370068
2024-07-17,6902,8.839711378703475,1.2810671765550568,1.2810671765550568,56.52627574525893,26.65080085988886,-3.2246740254812067
2024-07-18,5904,8.683554728631462,0.004380571709530814,0.004380571709530814,0.21902823522479611,-56.30724751003413,-82.95804836992299
2024-07-19,6251,8.740656691541368,0.44644540241668795,0.44644540241668795,21.958752982159528,21.73972474693473,78.04697225696886
2024-07-20,6358,8.757626411267408,0.585742107665553,0.585742107665553,28.47751844465904,6.518765462499513,-15.220959284435217
2024-07-21,5283,8.572438665642215,-0.8815381445455995,0.0,0.0,-28.47751844465904,-34.996283907158556
2024-07-22,5715,8.651024539049757,-0.23671945502517253,0.0,0.0,0.0,28.47751844465904
2024-07-23,6866,8.834482608620677,1.2280995851293544,1.2280995851293544,54.69715682919737,54.69715682919737,54.69715682919737
2024-07-24,8497,9.047586120674756,2.8619361943038615,2.8619361943038615,89.18648206706798,34.48932523787062,-20.20783159132675
2024-07-25,7599,8.935903526274423,1.8201501980720212,1.8201501980720212,72.1168297279217,-17.069652339146288,-51.558977577016904
2024-07-26,6116,8.718827059242566,0.15613661986135544,0.15613661986135544,7.79100956627274,-64.32582016164896,-47.256167822502675
2024-07-27,5510,8.614501373883236,-0.6006259280606918,0.0,0.0,-7.79100956627274,56.53481059537622
2024-07-28,5442,8.6020856584342,-0.6743999102529112,0.0,0.0,0.0,7.79100956627274
2024-07-29,5882,8.679822114864455,-0.09179318439455916,0.0,0.0,0.0,0.0
2024-07-30,6173,8.728102205062104,0.2628298770167431,0.2628298770167431,13.066362114298732,13.066362114298732,13.066362114298732
2024-07-31,5733,8.654168646443315,-0.2917295640170544,0.0,0.0,-13.066362114298732,-26.132724228597464
2024-08-01,4849,8.48673398393153,-1.5393842051946807,0.0,0.0,0.0,13.066362114298732
2024-08-02,4677,8.450625947144124,-1.7731937654401624,0.0,0.0,0.0,0.0
2024-08-03,4798,8.476162841858246,-1.5213562638822973,0.0,0.0,0.0,0.0
2024-08-04,4796,8.475746001502063,-1.4780710098350325,0.0,0.0,0.0,0.0
2024-08-05,5082,8.533656917446903,-1.038933767932822,0.0,0.0,0.0,0.0
2024-08-06,5402,8.594709633844065,-0.6020055435705405,0.0,0.0,0.0,0.0
2024-08-07,5273,8.570544366913232,-0.7484607120807413,0.0,0.0,0.0,0.0
2024-08-08,5377,8.59007183682881,-0.6073725373358876,0.0,0.0,0.0,0.0
2024-08-09,5103,8.537779825024625,-0.9506065679658287,0.0,0.0,0.0,0.0
2024-08-10,4797,8.47595444339964,-1.3359429054725769,0.0,0.0,0.0,0.0
2024-08-11,4756,8.467372496432281,-1.3457559830440886,0.0,0.0,0.0,0.0
2024-08-12,5390,8.592486175451668,-0.4731899464769105,0.0,0.0,0.0,0.0
2024-08-13,7844,8.967631665167133,2.17711810895905,2.17711810895905,79.63516161565639,79.63516161565639,79.63516161565639
2024-08-14,7312,8.89740886527095,1.81955986337904,1.81955986337904,72.10266115063713,-7.532500465019254,-87.16766208067564
2024-08-15,5304,8.576405051048084,-0.5766582302568236,0.0,0.0,-72.10266115063713,-64.57016068561788
2024-08-16,5151,8.54714026778419,-0.7735133511965709,0.0,0.0,0.0,72.10266115063713
2024-08-17,4717,8.45914025996762,-1.3915656826740888,0.0,0.0,0.0,0.0
2024-08-18,4850,8.486940148245216,-1.1413765647606169,0.0,0.0,0.0,0.0
2024-08-19,5158,8.54849804124465,-0.6643720788282719,0.0,0.0,0.0,0.0
2024-08-20,5647,8.639056779173078,-0.0045301266817732765,0.0,0.0,0.0,0.0
2024-08-21,16125,9.688188155244967,7.465279094588808,7.465279094588808,99.88554049531173,99.88554049531173,99.88554049531173
2024-08-22,8997,9.104757609401117,2.2905814748136093,2.2905814748136093,81.61879821278377,-18.266742282527957,-118.15228277783969
2024-08-23,5587,8.628376720376853,-0.1895595226986396,0.0,0.0,-81.61879821278377,-63.352055930255815
2024-08-24,4971,8.511577452630602,-0.7561962242411291,0.0,0.0,0.0,81.61879821278377
2024-08-25,5420,8.598035579260339,-0.3126153309320881,0.0,0.0,0.0,0.0
2024-08-26,6014,8.70201162840878,0.2072928250637523,0.2072928250637523,10.327685718925924,10.327685718925924,10.327685718925924
2024-08-27,6032,8.704999678440762,0.2184868888353335,0.2184868888353335,10.881093379444943,0.553407660519019,-9.774278058406905
2024-08-28,5765,8.659733878198347,-0.021013291513319515,0.0,0.0,-10.881093379444943,-11.434501039963962
2024-08-29,5591,8.629092283913646,-0.19193741500120162,0.0,0.0,0.0,10.881093379444943
2024-08-30,5507,8.613956859848546,-0.2825554997075956,0.0,0.0,0.0,0.0
2024-08-31,4995,8.516392871245468,-0.7777940574678655,0.0,0.0,0.0,0.0
2024-09-01,5548,8.621373010325902,-0.23455367144396272,0.0,0.0,0.0,0.0
2024-09-02,5904,8.683554728631462,0.10238459612803563,0.10238459612803563,5.114762583602726,5.114762583602726,5.114762583602726
2024-09-03,6443,8.770904744296866,0.5548526078073829,0.5548526078073829,27.05213971260329,21.937377129000563,16.822614545397837
2024-09-04,6154,8.725020038618554,0.3107628404220739,0.3107628404220739,15.41429017932138,-11.637849533281909,-33.575226662282475
2024-09-05,5811,8.667680024690174,0.001954784218586225,0.001954784218586225,0.09773917980605239,-15.316550999515329,-3.67870146623342
2024-09-06,5638,8.637462023807181,-0.16314043802465422,0.0,0.0,-0.09773917980605239,15.218811819709277
2024-09-07,5206,8.557759153162898,-0.5780712826736281,0.0,0.0,0.0,0.09773917980605239
2024-09-08,5399,8.594154232552366,-0.3851882009826076,0.0,0.0,0.0,0.0
2024-09-09,6226,8.736649954872451,0.3696214011857092,0.3696214011857092,18.27349848898427,18.27349848898427,18.27349848898427
2024-09-10,6494,8.7787879291047,0.5827034239687479,0.5827034239687479,28.33784532706237,10.064346838078102,-8.209151650906168
2024-09-11,6297,8.74798740166097,0.4124176114038821,0.4124176114038821,20.333486957956453,-8.004358369105919,-18.06870520718402
2024-09-12,6215,8.734881892047483,0.334350557055158,0.334350557055158,16.563511265676503,-3.7699756922799494,4.23438267682597
2024-09-13,5885,8.680331928793418,0.03802868114406533,0.03802868114406533,1.9012049389190304,-14.662306326757474,-10.892330634477524
2024-09-14,5149,8.546751993657782,-0.6597996395118045,0.0,0.0,-1.9012049389190304,12.761101387838444
2024-09-15,5475,8.60813018640834,-0.3247600440537857,0.0,0.0,0.0,1.9012049389190304
2024-09-16,6171,8.72777821348305,0.3124854325271162,0.3124854325271162,15.498362159799475,15.498362159799475,15.498362159799475
2024-09-17,6414,8.766394277049736,0.5081079485074818,0.5081079485074818,24.872565760080484,9.374203600281009,-6.124158559518467
2024-09-18,6529,8.784162222270476,0.5971691980932825,0.5971691980932825,29.001679329116513,4.129113569036029,-5.245090031244979
2024-09-19,6166,8.726967774991493,0.29907789947946073,0.29907789947946073,14.843417243366108,-14.158262085750405,-18.287375654786434
2024-09-20,6172,8.727940222393896,0.2912256546313556,0.2912256546313556,14.459233392992871,-0.3841838503732369,13.774078235377168
2024-09-21,5985,8.697178688412643,0.12559301193800637,0.12559301193800637,6.271409202485898,-8.187824190506973,-7.803640340133736
2024-09-22,6148,8.724044745953469,0.2777601569268845,0.2777601569268845,13.799402249264944,7.527993046779046,15.715817237286018
2024-09-23,6247,8.740016691519521,0.4018995217162725,0.4018995217162725,19.82879098852448,6.029388739259538,-1.498604307519508
2024-09-24,6083,8.713417653379183,0.2813326989044361,0.2813326989044361,13.974584500541173,-5.8542064879833084,-11.883595227242846
2024-09-25,6038,8.705993714307901,0.2413115985866302,0.2413115985866302,12.007369352277601,-1.9672151482635716,3.886991339719737
2024-09-26,6288,8.746557354543503,0.4546210406911221,0.4546210406911221,22.347472876826686,10.340103524549084,12.307318672812656
2024-09-27,5550,8.621733370690162,-0.24032243747339638,0.0,0.0,-22.347472876826686,-32.68757640137577
2024-09-28,5012,8.519789817263504,-0.7912587613545609,0.0,0.0,0.0,22.347472876826686
2024-09-29,5192,8.555066843844319,-0.577430756489455,0.0,0.0,0.0,0.0
2024-09-30,5457,8.604837701268284,-0.29713412792204735,0.0,0.0,0.0,0.0
2024-10-01,5549,8.62155320674048,-0.21868898060378847,0.0,0.0,0.0,0.0
2024-10-02,5679,8.644706511715198,-0.1090920942814406,0.0,0.0,0.0,0.0
2024-10-03,5575,8.62622695244036,-0.22866086017219336,0.0,0.0,0.0,0.0
2024-10-04,5594,8.629628620746026,-0.22579357164665806,0.0,0.0,0.0,0.0
2024-10-05,5219,8.560252680876685,-0.6276531260158351,0.0,0.0,0.0,0.0
2024-10-06,6900,8.839421607620602,0.9504856260720828,0.9504856260720828,44.242566172211504,44.242566172211504,44.242566172211504
2024-10-07,6626,8.798907492088226,0.6936253685438561,0.6936253685438561,33.35458443854279,-10.887981733668717,-55.13054790588022
2024-10-08,6626,8.798907492088226,0.672786555440555,0.672786555440555,32.4253669006237,-0.9292175379190866,9.95876419574963
2024-10-09,6349,8.756210091886738,0.40999422418285075,0.40999422418285075,20.21729878299175,-12.20806811763195,-11.278850579712863
2024-10-10,6868,8.834773814213882,0.8332639899763712,0.8332639899763712,39.408928138474785,19.191629355483034,31.399697473114983
2024-10-11,11514,9.351405812254786,3.7577387018379578,3.7577387018379578,95.43914391071313,56.03021577223834,36.838586416755305
2024-10-12,8904,9.094368195723762,1.9998051109667732,1.9998051109667732,76.15532287218458,-19.283821038528544,-75.31403681076688
2024-10-13,9621,9.171807422259398,2.3453289175385486,2.3453289175385486,82.51244564073997,6.357122768555385,25.64094380708393
2024-10-14,10444,9.253878673990666,2.637862499658677,2.637862499658677,86.65178997086849,4.139344330128523,-2.217778438426862
2024-10-15,9639,9.17367638760459,2.0825564926645455,2.0825564926645455,77.83923317886205,-8.812556792006447,-12.95190112213497
2024-10-16,8858,9.089189170412032,1.5954741796994583,1.5954741796994583,66.27697769623634,-11.562255482625702,-2.7496986906192546
2024-10-17,8183,9.009936307631463,1.182516292445014,1.182516292445014,53.079987634324425,-13.196990061911919,-1.6347345792862171
2024-10-18,7764,8.957381735582787,0.9087526433454479,0.9087526433454479,42.5489694396446,-10.531018194679824,2.665971867232095
2024-10-19,6779,8.821732380934442,0.27169906486851814,0.27169906486851814,13.501995053853753,-29.046974385790847,-18.515956191111023
2024-10-20,7355,8.903271585724212,0.6242734309249052,0.6242734309249052,30.23796974330544,16.735974689451687,45.782949075242534
2024-10-21,8299,9.02401079378469,1.4511123508268169,1.4511123508268169,62.033913365614524,31.795943622309082,15.059968932857394
2024-10-22,7718,8.951440100949855,1.085813877391936,1.085813877391936,49.518525622448244,-12.51538774316628,-44.31133136547536
2024-10-23,8210,9.01322999770879,1.3811179895488355,1.3811179895488355,59.83409885036869,10.315573227920446,22.830960971086725
2024-10-24,9081,9.114049711657897,1.8742269396169506,1.8742269396169506,73.38932248761547,13.555223637246783,3.2396504093263374
2024-10-25,9064,9.112176123188952,1.7793900289439657,1.7793900289439657,71.12430609990673,-2.265016387708741,-15.820240024955524
2024-10-26,7289,8.894258825002703,0.5892057518494833,0.5892057518494833,28.63657750881225,-42.48772859109448,-40.22271220338574
2024-10-27,7349,8.902455592206882,0.6139585547600825,0.6139585547600825,29.768654448751963,1.132076939939715,43.619805531034196
2024-10-28,8370,9.032528630660057,1.2566095465339233,1.2566095465339233,55.6883815976914,25.919727148939433,24.787650208999718
2024-10-29,7581,8.93353229607628,0.7124470963624572,0.7124470963624572,34.188330600358356,-21.50005099733304,-47.41977814627248
2024-10-30,7700,8.94910546953925,0.7666110755573959,0.7666110755573959,36.557469160976,2.3691385606176425,23.869189557950683
2024-10-31,7530,8.926783114101351,0.6248907260543337,0.6248907260543337,30.26600980980456,-6.2914593511714365,-8.660597911789079
2024-11-01,6884,8.837100411162755,0.1380778466032919,0.1380778466032919,6.892944360693535,-23.373065449111024,-17.081606097939588
2024-11-02,7090,8.866581653303996,0.27818721484664355,0.27818721484664355,13.820347918431217,6.927403557737682,30.300469006848708
2024-11-03,7565,8.931419805192975,0.6060263337629919,0.6060263337629919,29.406764620353076,15.58641670192186,8.659013144184177
2024-11-04,8401,9.036225051729327,1.1303051844321914,1.1303051844321914,51.17904308064032,21.772278460287243,6.185861758365384
2024-11-05,9076,9.113499020526627,1.4909868626817817,1.4909868626817817,63.24526981313024,12.066226732489923,-9.70605172779732
2024-11-06,11910,9.385217621880901,2.821578721749215,2.821578721749215,88.76616395402787,25.52089414089763,13.454667408407708
2024-11-07,12558,9.438192819018127,2.8851315329447016,2.8851315329447016,89.4213044449907,0.6551404909628218,-24.86575364993481
2024-11-08,13019,9.47424191576256,2.838993473892068,2.838993473892068,88.94938898240063,-0.47191546259006145,-1.1270559535528832
2024-11-09,11714,9.368625350941896,2.1601885508407097,2.1601885508407097,79.32340551129091,-9.62598347110972,-9.154068008519658
2024-11-10,11458,9.346530726426447,1.9499988806242916,1.9499988806242916,75.08930395120149,-4.234101560089428,5.391881911020292
2024-11-11,11980,9.3910773406399,2.037568058868,2.037568058868,76.93708005580882,1.847776104607334,6.081877664696762
2024-11-12,12572,9.439306936593182,2.125578032769532,2.125578032769532,78.67289690223474,1.7358168464259194,-0.11195925818141461
2024-11-13,16512,9.711903228462988,3.0639172799213013,3.0639172799213013,91.07591731486322,12.403020412628479,10.66720356620256
2024-11-14,13884,9.538564399740899,2.1950110403985366,2.1950110403985366,79.96012104198613,-11.115796272877091,-23.51881668550557
2024-11-15,11086,9.313528529772352,1.285645995320772,1.285645995320772,56.681863399909524,-23.278257642076603,-12.162461369199512
2024-11-16,9186,9.125544720271467,0.5806015324619822,0.5806015324619822,28.241161439603545,-28.44070196030598,-5.162444318229376
2024-11-17,10838,9.29090601981575,1.1420058878021973,1.1420058878021973,51.60954640730432,23.368384967700777,51.80908692800676
2024-11-18,10240,9.234154550075438,0.9062217573669892,0.9062217573669892,42.44527913295921,-9.164267274345114,-32.53265224204589
2024-11-19,10417,9.251290358305138,0.9363910430461583,0.9363910430461583,43.67401776710128,1.2287386341420756,10.39300590848719
2024-11-20,12069,9.398478314091577,1.4196452124270713,1.4196452124270713,61.05655817693402,17.382540409832735,16.15380177569066
2024-11-21,12146,9.404837504700271,1.3909768752861058,1.3909768752861058,60.149629986561294,-0.9069281903727244,-18.28946860020546
2024-11-22,10624,9.270964993792617,0.8808563416259385,0.8808563416259385,41.39992893667644,-18.749701049884855,-17.84277285951213
2024-11-23,9158,9.122492281402987,0.3401250706833114,0.3401250706833114,16.844180755953392,-24.555748180723047,-5.806047130838191
2024-11-24,10385,9.248214024404264,0.7566274093547651,0.7566274093547651,36.12421208513065,19.28003132917726,43.835779509900306
2024-11-25,9937,9.204121072162266,0.5756274250821051,0.5756274250821051,28.012131503399385,-8.112080581731266,-27.392111910908525
2024-11-26,9575,9.16701524723781,0.4218295443266684,0.4218295443266684,20.784192152107416,-7.227939351291969,0.8841412304392975
2024-11-27,10449,9.254357257392957,0.7104012192416824,0.7104012192416824,34.097961706532004,13.313769554424589,20.541708905716558
2024-11-28,8683,9.069237530998182,0.002409582059430301,0.002409582059430301,0.12047904467888247,-33.977482661853124,-47.29125221627771
2024-11-29,9629,9.172638504792172,0.36407482611044517,0.36407482611044517,18.005295086055032,17.884816041376148,51.86229870322927
2024-11-30,8770,9.079206103951382,-0.02905690267614061,0.0,0.0,-18.005295086055032,-35.89011112743118
2024-12-01,8672,9.067970030684457,-0.1060899049659714,0.0,0.0,0.0,18.005295086055032
2024-12-02,9943,9.204724633190548,0.42990432032447523,0.42990432032447523,21.170164155458238,21.170164155458238,21.170164155458238
2024-12-03,12069,9.398478314091577,1.2357790075719421,1.2357790075719421,54.965686988507954,33.795522833049716,12.625358677591478
2024-12-04,10817,9.288966692431373,0.7283871513972238,0.7283871513972238,34.89024886443525,-20.075438124072704,-53.87096095712242
2024-12-05,8778,9.080117784926209,-0.259030917314734,0.0,0.0,-34.89024886443525,-14.814810740362546
2024-12-06,9180,9.1248914101437,-0.07087024220152746,0.0,0.0,0.0,34.89024886443525
2024-12-07,8880,9.091669442258505,-0.2590711002460697,0.0,0.0,0.0,0.0
2024-12-08,7514,8.924656302187074,-1.1151368929318246,0.0,0.0,0.0,0.0
2024-12-09,8086,8.998013113095823,-0.7835673041670896,0.0,0.0,0.0,0.0
2024-12-10,8467,9.044049632254756,-0.5743667797025608,0.0,0.0,0.0,0.0
2024-12-11,9060,9.11173476822206,-0.2012353278264538,0.0,0.0,0.0,0.0
2024-12-12,9223,9.129564061948894,-0.11053048777544208,0.0,0.0,0.0,0.0
2024-12-13,8539,9.052516286782616,-0.5056618330617103,0.0,0.0,0.0,0.0
2024-12-14,7555,8.9300972286214,-1.12237284128322,0.0,0.0,0.0,0.0
2024-12-15,8701,9.071308163280625,-0.3664269907125132,0.0,0.0,0.0,0.0
2024-12-16,9491,9.158204617555654,0.08044242279080424,0.08044242279080424,4.019953618873078,4.019953618873078,4.019953618873078
2024-12-17,8880,9.091669442258505,-0.2741501395747515,0.0,0.0,-4.019953618873078,-8.039907237746156
2024-12-18,8492,9.04699757378001,-0.5192304183535378,0.0,0.0,0.0,4.019953618873078
2024-12-19,8556,9.054504940418054,-0.5111619669277166,0.0,0.0,0.0,0.0
2024-12-20,9157,9.12238309321704,-0.16691687843114847,0.0,0.0,0.0,0.0
2024-12-21,8466,9.043931533642278,-0.5990673623661759,0.0,0.0,0.0,0.0
2024-12-22,8187,9.01042494678118,-0.7936256039352333,0.0,0.0,0.0,0.0
2024-12-23,8414,9.037771106624906,-0.6448395380817161,0.0,0.0,0.0,0.0
2024-12-24,7779,8.959311617172437,-1.0604112099143042,0.0,0.0,0.0,0.0
2024-12-25,7490,8.921457578947884,-1.240313794584422,0.0,0.0,0.0,0.0
2024-12-26,8145,9.005282288208358,-0.795921314384972,0.0,0.0,0.0,0.0
2024-12-27,9086,9.114600099695346,-0.2193623039479488,0.0,0.0,0.0,0.0
2024-12-28,16465,9.709052927858371,3.013633512011225,3.013633512011225,90.63725138485712,90.63725138485712,90.63725138485712
2024-12-29,12414,9.426660697942268,1.3238446600406963,1.3238446600406963,57.9641293199014,-32.67312206495572,-123.31037344981284
2024-12-30,11816,9.377294451639015,1.0257994299528688,1.0257994299528688,47.22014353223416,-10.743985787667242,21.929136277288478
2024-12-31,9712,9.18122047340233,-0.018097301324426936,0.0,0.0,-47.22014353223416,-36.47615774456692
2025-01-01,9543,9.163667963777751,-0.14218818888678006,0.0,0.0,0.0,47.22014353223416
2025-01-02,12708,9.450065682882071,1.38660726875905,1.38660726875905,60.010012104512214,60.010012104512214,60.010012104512214
2025-01-03,10335,9.243388226022383,0.21464978788285538,0.21464978788285538,10.691470508044079,-49.31854159646814,-109.32855370098035
2025-01-04,8605,9.060214913398545,-0.8095572706816563,0.0,0.0,-10.691470508044079,38.62707108842406
2025-01-05,9113,9.117566971823829,-0.48786995558435486,0.0,0.0,0.0,10.691470508044079
2025-01-06,9974,9.207837241758064,0.031277656891697696,0.031277656891697696,1.5637553625733904,1.5637553625733904,1.5637553625733904
2025-01-07,10412,9.250810304529896,0.29368808600518187,0.29368808600518187,14.579759348605318,13.016003986031928,11.452248623458537
2025-01-08,9972,9.207636720401869,0.07442215110994777,0.07442215110994777,3.7193910114899262,-10.860368337115393,-23.876372323147322
2025-01-09,9409,9.149528232579426,-0.24407925149607668,0.0,0.0,-3.7193910114899262,7.1409773256254665
2025-01-10,9743,9.184406989949679,-0.024500016136100977,0.0,0.0,0.0,3.7193910114899262
2025-01-11,8309,9.025214887849494,-0.9382752311208863,0.0,0.0,0.0,0.0
2025-01-12,7895,8.974111581113318,-1.2124039942729887,0.0,0.0,0.0,0.0
2025-01-13,8603,9.05998249038762,-0.6830454331068385,0.0,0.0,0.0,0.0
2025-01-14,8372,9.032767522204432,-0.8471125677368516,0.0,0.0,0.0,0.0
2025-01-15,8372,9.032767522204432,-0.818583219951396,0.0,0.0,0.0,0.0
2025-01-16,8297,9.023769800892813,-0.8645853808792614,0.0,0.0,0.0,0.0
2025-01-17,8540,9.052633375946147,-0.6406160155830006,0.0,0.0,0.0,0.0
2025-01-18,7506,8.923591197573002,-1.492529737207722,0.0,0.0,0.0,0.0
2025-01-19,7774,8.958668737047434,-1.2019860897086343,0.0,0.0,0.0,0.0
2025-01-20,11001,9.305832353435404,1.1799318263858154,1.1799318263858154,52.987109149020014,52.987109149020014,52.987109149020014
2025-01-21,16321,9.700269170029188,3.9295497158412007,3.9295497158412007,96.14525156400882,43.1581424149888,-9.828966734031212
2025-01-22,15056,9.619598278323043,2.9816092563191936,2.9816092563191936,90.34726901233331,-5.797982551675503,-48.956124966664305
2025-01-23,13806,9.532930988916153,2.2353572034876303,2.2353572034876303,80.67599438281799,-9.671274629515324,-3.873292077839821
2025-01-24,12015,9.393994374003915,1.3549364323697648,1.3549364323697648,58.98710055033518,-21.68889383248281,-12.017619202967488
2025-01-25,9963,9.20673387638207,0.2929780526467338,0.2929780526467338,14.545010540287784,-44.442090010047394,-22.753196177564583
2025-01-26,10395,9.249176395761381,0.5213704532502839,0.5213704532502839,25.49363364768624,10.948623107398458,55.390713117445856
2025-01-27,10227,9.232884336411077,0.4328173813024168,0.4328173813024168,21.309246402100833,-4.184387245585409,-15.133010352983867
2025-01-28,9825,9.192787212728593,0.19852337931545075,0.19852337931545075,9.89369647822172,-11.415549923879112,-7.231162678293703
2025-01-29,9498,9.158941808890182,0.011396602757249767,0.011396602757249767,0.5698239703597698,-9.32387250786195,2.0916774160171627
2025-01-30,9418,9.150484204822817,-0.042230911270510776,0.0,0.0,-0.5698239703597698,8.754048537502179
2025-01-31,9327,9.140775908590273,-0.103201307671785,0.0,0.0,0.0,0.5698239703597698
2025-02-01,8404,9.036582045842716,-0.6699859182676502,0.0,0.0,0.0,0.0
2025-02-02,9063,9.112065802707843,-0.2246165339332642,0.0,0.0,0.0,0.0
2025-02-03,10101,9.220488703027998,0.39640419653085684,0.39640419653085684,19.564684787305996,19.564684787305996,19.564684787305996
2025-02-04,9405,9.149103062504993,-0.015384625860038543,0.0,0.0,-19.564684787305996,-39.12936957461199
2025-02-05,9634,9.173157580848466,0.1167431526067831,0.1167431526067831,5.830537119151626,5.830537119151626,25.39522190645762
2025-02-06,11207,9.324383088016843,0.9548509160752807,0.9548509160752807,44.41793784978814,38.58740073063651,32.75686361148488
2025-02-07,10859,9.292841593487926,0.746375271273171,0.746375271273171,35.67767530064383,-8.740262549144312,-47.32766327978082
2025-02-08,9369,9.145268375232467,-0.11250475468825218,0.0,0.0,-35.67767530064383,-26.937412751499515
2025-02-09,9147,9.121290555142672,-0.2584178413697324,0.0,0.0,0.0,35.67767530064383
2025-02-10,8709,9.072227069846548,-0.5375597482197044,0.0,0.0,0.0,0.0
2025-02-11,10510,9.260177606823355,0.5323744761546114,0.5323744761546114,26.007350070765366,26.007350070765366,26.007350070765366
2025-02-12,11719,9.369052063131004,1.1302674341422076,1.1302674341422076,51.1776499483088,25.17029987754343,-0.8370501932219341
2025-02-13,11616,9.360224821513475,1.0447225976115035,1.0447225976115035,47.95204121775926,-3.2256087305495384,-28.39590860809297
2025-02-14,9841,9.194414221425923,0.07214939622739505,0.07214939622739505,3.6059057245788813,-44.34613549318038,-41.12052676263084
2025-02-15,10059,9.21632244365373,0.19285831844694226,0.19285831844694226,9.613138189848442,6.007232465269561,50.35336795844994
2025-02-16,10386,9.248310303227811,0.36303631366349576,0.36303631366349576,17.955048150587828,8.341909960739386,2.3346774954698253
2025-02-17,10044,9.214830277249035,0.15458569172822276,0.15458569172822276,7.713929223514358,-10.241118927073469,-18.583028887812855
2025-02-18,11564,9.355738574665539,0.9472111910306896,0.9472111910306896,44.11079606265717,36.39686683914282,46.63798576621629
2025-02-19,13105,9.480825419599443,1.6316181346897336,1.6316181346897336,67.27823728850639,23.167441225849217,-13.2294256132936
2025-02-20,14122,9.555559953069064,1.985206488170976,1.985206488170976,75.8470166783842,8.568779389877804,-14.598661835971413
2025-02-21,10238,9.233959237574817,0.12793004791422907,0.12793004791422907,6.38779283461209,-69.45922384377211,-78.02800323364991
2025-02-22,9508,9.159993997539445,-0.29811946988137256,0.0,0.0,-6.38779283461209,63.071431009160015
2025-02-23,10659,9.274253697719836,0.32037689321458707,0.32037689321458707,15.88322023324171,15.88322023324171,22.2710130678538
2025-02-24,11870,9.381853730053534,0.9135079394751596,0.9135079394751596,42.74349179569432,26.86027156245261,10.9770513292109
2025-02-25,11156,9.31982238259318,0.5239941764865198,0.5239941764865198,25.616252609025313,-17.127239186669005,-43.98751074912161
2025-02-26,13269,9.493261127326253,1.5118474385252527,1.5118474385252527,63.866967154154985,38.25071454512967,55.37795373179867
2025-02-27,12079,9.399306471488806,1.035674786630975,1.035674786630975,47.60291830030353,-16.264048853851456,-54.514763398981124
2025-02-28,11483,9.348710041240954,0.7326543371324185,0.7326543371324185,35.07749562295073,-12.5254226773528,3.7386261764986557
2025-03-01,13280,9.49408972140025,1.6276617031258809,1.6276617031258809,67.1698127404281,32.09231711747737,44.61773979483017
2025-03-02,13197,9.487820581943367,1.5252931881519871,1.5252931881519871,64.26332148177536,-2.9064912586527356,-34.99880837613011
2025-03-03,13193,9.487517459782817,1.4653668358449479,1.4653668358449479,62.47042925138491,-1.792892230390457,1.1135990282622785
2025-03-04,13212,9.488956472414216,1.4627822547290128,1.4627822547290128,62.3915689193058,-0.0788603320791097,1.7140318983113474
2025-03-05,12836,9.460086905084927,1.2474055040736924,1.2474055040736924,55.3700836818044,-7.021485237501395,-6.942624905422285
2025-03-06,12596,9.441213969352303,1.096981606916488,1.096981606916488,49.93882450843084,-5.431259173373562,1.5902260641278332
2025-03-07,14117,9.555205857955418,1.7128221852661334,1.7128221852661334,69.44039528554728,19.50157077711644,24.932829950490003
2025-03-08,11082,9.313167681775653,0.28879419201675965,0.28879419201675965,14.340181115779163,-55.10021416976812,-74.60178494688456
2025-03-09,13889,9.53892443574839,1.5435062188266622,1.5435062188266622,64.79476966363329,50.45458854785413,105.55480271762225
2025-03-10,15632,9.657139343577324,2.1328677265075573,2.1328677265075573,78.81138879678551,14.016619133152219,-36.43796941470191
2025-03-11,23534,10.066243953835242,4.1894460935150475,4.1894460935150475,97.01431177564776,18.202922978862247,4.186303845710029
2025-03-12,22889,10.038455412946613,3.4938841400641736,3.4938841400641736,94.10265054198943,-2.9116612336583216,-21.11458421252057
2025-03-13,17207,9.753129670947565,1.9201744683248,1.9201744683248,74.43157758033385,-19.671072961655582,-16.75941172799726
2025-03-14,13767,9.530102337891375,0.8911948069861847,0.8911948069861847,41.827335446504854,-32.604242133829,-12.933169172173415
2025-03-15,12127,9.403272107882152,0.3184252746341915,0.3184252746341915,15.788086328948578,-26.039249117556274,6.564993016272723
2025-03-16,14549,9.585346272599638,1.086003909843381,1.086003909843381,49.52569702955042,33.73761070060184,59.776859818158115
2025-03-17,17596,9.775483711951761,1.8813336275600314,1.8813336275600314,73.55284691628779,24.02714988673737,-9.710460813864472
2025-03-18,18767,9.839908570893257,2.083119244141973,2.083119244141973,77.85031991952486,4.297473003237073,-19.729676883500296
2025-03-19,19191,9.862248804519531,2.080517147056233,2.080517147056233,77.79901541817036,-0.05130450135450815,-4.348777504591581
2025-03-20,20325,9.919656133697712,2.247356849004175,2.247356849004175,80.88445967016746,3.085444251997103,3.136748753351611
2025-03-21,20496,9.928033812954128,2.186663329610101,2.186663329610101,79.80909282823451,-1.0753668419329472,-4.16081109393005
2025-03-22,20518,9.929106565153747,2.0703401719524455,2.0703401719524455,77.59736030693229,-2.211732521302224,-1.136365679369277
2025-03-23,16410,9.705707120679628,1.1328038907299922,1.1328038907299922,51.271195187185235,-26.326165119747053,-24.11443259844483
2025-03-24,15341,9.63834944451924,0.8593063589927038,0.8593063589927038,40.50314249798343,-10.768052689201802,15.55811243054525
2025-03-25,14011,9.547669384317377,0.4978421800139683,0.4978421800139683,24.39042033174382,-16.112722166239614,-5.344669477037812
2025-03-26,13397,9.502860721068213,0.31396667326510613,0.31396667326510613,15.570636923075053,-8.819783408668766,7.292938757570848
2025-03-27,14800,9.60245002503719,0.6829749780169347,0.6829749780169347,32.880471580554186,17.309834657479133,26.1296180661479
2025-03-28,13275,9.493713172839865,0.2381721466507044,0.2381721466507044,11.852630899572771,-21.027840680981413,-38.33767533846054
2025-03-29,10372,9.246961555431827,-0.740229863477595,0.0,0.0,-11.852630899572771,9.175209781408642
2025-03-30,9517,9.160940021681055,-1.0826157933181277,0.0,0.0,0.0,11.852630899572771
2025-03-31,10919,9.298351249298896,-0.5451459061950182,0.0,0.0,0.0,0.0
2025-04-01,10666,9.274910142625483,-0.6519156058870117,0.0,0.0,0.0,0.0
2025-04-02,12115,9.402282172147128,-0.15943753372661904,0.0,0.0,0.0,0.0
2025-04-03,10170,9.227295812625597,-0.9001696116170135,0.0,0.0,0.0,0.0
2025-04-04,8592,9.058703197313223,-1.6088558461270803,0.0,0.0,0.0,0.0
2025-04-05,7352,8.902863672196222,-2.206562030808788,0.0,0.0,0.0,0.0
2025-04-06,8019,8.98969370086056,-1.7876231860361131,0.0,0.0,0.0,0.0
2025-04-07,8341,9.02905827475689,-1.5930641488672919,0.0,0.0,0.0,0.0
2025-04-08,7774,8.958668737047434,-1.8113648974460188,0.0,0.0,0.0,0.0
2025-04-09,7125,8.871505346165781,-2.0699701636981334,0.0,0.0,0.0,0.0
2025-04-10,6269,8.743531633626967,-2.462401914639395,0.0,0.0,0.0,0.0
2025-04-11,5966,8.693999567522082,-2.51758300628554,0.0,0.0,0.0,0.0
2025-04-12,5044,8.52615293278771,-2.9589936990837806,0.0,0.0,0.0,0.0
2025-04-13,5241,8.564458383883352,-2.6107538334947837,0.0,0.0,0.0,0.0
2025-04-14,5418,8.597666575566114,-2.3360995840462087,0.0,0.0,0.0,0.0
2025-04-15,5126,8.5422759717837,-2.3575081508086297,0.0,0.0,0.0,0.0
2025-04-16,5507,8.613956859848546,-2.035196645364209,0.0,0.0,0.0,0.0
2025-04-17,5264,8.568836424568076,-2.062714700143106,0.0,0.0,0.0,0.0
2025-04-18,4899,8.496990484098719,-2.147973385342789,0.0,0.0,0.0,0.0
2025-04-19,4510,8.414274137408396,-2.24459275620624,0.0,0.0,0.0,0.0
2025-04-20,4508,8.413830678421084,-2.1201586839282234,0.0,0.0,0.0,0.0
2025-04-21,5144,8.545780648268149,-1.707487513181663,0.0,0.0,0.0,0.0
2025-04-22,6582,8.792245847467877,-1.086284108814435,0.0,0.0,0.0,0.0
2025-04-23,8556,9.054504940418054,-0.48112767903844933,0.0,0.0,0.0,0.0
2025-04-24,6220,8.73568594451502,-1.1787701987185715,0.0,0.0,0.0,0.0
2025-04-25,5317,8.578852571802965,-1.4873083035051402,0.0,0.0,0.0,0.0
2025-04-26,4515,8.415381925269553,-1.7827707657851044,0.0,0.0,0.0,0.0
2025-04-27,8042,8.99255742690407,-0.5024602370269426,0.0,0.0,0.0,0.0
2025-04-28,5116,8.540323608805092,-1.4290680705225767,0.0,0.0,0.0,0.0
2025-04-29,5100,8.537191877922927,-1.3841188835238691,0.0,0.0,0.0,0.0
2025-04-30,5015,8.520388082312756,-1.3702352462251284,0.0,0.0,0.0,0.0
2025-05-01,10211,9.231318778361375,0.10057000906316875,0.10057000906316875,5.024266410846457,5.024266410846457,5.024266410846457
2025-05-02,6260,8.74209519574531,-0.8720272773939932,0.0,0.0,-5.024266410846457,-10.048532821692914
2025-05-03,4704,8.45638105201948,-1.416300031581549,0.0,0.0,0.0,5.024266410846457
2025-05-04,4983,8.51398806046729,-1.2506897669267147,0.0,0.0,0.0,0.0
2025-05-05,5452,8.60392119492606,-1.0321048329299585,0.0,0.0,0.0,0.0
2025-05-06,5697,8.647870515057853,-0.9137539103067117,0.0,0.0,0.0,0.0
2025-05-07,4830,8.482808764554406,-1.2049695772404123,0.0,0.0,0.0,0.0
2025-05-08,4608,8.435766192720509,-1.2564189604614986,0.0,0.0,0.0,0.0
2025-05-09,4383,8.385716828627851,-1.309062893052869,0.0,0.0,0.0,0.0
2025-05-10,10850,9.292012520620208,0.46373300265712447,0.46373300265712447,22.779874731012924,22.779874731012924,22.779874731012924
2025-05-11,4622,8.438799123988225,-1.1751680913418123,0.0,0.0,-22.779874731012924,-45.55974946202585
2025-05-12,4800,8.476579508530941,-1.072969589445846,0.0,0.0,0.0,22.779874731012924
2025-05-13,5379,8.59044365315583,-0.8090725757574286,0.0,0.0,0.0,0.0
2025-05-14,5331,8.5814816812986,-0.799675025573873,0.0,0.0,0.0,0.0
2025-05-15,4736,8.463159302923751,-1.015314089273834,0.0,0.0,0.0,0.0
2025-05-16,4512,8.414717399827001,-1.0827496889999997,0.0,0.0,0.0,0.0
2025-05-17,4559,8.425077902508432,-1.0316122555971807,0.0,0.0,0.0,0.0
2025-05-18,4529,8.41847721847708,-1.0207314539939087,0.0,0.0,0.0,0.0
2025-05-19,5162,8.54927308487965,-0.7091327712766287,0.0,0.0,0.0,0.0
2025-05-20,4644,8.443546651247939,-0.9334675524452147,0.0,0.0,0.0,0.0
2025-05-21,4980,8.513385953073284,-0.7509884956662974,0.0,0.0,0.0,0.0
2025-05-22,4758,8.46779284112111,-0.8560299319130371,0.0,0.0,0.0,0.0
2025-05-23,4936,8.504513138258863,-0.7392789506249531,0.0,0.0,0.0,0.0
2025-05-24,4395,8.388450315523512,-1.0477332364931224,0.0,0.0,0.0,0.0
2025-05-25,4448,8.400434630806041,-0.9939844198035668,0.0,0.0,0.0,0.0
2025-05-26,4607,8.435549202375727,-0.8686374888911942,0.0,0.0,0.0,0.0
2025-05-27,4957,8.508757712595136,-0.6229830347852248,0.0,0.0,0.0,0.0
2025-05-28,4852,8.487352349405215,-0.6762874388361483,0.0,0.0,0.0,0.0
2025-05-29,5679,8.644706511715198,-0.09847330168978581,0.0,0.0,0.0,0.0
2025-05-30,4979,8.513185170018698,-0.5446382799797899,0.0,0.0,0.0,0.0
2025-05-31,4444,8.399535147948004,-0.94929155402427,0.0,0.0,0.0,0.0
2025-06-01,3920,8.27410200229233,-1.427320940479077,0.0,0.0,0.0,0.0
2025-06-02,4227,8.349484346990128,-1.1294345992567878,0.0,0.0,0.0,0.0
2025-06-03,4457,8.402455513945814,-0.8874393682507059,0.0,0.0,0.0,0.0
2025-06-04,4543,8.421562960400987,-0.7773492850512421,0.0,0.0,0.0,0.0
2025-06-05,6691,8.808668062106715,1.0372459244511514,1.0372459244511514,47.66365117884411,47.66365117884411,47.66365117884411
2025-06-06,10359,9.245707515813473,3.1349048530525656,3.1349048530525656,91.66195867764189,43.99830749879778,-3.665343680046334
2025-06-07,6824,8.82834762005316,1.1006655548390816,1.1006655548390816,50.07695795058504,-41.58500072705685,-85.58330822585464
2025-06-08,6141,8.722905701000768,0.643319509952487,0.643319509952487,31.100690880442976,-18.976267070142065,22.608733656914787
2025-06-09,6061,8.709795057617749,0.6015140221891673,0.6015140221891673,29.200522841201586,-1.9001680392413896,17.076099030900675
2025-06-10,5647,8.639056779173078,0.2768274013094005,0.2768274013094005,13.753649620147973,-15.446873221053613,-13.546705181812223
2025-06-11,4977,8.512783482927537,-0.30565209755879774,0.0,0.0,-13.753649620147973,1.6932236009056396
2025-06-12,4282,8.36240897761537,-1.0036328664181053,0.0,0.0,0.0,13.753649620147973
2025-06-13,4400,8.38958706681109,-0.8544956079987436,0.0,0.0,0.0,0.0
2025-06-14,4727,8.461257559085935,-0.5050562512944192,0.0,0.0,0.0,0.0
2025-06-15,5645,8.638702608813434,0.31380569313389933,0.31380569313389933,15.562782962025029,15.562782962025029,15.562782962025029
2025-06-16,4927,8.502688505213357,-0.3100946600434646,0.0,0.0,-15.562782962025029,-31.125565924050058
2025-06-17,4620,8.438366410870266,-0.5986570679807327,0.0,0.0,0.0,15.562782962025029
2025-06-18,4223,8.348537825386098,-1.0024612128305377,0.0,0.0,0.0,0.0
2025-06-19,4533,8.419359831067474,-0.6717083505671392,0.0,0.0,0.0,0.0
2025-06-20,4423,8.39479954320217,-0.7838402068435534,0.0,0.0,0.0,0.0
2025-06-21,3949,8.281470857895167,-1.2805302970367618,0.0,0.0,0.0,0.0
2025-06-22,3909,8.271292652979412,-1.2826711940160338,0.0,0.0,0.0,0.0
2025-06-23,4436,8.39773375137891,-0.6759477139607889,0.0,0.0,0.0,0.0
2025-06-24,4272,8.360071435644025,-0.8273100263451381,0.0,0.0,0.0,0.0
2025-06-25,4360,8.380456667842767,-0.7115996250970635,0.0,0.0,0.0,0.0
2025-06-26,4541,8.421122722665503,-0.519623044747874,0.0,0.0,0.0,0.0
2025-06-27,3846,8.255048902752295,-1.2921723350889054,0.0,0.0,0.0,0.0
2025-06-28,3770,8.235095497258357,-1.3467042824644608,0.0,0.0,0.0,0.0
2025-06-29,3880,8.263848131368906,-1.169121188833194,0.0,0.0,0.0,0.0
2025-06-30,3730,8.224431573221159,-1.3183342381375727,0.0,0.0,0.0,0.0
2025-07-01,4570,8.427487278331744,-0.33163752602605756,0.0,0.0,0.0,0.0
2025-07-02,4497,8.411388132519262,-0.39155454882399143,0.0,0.0,0.0,0.0
2025-07-03,3823,8.249052274171293,-1.217480265145002,0.0,0.0,0.0,0.0
2025-07-04,3331,8.111328003286733,-1.8765667227951264,0.0,0.0,0.0,0.0
2025-07-05,3349,8.116715624819111,-1.7629654211738675,0.0,0.0,0.0,0.0
2025-07-06,4186,8.339739766019143,-0.6088217990258016,0.0,0.0,0.0,0.0
2025-07-07,5252,8.566554620953962,0.4979933693152354,0.4979933693152354,24.397529958721766,24.397529958721766,24.397529958721766
2025-07-08,4691,8.453614209773367,-0.05690226260515947,0.0,0.0,-24.397529958721766,-48.79505991744353
2025-07-09,4268,8.359134886757962,-0.5176177926018849,0.0,0.0,0.0,24.397529958721766
2025-07-10,4207,8.344742754417545,-0.598991996236333,0.0,0.0,0.0,0.0
2025-07-11,4231,8.350429973538136,-0.5564589839318331,0.0,0.0,0.0,0.0
2025-07-12,3674,8.209308411646937,-1.3345153219252093,0.0,0.0,0.0,0.0
2025-07-13,3446,8.145259566516865,-1.6432573986136074,0.0,0.0,0.0,0.0
2025-07-14,5078,8.532869670801245,0.5417832775481286,0.5417832775481286,26.445431189171952,26.445431189171952,26.445431189171952
2025-07-15,8852,9.08851166361105,3.5639410782047514,3.5639410782047514,94.49066948633572,68.04523829716376,41.59980710799181
2025-07-16,7070,8.863757191604241,2.0691073416708115,2.0691073416708115,77.57282357459724,-16.917845911738482,-84.96308420890225
2025-07-17,5644,8.638525476583762,0.8860743231602014,0.8860743231602014,41.615877368486494,-35.95694620611074,-19.03910029437226
2025-07-18,5380,8.59062950948942,0.6352652955731198,0.6352652955731198,30.73647828334545,-10.879399085141046,25.077547120969697
2025-07-19,5013,8.519989278718239,0.29538692102969205,0.29538692102969205,14.662885183721528,-16.07359309962392,-5.194194014482875
2025-07-20,5387,8.591929537530255,0.6305544866601821,0.6305544866601821,30.523035945282494,15.860150761560966,31.933743861184887
2025-07-21,5574,8.62604759632832,0.7840780508865909,0.7840780508865909,37.31167220704898,6.788636261766484,-9.071514499794482
2025-07-22,4979,8.513185170018698,0.23625083524194174,0.23625083524194174,11.757904148218847,-25.55376805883013,-32.342404320596614
2025-07-23,5473,8.607764889600624,0.6808066122961163,0.6808066122961163,32.78374022560115,21.0258360773823,46.57960413621243
2025-07-24,5649,8.639410824140487,0.8103752796799558,0.8103752796799558,38.43789367216889,5.65415344656774,-15.371682630814561
2025-07-25,4388,8.386856689688234,-0.3923052569153906,0.0,0.0,-38.43789367216889,-44.09204711873663
2025-07-26,3766,8.23403420769204,-1.1016014538820509,0.0,0.0,0.0,38.43789367216889
2025-07-27,3934,8.277666160851503,-0.8680702601335905,0.0,0.0,0.0,0.0
2025-07-28,4513,8.414938957377482,-0.21585375491982203,0.0,0.0,0.0,0.0
2025-07-29,4652,8.445267451844648,-0.05921815589006246,0.0,0.0,0.0,0.0
2025-07-30,4267,8.358900612421644,-0.4534359962880907,0.0,0.0,0.0,0.0
2025-07-31,4319,8.371010681238156,-0.393849723224396,0.0,0.0,0.0,0.0
2025-08-01,4179,8.338066525518801,-0.5561227339483235,0.0,0.0,0.0,0.0
2025-08-02,3858,8.258163361537619,-0.9256604073336142,0.0,0.0,0.0,0.0
2025-08-03,3551,8.17526610411206,-1.290535628375555,0.0,0.0,0.0,0.0
2025-08-04,6068,8.710949125835855,1.1810633300555786,1.1810633300555786,53.02778789429716,53.02778789429716,53.02778789429716
2025-08-05,5341,8.583355393669907,0.6148906566550467,0.6148906566550467,29.811123631700887,-23.216664262596275,-76.24445215689343
2025-08-06,4366,8.381831553485561,-0.29555284547167643,0.0,0.0,-29.811123631700887,-6.594459369104612
2025-08-07,4228,8.34972083747249,-0.439864434645162,0.0,0.0,0.0,29.811123631700887
2025-08-08,4126,8.325306029752582,-0.5493595643456304,0.0,0.0,0.0,0.0
2025-08-09,3396,8.130647968160584,-1.6193285955174996,0.0,0.0,0.0,0.0
2025-08-10,3928,8.27614021955846,-0.7470668186027768,0.0,0.0,0.0,0.0
2025-08-11,4518,8.41604600941128,0.055817595471809894,0.055817595471809894,2.7901553929374514,2.7901553929374514,2.7901553929374514
2025-08-12,4515,8.415381925269553,0.04715819877513334,0.04715819877513334,2.35747305709755,-0.43268233583990146,-3.222837728777353
2025-08-13,4405,8.39072252736229,-0.09272951530559291,0.0,0.0,-2.35747305709755,-1.9247907212576485
2025-08-14,4569,8.42726848388825,0.11767891869068008,0.11767891869068008,5.877165090325287,5.877165090325287,8.234638147422837
2025-08-15,3745,8.228443883004033,-0.9862904787164779,0.0,0.0,-5.877165090325287,-11.754330180650573
2025-08-16,3578,8.182838710766026,-1.212336940663617,0.0,0.0,0.0,5.877165090325287
2025-08-17,3460,8.149312843635345,-1.3613086668557737,0.0,0.0,0.0,0.0
2025-08-18,3769,8.234830280442056,-0.853998710622905,0.0,0.0,0.0,0.0
2025-08-19,3787,8.239593454305968,-0.8063151736993339,0.0,0.0,0.0,0.0
2025-08-20,5662,8.641709066113805,1.3934955333413588,1.3934955333413588,60.229939766666476,60.229939766666476,60.229939766666476
2025-08-21,4259,8.357024439263416,-0.18109541103096444,0.0,0.0,-60.229939766666476,-120.45987953333295
2025-08-22,3910,8.271548374755515,-0.6485199934989536,0.0,0.0,0.0,60.229939766666476
2025-08-23,4310,8.368925174747135,-0.11373527608990687,0.0,0.0,0.0,0.0
2025-08-24,4661,8.447199819595703,0.30452528625941494,0.30452528625941494,15.109677245009642,15.109677245009642,15.109677245009642
2025-08-25,4009,8.296546520300614,-0.5076131693687247,0.0,0.0,-15.109677245009642,-30.219354490019285
2025-08-26,3939,8.27893600229198,-0.5895945345672956,0.0,0.0,0.0,15.109677245009642
2025-08-27,3911,8.271804031154709,-0.6306951191517832,0.0,0.0,0.0,0.0
2025-08-28,3683,8.211754397375197,-0.9573916984099279,0.0,0.0,0.0,0.0
2025-08-29,3622,8.195057690895077,-1.038236514121397,0.0,0.0,0.0,0.0
2025-08-30,3289,8.098642843759418,-1.5465078231466034,0.0,0.0,0.0,0.0
2025-08-31,3281,8.096208271650037,-1.5013184491836356,0.0,0.0,0.0,0.0
2025-09-01,3534,8.170468578330674,-1.0662523320515382,0.0,0.0,0.0,0.0
2025-09-02,3702,8.216898580913613,-0.8165066912873006,0.0,0.0,0.0,0.0
2025-09-03,3617,8.193676665955241,-0.9534751009650781,0.0,0.0,0.0,0.0
2025-09-04,3613,8.192570471152173,-0.9733702629815723,0.0,0.0,0.0,0.0
2025-09-05,6502,8.780018887869153,2.074383836429042,2.074383836429042,77.6776758131701,77.6776758131701,77.6776758131701
2025-09-06,5544,8.620651899784468,1.2011680121881179,1.2011680121881179,53.74650024033012,-23.931175572839976,-101.60885138601007
2025-09-07,4369,8.382518288089635,-0.006828549309347313,0.0,0.0,-53.74650024033012,-29.815324667490145
2025-09-08,4703,8.456168489578463,0.356600933101441,0.356600933101441,17.643473500041164,17.643473500041164,71.38997374037129
2025-09-09,5137,8.544419177669829,0.7846263678981213,0.7846263678981213,37.335268915778904,19.69179541573774,2.048321915696576
2025-09-10,5057,8.52872642722991,0.6874987229189808,0.6874987229189808,33.08205488365394,-4.253214032124966,-23.945009447862706
2025-09-11,4100,8.31898612539206,-0.37467003399141763,0.0,0.0,-33.08205488365394,-28.828840851528973
2025-09-12,3945,8.28045768658256,-0.5866397838142499,0.0,0.0,0.0,33.08205488365394
2025-09-13,3145,8.053887083618223,-1.7023194924669627,0.0,0.0,0.0,0.0
2025-09-14,3424,8.138856750696325,-1.3015893998732349,0.0,0.0,0.0,0.0
2025-09-15,4707,8.457018468380168,0.5365862210050675,0.5365862210050675,26.203585801050615,26.203585801050615,26.203585801050615
2025-09-16,4433,8.397057390176256,0.2119913886726832,0.2119913886726832,10.560051324213708,-15.643534476836907,-41.84712027788752
2025-09-17,4672,8.449556542700426,0.5483909532284243,0.5483909532284243,26.75243987055289,16.19238854633918,31.835923023176086
2025-09-18,5661,8.641532465671846,1.7122387877630898,1.7122387877630898,69.42528797264087,42.67284810208798,26.4804595557488
2025-09-19,5344,8.583916823459145,1.3503899020349837,1.3503899020349837,58.83867301996265,-10.586614952678225,-53.25946305476621
2025-09-20,4800,8.476579508530941,0.7190423739570064,0.7190423739570064,34.479221287679614,-24.359451732283034,-13.772836779604809
2025-09-21,4330,8.373553741214627,0.1047602416877849,0.1047602416877849,5.2332268647615825,-29.24599442291803,-4.886542690634997
2025-09-22,4849,8.48673398393153,0.8259505675333345,0.8259505675333345,39.099603688195856,33.86637682343427,63.1123712463523
2025-09-23,4604,8.434897948689407,0.5344068238905241,0.5344068238905241,26.10206917285375,-12.997534515342107,-46.863911338776376
2025-09-24,4343,8.37655086161377,0.16307093949154242,0.16307093949154242,8.13552654391281,-17.96654262894094,-4.969008113598832
2025-09-25,4382,8.38548870041881,0.20505904477779668,0.20505904477779668,10.2171752905496,2.0816487466367892,20.04819137557773
2025-09-26,4033,8.302513718514158,-0.32853584655026086,0.0,0.0,-10.2171752905496,-12.298824037186389
2025-09-27,3661,8.205764725234456,-0.9264435026324161,0.0,0.0,0.0,10.2171752905496
2025-09-28,3547,8.17413934342947,-1.0960977316480447,0.0,0.0,0.0,0.0
2025-09-29,3900,8.268988209506656,-0.4768524591051937,0.0,0.0,0.0,0.0
2025-09-30,3696,8.215276958936633,-0.7987037748396337,0.0,0.0,0.0,0.0
2025-10-01,3814,8.246695943718557,-0.5879903144945707,0.0,0.0,0.0,0.0
2025-10-02,5302,8.57602797713713,1.4444259680756495,1.4444259680756495,61.82782048201726,61.82782048201726,61.82782048201726
2025-10-03,4779,8.472195825485501,0.7570058090328426,0.7570058090328426,36.14066196478152,-25.687158517235737,-87.514978999253
2025-10-04,3717,8.220941168281389,-0.7856919311864098,0.0,0.0,-36.14066196478152,-10.453503447545785
2025-10-05,3599,8.1886891244442,-0.9670651303166488,0.0,0.0,0.0,36.14066196478152
2025-10-06,4165,8.334711621820917,-0.0033490296511418673,0.0,0.0,0.0,0.0
2025-10-07,4320,8.371242135931933,0.23251609942677287,0.23251609942677287,11.57370873357527,11.57370873357527,11.57370873357527
2025-10-08,4144,8.329658067569396,-0.03904578872982801,0.0,0.0,-11.57370873357527,-23.14741746715054
2025-10-09,4240,8.352554369474591,0.0877753009206467,0.0877753009206467,4.385949444006834,4.385949444006834,15.959658177582103
2025-10-10,4572,8.427924723658055,0.5707597480901878,0.5707597480901878,27.787692913473588,23.401743469466755,19.015794025459922
2025-10-11,4155,8.332308352219117,-0.05359058997994513,0.0,0.0,-27.787692913473588,-51.18943638294034
2025-10-12,3707,8.218247926685745,-0.7889506244573349,0.0,0.0,0.0,27.787692913473588
2025-10-13,5570,8.625329850020815,1.8784104388787102,1.8784104388787102,73.48568789612212,73.48568789612212,73.48568789612212
2025-10-14,4811,8.47886807709457,0.8819258729370503,0.8819258729370503,41.444230052105695,-32.04145784401642,-105.52714574013854
2025-10-15,4491,8.410053315858335,0.41893436806513734,0.41893436806513734,20.645645080691637,-20.79858497141406,11.242872872602362
2025-10-16,3520,8.166500319155052,-1.152704045884269,0.0,0.0,-20.645645080691637,0.15293989072242198
2025-10-17,3297,8.101071503119543,-1.5746545856334417,0.0,0.0,0.0,20.645645080691637
2025-10-18,2925,7.98139158158007,-2.2867259769552546,0.0,0.0,0.0,0.0
2025-10-19,3219,8.077136638538454,-1.5956661731519335,0.0,0.0,0.0,0.0
2025-10-20,3523,8.16735198705607,-1.0018930238885237,0.0,0.0,0.0,0.0
2025-10-21,3519,8.166216268592143,-0.9816208072716204,0.0,0.0,0.0,0.0
2025-10-22,4152,8.331586243630754,0.0277018903354196,0.0277018903354196,1.3850059473818948,1.3850059473818948,1.3850059473818948
2025-10-23,4294,8.365206834418355,0.23321817961902444,0.23321817961902444,11.60834111392365,10.223335166541755,8.83832921915986
2025-10-24,3549,8.174702882469461,-0.9055066500472555,0.0,0.0,-11.60834111392365,-21.831676280465405
2025-10-25,3050,8.02322468471667,-1.7941756372062712,0.0,0.0,0.0,11.60834111392365
2025-10-26,3350,8.11701408773731,-1.1766123752066293,0.0,0.0,0.0,0.0
2025-10-27,4152,8.331586243630754,0.08933736985964026,0.08933736985964026,4.4638999607447065,4.4638999607447065,4.4638999607447065
2025-10-28,4752,8.46653127661401,0.8592561317382358,0.8592561317382358,40.50104310410384,36.03714314335914,31.573243182614434
2025-10-29,4219,8.347590407030058,0.14427561690953036,0.14427561690953036,7.201293660747424,-33.29974944335642,-69.33689258671555
2025-10-30,4091,8.316789127071518,-0.058574591354410385,0.0,0.0,-7.201293660747424,26.098455782608994
2025-10-31,4430,8.39638057119949,0.39283556280916965,0.39283556280916965,19.39302330967192,19.39302330967192,26.594316970419346
2025-11-01,3073,8.03073492409854,-1.8205034707687644,0.0,0.0,-19.39302330967192,-38.78604661934384
2025-11-02,3268,8.092239406724211,-1.400128507303305,0.0,0.0,0.0,19.39302330967192
2025-11-03,4134,8.327242607457793,-0.012655739740644519,0.0,0.0,0.0,0.0
2025-11-04,4377,8.384347278082808,0.30706509320025843,0.30706509320025843,15.233744500122725,15.233744500122725,15.233744500122725
2025-11-05,4436,8.39773375137891,0.4503875861010737,0.4503875861010737,22.146276412963818,6.912531912841093,-8.321212587281632
2025-11-06,5892,8.681520484837913,2.2953649759653403,2.2953649759653403,81.69848802314218,59.55221161017836,52.63967969733727
2025-11-07,11597,9.358587948436385,6.313697061258699,6.313697061258699,99.63839013904993,17.939902115907756,-41.612309494270605
2025-11-08,6708,8.811205187562887,2.232843359558171,2.232843359558171,80.63206588945924,-19.00632424959069,-36.94622636549845
2025-11-09,4786,8.473659189392508,0.5877796799201194,0.5877796799201194,28.571107832139152,-52.06095805732009,-33.0546338077294
2025-11-10,4517,8.415824697027949,0.3270737551984757,0.3270737551984757,16.20944130555516,-12.361666526583992,39.699291530736105
2025-11-11,4399,8.389359819906353,0.19741386938320463,0.19741386938320463,9.838760995243055,-6.370680310312105,5.990986216271887
2025-11-12,4066,8.310660905907225,-0.17375185719647762,0.0,0.0,-9.838760995243055,-3.46808068493095
2025-11-13,3924,8.275121630216509,-0.3630588072465845,0.0,0.0,0.0,9.838760995243055
2025-11-14,3742,8.22764270790443,-0.6006051497530294,0.0,0.0,0.0,0.0
2025-11-15,3339,8.113726085970747,-1.1192044290513152,0.0,0.0,0.0,0.0
2025-11-16,3438,8.142936010432265,-0.9497781878076328,0.0,0.0,0.0,0.0
2025-11-17,3798,8.242493153187626,-0.45859529053574816,0.0,0.0,0.0,0.0
2025-11-18,3871,8.261526448396468,-0.34458471334907076,0.0,0.0,0.0,0.0
2025-11-19,3932,8.27715777243181,-0.24827357342405218,0.0,0.0,0.0,0.0
2025-11-20,3959,8.283999304248526,-0.200553175704204,0.0,0.0,0.0,0.0
2025-11-21,3677,8.210124405164267,-0.5471611532760364,0.0,0.0,0.0,0.0
2025-11-22,3395,8.130353547431238,-0.9096260416110359,0.0,0.0,0.0,0.0
2025-11-23,3456,8.148156439921625,-0.7964912122001347,0.0,0.0,0.0,0.0
2025-11-24,3527,8.168486417126681,-0.6780443156861035,0.0,0.0,0.0,0.0
2025-11-25,3533,8.170185652879642,-0.650995118474174,0.0,0.0,0.0,0.0
2025-11-26,3815,8.246958032568177,-0.275018440712704,0.0,0.0,0.0,0.0
2025-11-27,3422,8.138272638530186,-0.7935016565557883,0.0,0.0,0.0,0.0
2025-11-28,3289,8.098642843759418,-0.9764269138867415,0.0,0.0,0.0,0.0
2025-11-29,2821,7.945201132412759,-1.6755297549733439,0.0,0.0,0.0,0.0
2025-11-30,3309,8.104703468371108,-0.8866557170529217,0.0,0.0,0.0,0.0
2025-12-01,4239,8.352318548226004,0.2594354098461151,0.2594354098461151,12.89949959526745,12.89949959526745,12.89949959526745
2025-12-02,3605,8.190354403763262,-0.46897462033407294,0.0,0.0,-12.89949959526745,-25.7989991905349
2025-12-03,3584,8.184513753033722,-0.47630719609485833,0.0,0.0,0.0,12.89949959526745
2025-12-04,3502,8.161375023197486,-0.5803351326685826,0.0,0.0,0.0,0.0
2025-12-05,3359,8.11969625295725,-0.7707833971876029,0.0,0.0,0.0,0.0
2025-12-06,3248,8.0861025356691,-0.9058614522658021,0.0,0.0,0.0,0.0
2025-12-07,3264,8.09101504171053,-0.8567432556413179,0.0,0.0,0.0,0.0
2025-12-08,3750,8.229777750081887,-0.2003502237871346,0.0,0.0,0.0,0.0
2025-12-09,3571,8.18088094199639,-0.41457387675701013,0.0,0.0,0.0,0.0
2025-12-10,3443,8.144388865547622,-0.5642166268470795,0.0,0.0,0.0,0.0
2025-12-11,4319,8.371010681238156,0.4878529530566752,0.4878529530566752,23.92010253639375,23.92010253639375,23.92010253639375
2025-12-12,8622,9.062188330952324,3.63236444311471,3.63236444311471,94.84563872563405,70.92553618924029,47.00543365284654
2025-12-13,6611,8.796641458940915,2.199436099424368,2.199436099424368,80.03977219853853,-14.805866527095517,-85.73140271633581
2025-12-14,8403,9.036463061964891,3.082335633085713,3.082335633085713,91.23163960381116,11.191867405272632,25.99773393236815
2025-12-15,8772,9.079434102128383,2.9920943302249583,2.9920943302249583,90.44313890006111,-0.7885007037500458,-11.980368109022677
2025-12-16,9360,9.144307401371744,2.9725586414139684,2.9725586414139684,90.26378155848613,-0.17935734157498473,0.609143362175061
2025-12-17,9540,9.163353580751846,2.793176761864398,2.793176761864398,88.46119870876706,-1.802582849719073,-1.6232255081440883
2025-12-18,8592,9.058703197313223,2.26304943850748,2.26304943850748,81.15404489521819,-7.307153813548865,-5.504570963829792
2025-12-19,9132,9.11964950669168,2.321530095460943,2.321530095460943,82.1289048866187,0.9748599914005069,8.282013804949372
2025-12-20,9027,9.108086137937427,2.150185859785714,2.150185859785714,79.13722869961319,-2.9916761870055097,-3.9665361784060167
2025-12-21,9587,9.168267595554275,2.204813072887565,2.204813072887565,80.13617890921459,0.9989502096014036,3.9906263966069133
2025-12-22,8856,9.088963385809583,1.867037576004925,1.867037576004925,73.22302561145626,-6.913153297758328,-7.912103507359731
2025-12-23,9121,9.118444357271645,1.8614893081443864,1.8614893081443864,73.09408892273997,-0.12893668871629416,6.7842166090420335
2025-12-24,8939,9.09829086816756,1.723791036305517,1.723791036305517,69.72330031278747,-3.3707886099524984,-3.2418519212362042
2025-12-25,9366,9.14494815320913,1.7724088853744813,1.7724088853744813,70.95139675128722,1.2280964384997475,4.598885048452246
2025-12-26,9232,9.130539301772627,1.6598484772873554,1.6598484772873554,68.04353237729198,-2.9078643739952383,-4.135960812494986
2025-12-27,10511,9.260272740724393,1.9098309923337204,1.9098309923337204,74.20003190640864,6.156499529116658,9.064363903111897
2025-12-28,10967,9.30273722124215,1.9238516099772447,1.9238516099772447,74.51346458802348,0.3134326816148416,-5.843066847501817
2025-12-29,9760,9.186150133174966,1.5632056139029653,1.5632056139029653,65.36257131904337,-9.150893268980113,-9.464325950594954
2025-12-30,9525,9.161780181360806,1.4469732695065163,1.4469732695065163,61.90643602029257,-3.4561352987508016,5.694757970229311
2025-12-31,7807,8.962904128092928,0.9512333616056587,0.9512333616056587,44.27262986959767,-17.633806150694895,-14.177670851944093
2026-01-01,8894,9.093244600099936,1.2119850597031336,1.2119850597031336,54.12999880353887,9.857368933941196,27.49117508463609
2026-01-02,9219,9.12913031655064,1.2515723607250209,1.2515723607250209,55.51438513254185,1.3843863290029788,-8.472982604938217
2026-01-03,7067,8.863332833439587,0.6215389316485727,0.6215389316485727,30.11369471752482,-25.400690415017028,-26.785076744020007
2026-01-04,5081,8.53346016388011,-0.1253298492269468,0.0,0.0,-30.11369471752482,-4.713004302507791
2026-01-05,5214,8.559294367434873,-0.07338919277922872,0.0,0.0,0.0,30.11369471752482
2026-01-06,4663,8.447628728030327,-0.3158698868777984,0.0,0.0,0.0,0.0
2026-01-07,4243,8.353261499733874,-0.5033221643785115,0.0,0.0,0.0,0.0
2026-01-08,4736,8.463159302923751,-0.2369648050640102,0.0,0.0,0.0,0.0
2026-01-09,5919,8.68609172787805,0.26904786785050055,0.26904786785050055,13.371828599100219,13.371828599100219,13.371828599100219
2026-01-10,5744,8.656085190282855,0.19086384969186088,0.19086384969186088,9.514326880731899,-3.8575017183683205,-17.229330317468538
2026-01-11,5706,8.649448770536708,0.1659187830992232,0.1659187830992232,8.276959796416282,-1.2373670843156166,2.620134634052704
2026-01-12,6019,8.702842538302868,0.27519395801262514,0.27519395801262514,13.67351340567783,5.396553609261549,6.633920693577165
2026-01-13,6740,8.815963560853438,0.5185716679613219,0.5185716679613219,25.362742780206894,11.689229374529063,6.292675765267514
2026-01-14,7415,8.91139510724569,0.7170798431283097,0.7170798431283097,34.392730958623524,9.02998817841663,-2.6592411961124327
2026-01-15,5904,8.683554728631462,0.16468508443874644,0.16468508443874644,8.215694334701546,-26.17703662392198,-35.20702480233861
2026-01-16,5939,8.68946441235669,0.15911288234609228,0.15911288234609228,7.938902141471966,-0.2767921932295794,25.9002444306924
2026-01-17,6052,8.708309295891688,0.1869418090081359,0.1869418090081359,9.319963994868248,1.3810618533962815,1.6578540466258609
2026-01-18,5787,8.663542087751374,0.06466286148658042,0.06466286148658042,3.232016987279232,-6.087947007589015,-7.469008860985297
2026-01-19,6173,8.728102205062104,0.2033326646430843,0.2033326646430843,10.131749860953557,6.899732873674324,12.98767988126334
2026-01-20,6160,8.725994381014571,0.1817995607171869,0.1817995607171869,9.065024374347514,-1.0667254866060425,-7.966458360280367
2026-01-21,5764,8.65956043270316,0.0022468838769148934,0.0022468838769148934,0.11234414658175022,-8.952680227765764,-7.885954741159722
2026-01-22,3702,8.216898580913613,-1.1041162208092625,0.0,0.0,-0.11234414658175022,8.840336081184015
2026-01-23,4041,8.304494897963567,-0.8953081186805375,0.0,0.0,0.0,0.11234414658175022
2026-01-24,4050,8.30671904320269,-0.9008696130558315,0.0,0.0,0.0,0.0
2026-01-25,4150,8.33110454805304,-0.8514152207686736,0.0,0.0,0.0,0.0
2026-01-26,3398,8.131236549696116,-1.3570546284400302,0.0,0.0,0.0,0.0
2026-01-27,4199,8.34283980427146,-0.8278911250150175,0.0,0.0,0.0,0.0
2026-01-28,4157,8.332789468417959,-0.873478014575319,0.0,0.0,0.0,0.0
2026-01-29,10975,9.303466349965667,1.599606345273556,1.599606345273556,66.3926718530881,66.3926718530881,66.3926718530881
2026-01-30,7003,8.854236693405742,0.3856526978408478,0.3856526978408478,19.047147645509412,-47.34552420757869,-113.7381960606668
2026-01-31,4843,8.485496104672983,-0.5919812638968422,0.0,0.0,-19.047147645509412,28.29837656206928
2026-02-01,4210,8.345455428161928,-0.9812888193874858,0.0,0.0,0.0,19.047147645509412
2026-02-02,4873,8.491670234185152,-0.6086954857133702,0.0,0.0,0.0,0.0
2026-02-03,5032,8.52377150677636,-0.5467101612567247,0.0,0.0,0.0,0.0
2026-02-04,4765,8.469262657658687,-0.7268871119862842,0.0,0.0,0.0,0.0
2026-02-05,5387,8.591929537530255,-0.4160870934835447,0.0,0.0,0.0,0.0
2026-02-06,4030,8.301769763117166,-1.293199523273285,0.0,0.0,0.0,0.0
2026-02-07,3513,8.164510268747042,-1.7030261459286846,0.0,0.0,0.0,0.0
2026-02-08,3205,8.072779333169498,-1.9668065475591714,0.0,0.0,0.0,0.0
2026-02-09,3666,8.207129168071326,-1.5622266410603507,0.0,0.0,0.0,0.0
2026-02-10,3755,8.231109840328154,-1.4695080556454687,0.0,0.0,0.0,0.0
2026-02-11,3741,8.227375506834035,-1.4256488759768744,0.0,0.0,0.0,0.0
2026-02-12,3714,8.220133957151859,-1.3963482579994095,0.0,0.0,0.0,0.0
2026-02-13,3465,8.150756470275551,-1.5374720554801993,0.0,0.0,0.0,0.0
2026-02-14,2816,7.943427767876373,-2.046103397049989,0.0,0.0,0.0,0.0
2026-02-15,2829,7.948031990637284,-1.9384724705167746,0.0,0.0,0.0,0.0
2026-02-16,3172,8.062432791583195,-1.5538922839593026,0.0,0.0,0.0,0.0
2026-02-17,3346,8.115819701211327,-1.356294483300091,0.0,0.0,0.0,0.0
2026-02-18,3276,8.094683648698815,-1.3662910320698964,0.0,0.0,0.0,0.0
2026-02-19,3238,8.08301991917133,-1.351246692931146,0.0,0.0,0.0,0.0
2026-02-20,3336,8.112827478751374,-1.2315717195770548,0.0,0.0,0.0,0.0
2026-02-21,3036,8.01862546504575,-1.4394342334082428,0.0,0.0,0.0,0.0
2026-02-22,2974,7.99799931797973,-1.4473282746081182,0.0,0.0,0.0,0.0
2026-02-23,3392,8.129469764784231,-1.0551071268785455,0.0,0.0,0.0,0.0
2026-02-24,3624,8.195609567288775,-0.8484544618472252,0.0,0.0,0.0,0.0
2026-02-25,3287,8.098034756176071,-1.0862896674820262,0.0,0.0,0.0,0.0
2026-02-26,3324,8.109224953089955,-1.0322816380901914,0.0,0.0,0.0,0.0
2026-02-27,3397,8.130942302231878,-0.9523846189985852,0.0,0.0,0.0,0.0
2026-02-28,2696,7.89989532313973,-1.6234876543594812,0.0,0.0,0.0,0.0
2026-03-01,2614,7.869019376499023,-1.6856207104967151,0.0,0.0,0.0,0.0
2026-03-02,3301,8.102283624480073,-0.9176994138190909,0.0,0.0,0.0,0.0
2026-03-03,3489,8.157657015196472,-0.7212822902102896,0.0,0.0,0.0,0.0
2026-03-04,3033,8.017637159908478,-1.1648764349425853,0.0,0.0,0.0,0.0
2026-03-05,3053,8.024207485778577,-1.1101492395207515,0.0,0.0,0.0,0.0
2026-03-06,2944,7.987864096085687,-1.195129187135927,0.0,0.0,0.0,0.0
2026-03-07,3005,8.00836557031292,-1.0872390638131775,0.0,0.0,0.0,0.0
2026-03-08,2898,7.972121128921655,-1.172741096708103,0.0,0.0,0.0,0.0
2026-03-09,3620,8.19450550976564,-0.41882302025951373,0.0,0.0,0.0,0.0
2026-03-10,4207,8.344742754417545,0.0822658278203101,0.0822658278203101,4.1109731778879075,4.1109731778879075,4.1109731778879075
2026-03-11,3304,8.103191752285786,-0.6902506802634838,0.0,0.0,-4.1109731778879075,-8.221946355775815
2026-03-12,3437,8.142645185942795,-0.5344548273766749,0.0,0.0,0.0,4.1109731778879075
2026-03-13,3248,8.0861025356691,-0.6996356259842981,0.0,0.0,0.0,0.0
2026-03-14,2898,7.972121128921655,-1.0581109968191598,0.0,0.0,0.0,0.0
2026-03-15,2930,7.983098940710892,-0.99243653086962,0.0,0.0,0.0,0.0
2026-03-16,3286,8.097730573664219,-0.5645749772759353,0.0,0.0,0.0,0.0
2026-03-17,3211,8.074649075066652,-0.6230679857401855,0.0,0.0,0.0,0.0
2026-03-18,3587,8.185350223178686,-0.18801699616215853,0.0,0.0,0.0,0.0
2026-03-19,4087,8.31581113188354,0.33572787586813235,0.33572787586813235,16.630480220415215,16.630480220415215,16.630480220415215
2026-03-20,3366,8.121777419161074,-0.3884104688362034,0.0,0.0,-16.630480220415215,-33.26096044083043
2026-03-21,2896,7.9714309977693505,-0.9655290838219236,0.0,0.0,0.0,16.630480220415215
2026-03-22,3031,8.016977746762262,-0.7545437309911303,0.0,0.0,0.0,0.0
2026-03-23,3449,8.146129510025405,-0.17964148413133915,0.0,0.0,0.0,0.0
2026-03-24,3462,8.149890544402423,-0.15855973099309054,0.0,0.0,0.0,0.0
2026-03-25,4175,8.337109129562474,0.6516761548526886,0.6516761548526886,31.47761617424843,31.47761617424843,31.47761617424843
2026-03-26,3271,8.093156697722637,-0.39181766384439737,0.0,0.0,-31.47761617424843,-62.95523234849686
2026-03-27,3073,8.03073492409854,-0.6425144457451092,0.0,0.0,0.0,31.47761617424843
2026-03-28,2992,8.0040315078527,-0.7471891399038841,0.0,0.0,0.0,0.0
2026-03-29,3208,8.073714641109857,-0.4260582316377566,0.0,0.0,0.0,0.0
2026-03-30,3444,8.144679183447758,-0.10563963819494186,0.0,0.0,0.0,0.0
2026-03-31,3464,8.150467911624004,0.0020201777281727866,0.0020201777281727866,0.10100885205622087,0.10100885205622087,0.10100885205622087
2026-04-01,3727,8.223627175805483,0.5489239924421243,0.5489239924421243,26.77718260420895,26.676173752152728,26.575164900096507
2026-04-02,3622,8.195057690895077,0.40988999409012744,0.40988999409012744,20.21230024030218,-6.564882363906769,-33.2410561160595
2026-04-03,3576,8.182279739259018,0.346444990711206,0.346444990711206,17.15104675899508,-3.0612534813071015,3.503628882599667
2026-04-04,2864,7.9603236291488395,-1.195053133795521,0.0,0.0,-17.15104675899508,-14.089793277687978
2026-04-05,2857,7.957877358489813,-1.2200541023689684,0.0,0.0,0.0,17.15104675899508
2026-04-06,3116,8.044626279767337,-0.5166531238933877,0.0,0.0,0.0,0.0
2026-04-07,3265,8.09132127353041,-0.07523943316114522,0.0,0.0,0.0,0.0
2026-04-08,3193,8.069029328774958,-0.26044202650577236,0.0,0.0,0.0,0.0
2026-04-09,3318,8.107418811719974,0.12890914241186432,0.12890914241186432,6.436546276660765,6.436546276660765,6.436546276660765
2026-04-10,3328,8.110427237575024,0.15267491824365748,0.15267491824365748,7.618952078624949,1.182405801964184,-5.254140474696581
2026-04-11,3066,8.028455164114252,-0.6383511622825249,0.0,0.0,-7.618952078624949,-8.801357880589133
2026-04-12,3026,8.01532730902172,-0.7441011505078968,0.0,0.0,0.0,7.618952078624949
2026-04-13,3071,8.030084094267563,-0.5681776762704358,0.0,0.0,0.0,0.0
2026-04-14,3230,8.080546965824498,-0.02614681380787533,0.0,0.0,0.0,0.0
2026-04-15,3711,8.21932609390609,1.414315655003618,1.414315655003618,60.889148696523364,60.889148696523364,60.889148696523364
2026-04-16,3251,8.087025470667701,0.0051503730541875925,0.0051503730541875925,0.2575180834585557,-60.63163061306481,-121.52077930958816
2026-04-17,3857,8.257904193465674,1.7741392940348146,1.7741392940348146,70.99433555729937,70.73681747384082,131.36844808690563
2026-04-18,3039,8.019612794400267,-0.7420496334640392,0.0,0.0,-70.99433555729937,-141.7311530311402
2026-04-19,3384,8.127109185346375,0.37329757083194665,0.37329757083194665,18.45110936833224,18.45110936833224,89.4454449256316
2026-04-20,3721,8.222016437202196,1.3339223878655235,1.3339223878655235,58.297740717871505,39.846631349539265,21.395521981207025
2026-04-21,4151,8.331345424845724,2.3888064332795738,2.3888064332795738,83.193949172302,24.896208454430493,-14.950422895108773
2026-04-22,4032,8.302265794873367,1.9692228792501796,1.9692228792501796,75.50552365172372,-7.688425520578278,-32.58463397500877
2026-04-23,4077,8.3133619511344,1.9775764970942384,1.9775764970942384,75.68451562280607,0.17899197108235398,7.867417491660632
2026-04-24,3645,8.201385955238608,0.8617455340803782,0.8617455340803782,40.60504347651313,-35.07947214629294,-35.2584641173753
2026-04-25,3190,8.068089626278244,-0.36379371977583513,0.0,0.0,-40.60504347651313,-5.525571330220188
2026-04-26,3052,8.023879992734878,-0.7490070287103068,0.0,0.0,0.0,40.60504347651313
2026-04-27,3391,8.129174996911793,0.22100481109059975,0.22100481109059975,11.005481799450642,11.005481799450642,11.005481799450642
2026-04-28,3639,8.199738960630786,0.8578768213776291,0.8578768213776291,40.443374139064844,29.4378923396142,18.43241054016356
2026-04-29,3418,8.137103389639302,0.27782458865545645,0.27782458865545645,13.802562475066246,-26.640811663998598,-56.0787040036128
2026-04-30,4942,8.505727713306959,3.6759609440759955,3.6759609440759955,95.06009188642834,81.2575294113621,107.89834107536069
2026-05-01,3530,8.169336395928386,0.42313452743181285,0.42313452743181285,20.84661418287932,-74.21347770354902,-155.47100711491112
2026-05-02,3470,8.152198015861787,0.2634534448028877,0.2634534448028877,13.09700694610291,-7.749607236776411,66.4638704667726
2026-05-03,2924,7.981049759665957,-1.2281054634557969,0.0,0.0,-13.09700694610291,-5.347399709326499
2026-05-04,3449,8.146129510025405,0.215469541229843,0.215469541229843,10.731987877629503,10.731987877629503,23.828994823732415
2026-05-05,3189,8.06777619577889,-0.48428627329416124,0.0,0.0,-10.731987877629503,-21.463975755259007
2026-05-06,3295,8.100464891029363,-0.2129553516179727,0.0,0.0,0.0,10.731987877629503
2026-05-07,3206,8.073091199693154,-0.47166437443951514,0.0,0.0,0.0,0.0
2026-05-08,3167,8.060855752934316,-0.6039082286345165,0.0,0.0,0.0,0.0
2026-05-09,2843,7.952966790923131,-1.5565094702950175,0.0,0.0,0.0,0.0
2026-05-10,3137,8.051340933292979,-0.6197652840296433,0.0,0.0,0.0,0.0
2026-05-11,3705,8.217708406845306,0.9070271161839654,0.9070271161839654,42.47828675126255,42.47828675126255,42.47828675126255
2026-05-12,3504,8.16194579946869,0.3846568697267304,0.3846568697267304,18.999158094010653,-23.4791286572519,-65.95741540851445
2026-05-13,3513,8.164510268747042,0.39627546662371316,0.39627546662371316,19.558494588173485,0.5593364941628316,24.03846515141473
2026-05-14,3655,8.204124932574041,0.7367235559991947,0.7367235559991947,35.255794610970895,15.69730002279741,15.137963528634579
2026-05-15,3843,8.254268770090183,1.1757307267221226,1.1757307267221226,52.83586179257688,17.580067181605983,1.8827671588085728
2026-05-16,3308,8.104401307921613,-0.23748874583929763,0.0,0.0,-52.83586179257688,-70.41592897418286
2026-05-17,3272,8.09346227450118,-0.34313751109978424,0.0,0.0,0.0,52.83586179257688
2026-05-18,3618,8.193953023563742,0.5964979513414463,0.5964979513414463,28.970936919824858,28.970936919824858,28.970936919824858
2026-05-19,4312,8.369388996647842,2.2830231578638065,2.2830231578638065,81.49224610482484,52.521309184999986,23.550372265175127
2026-05-20,3484,8.156223323194624,0.22524095309877742,0.22524095309877742,11.21467440247938,-70.27757170234547,-122.79888088734546
2026-05-21,4312,8.369388996647842,2.163417685294132,2.163417685294132,79.38319376739625,68.16851936491688,138.44609106726233
2026-05-22,3904,8.270013062273787,1.1620665733781896,1.1620665733781896,52.341603835076945,-27.041589932319305,-95.21010929723619
2026-05-23,3289,8.098642843759418,-0.3869602021471266,0.0,0.0,-52.341603835076945,-25.30001390275764
2026-05-24,3274,8.094073148069352,-0.4193665537871673,0.0,0.0,0.0,52.341603835076945
2026-05-25,3282,8.096512917501594,-0.37117383875164706,0.0,0.0,0.0,0.0
2026-05-26,3816,8.247220052745229,0.9957653828797085,0.9957653828797085,46.04503763808447,46.04503763808447,46.04503763808447
2026-05-27,3626,8.196161139282902,0.4997620656367765,0.4997620656367765,24.4806828228457,-21.564354815238772,-67.60939245332324
2026-05-28,3766,8.23403420769204,0.8238615986420226,0.8238615986420226,39.01108698549992,14.530404162654222,36.094758977892994
2026-05-29,4218,8.347353412124338,1.8361773279019533,1.8361773279019533,72.49919583206128,33.48810884656135,18.95770468390713
2026-05-30,2942,7.987184748233473,-1.4547289374006291,0.0,0.0,-72.49919583206128,-105.98730467862262
2026-05-31,3207,8.073402968986406,-0.6503645806759056,0.0,0.0,0.0,72.49919583206128
2026-06-01,3457,8.148445666243235,0.029180037936255638,0.029180037936255638,1.4588983803705304,1.4588983803705304,1.4588983803705304
2026-06-02,3646,8.20166019080868,0.5033268631348716,0.5033268631348716,24.648167455580676,23.189269075210145,21.730370694839614
2026-06-03,4151,8.331345424845724,1.6372902908075306,1.6372902908075306,67.43317790525622,42.78501044967554,19.595741374465394
2026-06-04,3877,8.263074835802596,0.9852069437719225,0.9852069437719225,45.628033029447934,-21.80514487580828,-64.59015532548382
2026-06-05,3854,8.25712628599743,0.9039317134989948,0.9039317134989948,42.351360070076474,-3.27667295937146,18.52847191643682
2026-06-06,3240,8.083637203141548,-0.6787774832407165,0.0,0.0,-42.351360070076474,-39.074687110705014
2026-06-07,3344,8.11522197256233,-0.39464022993673165,0.0,0.0,0.0,42.351360070076474
2026-06-08,3814,8.246695943718557,0.7776304045603408,0.7776304045603408,37.03383746131181,37.03383746131181,37.03383746131181
2026-06-09,3675,8.209580483475577,0.4221525266529118,0.4221525266529118,20.799643135883322,-16.23419432542849,-53.2680317867403
2026-06-10,3588,8.185628891147607,0.19295512704296067,0.19295512704296067,9.617933865744503,-11.18170927013882,5.0524850552896705
2026-06-11,3787,8.239593454305968,0.6612489368485517,0.6612489368485517,31.908177792051024,22.290243926306523,33.47195319644534
2026-06-12,10175,9.227787285579904,9.71882238968016,9.71882238968016,99.98797256708578,68.07979477503476,45.78955084872823
2026-06-13,9967,9.207135241027235,5.86563778628422,5.86563778628422,99.4345603010709,-0.5534122660148739,-68.63320704104963
2026-06-14,8005,8.987946539552519,3.5920355251849374,3.5920355251849374,94.63920602339448,-4.795354277676424,-4.24194201166155
2026-06-15,6673,8.80597465931132,2.443581718044207,2.443581718044207,84.01816510684846,-10.621040916546022,-5.825686638869598
2026-06-16,6273,8.744169388750624,2.0417582805143613,2.0417582805143613,77.02243723025133,-6.99572787659713,3.6253130399488924
2026-06-17,5749,8.656955133791396,1.6054959874649308,1.6054959874649308,66.55702482619512,-10.46541240405621,-3.46968452745908
2026-06-18,4972,8.511778558714738,0.9881512051945442,0.9881512051945442,45.7445192267504,-20.81250559944472,-10.34709319538851
2026-06-19,4199,8.34283980427146,0.31742664745649957,0.31742664745649957,15.739395743107206,-30.005123483643192,-9.192617884198473
2026-06-20,3607,8.190908881182514,-0.26606579171750927,0.0,0.0,-15.739395743107206,14.265727740535986
2026-06-21,3443,8.144388865547622,-0.4334753894635417,0.0,0.0,0.0,15.739395743107206
2026-06-22,3840,8.253488028345904,-0.01010734018982659,0.0,0.0,0.0,0.0
2026-06-23,3817,8.247482004285693,-0.02907037818276807,0.0,0.0,0.0,0.0
2026-06-24,3616,8.193400231952097,-0.236795360344609,0.0,0.0,0.0,0.0
2026-06-25,3455,8.147867129923947,-0.41874957233924853,0.0,0.0,0.0,0.0
2026-06-26,3237,8.08271113423758,-0.677877441707688,0.0,0.0,0.0,0.0
2026-06-27,2774,7.928406026180535,-1.2624039465887356,0.0,0.0,0.0,0.0
2026-06-28,2838,7.951207156472972,-1.1434891422964122,0.0,0.0,0.0,0.0
2026-06-29,3371,8.123261319121745,-0.47928802066126985,0.0,0.0,0.0,0.0
2026-06-30,3081,8.033334015880062,-0.7958595219841748,0.0,0.0,0.0,0.0
2026-07-01,3520,8.166500319155052,-0.2860664431102708,0.0,0.0,0.0,0.0
2026-07-02,3195,8.069655306886165,-0.6490595642933628,0.0,0.0,0.0,0.0
2026-07-03,2976,7.998671361015776,-0.9241791058230645,0.0,0.0,0.0,0.0
2026-07-04,2851,7.955775781534187,-1.0696078893432732,0.0,0.0,0.0,0.0
2026-07-05,2792,7.934871565945177,-1.1338090068818298,0.0,0.0,0.0,0.0
2026-07-06,3073,8.03073492409854,-0.7613813548271726,0.0,0.0,0.0,0.0
2026-07-07,3086,8.034955024502159,-0.7419220858355574,0.0,0.0,0.0,0.0
2026-07-08,2992,8.0040315078527,-0.8529516225963782,0.0,0.0,0.0,0.0
2026-07-09,3435,8.142063283104147,-0.3507687850380666,0.0,0.0,0.0,0.0
2026-07-10,3448,8.145839612936841,-0.34345008426673856,0.0,0.0,0.0,0.0
2026-07-11,2781,7.930925372483388,-1.131094569971809,0.0,0.0,0.0,0.0
2026-07-12,2512,7.829232537543592,-1.4770250778275955,0.0,0.0,0.0,0.0
2026-07-13,3183,8.065893546964274,-0.582488592331936,0.0,0.0,0.0,0.0
2026-07-14,2896,7.9714309977693505,-0.9105645147899054,0.0,0.0,0.0,0.0
2026-07-15,2773,7.928045600874777,-1.0418514840139148,0.0,0.0,0.0,0.0
2026-07-16,3112,8.043342170441608,-0.6170000049886213,0.0,0.0,0.0,0.0
2026-07-17,2645,7.880804344674901,-1.18534616811741,0.0,0.0,0.0,0.0
2026-07-18,2584,7.85748078694253,-1.2347523301427177,0.0,0.0,0.0,0.0
2026-07-19,2516,7.830822995135316,-1.2851292022669025,0.0,0.0,0.0,0.0
2026-07-20,2520,7.83241092718792,-1.2441695762392904,0.0,0.0,0.0,0.0
2026-07-21,2821,7.945201132412759,-0.8222059213207887,0.0,0.0,0.0,0.0
2026-07-22,3115,8.044305406990638,-0.46792729468285926,0.0,0.0,0.0,0.0
2026-07-23,3836,8.252446090246952,0.232341661818888,0.232341661818888,11.565103596566653,11.565103596566653,11.565103596566653
2026-07-24,3658,8.204945165019208,0.06453107771903284,0.06453107771903284,3.2254346679159913,-8.339668928650662,-19.904772525217314
2026-07-25,2774,7.928406026180535,-0.868112912743931,0.0,0.0,-3.2254346679159913,5.114234260734671
2026-07-26,2985,8.001689978099135,-0.6012175571696868,0.0,0.0,0.0,3.2254346679159913
2026-07-27,3571,8.18088094199639,0.006495936610939779,0.006495936610939779,0.32479568842561113,0.32479568842561113,0.32479568842561113
2026-07-28,3343,8.114922974204593,-0.2096935754753468,0.0,0.0,-0.32479568842561113,-0.6495913768512223
2026-07-29,3144,8.05356916913454,-0.40162369976739354,0.0,0.0,0.0,0.32479568842561113
2026-07-30,3005,8.00836557031292,-0.556924384566603,0.0,0.0,0.0,0.0
2026-07-31,2896,7.9714309977693505,-0.6754402667002645,0.0,0.0,0.0,0.0
2026-08-01,2840,7.951911381854188,-0.7279094455174386,0.0,0.0,0.0,0.0
2026-08-02,2812,7.9420068084898565,-0.7437701234219642,0.0,0.0,0.0,0.0
2026-08-03,2933,7.984121958702927,-0.582013092973415,0.0,0.0,0.0,0.0
2026-08-04,2931,7.983440063006542,-0.5679165349701112,0.0,0.0,0.0,0.0
2026-08-05,3474,8.153349757998892,0.006488973437620145,0.006488973437620145,0.32444753342849764,0.32444753342849764,0.32444753342849764
2026-08-06,3003,8.007700012884026,-0.4762576249662866,0.0,0.0,-0.32444753342849764,-0.6488950668569953
2026-08-07,2786,7.932721027481948,-0.7156421118746278,0.0,0.0,0.0,0.32444753342849764
2026-08-08,2491,7.820840879907344,-1.0621487135533072,0.0,0.0,0.0,0.0
2026-08-09,2645,7.880804344674901,-0.8373161427964291,0.0,0.0,0.0,0.0
2026-08-10,2654,7.884199933676039,-0.8053271060818533,0.0,0.0,0.0,0.0
2026-08-11,2799,7.937374696163295,-0.6121228850627769,0.0,0.0,0.0,0.0
2026-08-12,2684,7.895436006942965,-0.7624045291025502,0.0,0.0,0.0,0.0
2026-08-13,2730,7.912423121473705,-0.7252865522437665,0.0,0.0,0.0,0.0
2026-08-14,2786,7.932721027481948,-0.6482270817237963,0.0,0.0,0.0,0.0
2026-08-15,2468,7.81156848934518,-1.3132701235653097,0.0,0.0,0.0,0.0
2026-08-16,2554,7.845807502637805,-1.1792284151515398,0.0,0.0,0.0,0.0
2026-08-17,2824,7.946263643580541,-0.5421326241449916,0.0,0.0,0.0,0.0
2026-08-18,2688,7.896924656268864,-0.9214191950014788,0.0,0.0,0.0,0.0
2026-08-19,2632,7.87587915949631,-1.086576327666464,0.0,0.0,0.0,0.0
2026-08-20,2598,7.8628820346414905,-1.1640516454110077,0.0,0.0,0.0,0.0
2026-08-21,2590,7.85979918056211,-1.1524351876660734,0.0,0.0,0.0,0.0
2026-08-22,2447,7.803026643632217,-1.6262403027778807,0.0,0.0,0.0,0.0
2026-08-23,2473,7.813591552952433,-1.503784809391594,0.0,0.0,0.0,0.0
2026-08-24,2666,7.888709524182015,-0.7878658564101182,0.0,0.0,0.0,0.0
2026-08-25,2774,7.928406026180535,-0.39704180684510926,0.0,0.0,0.0,0.0
2026-08-26,2757,7.922261058353247,-0.4331715614013548,0.0,0.0,0.0,0.0
2026-08-27,2466,7.810758116529357,-1.4621984062875544,0.0,0.0,0.0,0.0
2026-08-28,2415,7.789868559054706,-1.6054715865013598,0.0,0.0,0.0,0.0
2026-08-29,2503,7.825644732219989,-1.2259914501774687,0.0,0.0,0.0,0.0
2026-08-30,2352,7.763446388727362,-1.7425375311399953,0.0,0.0,0.0,0.0
2026-08-31,2476,7.814803429489359,-1.2287248975634992,0.0,0.0,0.0,0.0
2026-09-01,2523,7.8336002236611035,-1.0183893820478238,0.0,0.0,0.0,0.0
2026-09-02,2867,7.961370201719511,0.15580741171606152,0.15580741171606152,7.774648863733309,7.774648863733309,7.774648863733309
2026-09-03,3004,8.008032846969307,0.5723102839133956,0.5723102839133956,27.859218004975002,20.084569141241694,12.309920277508386
2026-09-04,2988,8.002694162283937,0.5122947201519085,0.5122947201519085,25.068851237068806,-2.790366767906196,-22.87493590914789
2026-09-05,2754,7.9211727215870145,-0.21131312061537583,0.0,0.0,-25.068851237068806,-22.27848446916261
2026-09-06,2573,7.853216388156072,-0.8064666253748756,0.0,0.0,0.0,25.068851237068806
2026-09-07,2927,7.982074875081202,0.3738617748647411,0.3738617748647411,18.478357753144532,18.478357753144532,18.478357753144532
2026-09-08,3044,8.021256180143997,0.7701055771949462,0.7701055771949462,36.70874635224307,18.230388599098536,-0.24796915404599673
