Date,Sample,TSLA_Return,VOO_Return,AR,CAR_5,CAR_Z,Pageviews,Attention_Z,IOC,IOC_Velocity,IOC_Extreme_Threshold,CAR_Positive_Threshold,CAR_Negative_Threshold,Wave_Extreme,Wave_Exhaustion,Positive_Overreaction,Negative_Overreaction,Signal,Trade_Signal
2019-01-03,Train,-0.0314717126651832,-0.0238708029070866,0.0028065956159934,,,7904.0,,,,68.94083239010335,1.1219274012811715,-1.1438643643290174,False,False,False,False,0,
2019-01-04,Train,0.0576973909120706,0.0330069040944605,0.0071082496328377,,,6869.0,,,,68.94083239010335,1.1219274012811715,-1.1438643643290174,False,False,False,False,0,0.0
2019-01-07,Train,0.0543612387169749,0.0075028348042187,0.0418268191939462,,,8013.0,,,,68.94083239010335,1.1219274012811715,-1.1438643643290174,False,False,False,False,0,0.0
2019-01-08,Train,0.001164276402344,0.0097154503156853,-0.0146715953981272,,,7835.0,,,,68.94083239010335,1.1219274012811715,-1.1438643643290174,False,False,False,False,0,0.0
2019-01-09,Train,0.0094826253535007,0.0046201840749691,0.001249420282704,0.0383194893273543,0.4840768074646439,7670.0,,,,68.94083239010335,1.1219274012811715,-1.1438643643290174,False,False,False,False,0,0.0
2019-01-10,Train,0.0190233983895684,0.0041772874405967,0.0114510411229395,0.0469639348343004,0.5932790869511138,7686.0,,,,68.94083239010335,1.1219274012811715,-1.1438643643290174,False,False,False,False,0,0.0
2019-01-11,Train,0.0066383165769237,-0.0004622442657726,0.005988622754929,0.0458443079563917,0.5791352292399736,7321.0,,,,68.94083239010335,1.1219274012811715,-1.1438643643290174,False,False,False,False,0,0.0
2019-01-14,Train,-0.037032804709524,-0.0055069831307299,-0.0301552238972661,-0.0261377351348206,-0.3301889352003536,6970.0,,,,68.94083239010335,1.1219274012811715,-1.1438643643290174,False,False,False,False,0,0.0
2019-01-15,Train,0.0299940272722909,0.0117085060489408,0.0111843092000537,-0.0002818305366396,-0.0035602673422162,7039.0,,,,68.94083239010335,1.1219274012811715,-1.1438643643290174,False,False,False,False,0,0.0
2019-01-16,Train,0.0047034144298458,0.0022143943366506,5.989765756205749e-05,-0.0014713531617816,-0.0185870937664047,6600.0,,,,68.94083239010335,1.1219274012811715,-1.1438643643290174,False,False,False,False,0,0.0
2019-01-17,Train,0.0036410765019605,0.0074621415615974,-0.0088326244742476,-0.0217550187589688,-0.2748236005237541,6788.0,,,,68.94083239010335,1.1219274012811715,-1.1438643643290174,False,False,False,False,0,0.0
2019-01-18,Train,-0.1297111611448507,0.0134478540035232,-0.1511161671178379,-0.1788598086317359,-2.2594738778103047,9558.0,,,,68.94083239010335,1.1219274012811715,-1.1438643643290174,False,False,False,True,0,0.0
2019-01-22,Train,-0.0110501400269367,-0.0133104220028279,0.0074709825134978,-0.1412336022209719,-1.7841550727831643,6708.0,,,,68.94083239010335,1.1219274012811715,-1.1438643643290174,False,False,False,True,0,0.0
2019-01-23,Train,-0.0379030994511778,0.0014900752208868,-0.0414658568317188,-0.1938837682527445,-2.44926634468496,6808.0,,,,68.94083239010335,1.1219274012811715,-1.1438643643290174,False,False,False,True,0,0.0
2019-01-24,Train,0.0136305226452966,0.0009914332882898,0.010811790846909,-0.1831318750633975,-2.313441410150027,6990.0,,,,68.94083239010335,1.1219274012811715,-1.1438643643290174,False,False,False,True,0,0.0
2019-01-25,Train,0.0189702378434495,0.008503248896851,0.0049430965314836,-0.1693561540576662,-2.1394175084218348,6080.0,,,,68.94083239010335,1.1219274012811715,-1.1438643643290174,False,False,False,True,0,0.0
2019-01-28,Train,-0.0022219544588429,-0.0077359164764335,0.0079814265352836,-0.0102585604045446,-0.1295928327069393,7287.0,,,,68.94083239010335,1.1219274012811715,-1.1438643643290174,False,False,False,False,0,0.0
2019-01-29,Train,0.0036439960027925,-0.0012372315484004,0.0041506637429224,-0.0135788791751199,-0.1715372672085151,7046.0,,,,68.94083239010335,1.1219274012811715,-1.1438643643290174,False,False,False,False,0,0.0
2019-01-30,Train,0.038021902704256,0.0158178533826516,0.0130806113679908,0.0409675890245897,0.5175293317489572,7423.0,,,,68.94083239010335,1.1219274012811715,-1.1438643643290174,False,False,False,False,0,0.0
2019-01-31,Train,-0.0056676550879729,0.0083345639820358,-0.0194431009773491,0.0107126972003314,0.1353297852111518,8036.0,,,,68.94083239010335,1.1219274012811715,-1.1438643643290174,False,False,False,False,0,0.0
2019-02-01,Train,0.0169043754677398,0.0008469496817613,0.0143012282249855,0.0200708288938333,0.2535478145623496,7070.0,,,,68.94083239010335,1.1219274012811715,-1.1438643643290174,False,False,False,False,0,0.0
2019-02-04,Train,0.0021780467041099,0.0071307592216534,-0.0098011973837493,0.0022882049748003,0.0289060991800687,6734.0,,,,68.94083239010335,1.1219274012811715,-1.1438643643290174,False,False,False,False,0,0.0
2019-02-05,Train,0.027038217137097,0.0044401005382372,0.0190737154173309,0.0172112566492088,0.2174238309918223,7004.0,,,,68.94083239010335,1.1219274012811715,-1.1438643643290174,False,False,False,False,0,0.0
2019-02-06,Train,-0.0128519454600944,-0.0012348571452757,-0.0123488205761739,-0.008218175294956,-0.1038173558624977,7123.0,,,,68.94083239010335,1.1219274012811715,-1.1438643643290174,False,False,False,False,0,0.0
2019-02-07,Train,-0.0306096615845224,-0.0098087094220327,-0.0173134581115462,-0.0060885324291531,-0.0769143167663629,6992.0,,,,68.94083239010335,1.1219274012811715,-1.1438643643290174,False,False,False,False,0,0.0
2019-02-08,Train,-0.0055608101557703,0.0012885980608077,-0.0088229426760277,-0.0292127033301664,-0.3690339410495235,6589.0,,,,68.94083239010335,1.1219274012811715,-1.1438643643290174,False,False,False,False,0,0.0
2019-02-11,Train,0.0230215975416534,0.0005227589373302,0.0209021765793944,0.0014906706329773,0.0188311246746669,7067.0,,,,68.94083239010335,1.1219274012811715,-1.1438643643290174,False,False,False,False,0,0.0
2019-02-12,Train,-0.0032924991616025,0.0129433575917503,-0.0239447440611102,-0.0415277888454638,-0.5246061416332011,6884.0,,,,68.94083239010335,1.1219274012811715,-1.1438643643290174,False,False,False,False,0,0.0
2019-02-13,Train,-0.0116737558366715,0.0030155435311107,-0.0175126704622718,-0.0466916387315616,-0.5898392648028383,7033.0,,,,68.94083239010335,1.1219274012811715,-1.1438643643290174,False,False,False,False,0,0.0
2019-02-14,Train,-0.0142778203084078,-0.0022151848944247,-0.0123119445473939,-0.0416901251674093,-0.5266568800392276,6254.0,,,,68.94083239010335,1.1219274012811715,-1.1438643643290174,False,False,False,False,0,0.0
2019-02-15,Train,0.0135299816878331,0.0110230307802059,-0.004256936049069,-0.0371241185404506,-0.4689761032428953,5708.0,,,,68.94083239010335,1.1219274012811715,-1.1438643643290174,False,False,False,False,0,0.0
2019-02-19,Train,-0.0072755921141034,0.0017255112130329,-0.0111896444613635,-0.0692159395812086,-0.874380938950015,6852.0,,,,68.94083239010335,1.1219274012811715,-1.1438643643290174,False,False,False,False,0,0.0
2019-02-20,Train,-0.0100771401601738,0.0023100289590829,-0.0148633537274477,-0.060134549247546,-0.7596588871370359,7217.0,,,,68.94083239010335,1.1219274012811715,-1.1438643643290174,False,False,False,False,0,0.0
2019-02-21,Train,-0.0374471915008256,-0.0036327175579674,-0.0333662096962405,-0.0759880884815147,-0.959931145304024,6643.0,,,,68.94083239010335,1.1219274012811715,-1.1438643643290174,False,False,False,False,0,0.0
2019-02-22,Train,0.0119493368159819,0.0059978448804487,0.0016605186573156,-0.0620156252768052,-0.7834218676679905,6502.0,,,,68.94083239010335,1.1219274012811715,-1.1438643643290174,False,False,False,False,0,0.0
2019-02-25,Train,0.0137762270551946,0.0014809522289032,0.0102270821267518,-0.0475316071009843,-0.6004502936494868,7095.0,,,,68.94083239010335,1.1219274012811715,-1.1438643643290174,False,False,False,False,0,0.0
2019-02-26,Train,-0.0030458399535449,-0.0007393144252757,-0.0032821163045138,-0.0396240789441346,-0.5005572352529054,8310.0,,,,68.94083239010335,1.1219274012811715,-1.1438643643290174,False,False,False,False,0,0.0
2019-02-27,Train,0.0566710412228035,-0.0005063017716089,0.0560870857779592,0.0313263605612723,0.3957350391713594,7221.0,,,,68.94083239010335,1.1219274012811715,-1.1438643643290174,False,False,False,False,0,0.0
2019-02-28,Train,0.0163308460051807,-0.0023376477492151,0.0184794490718448,0.0831720193293577,1.0506832500662375,7500.0,,,,68.94083239010335,1.1219274012811715,-1.1438643643290174,False,False,False,False,0,0.0
2019-03-01,Train,-0.0784356604323053,0.0068731358689932,-0.0900305037058548,-0.0085190030338127,-0.1076176082661381,11218.0,,,,68.94083239010335,1.1219274012811715,-1.1438643643290174,False,False,False,False,0,0.0
2019-03-04,Train,-0.0319888365849134,-0.0038397021102803,-0.0275990123185053,-0.0463450974790699,-0.5854615294492193,10543.0,3.214845561183344,92.27782715265488,16.801171902989125,68.94083239010335,1.1219274012811715,-1.1438643643290174,True,False,False,False,0,0.0
2019-03-05,Train,-0.0309082915624587,-0.0011678166080767,-0.0305051981268714,-0.0735681793014275,-0.9293612726148596,9009.0,1.828917314484012,72.32653953042103,-19.95128762223385,68.94083239010335,1.1219274012811715,-1.1438643643290174,True,True,False,False,0,0.0
2019-03-06,Train,-0.0010848588017886,-0.0063929492539064,0.00711467553558,-0.1225405895438067,-1.548012732227526,9042.0,1.774237719584504,70.99677632935317,-1.3297632010678626,68.94083239010335,1.1219274012811715,-1.1438643643290174,True,True,False,True,1,0.0
2019-03-07,Train,0.001266974118224,-0.0080423167133614,0.0119275361068669,-0.1290925025087846,-1.6307807744573752,8428.0,1.217903883005317,54.33889228473353,-16.657884044619635,68.94083239010335,1.1219274012811715,-1.1438643643290174,False,True,False,True,1,1.0
2019-03-08,Train,0.0272967599449744,-0.0020171177736725,0.0289670989787508,-0.0100948998241789,-0.1275253654039581,7831.0,0.6839554572413721,32.924188386402285,-21.414703898331247,68.94083239010335,1.1219274012811715,-1.1438643643290174,False,False,False,False,0,1.0
2019-03-11,Train,0.0238614585860037,0.0145834561737534,0.000762016163599,0.0182661286579255,0.2307496629177418,8775.0,1.4787888592736491,62.87791507104477,43.63483416587453,68.94083239010335,1.1219274012811715,-1.1438643643290174,False,False,False,False,0,0.0
2019-03-12,Train,-0.0259865105501941,0.0035543747291302,-0.0326294173184145,0.0161419094663824,0.2039151392159014,7690.0,0.5600194015214619,27.291405881476223,-35.586509189568545,68.94083239010335,1.1219274012811715,-1.1438643643290174,False,False,False,False,0,0.0
2019-03-13,Train,0.0197628266938607,0.0068115013604188,0.0082599485121437,0.0172871824429461,0.2183829751892462,7474.0,0.3634676411418099,17.975918451170664,-9.315487430305565,68.94083239010335,1.1219274012811715,-1.1438643643290174,False,False,False,False,0,0.0
2019-03-14,Train,0.0034607328163371,-0.0003480914476589,0.0026407111269904,0.0080003574630696,0.1010657387997628,8275.0,1.0275071743630833,47.28646484909175,29.310546397921087,68.94083239010335,1.1219274012811715,-1.1438643643290174,False,False,False,False,0,0.0
2019-03-15,Train,-0.0501104260482926,0.0048725908248052,-0.0587202482198779,-0.0796869897355592,-1.0066580809082155,13958.0,4.467535289222018,97.730925912731,50.444461063639245,68.94083239010335,1.1219274012811715,-1.1438643643290174,True,False,False,False,0,0.0
2019-03-18,Train,-0.0215662737707043,0.0035789688250269,-0.0282458774858135,-0.1086948833849718,-1.3731047323529593,9929.0,1.6699162192518686,68.31293013736797,5.605588861974667,68.94083239010335,1.1219274012811715,-1.1438643643290174,False,True,False,True,1,0.0
2019-03-19,Train,-0.0074956276213304,0.000306769657661,-0.0092927701327825,-0.0853582361993398,-1.0783009689195735,8852.0,0.990753822278902,45.84735812969626,-22.46557200767171,68.94083239010335,1.1219274012811715,-1.1438643643290174,False,False,False,False,0,1.0
2019-03-20,Train,0.0229184552294348,-0.0035649146841287,0.0268982681001985,-0.0667199166112851,-0.8428495471739645,7814.0,0.3373270250730217,16.70821592089227,-29.139142208803992,68.94083239010335,1.1219274012811715,-1.1438643643290174,False,False,False,False,0,0.0
2019-03-21,Train,0.0015350810461096,0.0114321061661055,-0.0168622196775451,-0.0862228474158207,-1.0892233022992468,7378.0,0.0256012144128061,1.279990810206779,-15.428225110685489,68.94083239010335,1.1219274012811715,-1.1438643643290174,False,False,False,False,0,0.0
2019-03-22,Train,-0.0346325571304071,-0.0190107816066608,-0.0076059056814087,-0.0351085048773515,-0.4435135554834544,6959.0,-0.2999600660929546,0.0,-1.279990810206779,68.94083239010335,1.1219274012811715,-1.1438643643290174,False,False,False,False,0,0.0
2019-03-25,Train,-0.0155368925760597,-0.0008966760178147,-0.0155383690779914,-0.0224009964695293,-0.2829840127137521,7432.0,0.0535093652848962,2.6748300686155315,2.6748300686155315,68.94083239010335,1.1219274012811715,-1.1438643643290174,False,False,False,False,0,0.0
2019-03-26,Train,0.0282236247188771,0.0072200268798516,0.016111184008318,0.0030029576715712,0.037935321898144,7077.0,-0.2150474773968985,0.0,-2.6748300686155315,68.94083239010335,1.1219274012811715,-1.1438643643290174,False,False,False,False,0,0.0
2019-03-27,Train,0.0263659228740795,-0.0046496808681869,0.0319643196200316,0.0080690091914044,0.1019329922538822,7002.0,-0.2884464599034258,0.0,0.0,68.94083239010335,1.1219274012811715,-1.1438643643290174,False,False,False,False,0,0.0
2019-03-28,Train,0.0137903321932477,0.0038928455542424,0.0066423917801743,0.0315736206491238,0.3988585900339007,6852.0,-0.4408788236614982,0.0,0.0,68.94083239010335,1.1219274012811715,-1.1438643643290174,False,False,False,False,0,0.0
2019-03-29,Train,0.0044504914783884,0.0064370942031648,-0.0064937323164269,0.0326857940141056,0.412908290103449,6158.0,-1.048961160262892,0.0,0.0,68.94083239010335,1.1219274012811715,-1.1438643643290174,False,False,False,False,0,0.0
2019-04-01,Train,0.0333024051975625,0.0115201616785525,0.0147737164986346,0.0629978795907317,0.7958303454622,7359.0,-5.6290163831894175e-05,0.0,0.0,68.94083239010335,1.1219274012811715,-1.1438643643290174,False,False,False,False,0,0.0
2019-04-02,Train,-0.0114116404193528,0.0003428199446671,-0.0132625737053528,0.0336241218770608,0.4247618602899972,7148.0,-0.1498113714974714,0.0,0.0,68.94083239010335,1.1219274012811715,-1.1438643643290174,False,False,False,False,0,0.0
2019-04-03,Train,0.0207430173244611,0.00186591104236,0.0166194738415373,0.0182792760985665,0.2309157499717079,6656.0,-0.5374945726198933,0.0,0.0,68.94083239010335,1.1219274012811715,-1.1438643643290174,False,False,False,False,0,0.0
2019-04-04,Train,-0.0823481623950352,0.0023945141713375,-0.0872604366786707,-0.0756235523602784,-0.9553260870198136,8829.0,0.9928897460502846,45.93166465912512,45.93166465912512,68.94083239010335,1.1219274012811715,-1.1438643643290174,False,False,False,False,0,0.0
2019-04-05,Train,0.0268131431839582,0.0048155262249671,0.0182884673254672,-0.0508413527183841,-0.6422611611770793,7090.0,-0.2431658437813081,0.0,-45.93166465912512,68.94083239010335,1.1219274012811715,-1.1438643643290174,False,False,False,False,0,0.0
2019-04-08,Train,-0.0064009870820075,0.0008677464045061,-0.0090351651962862,-0.074650234413305,-0.9430304992473904,7101.0,-0.2123005994935581,0.0,0.0,68.94083239010335,1.1219274012811715,-1.1438643643290174,False,False,False,False,0,0.0
2019-04-09,Train,-0.0032577124047756,-0.005316034152793,0.0033349526890403,-0.0580527080189118,-0.7333597095306649,7055.0,-0.2489425081664074,0.0,0.0,68.94083239010335,1.1219274012811715,-1.1438643643290174,False,False,False,False,0,0.0
2019-04-10,Train,0.0137710702459905,0.003449361055112,0.0072848547923945,-0.0673873270680547,-0.8512807118072292,6469.0,-0.7263585992231149,0.0,0.0,68.94083239010335,1.1219274012811715,-1.1438643643290174,False,False,False,False,0,0.0
2019-04-11,Train,-0.0276751073375923,-0.0001887153500331,-0.0287329347269125,-0.0088598251162965,-0.1119230953302478,6716.0,-0.536655518668854,0.0,0.0,68.94083239010335,1.1219274012811715,-1.1438643643290174,False,False,False,False,0,0.0
2019-04-12,Train,-0.0026823822188948,0.006762513864116,-0.0141121659653622,-0.041260458407126,-0.5212290489996549,6947.0,-0.3607622089180168,0.0,0.0,68.94083239010335,1.1219274012811715,-1.1438643643290174,False,False,False,False,0,0.0
2019-04-15,Train,-0.0049308561170477,-0.0006756044491386,-0.0052621943731347,-0.0374874875839746,-0.4735664182394736,6689.0,-0.54187678893918,0.0,0.0,68.94083239010335,1.1219274012811715,-1.1438643643290174,False,False,False,False,0,0.0
2019-04-16,Train,0.0262032020085372,0.000713570369957,0.0237990705597327,-0.0170233697132823,-0.2150503205483342,6675.0,-0.5619000240434434,0.0,0.0,68.94083239010335,1.1219274012811715,-1.1438643643290174,False,False,False,False,0,0.0
2019-04-17,Train,-0.0077919332260554,-0.0024392359367669,-0.0054917500265503,-0.0297999745322271,-0.37645273429546,7128.0,-0.2207508134892014,0.0,0.0,68.94083239010335,1.1219274012811715,-1.1438643643290174,False,False,False,False,0,0.0
2019-04-18,Train,0.0074843547208405,0.0018810121327719,0.0033382788417214,0.0022712390364067,0.0286917743694464,6131.0,-1.0939598755779425,0.0,0.0,68.94083239010335,1.1219274012811715,-1.1438643643290174,False,False,False,False,0,0.0
2019-04-22,Train,-0.038461526380808,0.0009761158180745,-0.0412574029218474,-0.0248739979200784,-0.3142245816266226,8220.0,0.5736254028463956,27.91985927802993,27.91985927802993,68.94083239010335,1.1219274012811715,-1.1438643643290174,False,False,False,False,0,0.0
2019-04-23,Train,0.004376739071872,0.0086273109713552,-0.0098355157477473,-0.0294473192946909,-0.3719977630910195,9407.0,1.3001044476159296,57.17051217609696,29.250652898067035,68.94083239010335,1.1219274012811715,-1.1438643643290174,False,False,False,False,0,0.0
2019-04-24,Train,-0.0198559774622063,-0.0019712993320859,-0.0182540043047157,-0.0715003941591393,-0.9032396606682428,9150.0,1.102944854915744,50.16229519174688,-7.008216984350085,68.94083239010335,1.1219274012811715,-1.1438643643290174,False,False,False,False,0,0.0
2019-04-25,Train,-0.0426428039397303,-0.0003725161461772,-0.0434263814406803,-0.1094350255732694,-1.3824546917044584,9578.0,1.3169890662198804,57.736065886116194,7.5737706943693155,68.94083239010335,1.1219274012811715,-1.1438643643290174,False,False,False,True,0,0.0
2019-04-26,Train,-0.0504381941414828,0.0045849586289448,-0.0586188391861936,-0.1713921436011844,-2.1651374576058684,7658.0,0.0510256493152676,2.5507290630049777,-55.185336823111214,68.94083239010335,1.1219274012811715,-1.1438643643290174,False,False,False,True,0,0.0
2019-04-29,Train,0.0269201289224618,0.0012614338791767,0.0236985281840913,-0.1064362124952456,-1.344571727017956,6956.0,-0.4546396653709587,0.0,0.0,68.94083239010335,1.1219274012811715,-1.1438643643290174,False,False,False,True,0,0.0
2019-04-30,Train,-0.0115127533356682,0.0006302381797493,-0.013792544496827,-0.1103932412443252,-1.394559497667418,6709.0,-0.6435265757022818,0.0,0.0,68.94083239010335,1.1219274012811715,-1.1438643643290174,False,False,False,True,0,0.0
2019-05-01,Train,-0.0196070381713234,-0.0072959818187556,-0.0100600854043287,-0.1021993223439383,-1.2910485644177925,7136.0,-0.2718276312380033,0.0,0.0,68.94083239010335,1.1219274012811715,-1.1438643643290174,False,False,False,True,0,0.0
2019-05-02,Train,0.0431177459281835,-0.0019774971306705,0.0447289668452356,-0.0140439740580223,-0.1774126494235592,7564.0,0.0815877724651515,4.07712723572256,4.07712723572256,68.94083239010335,1.1219274012811715,-1.1438643643290174,False,False,False,False,0,0.0
2019-05-03,Train,0.0447768278931113,0.0094950678712502,0.0292697896018141,0.0738446547299854,0.9328538907355088,7355.0,-0.0633060505201915,0.0,-4.07712723572256,68.94083239010335,1.1219274012811715,-1.1438643643290174,False,False,False,False,0,0.0
2019-05-06,Train,0.0012155112018303,-0.0039626087383541,0.0057887249297441,0.0559348514756382,0.706605562955853,6777.0,-0.4538606854782113,0.0,0.0,68.94083239010335,1.1219274012811715,-1.1438643643290174,False,False,False,False,0,0.0
2019-05-07,Train,-0.032427353951582,-0.0162091200246488,-0.0095810727307694,0.0601463232416958,0.7598076239182189,6558.0,-0.633471569167147,0.0,0.0,68.94083239010335,1.1219274012811715,-1.1438643643290174,False,False,False,False,0,0.0
2019-05-08,Train,-0.0089857149193207,-0.0019649857004695,-0.0073931623563125,0.0628132462897121,0.79349793705911,7211.0,-0.0390447273507496,0.0,0.0,68.94083239010335,1.1219274012811715,-1.1438643643290174,False,False,False,False,0,0.0
2019-05-09,Train,-0.0116810695486608,-0.0030672951941169,-0.0084437566694616,0.0096405227750148,0.1217853778622253,7081.0,-0.1519761969924566,0.0,0.0,68.94083239010335,1.1219274012811715,-1.1438643643290174,False,False,False,False,0,0.0
2019-05-10,Train,-0.0101661020211605,0.0046718114297852,-0.0184763404704419,-0.0381056072972413,-0.4813749100195432,7223.0,-0.0260582224906188,0.0,0.0,68.94083239010335,1.1219274012811715,-1.1438643643290174,False,False,False,False,0,0.0
2019-05-13,Train,-0.0522294943603137,-0.0245347158109341,-0.0169605590329685,-0.060854891259954,-0.7687587177394287,6983.0,-0.1920679497933204,0.0,0.0,68.94083239010335,1.1219274012811715,-1.1438643643290174,False,False,False,False,0,0.0
2019-05-14,Train,0.0233469986323777,0.0086809212957943,0.0090547516375265,-0.042219066891658,-0.5333388172389075,6783.0,-0.3549694144239305,0.0,0.0,68.94083239010335,1.1219274012811715,-1.1438643643290174,False,False,False,False,0,0.0
2019-05-15,Train,-0.0015496643215006,0.0059170528062972,-0.011717932309645,-0.0465438368449906,-0.587972134873801,6735.0,-0.3846022609266263,0.0,0.0,68.94083239010335,1.1219274012811715,-1.1438643643290174,False,False,False,False,0,0.0
2019-05-16,Train,-0.0156067909670861,0.0091668730544534,-0.0306241284858164,-0.0687242086613454,-0.86816907292577,6840.0,-0.2336439380684783,0.0,0.0,68.94083239010335,1.1219274012811715,-1.1438643643290174,False,False,False,False,0,0.0
2019-05-17,Train,-0.075767487913359,-0.0060559085753156,-0.068070853293613,-0.1183187214845165,-1.4946793385014454,6664.0,-0.418492109625127,0.0,0.0,68.94083239010335,1.1219274012811715,-1.1438643643290174,False,False,False,True,0,0.0
2019-05-20,Train,-0.0268682348039769,-0.0068159486799158,-0.0180375413650297,-0.1193957038165778,-1.508284482467387,7247.0,0.4768515725765479,23.400828875758812,23.400828875758812,68.94083239010335,1.1219274012811715,-1.1438643643290174,False,False,False,True,0,0.0
2019-05-21,Train,-0.0013634997375607,0.0084729086446384,-0.0153453702402756,-0.14379582569438,-1.816522752540654,7920.0,1.3069670183113458,57.401037144017245,34.00020826825843,68.94083239010335,1.1219274012811715,-1.1438643643290174,False,False,False,True,0,0.0
2019-05-22,Train,-0.060220362104671,-0.0027368925573475,-0.0574760442948738,-0.1895539376796087,-2.3945690979967016,8295.0,1.6936545314840916,68.94083239010335,11.539795246086108,68.94083239010335,1.1219274012811715,-1.1438643643290174,True,False,False,True,0,0.0
2019-05-23,Train,0.0143205527223582,-0.01170411854202,0.0304449035726977,-0.1284849056210946,-1.6231052138802018,7438.0,0.640464324430462,30.971682846975657,-37.9691495431277,68.94083239010335,1.1219274012811715,-1.1438643643290174,False,True,False,True,1,0.0
2019-05-24,Train,-0.0248606332535766,0.0017361162479874,-0.0287905094150607,-0.0892045617425423,-1.126890264395754,7384.0,0.557580887390617,27.178523949792535,-3.793158897183119,68.94083239010335,1.1219274012811715,-1.1438643643290174,False,False,False,False,0,1.0
2019-05-28,Train,-0.0101243411096335,-0.0089723947974484,0.0019239940339002,-0.0692430263436122,-0.8747231166172817,6896.0,-0.0199013588273456,0.0,0.0,68.94083239010335,1.1219274012811715,-1.1438643643290174,False,False,False,False,0,0.0
2019-05-29,Train,0.0061473331308734,-0.0068772333539625,0.0150694696721829,-0.0388281864311536,-0.4905030014013643,7328.0,0.5063037858819395,24.787919336255595,24.787919336255595,68.94083239010335,1.1219274012811715,-1.1438643643290174,False,False,False,False,0,0.0
2019-05-30,Train,-0.0086379204133519,0.0027774789651668,-0.0141216179669663,0.0045262398967538,0.0571784174972198,6482.0,-0.6457215009649098,0.0,-24.787919336255595,68.94083239010335,1.1219274012811715,-1.1438643643290174,False,False,False,False,0,0.0
2019-05-31,Train,-0.0162576081897425,-0.0133826543709905,0.0023712925503564,-0.0235473711255874,-0.2974657658217416,6176.0,-1.100741560526121,0.0,0.0,68.94083239010335,1.1219274012811715,-1.1438643643290174,False,False,False,False,0,0.0
2019-06-03,Train,-0.0334305961654318,-0.0029661024946754,-0.030344273309714,-0.0251011350202407,-0.3170939257706448,6750.0,-0.1711648013661387,0.0,0.0,68.94083239010335,1.1219274012811715,-1.1438643643290174,False,False,False,False,0,0.0
2019-06-04,Train,0.0817456189634182,0.0220135225895503,0.0475597453183908,0.0205346162642498,0.2594066794260153,6702.0,-0.2018241576472174,0.0,0.0,68.94083239010335,1.1219274012811715,-1.1438643643290174,False,False,False,False,0,0.0
2019-06-05,Train,0.0154442037352753,0.008460525562868,0.001480810077408,0.0069459566694749,0.087745859570914,6141.0,-0.9705517871745644,0.0,0.0,68.94083239010335,1.1219274012811715,-1.1438643643290174,False,False,False,False,0,0.0
2019-06-06,Train,0.0476117502048552,0.0065036788144983,0.0365681752504775,0.0576357498869187,0.7280924221809469,5922.0,-1.3091285924082408,0.0,0.0,68.94083239010335,1.1219274012811715,-1.1438643643290174,False,False,False,False,0,0.0
2019-06-07,Train,-0.0070405199768728,0.0099792786487964,-0.0232700510673064,0.0319944062692559,0.404174228712706,5901.0,-1.3101991449740606,0.0,0.0,68.94083239010335,1.1219274012811715,-1.1438643643290174,False,False,False,False,0,0.0
2019-06-10,Train,0.0409780333593881,0.0046946087660402,0.0326337789153219,0.0949724584942919,1.1997541019464155,5575.0,-1.587012880228848,0.0,0.0,68.94083239010335,1.1219274012811715,-1.1438643643290174,False,False,True,False,0,0.0
2019-06-11,Train,0.0198233485028382,-0.0001885100340326,0.0187652147607089,0.06617792793661,0.8360027923783204,5881.0,-1.1021068049381773,0.0,0.0,68.94083239010335,1.1219274012811715,-1.1438643643290174,False,False,False,False,0,0.0
2019-06-12,Train,-0.036112342922131,-0.0018845564020442,-0.0346397992305617,0.0300573186286402,0.3797036729378644,6955.0,0.2604766322946152,12.950690993319231,12.950690993319231,68.94083239010335,1.1219274012811715,-1.1438643643290174,False,False,False,False,0,0.0
2019-06-13,Train,0.0222211208589357,0.0044556313650496,0.0142334455316067,0.0077225889097694,0.0975567850831053,6594.0,-0.1810269854911838,0.0,-12.950690993319231,68.94083239010335,1.1219274012811715,-1.1438643643290174,False,False,False,False,0,0.0
2019-06-14,Train,0.0047216039864665,-0.0015037401274603,0.0056259302220447,0.0366185701991206,0.4625896865294714,6320.0,-0.5215900872196084,0.0,0.0,68.94083239010335,1.1219274012811715,-1.1438643643290174,False,False,False,False,0,0.0
2019-06-17,Train,0.047040744217401,0.000903551522202,0.0443531411466631,0.0483379324304618,0.6106363216504579,7825.0,1.1946499729414364,53.51433529072553,37.86255639127136,68.94083239010335,1.1219274012811715,-1.1438643643290174,False,False,False,False,0,0.0
2019-06-18,Train,-0.0012886872369679,0.0099678579873401,-0.017501177513677,0.0120715401560757,0.1524955765984857,6562.0,-0.2203508065352681,0.0,-53.51433529072553,68.94083239010335,1.1219274012811715,-1.1438643643290174,False,False,False,False,0,0.0
2019-06-19,Train,0.0075197646918789,0.0026440880721099,0.0022351002126468,0.0489464395992844,0.6183233814932082,6909.0,0.1663458895380458,8.298168441981952,8.298168441981952,68.94083239010335,1.1219274012811715,-1.1438643643290174,False,False,False,False,0,0.0
2019-06-20,Train,-0.0300755518300919,0.009323387542427,-0.045326425229817,-0.0106134311621393,-0.1340757918072412,6519.0,-0.3135378302323192,0.0,-8.298168441981952,68.94083239010335,1.1219274012811715,-1.1438643643290174,False,False,False,False,0,0.0
2019-06-21,Train,0.0101994782625687,-0.0011777504959255,0.010617394091153,-0.005621967293031,-0.0710203613527385,5625.0,-1.492212229030637,0.0,0.0,68.94083239010335,1.1219274012811715,-1.1438643643290174,False,False,False,False,0,0.0
2019-06-24,Train,0.0080230764598263,-0.0012895481098853,0.0086078059464129,-0.0413673024932811,-0.5225787732530394,6794.0,0.2100111304527578,10.462132346337372,10.462132346337372,68.94083239010335,1.1219274012811715,-1.1438643643290174,False,False,False,False,0,0.0
2019-06-25,Train,-0.017349269383082,-0.0098871224484264,-0.0039360655260682,-0.0278021905056724,-0.3512154221455784,8663.0,2.608451738075265,86.28070846903545,75.81857612269808,68.94083239010335,1.1219274012811715,-1.1438643643290174,True,False,False,False,0,0.0
2019-06-26,Train,-0.0022297387285711,-0.0009688233115631,-0.0021235639707052,-0.0321608546890245,-0.4062769138231681,7116.0,0.6819119842208091,32.83305975760999,-53.44764871142546,68.94083239010335,1.1219274012811715,-1.1438643643290174,False,True,False,False,0,0.0
2019-06-27,Train,0.0162812912559717,0.0035093030543207,0.0097056361104019,0.0228712066511944,0.2889240147224769,5984.0,-0.9164871706501306,0.0,-32.83305975760999,68.94083239010335,1.1219274012811715,-1.1438643643290174,False,False,False,False,0,0.0
2019-06-28,Train,0.0027822562396304,0.0055288565551496,-0.0068067826005648,0.0054470299594765,0.0688104387410356,6198.0,-0.5716588820745456,0.0,0.0,68.94083239010335,1.1219274012811715,-1.1438643643290174,False,False,False,False,0,0.0
2019-07-01,Train,0.0166025371253772,0.0085085197659211,0.0025675311290117,-0.0005932448579246,-0.0074942563669293,5836.0,-0.988293322307077,0.0,0.0,68.94083239010335,1.1219274012811715,-1.1438643643290174,False,False,False,False,0,0.0
2019-07-02,Train,-0.0115331957123824,0.0029102015044661,-0.0172149290871174,-0.0138721084189738,-0.1752415304623246,6237.0,-0.3736262633511484,0.0,0.0,68.94083239010335,1.1219274012811715,-1.1438643643290174,False,False,False,False,0,0.0
2019-07-03,Train,0.0460921555160565,0.0076774714500804,0.0332971599692147,0.0215486155209461,0.2722161800631407,7601.0,1.397810552595609,60.36724528836006,60.36724528836006,68.94083239010335,1.1219274012811715,-1.1438643643290174,False,False,False,False,0,0.0
2019-07-05,Train,-0.007662828015858,-0.0012760111207441,-0.0070982971238299,0.0047446822867142,0.0599379243853105,6785.0,0.3518718691478665,17.414285718253748,1.8681172988723045,68.94083239010335,1.1219274012811715,-1.1438643643290174,False,False,False,False,0,0.0
2019-07-08,Train,-0.0118404128513812,-0.0050004540015361,-0.0057186261382342,0.0058328387490447,0.0736842272602543,7175.0,0.848985588464283,40.07086064371763,0.4734540389595878,68.94083239010335,1.1219274012811715,-1.1438643643290174,False,False,False,False,0,0.0
2019-07-09,Train,-0.0012156304463569,0.0012473605869884,-0.0044162323702902,-0.0011509247502572,-0.0145392328686081,6281.0,-0.3109704356262005,0.0,-40.07086064371763,68.94083239010335,1.1219274012811715,-1.1438643643290174,False,False,False,False,0,0.0
2019-07-10,Train,0.0385117631063949,0.0046528876594567,0.0302297608889961,0.0462937652258563,0.5848130669124848,7071.0,0.7438064087858505,35.56553032746692,35.56553032746692,68.94083239010335,1.1219274012811715,-1.1438643643290174,False,False,False,False,0,0.0
2019-07-11,Train,-0.0013393830898483,0.0020058146671773,-0.0056716773197419,0.0073249279368997,0.0925332720462904,6224.0,-0.3806369226107674,0.0,-35.56553032746692,68.94083239010335,1.1219274012811715,-1.1438643643290174,False,False,False,False,0,0.0
2019-07-12,Train,0.0271584340611854,0.0049133730323456,0.0184877605978752,0.0329109856586049,0.4157530579813729,6758.0,0.3555019034380025,17.590227456411764,17.590227456411764,68.94083239010335,1.1219274012811715,-1.1438643643290174,False,False,False,False,0,0.0
2019-07-15,Train,0.0343560894855305,0.0002535232079676,0.032638396210376,0.0712680080072152,0.9003040070753298,6480.0,0.0209591194716976,1.047917612685517,-4.931821002438012,68.94083239010335,1.1219274012811715,-1.1438643643290174,False,False,False,False,0,0.0
2019-07-16,Train,-0.0044181644150359,-0.0032588631887162,-0.0008950121802065,0.074789228197299,0.9447863594739828,6812.0,0.4644830742761677,22.81542912686897,21.767511514183457,68.94083239010335,1.1219274012811715,-1.1438643643290174,False,False,False,False,0,0.0
2019-07-17,Train,0.0098265338974212,-0.0067566098307921,0.0185686876070006,0.0631281549153035,0.7974760684172055,7587.0,1.399062317465406,60.4070100677824,37.59158094091342,68.94083239010335,1.1219274012811715,-1.1438643643290174,False,False,False,False,0,0.0
2019-07-18,Train,-0.005179387568684,0.003657489586422,-0.0119761524196486,0.0568236798153967,0.7178338228478044,7507.0,1.2569818446373358,55.70122232494336,-4.705787742839036,68.94083239010335,1.1219274012811715,-1.1438643643290174,False,False,False,False,0,0.0
2019-07-19,Train,0.0183008881313357,-0.005356588699881,0.0249540648238235,0.063289984041345,0.7995203995934315,6936.0,0.5403784945049063,26.38009216218205,-29.321130162761307,68.94083239010335,1.1219274012811715,-1.1438643643290174,False,False,False,False,0,0.0
2019-07-22,Train,-0.0096831299046048,0.0024177151498407,-0.0146300224592058,0.0160215653717631,0.2023948740416229,7636.0,1.5136463001592462,63.920191958562576,31.557383090739947,68.94083239010335,1.1219274012811715,-1.1438643643290174,False,False,False,False,0,0.0
2019-07-23,Train,0.0175610272468562,0.0068707331002804,0.0059697691539213,0.022886346705891,0.2891152737781438,6983.0,0.6913809825319704,33.25481254973744,-30.66537940882514,68.94083239010335,1.1219274012811715,-1.1438643643290174,False,False,False,False,0,0.0
2019-07-24,Train,0.0181034993728006,0.0046101293459637,0.0098852970025643,0.0142029561014547,0.1794210143934453,7558.0,1.4282858009908332,61.32681663674335,28.072004087005915,68.94083239010335,1.1219274012811715,-1.1438643643290174,False,False,False,False,0,0.0
2019-07-25,Train,-0.13613708110635,-0.0048775000289507,-0.1301987544976401,-0.1040196459765366,-1.3140440810097014,10557.0,4.387742604299308,97.54476467768792,36.21794804094456,68.94083239010335,1.1219274012811715,-1.1438643643290174,True,False,False,True,0,0.0
2019-07-26,Train,-0.0034087958009657,0.0071529566432546,-0.0154211607486034,-0.1443948715489636,-1.824090290884772,8406.0,1.968581823332427,75.49174108920882,-22.053023588479093,68.94083239010335,1.1219274012811715,-1.1438643643290174,True,True,False,True,1,0.0
2019-07-29,Train,0.0338975501895972,-0.0018024837521838,0.0352476329586099,-0.0945172161311478,-1.1940031831935356,7537.0,1.0257084341567828,47.21660815219899,0.4565060228353275,68.94083239010335,1.1219274012811715,-1.1438643643290174,False,True,False,True,1,1.0
2019-07-30,Train,0.0275268333899827,-0.0024199616057011,0.0297982572845549,-0.0706887280005142,-0.8929861638265232,7249.0,0.7077263479985361,33.97971426553468,-13.236893886664305,68.94083239010335,1.1219274012811715,-1.1438643643290174,False,False,False,False,0,1.0
2019-07-31,Train,-0.0026831684676686,-0.0113319686020115,0.012885895998469,-0.0676881290046095,-0.8550806382593471,6501.0,-0.1239572885461932,0.0,-33.97971426553468,68.94083239010335,1.1219274012811715,-1.1438643643290174,False,False,False,False,0,0.0
2019-08-01,Train,-0.03211780012057,-0.0083858818374634,-0.0209446032635832,0.0415660222294473,0.5250891307017455,6155.0,-0.5740313607407193,0.0,0.0,68.94083239010335,1.1219274012811715,-1.1438643643290174,False,False,False,False,0,0.0
2019-08-02,Train,0.0020953918995798,-0.0073120052111594,0.0116662532331871,0.0686534362112378,0.867275029129626,6144.0,-0.5977639033307716,0.0,0.0,68.94083239010335,1.1219274012811715,-1.1438643643290174,False,False,False,False,0,0.0
2019-08-05,Train,-0.0256892600054915,-0.0295004246455803,0.0169890289381053,0.0503948321907332,0.6366204223445198,5839.0,-0.9331562819572732,0.0,0.0,68.94083239010335,1.1219274012811715,-1.1438643643290174,False,False,False,False,0,0.0
2019-08-06,Train,0.010643000906475,0.0128793444736652,-0.0099137297686257,0.0106828451375525,0.1349526744641169,5979.0,-0.7512675341348592,0.0,0.0,68.94083239010335,1.1219274012811715,-1.1438643643290174,False,False,False,False,0,0.0
2019-08-07,Train,0.011570931609834,0.0006814677605233,0.0092147005903979,0.0070116497294814,0.0885757371950363,5921.0,-0.8275254397804207,0.0,0.0,68.94083239010335,1.1219274012811715,-1.1438643643290174,False,False,False,False,0,0.0
2019-08-08,Train,0.0209065994003887,0.0195140677377729,-0.0095498278631948,0.0184064251298698,0.2325219795490307,6172.0,-0.5350942826856561,0.0,0.0,68.94083239010335,1.1219274012811715,-1.1438643643290174,False,False,False,False,0,0.0
2019-08-09,Train,-0.0138062061024188,-0.0069736983554654,-0.0047401337542531,0.0020000381424295,0.0252657876132934,5547.0,-1.3998128553867448,0.0,0.0,68.94083239010335,1.1219274012811715,-1.1438643643290174,False,False,False,False,0,0.0
2019-08-12,Train,-0.025530805242072,-0.0117294540560171,-0.0093686511719899,-0.0243576419676657,-0.3077016361138586,6180.0,-0.4924424514967704,0.0,0.0,68.94083239010335,1.1219274012811715,-1.1438643643290174,False,False,False,False,0,0.0
2019-08-13,Train,0.0261561042163953,0.0154976327467732,0.0016926153460922,-0.0127512968529477,-0.1610827069974185,6117.0,-0.5604566140142758,0.0,0.0,68.94083239010335,1.1219274012811715,-1.1438643643290174,False,False,False,False,0,0.0
2019-08-14,Train,-0.0654468726006595,-0.0301126035144415,-0.0218551491672788,-0.0438211466106246,-0.5535773342252904,6105.0,-0.5701105169377997,0.0,0.0,68.94083239010335,1.1219274012811715,-1.1438643643290174,False,False,False,False,0,0.0
2019-08-15,Train,-0.0181221360620874,0.0031470533875825,-0.0241572770600081,-0.0584285958074379,-0.7381081694874307,5507.0,-1.359587477682959,0.0,0.0,68.94083239010335,1.1219274012811715,-1.1438643643290174,False,False,False,False,0,0.0
2019-08-16,Train,0.0199406554016434,0.0146523288041282,-0.0032615521425033,-0.0569500141956881,-0.7194297612216698,5706.0,-1.0470840958261105,0.0,0.0,68.94083239010335,1.1219274012811715,-1.1438643643290174,False,False,False,False,0,0.0
2019-08-19,Train,0.0313266650280674,0.0122918714789759,0.0116465051110589,-0.0359348579126392,-0.453952586540041,6244.0,-0.2980725963523222,0.0,0.0,68.94083239010335,1.1219274012811715,-1.1438643643290174,False,False,False,False,0,0.0
2019-08-20,Train,-0.00427633574634,-0.0077473766918036,0.0059441450800609,-0.0316833281786704,-0.4002444871737104,6722.0,0.2539181191435758,12.628129486664,12.628129486664,68.94083239010335,1.1219274012811715,-1.1438643643290174,False,False,False,False,0,0.0
2019-08-21,Train,-0.0222704027764565,0.0081080595934137,-0.0357078805797411,-0.0455360595911327,-0.5752412346387923,6703.0,0.212947806965287,10.607336573957191,-2.0207929127068063,68.94083239010335,1.1219274012811715,-1.1438643643290174,False,False,False,False,0,0.0
2019-08-22,Train,0.0059774688776468,-0.0003726013668616,0.005194018534814,-0.0161847639963105,-0.2044565056171025,6673.0,0.1494719835294613,7.459715676481926,-3.1476208974752677,68.94083239010335,1.1219274012811715,-1.1438643643290174,False,False,False,False,0,0.0
2019-08-23,Train,-0.0483907599586359,-0.0256646916886693,-0.0114357831949584,-0.0243589950487657,-0.3077187291177216,6201.0,-0.4199184089234811,0.0,-7.459715676481926,68.94083239010335,1.1219274012811715,-1.1438643643290174,False,False,False,False,0,0.0
2019-08-26,Train,0.0170293121547258,0.0110868706650177,-0.0008528613245372,-0.0368583614843618,-0.4656188866011581,6284.0,-0.237126133495276,0.0,0.0,68.94083239010335,1.1219274012811715,-1.1438643643290174,False,False,False,False,0,0.0
2019-08-27,Train,-0.0042790258602547,-0.0039323272190728,0.000249004694045,-0.0425535018703777,-0.5375636182382144,6089.0,-0.4960589230649165,0.0,0.0,68.94083239010335,1.1219274012811715,-1.1438643643290174,False,False,False,False,0,0.0
2019-08-28,Train,0.0070534611554466,0.006946735450823,-0.004651200342639,-0.0114968216332756,-0.1452353569924465,6268.0,-0.2620520849595979,0.0,0.0,68.94083239010335,1.1219274012811715,-1.1438643643290174,False,False,False,False,0,0.0
2019-08-29,Train,0.0283872146690753,0.0130058791020344,0.0076416811790073,-0.0090491589890823,-0.1143148844248289,6286.0,-0.2726827778549017,0.0,0.0,68.94083239010335,1.1219274012811715,-1.1438643643290174,False,False,False,False,0,0.0
2019-08-30,Train,0.0175904964128172,-0.0004091216650715,0.0168615381500919,0.0192481623559681,0.2431553537480687,6244.0,-0.339490817125664,0.0,0.0,68.94083239010335,1.1219274012811715,-1.1438643643290174,False,False,False,False,0,0.0
2019-09-03,Train,-0.0026594540634046,-0.0055472153788159,0.0042781574439207,0.024379181124426,0.3079737328046821,5870.0,-0.8356855656488625,0.0,0.0,68.94083239010335,1.1219274012811715,-1.1438643643290174,False,False,False,False,0,0.0
2019-09-04,Train,-0.0192435931350961,0.0107071620354584,-0.0365592018798507,-0.0124290254494696,-0.1570115642219982,6287.0,-0.2419082502125054,0.0,0.0,68.94083239010335,1.1219274012811715,-1.1438643643290174,False,False,False,False,0,0.0
2019-09-05,Train,0.040329883675328,0.0132234327547273,0.0192597375273324,0.0114819124205018,0.1450470140826625,6518.0,0.0536267118266256,2.680693188587799,2.680693188587799,68.94083239010335,1.1219274012811715,-1.1438643643290174,False,False,False,False,0,0.0
2019-09-06,Train,-0.0092778247352373,0.0007313260024675,-0.0117084494329074,-0.0078682181914128,-0.0993964692482336,6671.0,0.2613857326485317,12.995381003790657,10.314687815202856,68.94083239010335,1.1219274012811715,-1.1438643643290174,False,False,False,False,0,0.0
2019-09-09,Train,0.0190811807892965,0.0002560898780072,0.0173596577757153,-0.0073700985657895,-0.0931038969217257,7061.0,0.7747194358844584,36.90818342817018,36.90818342817018,68.94083239010335,1.1219274012811715,-1.1438643643290174,False,False,False,False,0,0.0
2019-09-10,Train,0.0161784367822448,0.0002188654865353,0.0145124564290872,0.0028642004193768,0.0361824496956725,7874.0,1.67059806570971,68.33110851014685,31.422925081976665,68.94083239010335,1.1219274012811715,-1.1438643643290174,False,False,False,False,0,0.0
2019-09-11,Train,0.0490786763062511,0.007192931857328,0.0370066641850038,0.0764300664842314,0.9655144999958613,7702.0,1.4319708185401845,61.44164128019245,-6.889467229954398,68.94083239010335,1.1219274012811715,-1.1438643643290174,False,False,False,False,0,0.0
2019-09-12,Train,-0.0049777862583134,0.0029365681484774,-0.0106988614059269,0.046471467550972,0.5870579187028145,7268.0,0.9067328470834009,42.466227445566325,-18.975413834626124,68.94083239010335,1.1219274012811715,-1.1438643643290174,False,False,False,False,0,0.0
2019-09-13,Train,-0.002724994440746,-0.0002529670919051,-0.0036869515541716,0.0544929654297078,0.6883907170355664,6918.0,0.4866096694622062,23.86148650415767,-18.604740941408654,68.94083239010335,1.1219274012811715,-1.1438643643290174,False,False,False,False,0,0.0
2019-09-16,Train,-0.0097471973467628,-0.0032900787284166,-0.0061774682827909,0.0309558393712015,0.3910543735900612,7170.0,0.8017623091690999,38.07026597660027,16.09323936816847,68.94083239010335,1.1219274012811715,-1.1438643643290174,False,False,False,False,0,0.0
2019-09-17,Train,0.008154522822672,0.0027206819439211,0.0027555723270855,0.0191989552691999,0.2425337377013648,8316.0,2.03353957017701,76.85475761076226,38.784491634162,68.94083239010335,1.1219274012811715,-1.1438643643290174,True,False,False,False,0,0.0
2019-09-18,Train,-0.0053105236891408,0.0006151226181021,-0.0075677608615173,-0.0253754697773212,-0.3205595015315758,7640.0,1.2705028037983406,56.165761496212205,-20.688996114550054,68.94083239010335,1.1219274012811715,-1.1438643643290174,False,True,False,False,0,0.0
2019-09-19,Train,0.0127725529819131,-0.0002168496267697,0.0117567048571894,-0.0029199035142049,-0.0368861275573448,7623.0,1.2171916779238308,54.31379186863564,-1.8519696275765651,68.94083239010335,1.1219274012811715,-1.1438643643290174,False,False,False,False,0,0.0
2019-09-20,Train,-0.0242498951480371,-0.0053525705197762,-0.0176027139978338,-0.0168356659578671,-0.2126791241606613,6878.0,0.3925329959615956,19.37846350109223,-34.935328367543406,68.94083239010335,1.1219274012811715,-1.1438643643290174,False,False,False,False,0,0.0
2019-09-23,Train,0.0025352312967537,0.0006910596097329,0.0001646882415149,-0.0104935094335612,-0.1325608622365526,7687.0,1.334172686367418,58.30600168451133,41.9971059629229,68.94083239010335,1.1219274012811715,-1.1438643643290174,False,False,False,False,0,0.0
2019-09-24,Train,-0.0747005313345035,-0.0082835383742991,-0.0636800415600594,-0.0769291233207063,-0.9718189117817376,7764.0,1.6528750786540929,67.85584940246353,9.549847717952204,68.94083239010335,1.1219274012811715,-1.1438643643290174,False,False,False,False,0,0.0
2019-09-25,Train,0.024595683919836,0.0061179953053953,0.0141275888411535,-0.0552337736180354,-0.6977490897342682,7521.0,1.412390990484968,60.828558343181406,-7.027291059282128,68.94083239010335,1.1219274012811715,-1.1438643643290174,False,False,False,False,0,0.0
2019-09-26,Train,0.0606034581597918,-0.0019718737388282,0.0622062883918341,-0.0047841900833907,-0.06043701266704,7622.0,1.5369210998347849,64.60333958013804,3.7747812369566343,68.94083239010335,1.1219274012811715,-1.1438643643290174,False,False,False,False,0,0.0
2019-09-27,Train,-0.0017728055869207,-0.0056086246137164,0.0052564348805053,0.0180749587949484,0.2283346803963714,7684.0,1.6049414743096078,66.54157833442343,1.9382387542853932,68.94083239010335,1.1219274012811715,-1.1438643643290174,False,False,False,False,0,0.0
2019-09-30,Train,-0.0052037933810442,0.0049396904695406,-0.0139137351955495,0.0039965353578839,0.050486843925213,8507.0,2.480930227361343,84.558819624508,14.6143986374759,68.94083239010335,1.1219274012811715,-1.1438643643290174,True,False,False,False,0,0.0
2019-10-01,Train,0.015859214917846,-0.0120324582726625,0.0324734827672696,0.100150059685213,1.2651609405766229,8014.0,1.8038442919619933,71.72325084596518,-12.835568778542822,68.94083239010335,1.1219274012811715,-1.1438643643290174,True,True,True,False,-1,0.0
2019-10-02,Train,-0.0063754189400664,-0.0176367389009151,0.0186010180018571,0.1046234888459166,1.3216722183766327,8213.0,1.9306073144501876,74.6633250326048,2.9400741866396203,68.94083239010335,1.1219274012811715,-1.1438643643290174,True,False,True,False,0,-1.0
2019-10-03,Train,-0.0415416668137599,0.0079374111316021,-0.0547245193782851,-0.0123073189242026,-0.1554740879342649,8617.0,2.2426989121667265,80.803778993463,6.140453960858196,68.94083239010335,1.1219274012811715,-1.1438643643290174,True,False,False,False,0,0.0
2019-10-04,Train,-0.0068660010999401,0.0138746393434872,-0.0289078151515571,-0.046471568956265,-0.5870591997206819,6930.0,0.3704317227692114,18.312658750763816,-62.49112024269918,68.94083239010335,1.1219274012811715,-1.1438643643290174,False,True,False,False,0,0.0
2019-10-07,Train,0.0271787901321105,-0.0042904687212077,0.032241205025552,-0.0003166287351633,-0.0039998609052457,8674.0,2.109609945904277,78.36674237929977,16.810975063854833,68.94083239010335,1.1219274012811715,-1.1438643643290174,True,False,False,False,0,0.0
2019-10-08,Train,0.0098013988828387,-0.0155267363981194,0.0316294928197694,-0.0011606186826635,-0.014661692951804,7895.0,1.2637111972561348,55.9328616236315,-22.433880755668262,68.94083239010335,1.1219274012811715,-1.1438643643290174,False,True,False,False,0,0.0
2019-10-09,Train,0.0186628575310578,0.009319563601166,0.0034176898490769,-0.0163439468354437,-0.2064674071693768,7686.0,1.0148076922646831,46.79199353540376,-9.14086808822774,68.94083239010335,1.1219274012811715,-1.1438643643290174,False,False,False,False,0,0.0
2019-10-10,Train,0.0008587865860343,0.0068036498710557,-0.0106323763576284,0.0277481961852129,0.3505333306373658,7490.0,0.7863417190090266,37.409057494114265,-9.382936041289495,68.94083239010335,1.1219274012811715,-1.1438643643290174,False,False,False,False,0,0.0
2019-10-11,Train,0.0128707455668697,0.0104338266037136,-0.0040370183087862,0.0526189930279838,0.6647174741654993,7276.0,0.5202015262277829,25.43897773555929,-11.970079758554974,68.94083239010335,1.1219274012811715,-1.1438643643290174,False,False,False,False,0,0.0
2019-10-14,Train,0.0365888719369862,-0.0009187425717299,0.0366203210266456,0.0569981090290774,0.720037326557517,7986.0,1.2642414692808916,55.95107778261785,55.95107778261785,68.94083239010335,1.1219274012811715,-1.1438643643290174,False,False,False,False,0,0.0
2019-10-15,Train,0.0036192563678525,0.0096734837639493,-0.0121539969762773,0.0132146192330306,0.1669356977996036,7771.0,1.000988171676105,46.25056412148146,-9.700513661136393,68.94083239010335,1.1219274012811715,-1.1438643643290174,False,False,False,False,0,0.0
2019-10-16,Train,0.0072124091778604,-0.0015664086439098,0.0082102433524746,0.0180071727364282,0.227478362648535,7847.0,1.0558322343967936,48.3786549227847,2.1280908013032374,68.94083239010335,1.1219274012811715,-1.1438643643290174,False,False,False,False,0,0.0
2019-10-17,Train,0.0085466103295754,0.002699733013197,0.0031789178156359,0.0318184669096927,0.4019516478542511,7848.0,1.0310783106000752,47.42497908436432,-0.9536758384203808,68.94083239010335,1.1219274012811715,-1.1438643643290174,False,False,False,False,0,0.0
2019-10-18,Train,-0.0191625307226602,-0.0041114994432741,-0.0143671565903288,0.02148832862815,0.2714545966728352,7356.0,0.4234126597304255,20.85991605658377,-26.565063027780543,68.94083239010335,1.1219274012811715,-1.1438643643290174,False,False,False,False,0,0.0
2019-10-21,Train,-0.0134267106540847,0.0069786929443551,-0.0251790560535334,-0.0403110484520291,-0.5092354825898224,7617.0,0.7070629458253078,33.9503707409512,20.615673399928816,68.94083239010335,1.1219274012811715,-1.1438643643290174,False,False,False,False,0,0.0
2019-10-22,Train,0.0082052108540102,-0.003519635062681,0.0121174618241293,-0.0160395896516223,-0.2026225685126157,7578.0,0.6402755605983366,30.96314975989969,-2.987220981051511,68.94083239010335,1.1219274012811715,-1.1438643643290174,False,False,False,False,0,0.0
2019-10-23,Train,-0.0035214826899614,0.002949483058463,-0.009261828225387,-0.033511661229484,-0.4233411839657558,8365.0,1.5015372421795852,63.56072769821765,32.59757793831797,68.94083239010335,1.1219274012811715,-1.1438643643290174,False,False,False,False,0,0.0
2019-10-24,Train,0.1766923235319593,0.0016337896923457,0.1729151292252372,0.1362245501801172,1.7208774570600789,10840.0,3.828881120313397,95.74567913359007,32.18495143537242,68.94083239010335,1.1219274012811715,-1.1438643643290174,True,False,True,False,0,0.0
2019-10-25,Train,0.0949346393529093,0.0041682260759496,0.0873758025839881,0.2379675093544342,3.006160943965812,8928.0,1.7997515688724377,71.62373821028565,-24.12194092330442,68.94083239010335,1.1219274012811715,-1.1438643643290174,True,True,True,False,-1,0.0
2019-10-28,Train,-0.001279974888776,0.0058113424558059,-0.0112905120485998,0.2518560533593679,3.1816100994805545,7931.0,0.723710833674424,34.68472878848905,10.658232560047152,68.94083239010335,1.1219274012811715,-1.1438643643290174,False,True,True,False,-1,-1.0
2019-10-29,Train,-0.0350615205911843,-0.0006457695432503,-0.035437375627291,0.2043012159079474,2.580866344877573,8286.0,1.070037980323043,48.920827713523366,14.236098925034312,68.94083239010335,1.1219274012811715,-1.1438643643290174,False,False,True,False,0,-1.0
2019-10-30,Train,-0.0038263988223681,0.0035192394219785,-0.0104168800610676,0.2031461640722669,2.5662749759713783,8807.0,1.5586875495781758,65.23298884362899,16.312161130105622,68.94083239010335,1.1219274012811715,-1.1438643643290174,False,False,True,False,0,0.0
2019-10-31,Train,-0.0002857299073112,-0.0032210530549725,0.0031810056787549,0.0334120405257845,0.4220827101956001,7671.0,0.3378760560923687,16.734899897491808,-48.49808894613718,68.94083239010335,1.1219274012811715,-1.1438643643290174,False,False,False,False,0,0.0
2019-11-01,Train,-0.0051124476844901,0.0095138902142766,-0.0206475708675948,-0.0746113329257984,-0.9425390702589472,6474.0,-1.145031076144944,0.0,-16.734899897491808,68.94083239010335,1.1219274012811715,-1.1438643643290174,False,False,False,False,0,0.0
2019-11-04,Train,0.0132776268932326,0.0039828040813298,0.0059954590092817,-0.0573253618679169,-0.7241713980767335,8061.0,0.7311767509086905,35.01268986638709,30.55734005811672,68.94083239010335,1.1219274012811715,-1.1438643643290174,False,False,False,False,0,0.0
2019-11-05,Train,-0.0007874639488315,-0.0012748693985193,-0.0002246366250102,-0.022112622865636,-0.2793410890741072,7754.0,0.3444355109682779,17.053511523845096,-17.959178342541996,68.94083239010335,1.1219274012811715,-1.1438643643290174,False,False,False,False,0,0.0
2019-11-06,Train,0.0295062710803368,0.0005315244900507,0.0273737710025052,0.0156780281979368,0.1980550881710277,7825.0,0.4093040781459178,20.18419962190618,3.1306880980610856,68.94083239010335,1.1219274012811715,-1.1438643643290174,False,False,False,False,0,0.0
2019-11-07,Train,0.0274358775337066,0.0035450839703552,0.0208068335430714,0.0333038560622533,0.420716053420086,7855.0,0.4194348171459407,20.669599732984267,0.4854001110780856,68.94083239010335,1.1219274012811715,-1.1438643643290174,False,False,False,False,0,0.0
2019-11-08,Train,0.0047684284402769,0.002436988816558,-0.0002072224279798,0.0537442045018683,0.6789318801391137,6993.0,-0.7582908843074114,0.0,-20.669599732984267,68.94083239010335,1.1219274012811715,-1.1438643643290174,False,False,False,False,0,0.0
2019-11-11,Train,0.023580739037349,-0.0019379531484899,0.0251329562235891,0.0728817017161757,0.9206892395659356,7276.0,-0.2780308946980045,0.0,0.0,68.94083239010335,1.1219274012811715,-1.1438643643290174,False,False,False,False,0,0.0
2019-11-12,Train,0.0140253047438312,0.0019772280340237,0.009735664741317,0.082842003082503,1.0465142693727798,7980.0,0.5898568299552113,28.666459032761125,28.666459032761125,68.94083239010335,1.1219274012811715,-1.1438643643290174,False,False,False,False,0,0.0
2019-11-13,Train,-0.01091649537975,0.0004229236009209,-0.0128869516452285,0.0425812804347692,0.5379145351998604,13072.0,5.217399359806868,98.92156465101849,70.25510561825735,68.94083239010335,1.1219274012811715,-1.1438643643290174,True,False,False,False,0,0.0
2019-11-14,Train,0.0093612514601253,0.0013378993577275,0.0060255562814876,0.0278000031731855,0.351187790333524,10329.0,2.4457355596886683,84.04980814435847,-14.871756506660006,68.94083239010335,1.1219274012811715,-1.1438643643290174,True,True,False,False,0,0.0
2019-11-15,Train,0.008072121852793,0.0074568903903953,-0.0043937438302815,0.0236134817708838,0.2983009186558814,6937.0,-0.7593025796882709,0.0,-84.04980814435847,68.94083239010335,1.1219274012811715,-1.1438643643290174,False,True,False,False,0,0.0
2019-11-18,Train,-0.0061902308462086,0.0006284648499832,-0.0084673760150723,-0.0099868504677776,-0.1261604153899193,8123.0,0.4970136029941543,24.3514521170772,24.3514521170772,68.94083239010335,1.1219274012811715,-1.1438643643290174,False,False,False,False,0,0.0
2019-11-19,Train,0.0272293789350919,-0.0004887476166193,0.0266192308667806,0.0068967156576859,0.0871238149611986,7989.0,0.3653867713660348,18.06875824217732,-6.282693874899881,68.94083239010335,1.1219274012811715,-1.1438643643290174,False,False,False,False,0,0.0
2019-11-20,Train,-0.0203048908833145,-0.0035252988709711,-0.0163841889226452,0.0033994783802692,0.0429444303734778,7774.0,0.146116995596104,7.292879040062528,-10.77587920211479,68.94083239010335,1.1219274012811715,-1.1438643643290174,False,False,False,False,0,0.0
2019-11-21,Train,0.0074101324662916,-0.0015413228842638,0.0083705360806093,0.0057444581793908,0.0725677462018958,8708.0,0.980833134958202,45.45469944898052,38.16182040891799,68.94083239010335,1.1219274012811715,-1.1438643643290174,False,False,False,False,0,0.0
2019-11-22,Train,-0.0614096345916497,0.0022100936690325,-0.0660467343209233,-0.0559085323112509,-0.7062730820878826,24806.0,8.90434416359889,99.9728441445511,54.51814469557058,68.94083239010335,1.1219274012811715,-1.1438643643290174,True,False,False,False,0,0.0
2019-11-25,Train,0.009908688492819,0.0075967947621122,-0.0027659290516772,-0.0502070853478558,-0.6342486816478919,28231.0,4.330591106180515,97.40223273601389,-1.1137171257352776,68.94083239010335,1.1219274012811715,-1.1438643643290174,True,True,False,False,0,0.0
2019-11-26,Train,-0.0220610270471893,0.0020153778549085,-0.0264075905469815,-0.103233906761618,-1.304118110248236,19846.0,2.6432452498983663,86.71868852446421,-10.683544211549671,68.94083239010335,1.1219274012811715,-1.1438643643290174,True,True,False,True,1,0.0
2019-11-27,Train,0.0072054427979364,0.0047156395940974,-0.0011701918271084,-0.0880199096660811,-1.1119249659224182,16533.0,1.931246634884977,74.67746786123503,-12.041220663229184,68.94083239010335,1.1219274012811715,-1.1438643643290174,True,True,False,False,0,1.0
2019-11-29,Train,-0.0040749864522633,-0.0038308967660339,0.0003016993254803,-0.0960887464212101,-1.2138557798486875,11772.0,0.8451730130661136,39.910718504196765,-19.82002487901344,68.94083239010335,1.1219274012811715,-1.1438643643290174,False,True,False,True,1,0.0
2019-12-02,Train,0.0149421114147911,-0.0081415868768233,0.0257507948034445,-0.0042912172968422,-0.0542094585720273,11165.0,0.6486867643358671,31.34289340570462,-0.1517407950910225,68.94083239010335,1.1219274012811715,-1.1438643643290174,False,False,False,False,0,1.0
2019-12-03,Train,0.0039717016153113,-0.0070203576932726,0.0131073945443097,0.0115821062991446,0.14631272857292,10815.0,0.5478325080822798,26.72651405380958,-4.616379351895038,68.94083239010335,1.1219274012811715,-1.1438643643290174,False,False,False,False,0,0.0
2019-12-04,Train,-0.0094289510666373,0.0064017701456053,-0.0203204676967087,0.0176692291494175,0.2232092386185718,10956.0,0.5637276673268512,27.46292221651795,0.7364081627083685,68.94083239010335,1.1219274012811715,-1.1438643643290174,False,False,False,False,0,0.0
2019-12-05,Train,-0.0079872050770078,0.0018527004075845,-0.0120910369200015,0.0067483840565244,0.0852499933316096,10652.0,0.4647627693300772,22.82868548887002,-4.634236727647931,68.94083239010335,1.1219274012811715,-1.1438643643290174,False,False,False,False,0,0.0
2019-12-06,Train,0.0167085394823658,0.0088961584930722,0.0020951362217915,0.0085418209528356,0.1079058591167491,9332.0,0.0884265259956268,4.418447595867868,-18.41023789300215,68.94083239010335,1.1219274012811715,-1.1438643643290174,False,False,False,False,0,0.0
2019-12-09,Train,0.0108367765576875,-0.0030428854257343,0.0140376675258042,-0.0031713063248046,-0.0400620119983702,9531.0,0.1248799120091208,6.235893646539093,1.4886739273747347,68.94083239010335,1.1219274012811715,-1.1438643643290174,False,False,False,False,0,0.0
2019-12-10,Train,0.0274203359732472,-0.000936842617933,0.0274787922127929,0.0112000913436785,0.1414868662430225,9241.0,0.0290160606971012,1.4507012536594013,-4.785192392879692,68.94083239010335,1.1219274012811715,-1.1438643643290174,False,False,False,False,0,0.0
2019-12-11,Train,0.0110651807019233,0.0026038694296588,0.0058405266167373,0.0373610856571246,0.4719696265733787,8798.0,-0.117655695809231,0.0,-1.4507012536594013,68.94083239010335,1.1219274012811715,-1.1438643643290174,False,False,False,False,0,0.0
2019-12-12,Train,0.0197902165178778,0.0087950990184992,0.0053276044954364,0.0547797270725626,0.6920132773309451,8647.0,-0.1824309939555675,0.0,0.0,68.94083239010335,1.1219274012811715,-1.1438643643290174,False,False,False,False,0,0.0
2019-12-13,Train,-0.0035864603168681,0.0003779433993262,-0.0054898014472383,0.0471947894035326,0.5961953925915126,7975.0,-0.4215294280594419,0.0,0.0,68.94083239010335,1.1219274012811715,-1.1438643643290174,False,False,False,False,0,0.0
2019-12-16,Train,0.0644827395441027,0.0070685313169143,0.0525963459568192,0.0857534678345476,1.0832937929769615,7797.0,-0.4729535861405148,0.0,0.0,68.94083239010335,1.1219274012811715,-1.1438643643290174,False,False,False,False,0,0.0
2019-12-17,Train,-0.0065792281027307,0.0002041352629003,-0.0082232294314644,0.0500514461902902,0.6322825461948018,7648.0,-0.5263931009119208,0.0,0.0,68.94083239010335,1.1219274012811715,-1.1438643643290174,False,False,False,False,0,0.0
2019-12-18,Train,0.0373623964559823,6.818450981316282e-05,0.0359212477788157,0.0801321673523687,1.0122818552142585,7600.0,-0.5463457115923913,0.0,0.0,68.94083239010335,1.1219274012811715,-1.1438643643290174,False,False,False,False,0,0.0
2019-12-19,Train,0.0276994187280248,0.0041557522359947,0.020159194224594,0.0949637570815263,1.1996441800193247,7167.0,-0.7224501312196961,0.0,0.0,68.94083239010335,1.1219274012811715,-1.1438643643290174,False,False,True,False,0,0.0
2019-12-20,Train,0.0038362235064708,0.0050878616783118,-0.0050948051494282,0.0953587533793364,1.204634031141056,7042.0,-0.7711228461113212,0.0,0.0,68.94083239010335,1.1219274012811715,-1.1438643643290174,False,False,True,False,0,0.0
2019-12-23,Train,0.0336053629419828,0.0009800454855934,0.0308036229286352,0.0735660303511524,0.9293341256719634,8495.0,-0.2263549120754156,0.0,0.0,68.94083239010335,1.1219274012811715,-1.1438643643290174,False,False,False,False,0,0.0
2019-12-24,Train,0.0143838710428128,0.0,0.013044460740001,0.0948337205226179,1.1980014733080655,7866.0,-0.4293356905635675,0.0,0.0,68.94083239010335,1.1219274012811715,-1.1438643643290174,False,False,True,False,0,0.0
2019-12-26,Train,0.0133803700525412,0.0051158748149346,0.0044075428856841,0.0633200156294863,0.799899778222054,7539.0,-0.5387908047968886,0.0,0.0,68.94083239010335,1.1219274012811715,-1.1438643643290174,False,False,False,False,0,0.0
2019-12-27,Train,-0.0012995234173469,0.0,-0.0026389337201586,0.0405218876847335,0.5118989414314569,8279.0,-0.2779395202100919,0.0,0.0,68.94083239010335,1.1219274012811715,-1.1438643643290174,False,False,False,False,0,0.0
2019-12-30,Train,-0.0364328724217604,-0.0054942871257566,-0.0295742353682876,0.0160424574658742,0.2026587966146023,9128.0,-0.0008654033220373,0.0,0.0,68.94083239010335,1.1219274012811715,-1.1438643643290174,False,False,False,False,0,0.0
2019-12-31,Train,0.0087532673750394,0.0025759418981361,0.0035702840691059,-0.011190881393655,-0.1413705201412728,7348.0,-0.6105455513181556,0.0,0.0,68.94083239010335,1.1219274012811715,-1.1438643643290174,False,False,False,False,0,0.0
2020-01-02,Train,0.0285181750157113,0.0088577781512682,0.0139620392135821,-0.0102733029200739,-0.1297790697882967,8942.0,-0.0749755313699431,0.0,0.0,68.94083239010335,1.1219274012811715,-1.1438643643290174,False,False,False,False,0,0.0
2020-01-03,Train,0.0296332582979208,-0.0073057536059938,0.039194791586956,0.0245139457811979,0.3096761679350637,10138.0,0.2681459958315164,13.327538630278848,13.327538630278848,68.94083239010335,1.1219274012811715,-1.1438643643290174,False,False,False,False,0,0.0
2020-01-06,Train,0.0192546370451349,0.0037471721300925,0.0123240565192312,0.0394769360205878,0.4986984297750177,8576.0,-0.2231146857355118,0.0,0.0,68.94083239010335,1.1219274012811715,-1.1438643643290174,False,False,False,False,0,0.0
2020-01-07,Train,0.0388005246581539,-0.0027579193451214,0.0415762166204073,0.1106273880092828,1.3975173924736493,10650.0,0.3824792712073862,18.89418671186312,18.89418671186312,68.94083239010335,1.1219274012811715,-1.1438643643290174,False,False,True,False,0,0.0
2020-01-08,Train,0.0492048257881216,0.0051599821014891,0.0401661859661095,0.1472232899062863,1.859820718210946,11062.0,0.4717256629978592,23.158423253640503,4.264236541777382,68.94083239010335,1.1219274012811715,-1.1438643643290174,False,False,True,False,0,0.0
2020-01-09,Train,-0.0219450119000973,0.0069113387654822,-0.0335968578652417,0.0996643928274623,1.2590256797441275,13823.0,1.0862674266943593,49.5356404595577,26.377217205917194,68.94083239010335,1.1219274012811715,-1.1438643643290174,False,False,True,False,0,0.0
2020-01-10,Train,-0.0066272976331742,-0.0028654334218486,-0.0036911834956136,0.0567784177448926,0.7172620428221966,10480.0,0.2580604343877124,12.83188879668026,-36.70375166287744,68.94083239010335,1.1219274012811715,-1.1438643643290174,False,False,False,False,0,0.0
2020-01-13,Train,0.0976889588509333,0.0066162492378343,0.0864774171266539,0.1309317783523154,1.6540157077514268,10339.0,0.2228015997444812,11.094224293201012,11.094224293201012,68.94083239010335,1.1219274012811715,-1.1438643643290174,False,False,True,False,0,0.0
2020-01-14,Train,0.0248828221202008,-0.0013282013236962,0.0255252262186236,0.1148807879505317,1.4512491175193762,11451.0,0.5185816679010807,25.363210613359243,14.26898632015823,68.94083239010335,1.1219274012811715,-1.1438643643290174,False,False,True,False,0,0.0
2020-01-15,Train,-0.0361020135130578,0.002227257785297,-0.0407647238874879,0.0339498780969342,0.428877025541312,10153.0,0.1467839713040186,7.32604964835822,-18.03716096500102,68.94083239010335,1.1219274012811715,-1.1438643643290174,False,False,False,False,0,0.0
2020-01-16,Train,-0.0096624776360147,0.0083579151636905,-0.0234727659150676,0.0440739700471083,0.5567711649399897,9477.0,-0.0805807470622768,0.0,-7.32604964835822,68.94083239010335,1.1219274012811715,-1.1438643643290174,False,False,False,False,0,0.0
2020-01-17,Train,-0.0058228941569139,0.0033879795669387,-0.0122175220514096,0.0355476314913123,0.4490608895708946,8729.0,-0.3456735109208556,0.0,0.0,68.94083239010335,1.1219274012811715,-1.1438643643290174,False,False,False,False,0,0.0
2020-01-21,Train,0.0718903061927893,-0.0020654108809945,0.0736327035612952,0.0227029179259536,0.2867980816717806,9917.0,0.0034750493686293,0.1737522935792417,-9.872756040341768,68.94083239010335,1.1219274012811715,-1.1438643643290174,False,False,False,False,0,0.0
2020-01-22,Train,0.0408626444406172,0.000263055421827,0.0391307281117997,0.0363084198191298,0.4586716644363971,12546.0,0.8078009384407275,38.32813995017852,38.15438765659928,68.94083239010335,1.1219274012811715,-1.1438643643290174,False,False,False,False,0,0.0
2020-01-23,Train,0.004635122144013,0.0009853159028463,0.0018255181204241,0.0788986618270418,0.9966994080790884,13959.0,1.2555353083103808,55.65131571877148,17.32317576859296,68.94083239010335,1.1219274012811715,-1.1438643643290174,False,False,False,False,0,0.0
2020-01-24,Train,-0.0128976031808254,-0.0091207394276753,-0.000627922433064,0.1017435053090454,1.2852903860361866,10348.0,0.2969728618648269,14.740468300447262,-40.91084741832422,68.94083239010335,1.1219274012811715,-1.1438643643290174,False,False,True,False,0,0.0
2020-01-27,Train,-0.0120392728355795,-0.0158922814463742,0.0103342523006781,0.1242952796611332,1.5701791234032778,8248.0,-0.5421775921923871,0.0,0.0,68.94083239010335,1.1219274012811715,-1.1438643643290174,False,False,True,False,0,0.0
2020-01-28,Train,0.0159133832220446,0.0108331559941237,-0.0015902216022926,0.0490723544975453,0.6199140206961915,8293.0,-0.4878142434448363,0.0,0.0,68.94083239010335,1.1219274012811715,-1.1438643643290174,False,False,False,False,0,0.0
2020-01-29,Train,0.0248545137699038,-0.0009980717214093,0.0250043301947461,0.0349459565804917,0.4414601392719149,9716.0,0.4157730335698762,20.494266559429093,20.494266559429093,68.94083239010335,1.1219274012811715,-1.1438643643290174,False,False,False,False,0,0.0
2020-01-30,Train,0.1029622586653555,0.0031317289140175,0.0969499833745085,0.1300704218345761,1.6431344898512066,13463.0,2.251148380520412,80.94990920469517,60.45564264526608,68.94083239010335,1.1219274012811715,-1.1438643643290174,True,False,True,False,0,0.0
2020-01-31,Train,0.0152306904735053,-0.0179349063620855,0.0406520242529674,0.1713503685206076,2.164609727513632,9963.0,0.5343021725967665,26.097193045630508,-54.85271615906467,68.94083239010335,1.1219274012811715,-1.1438643643290174,False,True,True,False,-1,0.0
2020-02-03,Train,0.198948593763949,0.0072707365265984,0.1867604889907125,0.347776605210642,4.393341135709827,11521.0,1.4155240097375843,60.92715264179335,60.92715264179335,68.94083239010335,1.1219274012811715,-1.1438643643290174,False,False,True,False,0,-1.0
2020-02-04,Train,0.1372564022357647,0.0154110709150845,0.1129220726138205,0.4622888994267552,5.839935199791403,19823.0,4.390351591507172,97.5510836737202,36.62393103192687,68.94083239010335,1.1219274012811715,-1.1438643643290174,True,False,True,False,0,0.0
2020-02-05,Train,-0.1717583947927872,0.011308434975999,-0.1899711652489304,0.2473134039830786,3.1242243867243134,16947.0,3.0071504377270406,90.5792232702659,-6.971860403454315,68.94083239010335,1.1219274012811715,-1.1438643643290174,True,True,True,False,-1,0.0
2020-02-06,Train,0.0194093169425442,0.0034005480283751,0.0129959355974745,0.1633593562060446,2.0636620427311274,12910.0,1.5443070396444083,64.81799399868781,-25.761229271578088,68.94083239010335,1.1219274012811715,-1.1438643643290174,False,True,True,False,-1,-1.0
2020-02-07,Train,-0.001188323805631,-0.0050833163218116,0.0050571021003942,0.1277644340534715,1.6140037466517472,10055.0,0.3937803766112682,19.438483159579214,-45.3795108391086,68.94083239010335,1.1219274012811715,-1.1438643643290174,False,False,True,False,0,-1.0
2020-02-10,Train,0.0310264963298576,0.00717243279186,0.0189850709445452,-0.0400109839926958,-0.5054448724314562,10201.0,0.4584771546916389,22.530570557630536,22.530570557630536,68.94083239010335,1.1219274012811715,-1.1438643643290174,False,False,False,False,0,0.0
2020-02-11,Train,0.0040192609370288,0.0018209190059159,-3.714975196158262e-05,-0.152970206358478,-1.932419518919835,10348.0,0.5085236129254799,24.89206223027736,2.361491672646821,68.94083239010335,1.1219274012811715,-1.1438643643290174,False,False,False,True,0,0.0
2020-02-12,Train,-0.0091556579336954,0.0064272714228206,-0.0200852251194569,0.0169157337709955,0.2136905930513016,9644.0,0.1814635647135375,9.048362372373589,-15.84369985790377,68.94083239010335,1.1219274012811715,-1.1438643643290174,False,False,False,False,0,0.0
2020-02-13,Train,0.04784365255178,-0.0009675705161297,0.0479479580086691,0.05186775618219,0.6552273598569544,9833.0,0.2460074027301891,12.238708781989043,3.190346409615456,68.94083239010335,1.1219274012811715,-1.1438643643290174,False,False,False,False,0,0.0
2020-02-14,Train,-0.0049377556683485,0.0016785947129092,-0.0087818037218754,0.0380288503599203,0.4804052662737273,8190.0,-0.5953030926981736,0.0,-12.238708781989043,68.94083239010335,1.1219274012811715,-1.1438643643290174,False,False,False,False,0,0.0
2020-02-18,Train,0.0729597130158357,-0.0027395605205782,0.075708011704027,0.0947517911194021,1.196966487596033,9541.0,0.0579210387962642,2.895242560480209,2.895242560480209,68.94083239010335,1.1219274012811715,-1.1438643643290174,False,False,True,False,0,0.0
2020-02-19,Train,0.0687558089532556,0.0048153530263761,0.0602313915250612,0.1550203323964249,1.958318049531021,10129.0,0.3146633228357846,15.604623061849132,12.709380501368924,68.94083239010335,1.1219274012811715,-1.1438643643290174,False,False,True,False,0,0.0
2020-02-20,Train,-0.0196311050979861,-0.0039239687832726,-0.0151155461985065,0.1599900113173754,2.021098278297293,10746.0,0.5719284661614346,27.84160789355128,12.236984831702143,68.94083239010335,1.1219274012811715,-1.1438643643290174,False,False,True,False,0,0.0
2020-02-21,Train,0.0017678087791648,-0.010364641039783,0.0158935199980701,0.1279355733067764,1.6161656894340215,8926.0,-0.3509313052848096,0.0,-27.84160789355128,68.94083239010335,1.1219274012811715,-1.1438643643290174,False,False,True,False,0,0.0
2020-02-24,Train,-0.0745949032764651,-0.0334434561292197,-0.0260332016006395,0.1106841754280122,1.3982347682227851,9610.0,-0.0125823775519595,0.0,0.0,68.94083239010335,1.1219274012811715,-1.1438643643290174,False,False,True,False,0,0.0
2020-02-25,Train,-0.0406337396414488,-0.0300428045756638,0.0028538365217908,0.037830000245776,0.4778932618052802,8567.0,-0.6093413391002713,0.0,0.0,68.94083239010335,1.1219274012811715,-1.1438643643290174,False,False,False,False,0,0.0
2020-02-26,Train,-0.0263904705767898,-0.004420051877654,-0.0211347041476881,-0.0435360954269732,-0.5499763815673051,8388.0,-0.7195794536485454,0.0,0.0,68.94083239010335,1.1219274012811715,-1.1438643643290174,False,False,False,False,0,0.0
2020-02-27,Train,-0.1281458395846271,-0.0443245978265094,-0.0633483437314926,-0.0917688929599593,-1.1592845705516834,7873.0,-1.0494524611318614,0.0,0.0,68.94083239010335,1.1219274012811715,-1.1438643643290174,False,False,False,True,0,0.0
2020-02-28,Train,-0.0162150478009941,-0.0060354940523272,-0.0085488737710178,-0.1162112867290473,-1.4680568467544242,7855.0,-1.0630221256020251,0.0,0.0,68.94083239010335,1.1219274012811715,-1.1438643643290174,False,False,False,True,0,0.0
2020-03-02,Train,0.1132203429321523,0.0446380532257197,0.0452763184435823,-0.0449017666848254,-0.5672284325249726,7367.0,-1.332763886543374,0.0,0.0,68.94083239010335,1.1219274012811715,-1.1438643643290174,False,False,False,False,0,0.0
2020-03-03,Train,0.0025416095259802,-0.0275829049747422,0.0423587598526227,-0.0053968433539935,-0.0681764487744116,7646.0,-1.1180160507919878,0.0,0.0,68.94083239010335,1.1219274012811715,-1.1438643643290174,False,False,False,False,0,0.0
2020-03-04,Train,0.0053520173720666,0.0414431264697918,-0.0578248443808371,-0.0420869835871425,-0.5316702547008463,7492.0,-1.1827353871548911,0.0,0.0,68.94083239010335,1.1219274012811715,-1.1438643643290174,False,False,False,False,0,0.0
2020-03-05,Train,-0.0333022304450705,-0.0334977110088329,0.0153404251492885,0.0366017852936386,0.4623776486447831,7504.0,-1.1501937130052933,0.0,0.0,68.94083239010335,1.1219274012811715,-1.1438643643290174,False,False,False,False,0,0.0
2020-03-06,Train,-0.0290667048694489,-0.0167718899410611,-0.0053807124504696,0.0397699466141868,0.5023999308960541,7386.0,-1.2023523024288651,0.0,0.0,68.94083239010335,1.1219274012811715,-1.1438643643290174,False,False,False,False,0,0.0
2020-03-09,Train,-0.1357252572024996,-0.0771623947724325,-0.0219303558121254,-0.0274367276415209,-0.3465986566398066,7715.0,-0.8598746795727711,0.0,0.0,68.94083239010335,1.1219274012811715,-1.1438643643290174,False,False,False,False,0,0.0
2020-03-10,Train,0.0613980238236631,0.0513208193263594,-0.0165173821580923,-0.086312869652236,-1.0903605219639576,9192.0,-0.0290156548375553,0.0,0.0,68.94083239010335,1.1219274012811715,-1.1438643643290174,False,False,False,False,0,0.0
2020-03-11,Train,-0.0172004526705585,-0.0495811187382074,0.0554403186388919,0.026952293367493,0.3404789666096343,7885.0,-0.7257636552609055,0.0,0.0,68.94083239010335,1.1219274012811715,-1.1438643643290174,False,False,False,False,0,0.0
2020-03-12,Train,-0.116172423011135,-0.0967176344464129,0.0268009281474074,0.0384127963656119,0.4852555228908299,6883.0,-1.3421592939490607,0.0,0.0,68.94083239010335,1.1219274012811715,-1.1438643643290174,False,False,False,False,0,0.0
2020-03-13,Train,-0.0248505535904755,0.0934299617964644,-0.1655971761069714,-0.1218036672908898,-1.5387034492020075,5737.0,-2.1351451193421087,0.0,0.0,68.94083239010335,1.1219274012811715,-1.1438643643290174,False,False,False,True,0,0.0
2020-03-16,Train,-0.1857780645558401,-0.1173882401545621,-0.0119620215976483,-0.1118353330764126,-1.412776943212794,5784.0,-1.7694439944253983,0.0,0.0,68.94083239010335,1.1219274012811715,-1.1438643643290174,False,False,False,True,0,0.0
2020-03-17,Train,-0.033410463808802,0.0654710905948923,-0.132439545015117,-0.2277574959334374,-2.877181388450724,5837.0,-1.656609678669514,0.0,0.0,68.94083239010335,1.1219274012811715,-1.1438643643290174,False,False,False,True,0,0.0
2020-03-18,Train,-0.1603440409986845,-0.05466343080217,-0.0801199319374699,-0.3633177465097992,-4.589666979203847,6605.0,-1.109027140051456,0.0,0.0,68.94083239010335,1.1219274012811715,-1.1438643643290174,False,False,False,True,0,0.0
2020-03-19,Train,0.1838768421567878,0.0008630844737664,0.1812496201276391,-0.2088690545295676,-2.6385702646265536,6169.0,-1.3597350470598268,0.0,0.0,68.94083239010335,1.1219274012811715,-1.1438643643290174,False,False,False,True,0,0.0
2020-03-20,Train,-0.0002571736151377,-0.0435691962004528,0.0634131845108118,0.0201413060882156,0.2544381284954042,5687.0,-1.6328374862633592,0.0,0.0,68.94083239010335,1.1219274012811715,-1.1438643643290174,False,False,False,False,0,0.0
2020-03-23,Train,0.0158117470642444,-0.0307010394051222,0.0602814779966004,0.0923848056824644,1.167065182183537,5699.0,-1.4305014158627418,0.0,0.0,68.94083239010335,1.1219274012811715,-1.1438643643290174,False,False,True,False,0,0.0
2020-03-24,Train,0.1628174932356298,0.0953639010826548,0.0191852323297525,0.244009583027334,3.082488363390882,6074.0,-1.1543857949000698,0.0,0.0,68.94083239010335,1.1219274012811715,-1.1438643643290174,False,False,True,False,0,0.0
2020-03-25,Train,0.0678217645089267,0.0128268778678453,0.047343319462023,0.3714728344268269,4.6926873741194495,6461.0,-0.8822636343608908,0.0,0.0,68.94083239010335,1.1219274012811715,-1.1438643643290174,False,False,True,False,0,0.0
2020-03-26,Train,-0.020565621439638,0.0601004346759663,-0.1115811258979775,0.0786420884012103,0.9934582050506297,6344.0,-0.9310817737404264,0.0,0.0,68.94083239010335,1.1219274012811715,-1.1438643643290174,False,False,False,False,0,0.0
2020-03-27,Train,-0.026128393930185,-0.0307190949203179,0.0183682777071665,0.033597181597565,0.4244215330904579,6216.0,-0.986753741194604,0.0,0.0,68.94083239010335,1.1219274012811715,-1.1438643643290174,False,False,False,False,0,0.0
2020-03-30,Train,-0.0237771485955257,0.0323369163929698,-0.0733665985992153,-0.1000508949982507,-1.2639082275076188,6354.0,-0.8348785040730584,0.0,0.0,68.94083239010335,1.1219274012811715,-1.1438643643290174,False,False,False,True,0,0.0
2020-03-31,Train,0.0435544623934431,-0.0148509973208899,0.064374283404547,-0.0548618439234561,-0.6930506310044248,6380.0,-0.7953033049923138,0.0,0.0,68.94083239010335,1.1219274012811715,-1.1438643643290174,False,False,False,False,0,0.0
2020-04-01,Train,-0.0809923905527714,-0.0450552762095127,-0.0151046466203194,-0.1173098100057986,-1.4819341099974852,6670.0,-0.6002398526525033,0.0,0.0,68.94083239010335,1.1219274012811715,-1.1438643643290174,False,False,False,True,0,0.0
2020-04-02,Train,-0.0562546645498724,0.0233916308728929,-0.0924968189662428,-0.098225503074064,-1.2408486849473457,7278.0,-0.2555639059987678,0.0,0.0,68.94083239010335,1.1219274012811715,-1.1438643643290174,False,False,False,True,0,0.0
2020-04-03,Train,0.0561973469358718,-0.0147769505920769,0.0769066825326731,-0.0396870982485574,-0.5013533362508342,7284.0,-0.2425259542748059,0.0,0.0,68.94083239010335,1.1219274012811715,-1.1438643643290174,False,False,False,False,0,0.0
2020-04-06,Train,0.0754775752334993,0.0680202474797873,-0.0273551129526911,0.0063243873979667,0.079893790718968,6686.0,-0.5345450300239072,0.0,0.0,68.94083239010335,1.1219274012811715,-1.1438643643290174,False,False,False,False,0,0.0
2020-04-07,Train,0.056582237006908,0.0005339244165392,0.0544461559893559,-0.0036037400172243,-0.0455247967311827,5926.0,-1.1466800957304213,0.0,0.0,68.94083239010335,1.1219274012811715,-1.1438643643290174,False,False,False,False,0,0.0
2020-04-08,Train,0.0062149944977303,0.0339406518511382,-0.04576739546925,-0.0342664888661548,-0.4328766594890391,6710.0,-0.4534707028594863,0.0,0.0,68.94083239010335,1.1219274012811715,-1.1438643643290174,False,False,False,False,0,0.0
2020-04-09,Train,0.0440201574824166,0.0148452420395086,0.0205301033435972,0.0787604334436851,0.9949532168930656,6348.0,-0.731110387524834,0.0,0.0,68.94083239010335,1.1219274012811715,-1.1438643643290174,False,False,False,False,0,0.0
2020-04-13,Train,0.1360383930298492,-0.0096998129961161,0.1491721117188742,0.1510258626298862,1.9078572995042768,6446.0,-0.5288408414689597,0.0,0.0,68.94083239010335,1.1219274012811715,-1.1438643643290174,False,False,True,False,0,0.0
2020-04-14,Train,0.0905445731500638,0.030530417281015,0.0436506075522519,0.2220315831348293,2.804847919606907,6671.0,-0.299035121318219,0.0,0.0,68.94083239010335,1.1219274012811715,-1.1438643643290174,False,False,True,False,0,0.0
2020-04-15,Train,0.0280888782705652,-0.0217691097748888,0.0592312419911885,0.2268166691366618,2.8652962501006365,6870.0,-0.1044679355509486,0.0,0.0,68.94083239010335,1.1219274012811715,-1.1438643643290174,False,False,True,False,0,0.0
2020-04-16,Train,0.0210734016250004,0.0050540732656578,0.0121927887920627,0.2847768533979747,3.597487139117788,7191.0,0.1853442009704573,9.240771569071969,9.240771569071969,68.94083239010335,1.1219274012811715,-1.1438643643290174,False,False,True,False,0,0.0
2020-04-17,Train,0.0116477235862064,0.0275990344111112,-0.0308723141412881,0.2333744359130893,2.948138241498592,6944.0,-0.0073178585665375,0.0,-9.240771569071969,68.94083239010335,1.1219274012811715,-1.1438643643290174,False,False,True,False,0,0.0
2020-04-20,Train,-0.0099882483605731,-0.0180191075253154,0.0155587223045875,0.0997610464988026,1.260246672024386,8006.0,1.0583661989830262,48.47564000554676,36.55171451345366,68.94083239010335,1.1219274012811715,-1.1438643643290174,False,False,True,False,0,0.0
2020-04-21,Train,-0.0799077799617374,-0.0305569616100412,-0.0356530280721632,0.0204574108743874,0.2584313705349085,7275.0,0.4735020636927557,23.242462449906192,-25.23317755564057,68.94083239010335,1.1219274012811715,-1.1438643643290174,False,False,False,False,0,0.0
2020-04-22,Train,0.0660968284941083,0.0219963296039378,0.0319366085703047,-0.0068372225464963,-0.0863722591383951,7141.0,0.3737439293861322,18.47266660877544,-4.769795841130755,68.94083239010335,1.1219274012811715,-1.1438643643290174,False,False,False,False,0,0.0
2020-04-23,Train,-0.0361694627790739,-0.0001949593968213,-0.0372179734017067,-0.0562479847402657,-0.710561266795143,7000.0,0.2384017926225598,11.863951735134211,-6.608714873641226,68.94083239010335,1.1219274012811715,-1.1438643643290174,False,False,False,False,0,0.0
2020-04-24,Train,0.0276632453162877,0.0145075858948611,0.0046770092344068,-0.0206986613645708,-0.2614790042361194,6823.0,0.0657841076847699,3.288019714265982,-8.57593202086823,68.94083239010335,1.1219274012811715,-1.1438643643290174,False,False,False,False,0,0.0
2020-04-27,Train,0.1014962224555282,0.0144535200131197,0.0785906582877155,0.0423332746185572,0.5347815638097935,7508.0,1.0467624375741158,48.03054277344921,29.213705514355755,68.94083239010335,1.1219274012811715,-1.1438643643290174,False,False,False,False,0,0.0
2020-04-28,Train,-0.0370954773235768,-0.0046227993147898,-0.0315371906488161,0.0464491120419042,0.5867755093166577,8167.0,1.830498435466683,72.36421879351322,24.333676020064004,68.94083239010335,1.1219274012811715,-1.1438643643290174,True,False,False,False,0,0.0
2020-04-29,Train,0.0408128769246769,0.0257730954940231,0.0010173298124974,0.0155298332840969,0.1961829932649281,9788.0,3.440732588361021,93.79071230887172,21.42649351535852,68.94083239010335,1.1219274012811715,-1.1438643643290174,True,False,False,False,0,0.0
2020-04-30,Train,-0.0232726749233698,-0.0087217443538341,-0.0115983362892268,0.0411494703965768,0.5198269759878105,11789.0,4.626077631725542,98.06037572739312,4.269663418521375,68.94083239010335,1.1219274012811715,-1.1438643643290174,True,False,False,False,0,0.0
2020-05-01,Train,-0.1030337133662409,-0.0272557807440549,-0.0637046663864348,-0.0272322052242648,-0.3440149959350801,12436.0,4.286857957084161,97.28767825074206,-0.7726974766510466,68.94083239010335,1.1219274012811715,-1.1438643643290174,True,True,False,False,0,0.0
2020-05-04,Train,0.085367587936316,0.0031560834196369,0.079318973192172,-0.0265038903198084,-0.3348144465549364,9494.0,1.500365739990521,63.52580373598189,-23.3992965032568,68.94083239010335,1.1219274012811715,-1.1438643643290174,False,True,False,False,0,0.0
2020-05-05,Train,0.0092224477644073,0.0092080096978404,-0.0058562699011638,-0.000822969572156,-0.0103962889412892,18142.0,4.563169848442136,97.935738415804,34.40993467982211,68.94083239010335,1.1219274012811715,-1.1438643643290174,True,False,False,False,0,0.0
2020-05-06,Train,0.0187058259455572,-0.0067289652152067,0.027406731015863,0.0255664316312095,0.3229718563463297,24864.0,5.173881927486043,98.8738678710429,0.938129455238908,68.94083239010335,1.1219274012811715,-1.1438643643290174,True,False,False,False,0,0.0
2020-05-07,Train,-0.003245695176505,0.0118270230219432,-0.0222322528887099,0.0149325150317265,0.1886372791198949,21653.0,3.754025182349604,95.42256395303184,-3.451303918011064,68.94083239010335,1.1219274012811715,-1.1438643643290174,True,True,False,False,0,0.0
2020-05-08,Train,0.0504845627484422,0.0167193142977255,0.0241981980473412,0.1028353794655026,1.2990836532505703,17790.0,2.7115027427502136,87.54039841103479,-7.882165541997054,68.94083239010335,1.1219274012811715,-1.1438643643290174,True,True,True,False,-1,0.0
2020-05-11,Train,-0.0099216488475673,0.0001491477184378,-0.0114836030456741,0.0120328032276564,0.1520062264278706,16301.0,1.984079479317031,75.8230731179924,-11.37883254163492,68.94083239010335,1.1219274012811715,-1.1438643643290174,True,True,False,False,0,-1.0
2020-05-12,Train,-0.0023172703112921,-0.0201250987381049,0.02637205809732,0.0442611312261402,0.5591355071485484,24619.0,2.948038319520576,90.03413840243006,14.211065284437666,68.94083239010335,1.1219274012811715,-1.1438643643290174,True,False,False,False,0,0.0
2020-05-13,Train,-0.0227943726134135,-0.0177291096833253,0.0023198911350097,0.019174291345287,0.2422221669117517,20454.0,2.2632520431459846,81.15750309335455,-8.87663530907551,68.94083239010335,1.1219274012811715,-1.1438643643290174,True,True,False,False,0,0.0
2020-05-14,Train,0.0156391928020402,0.0120585156050314,-0.0036927759007713,0.0377137683332256,0.4764249443996838,15186.0,1.4407713798979689,61.71481512260064,-19.44268797075391,68.94083239010335,1.1219274012811715,-1.1438643643290174,False,True,False,False,0,0.0
2020-05-15,Train,-0.0051784256506188,0.0045061059766104,-0.013241414343703,0.0002741559421813,0.0034633168543787,11172.0,0.6767263970120266,32.601534389438974,-29.113280733161663,68.94083239010335,1.1219274012811715,-1.1438643643290174,False,False,False,False,0,0.0
2020-05-18,Train,0.0180937855045799,0.0305656371540972,-0.0288527318039091,-0.0170949728160536,-0.2159548576912485,13226.0,1.0167269763751348,46.86691280334707,30.177016702939333,68.94083239010335,1.1219274012811715,-1.1438643643290174,False,False,False,False,0,0.0
2020-05-19,Train,-0.0069073433378705,-0.0094434354368443,0.0058438333900426,-0.037623197523331,-0.4752807947966264,9012.0,0.0887613464490238,4.435155811830638,-42.43175699151643,68.94083239010335,1.1219274012811715,-1.1438643643290174,False,False,False,False,0,0.0
2020-05-20,Train,0.009343957133908,0.0163116860219274,-0.0163341838190951,-0.056277272477436,-0.7109312486126497,8813.0,0.0189296067025012,0.9464520734454428,-3.4887037383851958,68.94083239010335,1.1219274012811715,-1.1438643643290174,False,False,False,False,0,0.0
2020-05-21,Train,0.014762844784909,-0.007182404239817,0.0241403280011797,-0.0284441685754849,-0.3593253082623369,11345.0,0.6002579367382102,29.143063173841327,28.196611100395884,68.94083239010335,1.1219274012811715,-1.1438643643290174,False,False,False,False,0,0.0
2020-05-22,Train,-0.012953077701596,0.0022515261553963,-0.0176519990061759,-0.0328547532379578,-0.4150426933303647,8595.0,-0.0893391550585216,0.0,-29.143063173841327,68.94083239010335,1.1219274012811715,-1.1438643643290174,False,False,False,False,0,0.0
2020-05-26,Train,0.0024360442933191,0.0128520437436745,-0.018079950855552,-0.0220819722896007,-0.2789538909862786,11522.0,0.5730885317067316,27.89510637152976,17.92359751595754,68.94083239010335,1.1219274012811715,-1.1438643643290174,False,False,False,False,0,0.0
2020-05-27,Train,0.0016608447192643,0.0145795604736913,-0.0214327849138077,-0.0493585905934511,-0.6235299419393875,21241.0,2.069415257578897,77.57895415176037,49.68384778023061,68.94083239010335,1.1219274012811715,-1.1438643643290174,True,False,False,False,0,0.0
2020-05-28,Train,-0.0175803816204168,-0.001970602710043,-0.015979447895407,-0.049003854669763,-0.6190486861490243,13687.0,0.903366374837059,42.32816042395401,-35.25079372780636,68.94083239010335,1.1219274012811715,-1.1438643643290174,False,True,False,False,0,0.0
2020-05-29,Train,0.0362244028088376,0.0044880203507184,0.0281883997490371,-0.0449557829219056,-0.5679108008982476,11717.0,0.4985113803355392,24.42188726700997,-17.906273156944035,68.94083239010335,1.1219274012811715,-1.1438643643290174,False,False,False,False,0,0.0
2020-06-01,Train,0.07556883131087,0.004361180906512,0.0677220858829421,0.0404183019672124,0.5105903790180016,16745.0,1.121257653001569,50.844384728603465,-35.83694258419843,68.94083239010335,1.1219274012811715,-1.1438643643290174,False,False,False,False,0,0.0
2020-06-02,Train,-0.0184166287841018,0.00822159061498,-0.0320235066696728,0.0264747461530915,0.3344462784131333,12072.0,0.3601421478220685,17.814968720479964,-33.029416008123505,68.94083239010335,1.1219274012811715,-1.1438643643290174,False,False,False,False,0,0.0
2020-06-03,Train,0.001588043601163,0.0132026452973175,-0.0194510855001507,0.0284564455667485,0.3594803992314617,10622.0,0.0585580425283756,2.927065754360918,-14.887902966119048,68.94083239010335,1.1219274012811715,-1.1438643643290174,False,False,False,False,0,0.0
2020-06-04,Train,-0.021042854169221,-0.0025432876101483,-0.0185874150600125,0.025848478402143,0.3265348553013226,10186.0,-0.0527279192049193,0.0,-2.927065754360918,68.94083239010335,1.1219274012811715,-1.1438643643290174,False,False,False,False,0,0.0
2020-06-05,Train,0.0246188055382796,0.0255681456545666,-0.0148709351151053,-0.0172108564619994,-0.2174187755657162,10330.0,-0.0366429728206281,0.0,0.0,68.94083239010335,1.1219274012811715,-1.1438643643290174,False,False,False,False,0,0.0
2020-06-08,Train,0.0725560681818036,0.0121250451793955,0.0531248304403076,-0.0318081119046339,-0.4018208366697041,9744.0,-0.2257242911127553,0.0,0.0,68.94083239010335,1.1219274012811715,-1.1438643643290174,False,False,False,False,0,0.0
2020-06-09,Train,-0.009737634144336,-0.0071002513912928,-0.0004827315153626,-0.0002673367503236,-0.0033771723706737,10125.0,-0.1547398959280628,0.0,0.0,68.94083239010335,1.1219274012811715,-1.1438643643290174,False,False,False,False,0,0.0
2020-06-10,Train,0.0897020572526978,-0.0062363541509443,0.0976679354231314,0.1168516841729585,1.4761467653728262,11642.0,0.1605110098741438,8.008364058465947,8.008364058465947,68.94083239010335,1.1219274012811715,-1.1438643643290174,False,False,True,False,0,0.0
2020-06-11,Train,-0.0509341048991272,-0.0576354573641572,0.0337245766446732,0.1691636758776443,2.136985998385371,11612.0,0.1297937916196653,6.480594228887895,-1.5277698295780515,68.94083239010335,1.1219274012811715,-1.1438643643290174,False,False,True,False,0,0.0
2020-06-12,Train,-0.0386086331107897,0.0120508977552804,-0.0579292351901282,0.1261053758026214,1.5930454396500913,9411.0,-0.4174236949599414,0.0,-6.480594228887895,68.94083239010335,1.1219274012811715,-1.1438643643290174,False,False,True,False,0,0.0
2020-06-15,Train,0.0594687627923617,0.0091186471459145,0.0445233833407932,0.1175039287031071,1.4843863441193836,8980.0,-0.6077423486777194,0.0,-8.976162266748108,68.94083239010335,1.1219274012811715,-1.1438643643290174,False,False,True,False,0,0.0
2020-06-16,Train,-0.0088504906557814,0.0195604612770445,-0.0393761419011608,0.0786105183173088,0.9930593911391014,8446.0,-0.7827166495001244,0.0,0.0,68.94083239010335,1.1219274012811715,-1.1438643643290174,False,False,False,False,0,0.0
2020-06-17,Train,0.0098357221169047,-0.0045877679044963,0.015341738287054,-0.0037156788187686,-0.046938880755635,8806.0,-0.688591187363957,0.0,0.0,68.94083239010335,1.1219274012811715,-1.1438643643290174,False,False,False,False,0,0.0
2020-06-18,Train,0.012270733625858,0.0009081238737467,0.009576308131458,-0.0278639473319837,-0.3519955746957485,8488.0,-0.7970164349067526,0.0,0.0,68.94083239010335,1.1219274012811715,-1.1438643643290174,False,False,False,False,0,0.0
2020-06-19,Train,-0.0030478518902198,-0.0058958749985857,0.0044099960024042,0.0344752838605487,0.4355142941776782,7898.0,-1.003292944941275,0.0,0.0,68.94083239010335,1.1219274012811715,-1.1438643643290174,False,False,False,False,0,0.0
2020-06-22,Train,-0.0065740925163715,0.0066324535467201,-0.0178098127534554,-0.0278579122336999,-0.3519193353939924,7626.0,-1.109545370259174,0.0,0.0,68.94083239010335,1.1219274012811715,-1.1438643643290174,False,False,False,False,0,0.0
2020-06-23,Train,0.0075025599927995,0.0045318225859407,-0.0005988005538676,0.0109194291135933,0.1379413577119737,7011.0,-1.3457867720092451,0.0,0.0,68.94083239010335,1.1219274012811715,-1.1438643643290174,False,False,False,False,0,0.0
2020-06-24,Train,-0.0408572981876094,-0.0255761544176335,-0.0040344282330838,-0.0084567374065445,-0.1068310282100922,6806.0,-1.4296008893258672,0.0,0.0,68.94083239010335,1.1219274012811715,-1.1438643643290174,False,False,False,False,0,0.0
2020-06-25,Train,0.0261540119830372,0.0105777163996994,0.0090315495787864,-0.0090014959592161,-0.1137127739130051,7030.0,-1.3369288654431908,0.0,0.0,68.94083239010335,1.1219274012811715,-1.1438643643290174,False,False,False,False,0,0.0
2020-06-26,Train,-0.0266131592310482,-0.0234358090055973,0.0070160929446718,-0.0063953990169486,-0.080790855852482,7197.0,-1.2740218498838207,0.0,0.0,68.94083239010335,1.1219274012811715,-1.1438643643290174,False,False,False,False,0,0.0
2020-06-29,Train,0.0516911080118898,0.0145931168750002,0.0285772508192878,0.0399916645557946,0.5052008166911186,8127.0,-0.9268930165229432,0.0,0.0,68.94083239010335,1.1219274012811715,-1.1438643643290174,False,False,False,False,0,0.0
2020-06-30,Train,0.0698073149894527,0.0133360224823,0.0485691732676282,0.0891596383772904,1.1263227631160293,8055.0,-0.9275428152683752,0.0,0.0,68.94083239010335,1.1219274012811715,-1.1438643643290174,False,False,True,False,0,0.0
2020-07-01,Train,0.0368768072658178,0.0068448893870944,0.0253241106786272,0.1185181772890016,1.4971989944457242,11293.0,-0.0114276808248615,0.0,0.0,68.94083239010335,1.1219274012811715,-1.1438643643290174,False,False,True,False,0,0.0
2020-07-02,Train,0.0795173412803385,0.0050455879224786,0.0706493894612184,0.1801360171714336,2.2755957773032343,16243.0,0.968495143913928,44.96388929175835,44.96388929175835,68.94083239010335,1.1219274012811715,-1.1438643643290174,False,False,True,False,0,0.0
2020-07-06,Train,0.1347939370342961,0.0155154946198849,0.1103037963931098,0.2834237206198716,3.5803934824225165,12114.0,0.2458626405233566,12.231579025255073,12.231579025255073,68.94083239010335,1.1219274012811715,-1.1438643643290174,False,False,True,False,0,0.0
2020-07-07,Train,0.0133276885225916,-0.0103684604572614,0.0274590987092874,0.2823055685098712,3.566268254942451,11317.0,0.0865933943450952,4.326966272355353,-7.90461275289972,68.94083239010335,1.1219274012811715,-1.1438643643290174,False,False,True,False,0,0.0
2020-07-08,Train,-0.0172535003098449,0.0074240764822044,-0.0296704042318873,0.2040659910103556,2.577894830396007,9334.0,-0.449480548287759,0.0,-4.326966272355353,68.94083239010335,1.1219274012811715,-1.1438643643290174,False,False,True,False,0,0.0
2020-07-09,Train,0.0207924564914561,-0.0050962206457014,0.0270571369897384,0.2057990173214668,2.599787550227638,9174.0,-0.4770997268694255,0.0,0.0,68.94083239010335,1.1219274012811715,-1.1438643643290174,False,False,True,False,0,0.0
2020-07-10,Train,0.1078477650541864,0.0100376434656304,0.0915311475917824,0.2266807754520309,2.863579552353211,10721.0,0.0189759863162785,0.9487708458972792,0.9487708458972792,68.94083239010335,1.1219274012811715,-1.1438643643290174,False,False,True,False,0,0.0
2020-07-13,Train,-0.0308095851054702,-0.0090469637820521,-0.0186499852877214,0.0977269937711996,1.2345511899635142,13516.0,0.900405448191714,42.20656304524398,28.65225233234312,68.94083239010335,1.1219274012811715,-1.1438643643290174,False,False,True,False,0,0.0
2020-07-14,Train,0.0131858630999019,0.0133833015855486,-0.0081228239571995,0.0621450711047126,0.785057111879565,11612.0,0.3961397837957015,19.5519698771648,-22.654593168079185,68.94083239010335,1.1219274012811715,-1.1438643643290174,False,False,False,False,0,0.0
2020-07-15,Train,0.0192575811636048,0.008873118189739,0.0046785564299451,0.0964940317665451,1.2189756089363342,10320.0,-0.0081342734950536,0.0,-19.5519698771648,68.94083239010335,1.1219274012811715,-1.1438643643290174,False,False,True,False,0,0.0
2020-07-16,Train,-0.0293465043668996,-0.0029093031657488,-0.0263449320125093,0.0430919627642973,0.5443658078041138,9443.0,-0.31305121074595,0.0,0.0,68.94083239010335,1.1219274012811715,-1.1438643643290174,False,False,False,False,0,0.0
2020-07-17,Train,0.0001333049437526,0.0026461883367085,-0.0051544933485195,-0.0535936781760047,-0.6770303333141819,8564.0,-0.6432806633588899,0.0,0.0,68.94083239010335,1.1219274012811715,-1.1438643643290174,False,False,False,False,0,0.0
2020-07-20,Train,0.0947202875586943,0.0083234372073928,0.0809614439733765,0.0460177510850931,0.5813262760804271,8690.0,-0.5569197097895169,0.0,0.0,68.94083239010335,1.1219274012811715,-1.1438643643290174,False,False,False,False,0,0.0
2020-07-21,Train,-0.0454290743875025,0.002080563722161,-0.0498729019753309,0.0042676730669617,0.0539120324884638,10207.0,0.0040457453030496,0.2022869892321781,0.2022869892321781,68.94083239010335,1.1219274012811715,-1.1438643643290174,False,False,False,False,0,0.0
2020-07-22,Train,0.0152834765182543,0.0056924347688944,0.0054503619841533,0.0050394786211699,0.063661984150734,13000.0,0.8161153299188981,38.68222216758108,38.4799351783489,68.94083239010335,1.1219274012811715,-1.1438643643290174,False,False,False,False,0,0.0
2020-07-23,Train,-0.0497761533857429,-0.0119536976124501,-0.0332794046261401,-0.0018949939924609,-0.0239388013289709,18762.0,2.035179488982237,76.88830024273825,38.20607807515717,68.94083239010335,1.1219274012811715,-1.1438643643290174,True,False,False,False,0,0.0
2020-07-24,Train,-0.0634933937061312,-0.006469832221513,-0.0551791419914386,-0.05191964263538,-0.6558828234096205,10393.0,-0.0145268232250149,0.0,-76.88830024273825,68.94083239010335,1.1219274012811715,-1.1438643643290174,False,True,False,False,0,0.0
2020-07-27,Train,0.0865208063198523,0.0072923386500829,0.0743004689334909,-0.0585806176752655,-0.7400286089748714,10097.0,-0.0766931245435598,0.0,-0.6125185416741676,68.94083239010335,1.1219274012811715,-1.1438643643290174,False,False,False,False,0,0.0
2020-07-28,Train,-0.0409911225779979,-0.0061960123978489,-0.0330854384954855,-0.04179315419542,-0.5279584099873326,9642.0,-0.2207431846076498,0.0,0.0,68.94083239010335,1.1219274012811715,-1.1438643643290174,False,False,False,False,0,0.0
2020-07-29,Train,0.0153200720490456,0.0120965810560416,-0.0040686942624232,-0.0513122104419967,-0.6482093433584565,9306.0,-0.3338216900368912,0.0,0.0,68.94083239010335,1.1219274012811715,-1.1438643643290174,False,False,False,False,0,0.0
2020-07-30,Train,-0.0077512574408811,-0.0036493066629132,-0.003645522967782,-0.0216783287836385,-0.2738548026855233,8777.0,-0.5315008655554532,0.0,0.0,68.94083239010335,1.1219274012811715,-1.1438643643290174,False,False,False,False,0,0.0
2020-07-31,Train,-0.0381380479871881,0.0083667465245289,-0.0519615135743642,-0.018460700366564,-0.2332076197745273,7409.0,-1.3483230939088438,0.0,0.0,68.94083239010335,1.1219274012811715,-1.1438643643290174,False,False,False,False,0,0.0
2020-08-03,Train,0.0379098927770311,0.0062979735162138,0.0271732515045262,-0.0655879177955287,-0.8285493990664602,10079.0,0.2227841659081575,11.093363329493116,-6.4147080264478245,68.94083239010335,1.1219274012811715,-1.1438643643290174,False,False,False,False,0,0.0
2020-08-04,Train,0.0013467807962437,0.0042053037646616,-0.0062673797373379,-0.0387698590373812,-0.4897661716820568,8289.0,-0.7351091402791774,0.0,-11.093363329493116,68.94083239010335,1.1219274012811715,-1.1438643643290174,False,False,False,False,0,0.0
2020-08-05,Train,-0.0013315012524623,0.0062324580501302,-0.0119703866412232,-0.0466715514161811,-0.5895855087202124,7979.0,-0.900961540019352,0.0,0.0,68.94083239010335,1.1219274012811715,-1.1438643643290174,False,False,False,False,0,0.0
2020-08-06,Train,0.003070674289896,0.0067179304170126,-0.0082925863203946,-0.0513186147687938,-0.6482902469958569,7488.0,-1.1866610494126335,0.0,0.0,68.94083239010335,1.1219274012811715,-1.1438643643290174,False,False,False,False,0,0.0
2020-08-07,Train,-0.0247519446804119,0.00052079464818,-0.0268684347191305,-0.0262255359135601,-0.3312980919613433,7419.0,-1.1959503354748078,0.0,0.0,68.94083239010335,1.1219274012811715,-1.1438643643290174,False,False,False,False,0,0.0
2020-08-10,Train,-0.0235009146859761,0.0031885044156847,-0.0295979049254035,-0.0829966923434899,-1.048468405112114,7215.0,-1.221799647390981,0.0,0.0,68.94083239010335,1.1219274012811715,-1.1438643643290174,False,False,False,False,0,0.0
2020-08-11,Train,-0.0311440606522254,-0.0080756966438551,-0.0204336923384536,-0.0971630049446057,-1.227426514885226,7427.0,-1.0451582378900577,0.0,0.0,68.94083239010335,1.1219274012811715,-1.1438643643290174,False,False,False,True,0,0.0
2020-08-12,Train,0.1312363947417745,0.0136998293801711,0.1094554153216236,0.0242627970182412,0.30650349278973,8302.0,-0.5008088423026172,0.0,0.0,68.94083239010335,1.1219274012811715,-1.1438643643290174,False,False,False,False,0,0.0
2020-08-13,Train,0.0426046504780761,-0.0017093162509704,0.0438157176533399,0.0763711009919758,0.9647696093999084,7901.0,-0.7253211561554322,0.0,0.0,68.94083239010335,1.1219274012811715,-1.1438643643290174,False,False,False,False,0,0.0
2020-08-14,Train,0.0183281967881143,0.0,0.0169887864853026,0.120228322196409,1.518802661446807,7475.0,-0.9580813297832564,0.0,0.0,68.94083239010335,1.1219274012811715,-1.1438643643290174,False,False,True,False,0,0.0
2020-08-17,Train,0.1120305815451947,0.0032311561385518,0.1058699505028954,0.2556961776247081,3.2301210563660465,9113.0,0.0156084759348093,0.7804079529286562,0.7804079529286562,68.94083239010335,1.1219274012811715,-1.1438643643290174,False,False,True,False,0,0.0
2020-08-18,Train,0.0280283741956939,0.0020929997145275,0.02356599081491,0.2996958607780718,3.785953780763336,11162.0,0.9278381936991926,43.327299223940045,42.54689127101139,68.94083239010335,1.1219274012811715,-1.1438643643290174,False,False,True,False,0,0.0
2020-08-19,Train,-0.0045360591168615,-0.004242355699831,0.0004545661487952,0.1906950116052433,2.4089838888172057,10545.0,0.6422406350165433,31.051956687244516,-12.275342536695533,68.94083239010335,1.1219274012811715,-1.1438643643290174,False,False,True,False,0,0.0
2020-08-20,Train,0.0656364366744592,0.0031629830502797,0.0595775269643887,0.2064568209162921,2.6080973547086304,10573.0,0.6321002194925209,30.59310558915848,-0.4588510980860327,68.94083239010335,1.1219274012811715,-1.1438643643290174,False,False,True,False,0,0.0
2020-08-21,Train,0.0240529267290705,0.003571321176951,0.0173847340996318,0.2068527685306213,2.6130992234817323,10700.0,0.6635080743836175,32.009597572526275,1.416491983367795,68.94083239010335,1.1219274012811715,-1.1438643643290174,False,False,True,False,0,0.0
2020-08-24,Train,-0.0174538064482562,0.0101625127664533,-0.0339567418838679,0.0670260761438579,0.8467171542768837,10755.0,0.6407348340926787,30.9839103923997,30.9839103923997,68.94083239010335,1.1219274012811715,-1.1438643643290174,False,False,False,False,0,0.0
2020-08-25,Train,0.0045377511853743,0.0034909328742513,-0.0020104937425084,0.0414495915864394,0.5236183028032619,10694.0,0.5882990657555063,28.594955459357468,-2.388954933042232,68.94083239010335,1.1219274012811715,-1.1438643643290174,False,False,False,False,0,0.0
2020-08-26,Train,0.0641661916535625,0.0102151482095877,0.0475847186669348,0.088579744104579,1.1189971600579318,9521.0,0.0053625804183229,0.2681283783631372,-28.32682708099433,68.94083239010335,1.1219274012811715,-1.1438643643290174,False,False,False,False,0,0.0
2020-08-27,Train,0.0397460792064241,0.0020032113024517,0.035417669467242,0.0644198866074323,0.813794066506503,10841.0,0.6165384362584796,29.886172228001296,29.61804384963816,68.94083239010335,1.1219274012811715,-1.1438643643290174,False,False,False,False,0,0.0
2020-08-28,Train,-0.0113232994399078,0.0064989278608407,-0.0223597854777107,0.0246753670300897,0.311715346540838,10314.0,0.3586876471019843,17.744542669621982,-12.141629558379314,68.94083239010335,1.1219274012811715,-1.1438643643290174,False,False,False,False,0,0.0
2020-08-31,Train,0.1256890549105465,-0.0035078731230943,0.129583755844505,0.1882158647584627,2.3776656872468904,13317.0,1.592480258685647,66.19295439808431,55.3803782819601,68.94083239010335,1.1219274012811715,-1.1438643643290174,False,False,True,False,0,0.0
2020-09-01,Train,-0.046696908046846,0.0093453983424756,-0.0619806238475992,0.1282457346533718,1.620083850064405,15152.0,2.327727202200009,82.22950161222336,16.03654721413905,68.94083239010335,1.1219274012811715,-1.1438643643290174,True,False,True,False,0,0.0
2020-09-02,Train,-0.0582675652408364,0.0145669433193413,-0.0813423687684474,-0.0006813527820104,-0.0086072931884649,13535.0,1.6629684794292323,68.12721674978883,-14.10228486243453,68.94083239010335,1.1219274012811715,-1.1438643643290174,False,True,False,False,0,0.0
2020-09-03,Train,-0.0902384920331604,-0.0346172533121423,-0.0399253629797662,-0.0760243852290188,-0.9603896695161552,11882.0,0.9653799456081198,44.83953316508124,-23.287683584707597,68.94083239010335,1.1219274012811715,-1.1438643643290174,False,False,False,False,0,0.0
2020-09-04,Train,0.0278132472752659,-0.0080035902702586,0.0384160253863592,-0.0152485743649488,-0.1926299469680666,10238.0,0.2397858578232375,11.932175323882404,-32.90735784119883,68.94083239010335,1.1219274012811715,-1.1438643643290174,False,False,False,False,0,0.0
2020-09-08,Train,-0.2106282432039079,-0.027475816636869,-0.1709708798059599,-0.3158032100154138,-3.989432332602088,11439.0,0.8186223062745951,38.78876314728424,38.78876314728424,68.94083239010335,1.1219274012811715,-1.1438643643290174,False,False,False,True,0,0.0
2020-09-09,Train,0.1092334943382573,0.0197274935577929,0.0784586135720573,-0.1753639725957571,-2.215312194619281,12057.0,1.0653679868803547,48.743007488520256,9.95424434123602,68.94083239010335,1.1219274012811715,-1.1438643643290174,False,False,False,True,0,0.0
2020-09-10,Train,0.0138145825877706,-0.0174882890445969,0.0385695169172034,-0.0554520869101062,-0.700506965773531,10693.0,0.4877902891091787,23.917148589444317,-24.825858899075943,68.94083239010335,1.1219274012811715,-1.1438643643290174,False,False,False,False,0,0.0
2020-09-11,Train,0.0037162634432792,0.0007500252646936,0.0012577375031459,-0.0142689864271939,-0.1802551525784982,9929.0,0.1331750458941275,6.648928307796724,-17.26822028164759,68.94083239010335,1.1219274012811715,-1.1438643643290174,False,False,False,False,0,0.0
2020-09-14,Train,0.1258317707423399,0.0129975567956435,0.1050986549982588,0.0524136431847056,0.6621233608750459,8828.0,-0.3811538590001462,0.0,0.0,68.94083239010335,1.1219274012811715,-1.1438643643290174,False,False,False,False,0,0.0
2020-09-15,Train,0.0718268514026634,0.0051452360092503,0.062810214282681,0.2861947372733466,3.615398773948884,9250.0,-0.1420093465969049,0.0,0.0,68.94083239010335,1.1219274012811715,-1.1438643643290174,False,False,True,False,0,0.0
2020-09-16,Train,-0.017787298462508,-0.0040311428718886,-0.0131118246853144,0.1946242990159748,2.4586212127687053,8495.0,-0.5747038566316066,0.0,0.0,68.94083239010335,1.1219274012811715,-1.1438643643290174,False,False,True,False,0,0.0
2020-09-17,Train,-0.0414931245294233,-0.0087373695877313,-0.0297954714225361,0.1262593106762352,1.594990045475598,8522.0,-0.564386459362088,0.0,0.0,68.94083239010335,1.1219274012811715,-1.1438643643290174,False,False,True,False,0,0.0
2020-09-18,Train,0.0442104184349159,-0.0116335168419332,0.0602294242118186,0.1852309973849079,2.339958893804204,8493.0,-0.5855817566890376,0.0,0.0,68.94083239010335,1.1219274012811715,-1.1438643643290174,False,False,True,False,0,0.0
2020-09-21,Train,0.016374511668703,-0.0108526475766389,0.0312283793540889,0.111360721740738,1.4067813429531666,10233.0,0.4212720784068649,20.757521389715084,20.757521389715084,68.94083239010335,1.1219274012811715,-1.1438643643290174,False,False,True,False,0,0.0
2020-09-22,Train,-0.0559869468234628,0.0101101096907376,-0.072411691424395,-0.0238611839663379,-0.3014300545103042,13009.0,1.8880749808312736,73.70717705210086,52.94965566238578,68.94083239010335,1.1219274012811715,-1.1438643643290174,True,False,False,False,0,0.0
2020-09-23,Train,-0.1034109073848393,-0.0231675010797398,-0.0701819985169771,-0.0809313577980007,-1.0223777507042238,13882.0,2.177020833181144,79.63338225552612,5.926205203425255,68.94083239010335,1.1219274012811715,-1.1438643643290174,True,False,False,False,0,0.0
2020-09-24,Train,0.0195341463945935,0.0027545149709431,0.0140847135067723,-0.0370511728686922,-0.468054605891991,10523.0,0.612088302348027,29.68340495568261,-49.9499772998435,68.94083239010335,1.1219274012811715,-1.1438643643290174,False,True,False,False,0,0.0
2020-09-25,Train,0.0504138512137659,0.0160134659754798,0.0251806855609996,-0.0720999115195113,-0.910813155381318,8647.0,-0.4390033069630183,0.0,-29.68340495568261,68.94083239010335,1.1219274012811715,-1.1438643643290174,False,False,False,False,0,0.0
2020-09-28,Train,0.0340255940397897,0.0167499960517796,0.0076934489732014,-0.0956348419003987,-1.208121761593614,8808.0,-0.3020232722089924,0.0,0.0,68.94083239010335,1.1219274012811715,-1.1438643643290174,False,False,False,True,0,0.0
2020-09-29,Train,-0.0050569194155491,-0.0057024457220816,0.0021123118954188,-0.0211108385805848,-0.2666858959337942,9073.0,-0.144797103089027,0.0,0.0,68.94083239010335,1.1219274012811715,-1.1438643643290174,False,False,False,False,0,0.0
2020-09-30,Train,0.023719120314277,0.0076974206578444,0.0108943584763358,0.0599655184127281,0.7575235792736472,8158.0,-0.7371895851144762,0.0,0.0,68.94083239010335,1.1219274012811715,-1.1438643643290174,False,False,False,False,0,0.0
2020-10-01,Train,0.044637748768495,0.0063384615980863,0.033840695070327,0.0797214999762829,1.0070940368003118,7555.0,-1.175540780548611,0.0,0.0,68.94083239010335,1.1219274012811715,-1.1438643643290174,False,False,False,False,0,0.0
2020-10-02,Train,-0.0737906918190171,-0.0093024783359029,-0.0612498377339277,-0.0067090233186444,-0.0847527627926117,8573.0,-0.4541196669212107,0.0,0.0,68.94083239010335,1.1219274012811715,-1.1438643643290174,False,False,False,False,0,0.0
2020-10-05,Train,0.0255125317897579,0.0174751184216166,-0.0019015712071244,-0.0163040434989703,-0.2059633221706917,7858.0,-0.8935134187101232,0.0,0.0,68.94083239010335,1.1219274012811715,-1.1438643643290174,False,False,False,False,0,0.0
2020-10-06,Train,-0.0274853935119243,-0.0139704540148154,-0.0079794346192774,-0.0263957900136667,-0.3334488529105126,7603.0,-1.0794515777184568,0.0,0.0,68.94083239010335,1.1219274012811715,-1.1438643643290174,False,False,False,False,0,0.0
2020-10-07,Train,0.0273442972661894,0.0171581801755296,0.0004030990685955,-0.036887049421407,-0.4659812913518826,9062.0,-0.1370674241824608,0.0,0.0,68.94083239010335,1.1219274012811715,-1.1438643643290174,False,False,False,False,0,0.0
2020-10-08,Train,0.0014577830589765,0.0088499105538424,-0.0130866134701949,-0.083814357961929,-1.0587976910471708,8193.0,-0.7061610660055365,0.0,0.0,68.94083239010335,1.1219274012811715,-1.1438643643290174,False,False,False,False,0,0.0
2020-10-09,Train,0.0189707754339791,0.0088987711680275,0.0043534737908632,-0.0182110464371379,-0.2300538283423092,7448.0,-1.2445853152776247,0.0,0.0,68.94083239010335,1.1219274012811715,-1.1438643643290174,False,False,False,False,0,0.0
2020-10-12,Train,0.0191243951639483,0.0161341465417814,-0.0062888384348279,-0.0225983136648415,-0.2854766523506901,9423.0,0.0610875090988098,3.0534259789777995,3.0534259789777995,68.94083239010335,1.1219274012811715,-1.1438643643290174,False,False,False,False,0,0.0
2020-10-13,Train,0.0098349328842701,-0.0063939744093695,0.0180359968601236,0.0034171178145596,0.0431672632239849,7906.0,-0.91271385898374,0.0,-3.0534259789777995,68.94083239010335,1.1219274012811715,-1.1438643643290174,False,False,False,False,0,0.0
2020-10-14,Train,0.0327997181163728,-0.0062492592583821,0.0407848520481984,0.0437988707941625,0.5532959315681589,8141.0,-0.7621548463490361,0.0,0.0,68.94083239010335,1.1219274012811715,-1.1438643643290174,False,False,False,False,0,0.0
2020-10-15,Train,-0.0269239074303192,-0.0011890130839102,-0.0264891866500569,0.0303962976143005,0.3839858767995665,9123.0,-0.1612922162330836,0.0,0.0,68.94083239010335,1.1219274012811715,-1.1438643643290174,False,False,False,False,0,0.0
2020-10-16,Train,-0.0205176804695688,-0.0008456970184615,-0.0205952229362575,0.0054476008871797,0.0688176510725327,7591.0,-1.2393002477017336,0.0,0.0,68.94083239010335,1.1219274012811715,-1.1438643643290174,False,False,False,False,0,0.0
2020-10-19,Train,-0.0201060143441705,-0.0151101094626088,0.0011004289092332,0.0128368682312409,0.1621637005164249,8207.0,-0.6707909529850393,0.0,0.0,68.94083239010335,1.1219274012811715,-1.1438643643290174,False,False,False,False,0,0.0
2020-10-20,Train,-0.0206345875446588,0.0039470972373691,-0.0278634771067759,-0.0330626057356586,-0.4176684217854344,7815.0,-0.9188443274136188,0.0,0.0,68.94083239010335,1.1219274012811715,-1.1438643643290174,False,False,False,False,0,0.0
2020-10-21,Train,0.0016590325709362,-0.0018072809132612,0.0030162732027959,-0.0708311845810612,-0.8947857683599866,8284.0,-0.5668649690117886,0.0,0.0,68.94083239010335,1.1219274012811715,-1.1438643643290174,False,False,False,False,0,0.0
2020-10-22,Train,0.007453064711647,0.0054946725387876,-0.0020849680237434,-0.0464269659547477,-0.5864957454848132,9318.0,0.0961272579283916,4.80266523363327,4.80266523363327,68.94083239010335,1.1219274012811715,-1.1438643643290174,False,False,False,False,0,0.0
2020-10-23,Train,-0.0121185517556048,0.0034112189083952,-0.018547855162579,-0.0443795981810692,-0.5606320590686997,7598.0,-1.035135900018305,0.0,-4.80266523363327,68.94083239010335,1.1219274012811715,-1.1438643643290174,False,False,False,False,0,0.0
2020-10-26,Train,-0.0008320996760948,-0.0184162442814822,0.0253074402995981,-0.0201725867907043,-0.2548332867519933,8078.0,-0.6024690623065709,0.0,0.0,68.94083239010335,1.1219274012811715,-1.1438643643290174,False,False,False,False,0,0.0
2020-10-27,Train,0.0104691598237565,-0.003303326717049,0.0140586562634948,0.0217495465795664,0.2747544723808298,7763.0,-0.7968771859903498,0.0,0.0,68.94083239010335,1.1219274012811715,-1.1438643643290174,False,False,False,False,0,0.0
2020-10-28,Train,-0.0439389751905624,-0.0344302832086119,0.0060951750384877,0.0248284484152583,0.3136491705430734,7660.0,-0.8439405126313394,0.0,0.0,68.94083239010335,1.1219274012811715,-1.1438643643290174,False,False,False,False,0,0.0
2020-10-29,Train,0.0118467013663008,0.010530699436986,-0.005205606843593,0.0217078095954086,0.2742272235474309,7263.0,-1.1075676085067172,0.0,0.0,68.94083239010335,1.1219274012811715,-1.1438643643290174,False,False,False,False,0,0.0
2020-10-30,Train,-0.0554730521894949,-0.0112453913785259,-0.0400331699378765,0.0002224948201111,0.0028106998315328,7107.0,-1.1895050014037676,0.0,0.0,68.94083239010335,1.1219274012811715,-1.1438643643290174,False,False,False,False,0,0.0
2020-11-02,Train,0.0321358266613487,0.0116399569221068,0.0134283910099523,-0.0116565544695346,-0.1472532064674998,7690.0,-0.6527301370435032,0.0,0.0,68.94083239010335,1.1219274012811715,-1.1438643643290174,False,False,False,False,0,0.0
2020-11-03,Train,0.0584006170111943,0.0176386076625969,0.0307425710770169,0.0050273603439874,0.0635088981615038,7632.0,-0.6785538504333117,0.0,0.0,68.94083239010335,1.1219274012811715,-1.1438643643290174,False,False,False,False,0,0.0
2020-11-04,Train,-0.0068884846035798,0.0225168305910075,-0.0418253460903964,-0.0428931607848968,-0.5418544114051768,6134.0,-2.094421839233386,0.0,0.0,68.94083239010335,1.1219274012811715,-1.1438643643290174,False,False,False,False,0,0.0
2020-11-05,Train,0.0406433005438622,0.0195812190385282,0.0100866765612088,-0.0276008773800949,-0.3486723033086393,6514.0,-1.600866991628367,0.0,0.0,68.94083239010335,1.1219274012811715,-1.1438643643290174,False,False,False,False,0,0.0
2020-11-06,Train,-0.0185806557047475,-0.0001244368050927,-0.0197343933629257,-0.007302100805144,-0.0922449048144244,7057.0,-1.03608242128419,0.0,0.0,68.94083239010335,1.1219274012811715,-1.1438643643290174,False,False,False,False,0,0.0
2020-11-09,Train,-0.0202116583395449,0.0124630374635366,-0.0401472156930353,-0.0608777075081318,-0.7690469474828325,8194.0,0.0444188941554247,2.2205796124178407,2.2205796124178407,68.94083239010335,1.1219274012811715,-1.1438643643290174,False,False,False,False,0,0.0
2020-11-10,Train,-0.0258747425310226,-0.0012890875722462,-0.0252907002144525,-0.1169109787996012,-1.4768958138092447,7252.0,-0.7528147846632013,0.0,-2.2205796124178407,68.94083239010335,1.1219274012811715,-1.1438643643290174,False,False,False,True,0,0.0
2020-11-11,Train,0.0164977197153513,0.0070386115794016,0.0046559694856867,-0.070429663223518,-0.8897134884235823,7197.0,-0.7782996456956854,0.0,0.0,68.94083239010335,1.1219274012811715,-1.1438643643290174,False,False,False,False,0,0.0
2020-11-12,Train,-0.01287374576728,-0.009248086857189,-0.0004140494207778,-0.0809303892055047,-1.0223655148114332,7610.0,-0.3734863454207096,0.0,0.0,68.94083239010335,1.1219274012811715,-1.1438643643290174,False,False,False,False,0,0.0
2020-11-13,Train,-0.0079171462831602,0.0135856752692202,-0.0295277959069117,-0.0907237917494907,-1.146082169728457,8172.0,0.122930941147406,6.138818177117742,6.138818177117742,68.94083239010335,1.1219274012811715,-1.1438643643290174,False,False,False,True,0,0.0
2020-11-16,Train,-0.0010037182511209,0.0121276273396844,-0.0204388088441053,-0.0710153849005607,-0.8971127070578266,11072.0,2.2621867488668395,81.13931353662839,77.50971130927388,68.94083239010335,1.1219274012811715,-1.1438643643290174,True,False,False,False,0,0.0
2020-11-17,Train,0.0821387925017795,-0.0049850620206125,0.0882376127798585,0.0425129280937503,0.5370510638017809,13525.0,3.4711397085751403,93.97107136376368,12.831757827135275,68.94083239010335,1.1219274012811715,-1.1438643643290174,True,False,False,False,0,0.0
2020-11-18,Train,0.1019677586611877,-0.0121325050476718,0.1187313066957558,0.1565882653038194,1.9781252016996291,12096.0,2.447684549873226,84.07839229099318,-9.892679072770491,68.94083239010335,1.1219274012811715,-1.1438643643290174,True,True,True,False,-1,0.0
2020-11-19,Train,0.0259535183245156,0.0041853768923645,0.0183690907551958,0.1753714054797931,2.215406091663254,11323.0,1.9106076736960464,74.21748028764982,-9.860912003343358,68.94083239010335,1.1219274012811715,-1.1438643643290174,True,True,True,False,-1,-1.0
2020-11-20,Train,-0.0193482550207578,-0.0066929964969133,-0.0107010190160041,0.1941981823707007,2.4532382290997505,9487.0,0.8299716696638458,39.26978789798116,-34.94769238966866,68.94083239010335,1.1219274012811715,-1.1438643643290174,False,True,True,False,-1,-1.0
2020-11-23,Train,0.0658482750160953,0.0059111253628261,0.0556888513895879,0.2703258426043941,3.414932535901822,9474.0,1.0769163981272507,49.18199937834827,21.99182463503284,68.94083239010335,1.1219274012811715,-1.1438643643290174,False,False,True,False,0,-1.0
2020-11-24,Train,0.0642521785331859,0.0161988464447138,0.0387424059556402,0.2208306357801758,2.789676768540476,23032.0,7.094259659339234,99.83416663226078,50.6521672539125,68.94083239010335,1.1219274012811715,-1.1438643643290174,True,False,True,False,0,0.0
2020-11-25,Train,0.0335265862383566,-0.0016480790109342,0.0346462810877309,0.1367456101721509,1.72745982707254,20600.0,4.598613815530546,98.00690622071106,-1.827260411549716,68.94083239010335,1.1219274012811715,-1.1438643643290174,True,True,True,False,-1,0.0
2020-11-27,Train,0.0204877958527087,0.002851299899115,0.0148939497941946,0.1332704692111497,1.6835595775801704,11271.0,1.239749536760159,55.10408290159904,-20.390009955216875,68.94083239010335,1.1219274012811715,-1.1438643643290174,False,True,True,False,-1,-1.0
2020-11-30,Train,-0.0310024396453862,-0.0044890018562431,-0.0256437926829686,0.1183276955441852,1.494792704682223,10494.0,0.8818894298887848,41.44272086560451,8.7126176910525,68.94083239010335,1.1219274012811715,-1.1438643643290174,False,False,True,False,0,-1.0
2020-12-01,Train,0.0302325650790993,0.0110026824664113,0.0124760091409692,0.0751148532955664,0.9488998683115638,10678.0,0.9258584775943622,43.24686110514613,1.804140239541624,68.94083239010335,1.1219274012811715,-1.1438643643290174,False,False,False,False,0,0.0
2020-12-02,Train,-0.0272589986893191,0.0021113125996357,-0.0317487067977538,0.0046237405421723,0.0584101093070116,10607.0,0.8779417696533437,41.27910474162784,-1.9677563635182904,68.94083239010335,1.1219274012811715,-1.1438643643290174,False,False,False,False,0,0.0
2020-12-03,Train,0.043177070645787,-0.0002967968251781,0.0422805120491773,0.0122579715036187,0.1548506990991787,10299.0,0.7346737539465243,35.1660113208353,-6.113093420792538,68.94083239010335,1.1219274012811715,-1.1438643643290174,False,False,False,False,0,0.0
2020-12-04,Train,0.0095385302806909,0.0086075005129129,-0.0046441652762356,-0.0072801435668115,-0.0919675266442212,9384.0,0.3441965896341787,17.041912639106165,-18.124098681729137,68.94083239010335,1.1219274012811715,-1.1438643643290174,False,False,False,False,0,0.0
2020-12-07,Train,0.0713141326897253,-0.0018539259203522,0.0727409725194998,0.0911046216356569,1.1508930614892416,9519.0,0.3834270275359825,18.93987873477793,14.11558286221921,68.94083239010335,1.1219274012811715,-1.1438643643290174,False,False,True,False,0,0.0
2020-12-08,Train,0.012652697560912,0.0028891218561624,0.0070024172120369,0.0856310297067246,1.0817470746080866,11448.0,1.107684260400872,50.33942679448945,31.399548059711517,68.94083239010335,1.1219274012811715,-1.1438643643290174,False,False,False,False,0,0.0
2020-12-09,Train,-0.0698590426253157,-0.0088778301558408,-0.0579518077541893,0.059427928750289,0.7507323956726238,12960.0,1.5622340561913686,65.33473836177758,14.995311567288134,68.94083239010335,1.1219274012811715,-1.1438643643290174,False,False,False,False,0,0.0
2020-12-10,Train,0.0373709576785941,-0.0004745935746062,0.0367396903087155,0.0538871070098272,0.6807371179187847,12010.0,1.2051174081090597,53.88677814353389,-11.447960218243692,68.94083239010335,1.1219274012811715,-1.1438643643290174,False,False,False,False,0,0.0
2020-12-11,Train,-0.0272377673758681,-0.0012757502772889,-0.0266736256893818,0.031857646596681,0.4024465912401803,10050.0,0.4751196287632537,23.31895716639987,-30.56782097713402,68.94083239010335,1.1219274012811715,-1.1438643643290174,False,False,False,False,0,0.0
2020-12-14,Train,0.0489188533057269,-0.0045761298243111,0.0544075042508141,0.0135241783279952,0.1708462503941847,10290.0,0.5378222672263648,26.261135265824716,7.596860841867414,68.94083239010335,1.1219274012811715,-1.1438643643290174,False,False,False,False,0,0.0
2020-12-15,Train,-0.0102840319661164,0.013820468268425,-0.032245017144299,-0.0257232560283406,-0.3249529645194394,9898.0,0.3787501344015354,18.714323043108777,-7.546812222715935,68.94083239010335,1.1219274012811715,-1.1438643643290174,False,False,False,False,0,0.0
2020-12-16,Train,-0.0165495396447927,0.0015307100595063,-0.0201729284273141,0.0120556232985345,0.1522945044621216,9325.0,0.1316114590611537,6.571090553100532,-12.143232490008243,68.94083239010335,1.1219274012811715,-1.1438643643290174,False,False,False,False,0,0.0
2020-12-17,Train,0.0531978185642552,0.0054391180882173,0.0437426788423172,0.0190586118321362,0.2407608277760251,9298.0,0.1000500074648984,4.998331625387236,-1.5727589277132967,68.94083239010335,1.1219274012811715,-1.1438643643290174,False,False,False,False,0,0.0
2020-12-18,Train,0.059612778969587,-0.0040057031203016,0.0642502939937216,0.1099825315152397,1.3893711442227266,9670.0,0.2431401016619503,12.097466450604625,7.099134825217387,68.94083239010335,1.1219274012811715,-1.1438643643290174,False,False,True,False,0,0.0
2020-12-21,Train,-0.0649496818937741,-0.0030826707041663,-0.0616894271557628,-0.0061143998913372,-0.0772410914371923,10992.0,0.7117883891200061,34.15924158713625,14.204352621166752,68.94083239010335,1.1219274012811715,-1.1438643643290174,False,False,False,False,0,0.0
2020-12-22,Train,-0.0146492690263622,-0.0019721632488095,-0.013046006815342,0.0130846104376197,0.1652933418149718,10700.0,0.5922631858164518,28.77685139165889,-5.38239019547736,68.94083239010335,1.1219274012811715,-1.1438643643290174,False,False,False,False,0,0.0
2020-12-23,Train,0.0088077720741002,0.0007999619270502,0.0062747354443281,0.0395322743092621,0.499397499167179,13650.0,1.529320931743937,64.38138733953306,35.60453594787417,68.94083239010335,1.1219274012811715,-1.1438643643290174,False,False,False,False,0,0.0
2020-12-24,Train,0.0244434951892225,0.0039963195622221,0.0171411608032557,0.0129307562702005,0.1633497555228067,10400.0,0.413150289931098,20.36860363470101,-44.01278370483205,68.94083239010335,1.1219274012811715,-1.1438643643290174,False,False,False,False,0,0.0
2020-12-28,Train,0.0029013074041133,0.0086978341000378,-0.0114161752522427,-0.0627357129757637,-0.7925184856168519,12617.0,1.1232184387735045,50.91704313455192,36.49013012400252,68.94083239010335,1.1219274012811715,-1.1438643643290174,False,False,False,False,0,0.0
2020-12-29,Train,0.0034655239852263,-0.002104414275538,0.0052661184716122,0.0042198326516113,0.053307681127391,12673.0,1.1038101371275484,50.19466591795941,-0.7223772165925055,68.94083239010335,1.1219274012811715,-1.1438643643290174,False,False,False,False,0,0.0
2020-12-30,Train,0.0432288658824449,0.001347381268608,0.0398790227074163,0.0571448621743696,0.7218912081020111,11932.0,0.8293356993377615,39.24288972459718,-10.951776193362235,68.94083239010335,1.1219274012811715,-1.1438643643290174,False,False,False,False,0,0.0
2020-12-31,Train,0.0156739811912225,0.0053823695915657,0.0063035161235753,0.0571736428536168,0.7222547844327816,11048.0,0.4921606174105006,24.12305726852052,-15.119832456076654,68.94083239010335,1.1219274012811715,-1.1438643643290174,False,False,False,False,0,0.0
2021-01-04,Train,0.0341519718082907,-0.0135587045435874,0.0530435577009849,0.093076039751346,1.1757973022391182,14115.0,1.396418502017125,60.32298875480304,-4.327513027634147,68.94083239010335,1.1219274012811715,-1.1438643643290174,False,False,True,False,0,0.0
2021-01-05,Train,0.0073173689061312,0.0065776377440394,-0.0038365604569113,0.1006556545466774,1.2715479449627574,13587.0,1.1988066023074864,53.66248333096634,-6.660505423836703,68.94083239010335,1.1219274012811715,-1.1438643643290174,False,False,True,False,0,0.0
2021-01-06,Train,0.0283903022674965,0.0060656709354669,0.0180002805862798,0.1133898166613451,1.43241419475918,12751.0,0.8902005867179001,41.78631297775152,-11.876170353214818,68.94083239010335,1.1219274012811715,-1.1438643643290174,False,False,True,False,0,0.0
2021-01-07,Train,0.079446563608581,0.0149420887776723,0.0558120040721377,0.1293227980260665,1.6336900177885392,40655.0,6.015357711657263,99.5129937614474,57.72668078369588,68.94083239010335,1.1219274012811715,-1.1438643643290174,True,False,True,False,0,0.0
2021-01-08,Train,0.0784029947046744,0.0056248351128445,0.0686707458823358,0.191690027784827,2.4215535828304477,64512.0,6.415936608545599,99.6734764466392,0.1604826851917948,68.94083239010335,1.1219274012811715,-1.1438643643290174,True,False,True,False,0,0.0
2021-01-11,Train,-0.0782141172150082,-0.0065350623864306,-0.0698025353155596,0.0688439347682823,0.8696815312761689,28201.0,2.132748180695826,78.80912403516565,-6.873505582063871,68.94083239010335,1.1219274012811715,-1.1438643643290174,True,True,False,False,0,0.0
2021-01-12,Train,0.0471529479960064,8.612816382425059e-05,0.0456850255223562,0.1183655207475499,1.4952705373466948,29399.0,2.123970858332557,78.64225624163532,-0.1668677935303293,68.94083239010335,1.1219274012811715,-1.1438643643290174,True,True,True,False,-1,0.0
2021-01-13,Train,0.0058509508899942,0.0024986385532168,0.0007833122080205,0.1011485523692905,1.2777745520643948,32051.0,2.2144687120044835,80.30826051106025,1.6660042694249313,68.94083239010335,1.1219274012811715,-1.1438643643290174,True,False,True,False,0,-1.0
2021-01-14,Train,-0.0110135231572978,-0.0033804852910142,-0.0073088981069078,0.038027650190245,0.4803901049468145,28150.0,1.8092962591000423,71.85535986044034,-8.45290065061991,68.94083239010335,1.1219274012811715,-1.1438643643290174,True,True,False,False,0,0.0
2021-01-15,Train,-0.0222958544595338,-0.0071300209917907,-0.0129965324929698,-0.0436396281850605,-0.5512842749626157,21552.0,1.138497197680577,51.48072317066684,-20.374636689773503,68.94083239010335,1.1219274012811715,-1.1438643643290174,False,True,False,False,0,0.0
2021-01-19,Train,0.0222596291834877,0.0079051715599873,0.0091248814101383,0.0352877885406374,0.4457783837699859,15459.0,0.3282983673198467,16.269057177609795,-9.241949581857655,68.94083239010335,1.1219274012811715,-1.1438643643290174,False,False,False,False,0,0.0
2021-01-20,Train,0.0069859978679069,0.0135878157866133,-0.0146278456302369,-0.0250250826119556,-0.316133182095589,15426.0,0.307104430926206,15.235665735728618,-1.033391441881177,68.94083239010335,1.1219274012811715,-1.1438643643290174,False,False,False,False,0,0.0
2021-01-21,Train,-0.0064201562634901,0.0009352570110385,-0.009155067218397,-0.0349634620383732,-0.4416812796449533,14942.0,0.2170499984762045,10.810093949457023,-4.425571786271595,68.94083239010335,1.1219274012811715,-1.1438643643290174,False,False,False,False,0,0.0
2021-01-22,Train,0.001952642514083,-0.0035679163620627,0.0059369342002576,-0.0217176297312077,-0.2743512779142797,15170.0,0.2330401025579862,11.599557152715336,0.7894632032583129,68.94083239010335,1.1219274012811715,-1.1438643643290174,False,False,False,False,0,0.0
2021-01-25,Train,0.0403478061146036,0.0040637104461251,0.0329449175266132,0.0242238202883752,0.3060111132906788,14918.0,0.2108248864459356,10.502373077556056,-3.0151284451707294,68.94083239010335,1.1219274012811715,-1.1438643643290174,False,False,False,False,0,0.0
2021-01-26,Train,0.0025999188207492,-0.0014996711067412,0.003498173654563,0.0185971125327999,0.2349308673200965,14534.0,0.1467539125397831,7.324554774920809,-3.177818302635247,68.94083239010335,1.1219274012811715,-1.1438643643290174,False,False,False,False,0,0.0
2021-01-27,Train,-0.0214360847706407,-0.0242635815901428,0.0134282901230977,0.0466532482861346,0.5893542916315965,16446.0,0.4184630079985902,20.62308054868946,13.298525773768652,68.94083239010335,1.1219274012811715,-1.1438643643290174,False,False,False,False,0,0.0
2021-01-28,Train,-0.0332462401466606,0.008395661829357,-0.0471128503735099,0.0086954651310216,0.1098467926878222,19541.0,0.7952511230863027,37.79154698914546,17.168466440455997,68.94083239010335,1.1219274012811715,-1.1438643643290174,False,False,False,False,0,0.0
2021-01-29,Train,-0.0501537349140389,-0.0200215285048388,-0.0216189440564471,-0.0188604131256831,-0.2382570523148281,18215.0,0.6093064253055035,29.556514417404863,-8.235032571740593,68.94083239010335,1.1219274012811715,-1.1438643643290174,False,False,False,False,0,0.0
2021-02-01,Train,0.0583216728676345,0.0164326243493539,0.0324630793622365,-0.0193422512900597,-0.2443439465929194,15099.0,0.1371814600415956,6.848336606144525,5.96130124024953,68.94083239010335,1.1219274012811715,-1.1438643643290174,False,False,False,False,0,0.0
2021-02-02,Train,0.0392707265317158,0.0143734919495757,0.0164845725512029,-0.0063558523934198,-0.0802912770846058,17693.0,0.4885904297881547,23.95486349026534,17.106526884120814,68.94083239010335,1.1219274012811715,-1.1438643643290174,False,False,False,False,0,0.0
2021-02-03,Train,-0.0207380653325632,0.0009979158596393,-0.0235664698010711,-0.0433506123175886,-0.5476332378301206,17173.0,0.3979769068029001,19.640298666545444,-4.314564823719895,68.94083239010335,1.1219274012811715,-1.1438643643290174,False,False,False,False,0,0.0
2021-02-04,Train,-0.0054991198109066,0.0111940578960165,-0.0235412277776845,-0.0197789897217632,-0.2498611116028722,14996.0,0.0574653878715223,2.8724789617947177,-16.76781970475073,68.94083239010335,1.1219274012811715,-1.1438643643290174,False,False,False,False,0,0.0
2021-02-05,Train,0.0026353496607176,0.0040000301033575,-0.0046725212382215,-0.0028325669035376,-0.0357828344704924,13352.0,-0.2384453446822021,0.0,-2.8724789617947177,68.94083239010335,1.1219274012811715,-1.1438643643290174,False,False,False,False,0,0.0
2021-02-08,Train,0.0131302972383458,0.007378235606962,0.0007817926659349,-0.0345138535998392,-0.4360015323060626,21906.0,0.8967219847210562,42.05508078899907,4.29759833462915,68.94083239010335,1.1219274012811715,-1.1438643643290174,False,False,False,False,0,0.0
2021-02-09,Train,-0.0161683216431521,-0.000807573238285,-0.016302748751676,-0.0673011749027182,-0.8501923814071037,22224.0,0.9035965795304316,42.33760794043352,0.2825271514344507,68.94083239010335,1.1219274012811715,-1.1438643643290174,False,False,False,False,0,0.0
2021-02-10,Train,-0.0525509443039983,-0.0003902763183915,-0.053308021782373,-0.0970427268840201,-1.2259070838959738,18609.0,0.4498432112739061,22.120391075637137,-20.217216864796384,68.94083239010335,1.1219274012811715,-1.1438643643290174,False,False,False,True,0,0.0
2021-02-11,Train,0.0084987898117356,0.0016171749628242,0.0047463864080574,-0.0687551126982781,-0.868559472897136,17517.0,0.2816462928652694,13.98995765433067,-8.130433421306467,68.94083239010335,1.1219274012811715,-1.1438643643290174,False,False,False,False,0,0.0
2021-02-12,Train,0.0054949009034128,0.0050941911602189,-0.0034455719972494,-0.067528163457306,-0.8530598490264442,16587.0,0.1282364783573386,6.403051689527023,-7.586905964803647,68.94083239010335,1.1219274012811715,-1.1438643643290174,False,False,False,False,0,0.0
2021-02-16,Train,-0.0243836608236717,-0.0009419203334561,-0.0243176281048907,-0.0926275842281317,-1.1701321192792682,13877.0,-0.3955559940102132,0.0,0.0,68.94083239010335,1.1219274012811715,-1.1438643643290174,False,False,False,True,0,0.0
2021-02-17,Train,0.0024238672272682,0.000222122363177,0.0007530272757075,-0.0755718082007481,-0.9546724210135582,14256.0,-0.3466627629377432,0.0,0.0,68.94083239010335,1.1219274012811715,-1.1438643643290174,False,False,False,False,0,0.0
2021-02-18,Train,-0.0134936910453242,-0.0042685747089257,-0.0084639442934266,-0.0307277307118018,-0.3881727560754344,13547.0,-0.5039841292609982,0.0,0.0,68.94083239010335,1.1219274012811715,-1.1438643643290174,False,False,False,False,0,0.0
2021-02-19,Train,-0.0077218335337335,-0.0018372708713879,-0.0063198447678014,-0.0417939618876607,-0.5279686132830473,13019.0,-0.6290032282210946,0.0,0.0,68.94083239010335,1.1219274012811715,-1.1438643643290174,False,False,False,False,0,0.0
2021-02-22,Train,-0.0854984585555993,-0.007863569832209,-0.0751046054889576,-0.1134529953793689,-1.4332123095737956,13288.0,-0.588846618164874,0.0,0.0,68.94083239010335,1.1219274012811715,-1.1438643643290174,False,False,False,True,0,0.0
2021-02-23,Train,-0.0219174294299173,0.001264364214033,-0.0251434025324129,-0.1142787698068911,-1.4436440312793235,15269.0,-0.2276097973402831,0.0,0.0,68.94083239010335,1.1219274012811715,-1.1438643643290174,False,False,False,True,0,0.0
2021-02-24,Train,0.0617880726639226,0.0110607220193539,0.0439449156813494,-0.0710868814012493,-0.8980158975336325,14712.0,-0.3605617329639731,0.0,0.0,68.94083239010335,1.1219274012811715,-1.1438643643290174,False,False,False,False,0,0.0
2021-02-25,Train,-0.0805908249604526,-0.0239895746241119,-0.0461352969347532,-0.1087582340425759,-1.37390501922061,13487.0,-0.6336797983679782,0.0,0.0,68.94083239010335,1.1219274012811715,-1.1438643643290174,False,False,False,True,0,0.0
2021-02-26,Train,-0.0098501522110203,-0.0054902936686382,-0.002997473810567,-0.1054358630853415,-1.3319346601573117,13345.0,-0.6868145012179271,0.0,0.0,68.94083239010335,1.1219274012811715,-1.1438643643290174,False,False,False,True,0,0.0
2021-03-01,Train,0.0635529114819255,0.0244001442495767,0.0258059503031381,-0.0045253072932457,-0.0571666362408204,10859.0,-1.261694730410558,0.0,0.0,68.94083239010335,1.1219274012811715,-1.1438643643290174,False,False,False,False,0,0.0
2021-03-02,Train,-0.044527636486599,-0.0077347139118374,-0.03432604984382,-0.0137079546046527,-0.1731678323059929,11452.0,-1.1079196531941795,0.0,0.0,68.94083239010335,1.1219274012811715,-1.1438643643290174,False,False,False,False,0,0.0
2021-03-03,Train,-0.0484237582833956,-0.0131983677967437,-0.0300698322630778,-0.08772270254908,-1.1081704515779125,11775.0,-1.0393156153966292,0.0,0.0,68.94083239010335,1.1219274012811715,-1.1438643643290174,False,False,False,False,0,0.0
2021-03-04,Train,-0.0486221818311275,-0.0123198408238449,-0.0315791093506319,-0.0731665149649587,-0.9242871864753184,12434.0,-0.8776100102201757,0.0,0.0,68.94083239010335,1.1219274012811715,-1.1438643643290174,False,False,False,False,0,0.0
2021-03-05,Train,-0.037799313531283,0.018334784317636,-0.0664961273812461,-0.1366651685356379,-1.7264436358008404,11898.0,-0.9916189178686722,0.0,0.0,68.94083239010335,1.1219274012811715,-1.1438643643290174,False,False,False,True,0,0.0
2021-03-08,Train,-0.0584496728285431,-0.0049052213372638,-0.05246998314704,-0.214941101985816,-2.7152763324523668,11935.0,-0.9332186448968988,0.0,0.0,68.94083239010335,1.1219274012811715,-1.1438643643290174,False,False,False,True,0,0.0
2021-03-09,Train,0.1964120760817838,0.0139901645063569,0.1741978864818252,-0.0064171656601707,-0.081065826300814,12218.0,-0.8515160980817132,0.0,0.0,68.94083239010335,1.1219274012811715,-1.1438643643290174,False,False,False,False,0,0.0
2021-03-10,Train,-0.0081950691083265,0.006182217758698,-0.0187589907613146,0.0048936758415924,0.0618201082464286,11676.0,-1.0539939481928022,0.0,0.0,68.94083239010335,1.1219274012811715,-1.1438643643290174,False,False,False,False,0,0.0
2021-03-11,Train,0.0472113423653142,0.010556237398533,0.0301209288628948,0.0665937140551192,0.8412552740885184,10854.0,-1.347156488588299,0.0,0.0,68.94083239010335,1.1219274012811715,-1.1438643643290174,False,False,False,False,0,0.0
2021-03-12,Train,-0.008390501992574,0.0014097570869577,-0.0118334163706567,0.1212564250657087,1.5317903281263985,10158.0,-1.601958856563868,0.0,0.0,68.94083239010335,1.1219274012811715,-1.1438643643290174,False,False,True,False,0,0.0
2021-03-15,Train,0.0204834612062227,0.0057952162134606,0.0104969860758123,0.1842233942885611,2.327230193640581,12843.0,-0.5577767881362043,0.0,0.0,68.94083239010335,1.1219274012811715,-1.1438643643290174,False,False,True,False,0,0.0
2021-03-16,Train,-0.0438737719594043,-0.0011248876945033,-0.0435347329240282,-0.0335092251172923,-0.4233104094060448,12555.0,-0.6539077898150987,0.0,0.0,68.94083239010335,1.1219274012811715,-1.1438643643290174,False,False,False,False,0,0.0
2021-03-17,Train,0.0368307426101173,0.0032687383898446,0.0306140349433529,0.0158638005873753,0.2004018862827207,11146.0,-1.2407183602436436,0.0,0.0,68.94083239010335,1.1219274012811715,-1.1438643643290174,False,False,False,False,0,0.0
2021-03-18,Train,-0.0693207276395116,-0.0147026709715292,-0.0487222249556832,-0.0629793532312028,-0.7955963083930185,10591.0,-1.466152376040872,0.0,0.0,68.94083239010335,1.1219274012811715,-1.1438643643290174,False,False,False,False,0,0.0
2021-03-19,Train,0.0026180050626212,-0.0017784681159429,0.0039322540066648,-0.0472136828538812,-0.596434066991597,9724.0,-1.854213540513342,0.0,0.0,68.94083239010335,1.1219274012811715,-1.1438643643290174,False,False,False,False,0,0.0
2021-03-22,Train,0.0231038302993886,0.0079060300730504,0.0099678015353327,-0.0477428673943609,-0.603119071604437,11093.0,-1.003706016065136,0.0,0.0,68.94083239010335,1.1219274012811715,-1.1438643643290174,False,False,False,False,0,0.0
2021-03-23,Train,-0.0117014645636592,-0.007346686588958,-0.0020788550102982,-0.0062869894806309,-0.079421355810582,10198.0,-1.380464765585252,0.0,0.0,68.94083239010335,1.1219274012811715,-1.1438643643290174,False,False,False,False,0,0.0
2021-03-24,Train,-0.0481605872781022,-0.005536890716021,-0.0412383812406027,-0.0781394056645866,-0.9871079885267714,11343.0,-0.8224842994929603,0.0,0.0,68.94083239010335,1.1219274012811715,-1.1438643643290174,False,False,False,False,0,0.0
2021-03-25,Train,0.0160566274015578,0.0056235526400427,0.0063262921619136,-0.0230908885469897,-0.291699179857532,10693.0,-1.0797042866815114,0.0,0.0,68.94083239010335,1.1219274012811715,-1.1438643643290174,False,False,False,False,0,0.0
2021-03-26,Train,-0.0338543824157675,0.0163137863401945,-0.0595356572618896,-0.0865587998155442,-1.093467272351378,9774.0,-1.469956797564138,0.0,0.0,68.94083239010335,1.1219274012811715,-1.1438643643290174,False,False,False,False,0,0.0
2021-03-29,Train,-0.0119926670211126,-0.0006046389787885,-0.012429893133672,-0.108956494484549,-1.376409574565203,9149.0,-1.5748716019489228,0.0,0.0,68.94083239010335,1.1219274012811715,-1.1438643643290174,False,False,False,True,0,0.0
2021-03-30,Train,0.0398010788512124,-0.0025564524311822,0.0422761612414877,-0.064601478232763,-0.8160880504764216,9673.0,-1.2800897415575614,0.0,0.0,68.94083239010335,1.1219274012811715,-1.1438643643290174,False,False,False,False,0,0.0
2021-03-31,Train,0.0508322055844401,0.0039686986242986,0.0435710845082147,0.0202079875160543,0.2552804918272739,9500.0,-1.3251987631371214,0.0,0.0,68.94083239010335,1.1219274012811715,-1.1438643643290174,False,False,False,False,0,0.0
2021-04-01,Train,-0.0092524559231199,0.010595496841661,-0.0264014485945157,-0.0125197532403749,-0.1581576969116738,9378.0,-1.337089124171407,0.0,0.0,68.94083239010335,1.1219274012811715,-1.1438643643290174,False,False,False,False,0,0.0
2021-04-05,Train,0.0442765912277189,0.0144231159833763,0.021416393031861,0.0684322970533757,0.8644814549087166,10396.0,-0.7114941929374466,0.0,0.0,68.94083239010335,1.1219274012811715,-1.1438643643290174,False,False,False,False,0,0.0
2021-04-06,Train,0.0008247761127986,-0.0005624801369525,0.0003246446270858,0.0811868348141336,1.025605103169538,10257.0,-0.7474513770167893,0.0,0.0,68.94083239010335,1.1219274012811715,-1.1438643643290174,False,False,False,False,0,0.0
2021-04-07,Train,-0.0298574282089308,0.0012593577830088,-0.0330759311960716,0.0058347423765742,0.0737082751260595,10368.0,-0.6768008574623661,0.0,0.0,68.94083239010335,1.1219274012811715,-1.1438643643290174,False,False,False,False,0,0.0
2021-04-08,Train,0.0191215961343642,0.0048699706748118,0.0105156834988542,-0.0272206586327861,-0.3438691318529061,9933.0,-0.8479316144101872,0.0,0.0,68.94083239010335,1.1219274012811715,-1.1438643643290174,False,False,False,False,0,0.0
2021-04-09,Train,-0.0099151557330346,0.0071893816800914,-0.0219818706209116,-0.022801080659182,-0.2880381374070559,9688.0,-0.9557345420281114,0.0,0.0,68.94083239010335,1.1219274012811715,-1.1438643643290174,False,False,False,False,0,0.0
2021-04-12,Train,0.0368674123012944,0.0004494419906559,0.0348573878425482,-0.0093600858484948,-0.1182427155129107,9683.0,-0.9473637737648718,0.0,0.0,68.94083239010335,1.1219274012811715,-1.1438643643290174,False,False,False,False,0,0.0
2021-04-13,Train,0.0859569036478478,0.0027217590893593,0.0805563459393309,0.0708716154637502,0.8952965176668963,9823.0,-0.847108993250488,0.0,0.0,68.94083239010335,1.1219274012811715,-1.1438643643290174,False,False,False,False,0,0.0
2021-04-14,Train,-0.0394716670464749,-0.0032151460788228,-0.0360137452826752,0.0679338013771466,0.8581841320654376,9484.0,-1.0693709096326334,0.0,0.0,68.94083239010335,1.1219274012811715,-1.1438643643290174,False,False,False,False,0,0.0
2021-04-15,Train,0.0090409312239807,0.0107343412189142,-0.0083152316869424,0.0491028861913499,0.6202997169860646,8722.0,-1.6133071069150169,0.0,0.0,68.94083239010335,1.1219274012811715,-1.1438643643290174,False,False,False,False,0,0.0
2021-04-16,Train,0.0012587029151958,0.003505090144769,-0.0053106661315186,0.0657740906807428,0.8309012565022692,9180.0,-1.212692710096041,0.0,0.0,68.94083239010335,1.1219274012811715,-1.1438643643290174,False,False,False,False,0,0.0
2021-04-19,Train,-0.0339965846863086,-0.004926451940147,-0.0279852167390259,0.0029314860991686,0.0370324463327213,10994.0,0.1906400649514343,9.503238813392263,9.503238813392263,68.94083239010335,1.1219274012811715,-1.1438643643290174,False,False,False,False,0,0.0
2021-04-20,Train,0.0061010172675219,-0.0073348199578742,0.0157059205741292,-0.0619189392660331,-0.782200466854915,10164.0,-0.3650713563671735,0.0,-9.503238813392263,68.94083239010335,1.1219274012811715,-1.1438643643290174,False,False,False,False,0,0.0
2021-04-21,Train,0.0349517934398941,0.0093942914302582,0.0195951240712142,-0.0063100699121435,-0.0797129228903542,9551.0,-0.8139459819810703,0.0,0.0,68.94083239010335,1.1219274012811715,-1.1438643643290174,False,False,False,False,0,0.0
2021-04-22,Train,-0.0328306967669932,-0.0091763270286759,-0.0204780735418921,-0.0184729117670932,-0.2333618821586726,9696.0,-0.6708923058692017,0.0,0.0,68.94083239010335,1.1219274012811715,-1.1438643643290174,False,False,False,False,0,0.0
2021-04-23,Train,0.0134919082134514,0.0106599968291731,-0.0037533251421315,-0.0169155707777062,-0.213688534013655,9972.0,-0.4293584106536477,0.0,0.0,68.94083239010335,1.1219274012811715,-1.1438643643290174,False,False,False,False,0,0.0
2021-04-26,Train,0.0120647150060255,0.0021667331586892,0.0074923136641953,0.018561959625515,0.2344867928444112,11425.0,0.9166645103848235,42.87239790084807,41.42822770194993,68.94083239010335,1.1219274012811715,-1.1438643643290174,False,False,False,False,0,0.0
2021-04-27,Train,-0.0453264790736828,-0.000312460503588,-0.0461996658343402,-0.0433436267829543,-0.5475449919958575,12315.0,1.713785173584441,69.4653188696289,26.59292096878083,68.94083239010335,1.1219274012811715,-1.1438643643290174,True,False,False,False,0,0.0
2021-04-28,Train,-0.0146720943042283,-0.000469308355633,-0.0153112477700531,-0.0782499986242218,-0.9885050709975453,10521.0,0.2068395415750987,10.3052627585865,-59.1600561110424,68.94083239010335,1.1219274012811715,-1.1438643643290174,False,True,False,False,0,0.0
2021-04-29,Train,-0.0250575517197484,0.0066745232813911,-0.0363560443728355,-0.0941279694551651,-1.18908596504858,9792.0,-0.5043598023130413,0.0,-10.3052627585865,68.94083239010335,1.1219274012811715,-1.1438643643290174,False,False,False,True,0,0.0
2021-04-30,Train,0.047917239575582,-0.0066043053931741,0.0564321392368042,-0.0339425050762294,-0.4287838847300222,8799.0,-1.5570739731237906,0.0,0.0,68.94083239010335,1.1219274012811715,-1.1438643643290174,False,False,False,False,0,0.0
2021-05-03,Train,-0.0345906327113006,0.0022682297105101,-0.0393144774559386,-0.0807492961963634,-1.0200778296867592,10034.0,-0.0930769860194036,0.0,0.0,68.94083239010335,1.1219274012811715,-1.1438643643290174,False,False,False,False,0,0.0
2021-05-04,Train,-0.016498740899282,-0.006086651398667,-0.0087562347923109,-0.0433058651543341,-0.5470679624490656,10026.0,-0.0688678147450669,0.0,0.0,68.94083239010335,1.1219274012811715,-1.1438643643290174,False,False,False,False,0,0.0
2021-05-05,Train,-0.0039489590803735,0.0001832300148312,-0.0055617676065211,-0.033556384990802,-0.4239061637182701,9711.0,-0.364402276460021,0.0,0.0,68.94083239010335,1.1219274012811715,-1.1438643643290174,False,False,False,False,0,0.0
2021-05-06,Train,-0.0110293385207849,0.0081377926272976,-0.0245111811004721,-0.0217115217184386,-0.2742741175091414,11664.0,1.5159164162688037,63.98727296669605,63.98727296669605,68.94083239010335,1.1219274012811715,-1.1438643643290174,False,False,False,False,0,0.0
2021-05-07,Train,0.0133074609534211,0.007137579896054,0.0013180397105537,-0.076825621244689,-0.9705114059823684,10868.0,0.769984093035893,36.703490546099495,-27.28378242059656,68.94083239010335,1.1219274012811715,-1.1438643643290174,False,False,False,False,0,0.0
2021-05-10,Train,-0.0644437313978407,-0.0097930198727791,-0.051170938362804,-0.0886820821515544,-1.1202899610824664,15857.0,3.571789567388078,94.53256273510164,-5.272551700171434,68.94083239010335,1.1219274012811715,-1.1438643643290174,True,False,False,False,0,0.0
2021-05-11,Train,-0.0188222787642883,-0.0087708364789531,-0.0070746895778289,-0.0870005369370725,-1.0990475840747749,13932.0,2.2696055464869245,81.26566101752793,-13.266901717573717,68.94083239010335,1.1219274012811715,-1.1438643643290174,True,True,False,False,0,0.0
2021-05-12,Train,-0.0442482129268542,-0.0213464942804907,-0.0137364354419472,-0.0951752047724986,-1.2023153253030536,11878.0,1.0367501895860003,47.64449328355231,-33.621167733975625,68.94083239010335,1.1219274012811715,-1.1438643643290174,False,True,False,True,1,0.0
2021-05-13,Train,-0.0308532039808964,0.0118850943228838,-0.0499264101088566,-0.1205904337808831,-1.5233770913996894,14873.0,2.565843690521451,85.72614476990525,38.08165148635294,68.94083239010335,1.1219274012811715,-1.1438643643290174,True,False,False,True,0,1.0
2021-05-14,Train,0.0315730329971135,0.0153519487967994,0.0073269197196033,-0.1145815537718335,-1.4474689960080729,11497.0,0.7102523400216579,34.09138306631389,-51.63476170359136,68.94083239010335,1.1219274012811715,-1.1438643643290174,False,True,False,True,1,0.0
2021-05-17,Train,-0.0218909829468402,-0.0024025384456792,-0.0196455562176301,-0.0830561716266596,-1.0492197862503418,15345.0,2.7022076512349185,87.43135735547229,53.26984718245555,68.94083239010335,1.1219274012811715,-1.1438643643290174,True,False,False,False,0,1.0
2021-05-18,Train,0.0018029458511532,-0.0086380821920872,0.0133524518458233,-0.0626290302030073,-0.7911707991796382,11582.0,0.7299892250478938,34.96058161775755,-52.47077573771474,68.94083239010335,1.1219274012811715,-1.1438643643290174,False,True,False,False,0,0.0
2021-05-19,Train,-0.0249363838658884,-0.0026402930133344,-0.0223362026143541,-0.0712287973754141,-0.8998086727743221,11607.0,0.7229253901763436,34.6501764709077,-0.3104051468498454,68.94083239010335,1.1219274012811715,-1.1438643643290174,False,False,False,False,0,0.0
2021-05-20,Train,0.0413871280233637,0.0106689266000823,0.0241285705216051,0.0028261832550476,0.0357021920549678,11140.0,0.4437973205670865,21.832696664362235,-12.817479806545467,68.94083239010335,1.1219274012811715,-1.1438643643290174,False,False,False,False,0,0.0
2021-05-21,Train,-0.0100549171289251,-0.0007596611410208,-0.0102608340655777,-0.0147615705301335,-0.1864777965683961,9374.0,-0.6480512831165798,0.0,-21.832696664362235,68.94083239010335,1.1219274012811715,-1.1438643643290174,False,False,False,False,0,0.0
2021-05-24,Train,0.0440022264046771,0.0100924849335224,0.0276037797730694,0.032487765460566,0.410406664124946,9188.0,-0.7036869200631487,0.0,0.0,68.94083239010335,1.1219274012811715,-1.1438643643290174,False,False,False,False,0,0.0
2021-05-25,Train,-0.0028856683829658,-0.0021020763570152,-0.0010885623139719,0.0180467513007707,0.2279783449136236,9151.0,-0.710460886224722,0.0,0.0,68.94083239010335,1.1219274012811715,-1.1438643643290174,False,False,False,False,0,0.0
2021-05-26,Train,0.0238799575007826,0.001820473885697,0.0198242109774155,0.0602071648925404,0.7605762153743869,8433.0,-1.203541655055306,0.0,0.0,68.94083239010335,1.1219274012811715,-1.1438643643290174,False,False,False,False,0,0.0
2021-05-27,Train,0.0189298401542434,0.0004414067709732,0.0169318050782815,0.0530103994492168,0.6696619756225264,8805.0,-0.9269632482581194,0.0,0.0,68.94083239010335,1.1219274012811715,-1.1438643643290174,False,False,False,False,0,0.0
2021-05-28,Train,-0.0089245228021593,0.0019460068393406,-0.0131675775377092,0.0501036559770853,0.6329420943086684,8305.0,-1.2780886689126212,0.0,0.0,68.94083239010335,1.1219274012811715,-1.1438643643290174,False,False,False,False,0,0.0
2021-06-01,Train,-0.0021112685996239,-0.0007771973531365,-0.0022910196854422,0.0202088565185737,0.255291469634458,8033.0,-1.3549118696558562,0.0,0.0,68.94083239010335,1.1219274012811715,-1.1438643643290174,False,False,False,False,0,0.0
2021-06-02,Train,-0.0301009523377681,0.0016850953740128,-0.0339547000532083,-0.0126572812206627,-0.1598950401488459,8238.0,-1.1721582870173968,0.0,0.0,68.94083239010335,1.1219274012811715,-1.1438643643290174,False,False,False,False,0,0.0
2021-06-03,Train,-0.0533447643128309,-0.0038035418984948,-0.0490088948401651,-0.0814903870382434,-1.029439773049675,8951.0,-0.6782841005142299,0.0,0.0,68.94083239010335,1.1219274012811715,-1.1438643643290174,False,False,False,False,0,0.0
2021-06-04,Train,0.0457544705755152,0.0090645085666116,0.0308898715103315,-0.0675323206061935,-0.8531123648453381,8155.0,-1.201219913227803,0.0,0.0,68.94083239010335,1.1219274012811715,-1.1438643643290174,False,False,False,False,0,0.0
2021-06-07,Train,0.0101494316983059,-0.0008493633497557,0.010077359778912,-0.0442873832895721,-0.5594671403534409,10698.0,0.3551172680569955,17.571590119007833,-17.85417855969158,68.94083239010335,1.1219274012811715,-1.1438643643290174,False,False,False,False,0,0.0
2021-06-08,Train,-0.0025449217418787,0.0001545378843059,-0.0041149186276051,-0.046111282231735,-0.5825078225900409,8443.0,-0.9563064883367084,0.0,-17.571590119007833,68.94083239010335,1.1219274012811715,-1.1438643643290174,False,False,False,False,0,0.0
2021-06-09,Train,-0.007968981371759,-0.0015711322794829,-0.0069640990419911,-0.0191206812205178,-0.241544928814335,8415.0,-0.9549980789260276,0.0,0.0,68.94083239010335,1.1219274012811715,-1.1438643643290174,False,False,False,False,0,0.0
2021-06-10,Train,0.0189385017402556,0.0046178685573325,0.0107087516624005,0.0405969652820478,0.5128473706578891,8084.0,-1.1656871532285065,0.0,0.0,68.94083239010335,1.1219274012811715,-1.1438643643290174,False,False,False,False,0,0.0
2021-06-11,Train,-0.0003770180312155,0.0017462461574015,-0.0043220090702427,0.0053850847014735,0.068027905798712,8278.0,-1.0176823571544669,0.0,0.0,68.94083239010335,1.1219274012811715,-1.1438643643290174,False,False,False,False,0,0.0
2021-06-14,Train,0.0127892218490233,0.0025122568897475,0.0077012631937324,0.0030089881162939,0.0380115024130774,8149.0,-0.9866134382474108,0.0,0.0,68.94083239010335,1.1219274012811715,-1.1438643643290174,False,False,False,False,0,0.0
2021-06-15,Train,-0.0296750825796204,-0.0020967201030793,-0.0278859685981191,-0.02076206185422,-0.2622799206146992,7215.0,-1.5979620015283011,0.0,0.0,68.94083239010335,1.1219274012811715,-1.1438643643290174,False,False,False,False,0,0.0
2021-06-16,Train,0.009193155632698,-0.0054835957901346,0.0160358401023825,0.0022378772901536,0.0282703270093401,7113.0,-1.6177023718799166,0.0,0.0,68.94083239010335,1.1219274012811715,-1.1438643643290174,False,False,False,False,0,0.0
2021-06-17,Train,0.0193926145867886,-0.0003608699124519,0.0185916596948474,0.0101207853226005,0.127852367920315,6971.0,-1.6657899986573887,0.0,0.0,68.94083239010335,1.1219274012811715,-1.1438643643290174,False,False,False,False,0,0.0
2021-06-18,Train,0.0108822433062087,-0.0132744877330255,0.0293497481818197,0.043792542574663,0.5532159893678311,6448.0,-1.9817892018406955,0.0,0.0,68.94083239010335,1.1219274012811715,-1.1438643643290174,False,False,False,False,0,0.0
2021-06-21,Train,-0.0039788005873793,0.0140016408172831,-0.0262101140358545,0.009881165345076,0.1248253319195504,6676.0,-1.576950936732459,0.0,0.0,68.94083239010335,1.1219274012811715,-1.1438643643290174,False,False,False,False,0,0.0
2021-06-22,Train,0.004638983624974,0.0053067362297811,-0.0046186286070944,0.0331485053361007,0.4187535616209169,6856.0,-1.4026761811863335,0.0,0.0,68.94083239010335,1.1219274012811715,-1.1438643643290174,False,False,False,False,0,0.0
2021-06-23,Train,0.052684766182075,-0.0010763639769555,0.0529514027882998,0.0700640680220179,0.8850950511460214,6412.0,-1.640778946271047,0.0,0.0,68.94083239010335,1.1219274012811715,-1.1438643643290174,False,False,False,False,0,0.0
2021-06-24,Train,0.0354113029841545,0.0057205981416403,0.0255361657711874,0.0770085740983579,0.9728225858773828,6760.0,-1.3578617140586215,0.0,0.0,68.94083239010335,1.1219274012811715,-1.1438643643290174,False,False,False,False,0,0.0
2021-06-25,Train,-0.0116943120263122,0.0036983618366484,-0.0185520625220463,0.0291067633944919,0.3676956386153182,6514.0,-1.4633385889606887,0.0,0.0,68.94083239010335,1.1219274012811715,-1.1438643643290174,False,False,False,False,0,0.0
2021-06-28,Train,0.0250792656704019,0.0020841903996597,0.0206300267028621,0.0759469041332086,0.9594108777275112,7727.0,-0.6223124329308036,0.0,0.0,68.94083239010335,1.1219274012811715,-1.1438643643290174,False,False,False,False,0,0.0
2021-06-29,Train,-0.0115576819313489,0.0004400447930421,-0.0135536847947013,0.0670118479456017,0.8465374143871113,7065.0,-0.9638532880710744,0.0,0.0,68.94083239010335,1.1219274012811715,-1.1438643643290174,False,False,False,False,0,0.0
2021-06-30,Train,-0.0015570796861552,0.0009156971233861,-0.004262805256027,0.0097976399012748,0.1237701839808101,6794.0,-1.0974369385297535,0.0,0.0,68.94083239010335,1.1219274012811715,-1.1438643643290174,False,False,False,False,0,0.0
2021-07-01,Train,-0.0026188230779431,0.0056414109146305,-0.0123758047190988,-0.0281143305890114,-0.3551585794703983,7900.0,-0.483016959376994,0.0,0.0,68.94083239010335,1.1219274012811715,-1.1438643643290174,False,False,False,False,0,0.0
2021-07-02,Train,0.0014456370513082,0.0076057833157181,-0.0112423923492556,-0.0208046604162208,-0.2628180534619234,7764.0,-0.5423946621891339,0.0,0.0,68.94083239010335,1.1219274012811715,-1.1438643643290174,False,False,False,False,0,0.0
2021-07-06,Train,-0.0284578097859474,-0.0018807261592718,-0.0269909812146322,-0.0684256683337152,-0.8643977165941621,8106.0,-0.2841576326242442,0.0,0.0,68.94083239010335,1.1219274012811715,-1.1438643643290174,False,False,False,False,0,0.0
2021-07-07,Train,-0.0226356285713987,0.0034421076102266,-0.02911102113145,-0.0839830046704638,-1.060928146376561,7713.0,-0.4628947085870589,0.0,0.0,68.94083239010335,1.1219274012811715,-1.1438643643290174,False,False,False,False,0,0.0
2021-07-08,Train,0.0126580372905731,-0.0079626108767418,0.0231996698879732,-0.0565205295264635,-0.7140042304752356,7280.0,-0.672573359063089,0.0,0.0,68.94083239010335,1.1219274012811715,-1.1438643643290174,False,False,False,False,0,0.0
2021-07-09,Train,0.0063418370795798,0.0105507745067543,-0.0107404252206036,-0.0548851500279683,-0.6933450489328657,7538.0,-0.5159035199760325,0.0,0.0,68.94083239010335,1.1219274012811715,-1.1438643643290174,False,False,False,False,0,0.0
2021-07-12,Train,0.0437628194032984,0.0036217008149808,0.0370194551184825,-0.0066233025602301,-0.0836698822063863,8719.0,0.2849367874246937,14.15122505784478,14.15122505784478,68.94083239010335,1.1219274012811715,-1.1438643643290174,False,False,False,False,0,0.0
2021-07-13,Train,-0.0250255268170938,-0.0033846001833012,-0.0213147619197931,-0.000947083265391,-0.0119641741464031,9131.0,0.6090431059264003,29.54449814356673,15.393273085721956,68.94083239010335,1.1219274012811715,-1.1438643643290174,False,False,False,False,0,0.0
2021-07-14,Train,-0.0226762625356234,0.0013731294934897,-0.0260645247379234,0.0020994131281355,0.026521157313329,8096.0,-0.026103470810484,0.0,-29.54449814356673,68.94083239010335,1.1219274012811715,-1.1438643643290174,False,False,False,False,0,0.0
2021-07-15,Train,-0.0042547962265779,-0.0032166213451123,-0.0007946732121651,-0.0218949299720029,-0.276591050312958,7727.0,-0.2708563817317189,0.0,0.0,68.94083239010335,1.1219274012811715,-1.1438643643290174,False,False,False,False,0,0.0
2021-07-16,Train,-0.0098063165757307,-0.0077805022766684,0.0004635910656892,-0.01069091368571,-0.1350546016322888,7818.0,-0.1734508627216828,0.0,0.0,68.94083239010335,1.1219274012811715,-1.1438643643290174,False,False,False,False,0,0.0
2021-07-19,Train,0.0031044820577776,-0.0149516374769123,0.0240744686401615,-0.0236359001640309,-0.298584122434784,8080.0,0.2151696524576784,10.71716589990896,10.71716589990896,68.94083239010335,1.1219274012811715,-1.1438643643290174,False,False,False,False,0,0.0
2021-07-20,Train,0.0220977834283766,0.014129117519829,-0.0003237385076373,-0.0026448767518751,-0.0334118099343049,8746.0,0.9187678374674748,42.958195516624,32.24102961671504,68.94083239010335,1.1219274012811715,-1.1438643643290174,False,False,False,False,0,0.0
2021-07-21,Train,-0.0078880198502402,0.0084047523412542,-0.0217681940655234,0.0016514539205248,0.020862244136222,8570.0,0.7714622264433989,36.76742355300721,-6.19077196361679,68.94083239010335,1.1219274012811715,-1.1438643643290174,False,False,False,False,0,0.0
2021-07-22,Train,-0.0092020078479763,0.0021277052809234,-0.0137161755404147,-0.0112700484077247,-0.1423706095500846,8199.0,0.4100890348461123,20.221845508416177,-16.545578044591036,68.94083239010335,1.1219274012811715,-1.1438643643290174,False,False,False,False,0,0.0
2021-07-23,Train,-0.0090564248759862,0.0099903552457218,-0.0253024834001092,-0.0370361228735232,-0.4678644845270755,7908.0,0.1237143783899374,6.177841479349615,-14.044004029066562,68.94083239010335,1.1219274012811715,-1.1438643643290174,False,False,False,False,0,0.0
2021-07-26,Train,0.0221330699272443,0.0025470071511595,0.0169932602706902,-0.0441173312429945,-0.5573189318763684,9389.0,1.666700745432581,68.22708980036639,52.134746006199904,68.94083239010335,1.1219274012811715,-1.1438643643290174,False,False,False,False,0,0.0
2021-07-27,Train,-0.0195249481968724,-0.0044397370240615,-0.0142398094836562,-0.0580334022190134,-0.73311582606185,10571.0,2.6487777541315043,86.78712361425039,18.560033813884004,68.94083239010335,1.1219274012811715,-1.1438643643290174,True,False,False,False,0,0.0
2021-07-28,Train,0.0034120354402995,-0.0005450138416471,0.0028858424268989,-0.033379365726591,-0.4216699407992489,7987.0,0.2095665078643841,10.440144039390052,-76.34697957486034,68.94083239010335,1.1219274012811715,-1.1438643643290174,False,True,False,False,0,0.0
2021-07-29,Train,0.0469411880742298,0.0043134387785421,0.0391656788625805,0.0195024886764042,0.2463681698740673,8190.0,0.4086569672584002,20.15316022259297,9.713016183202914,68.94083239010335,1.1219274012811715,-1.1438643643290174,False,False,False,False,0,0.0
2021-07-30,Train,0.0145419285085826,-0.0048873676952782,0.020494978700898,0.0652999507774114,0.8249116116837922,7761.0,-0.0251671151617693,0.0,-20.15316022259297,68.94083239010335,1.1219274012811715,-1.1438643643290174,False,False,False,False,0,0.0
2021-08-02,Train,0.0326979286660045,-0.0020340876459138,0.0343935885126689,0.0827002790193901,1.0447239184777952,7691.0,-0.0659564209647114,0.0,0.0,68.94083239010335,1.1219274012811715,-1.1438643643290174,False,False,False,False,0,0.0
2021-08-03,Train,9.862621233169833e-05,0.0080778634055362,-0.013293795740661,0.0836462927623853,1.056674581719017,7680.0,-0.0577274805754928,0.0,0.0,68.94083239010335,1.1219274012811715,-1.1438643643290174,False,False,False,False,0,0.0
2021-08-04,Train,0.0016625488317687,-0.0047830036581278,0.0074598770351767,0.0882203273706631,1.114456773216734,7170.0,-0.6149421365945271,0.0,0.0,68.94083239010335,1.1219274012811715,-1.1438643643290174,False,False,False,False,0,0.0
2021-08-05,Train,0.0052186424923073,0.0062429671867652,-0.0054359236204191,0.0436187248876635,0.551020210862413,7287.0,-0.4602253725480346,0.0,0.0,68.94083239010335,1.1219274012811715,-1.1438643643290174,False,False,False,False,0,0.0
2021-08-06,Train,-0.0217315230840983,0.0017234970092256,-0.0256425700299624,-0.0025188238431969,-0.0318194272936251,7061.0,-0.7266403165583233,0.0,0.0,68.94083239010335,1.1219274012811715,-1.1438643643290174,False,False,False,False,0,0.0
2021-08-09,Train,0.020969779282747,-0.0009585347759315,0.021060602476269,-0.0158518098795968,-0.2002504118334899,8049.0,0.6381130791976197,30.865359023531298,30.865359023531298,68.94083239010335,1.1219274012811715,-1.1438643643290174,False,False,False,False,0,0.0
2021-08-10,Train,-0.0052818934956782,0.00125466499969,-0.0084933943624346,-0.0110514085013704,-0.1396086075059492,7746.0,0.2567009839974052,12.765029673533537,-18.10032934999776,68.94083239010335,1.1219274012811715,-1.1438643643290174,False,False,False,False,0,0.0
2021-08-11,Train,-0.0030563570472872,0.0024080663501684,-0.0079888525900767,-0.0265001381266238,-0.3347670464008728,6906.0,-0.8822029760397472,0.0,-12.765029673533537,68.94083239010335,1.1219274012811715,-1.1438643643290174,False,False,False,False,0,0.0
2021-08-12,Train,0.020386528392057,0.0029169127137598,0.014694781195629,-0.0063694333105757,-0.0804628400969177,7156.0,-0.5163851516738125,0.0,0.0,68.94083239010335,1.1219274012811715,-1.1438643643290174,False,False,False,False,0,0.0
2021-08-13,Train,-0.0070335570401739,0.001979678947092,-0.0113268540596841,0.0079462826597025,0.1003826305789147,6815.0,-0.9952813478851328,0.0,0.0,68.94083239010335,1.1219274012811715,-1.1438643643290174,False,False,False,False,0,0.0
2021-08-16,Train,-0.0432254973537064,0.0023904821796569,-0.0481317554867511,-0.0612460753033176,-0.7737004099740209,8422.0,1.1406299398696051,51.559055589468,51.559055589468,68.94083239010335,1.1219274012811715,-1.1438643643290174,False,False,False,False,0,0.0
2021-08-17,Train,-0.0298176497163502,-0.0065946587465182,-0.0213171438544153,-0.0740698247952982,-0.9356983860110608,8638.0,1.3475350544092974,58.74526951634414,7.186213926876143,68.94083239010335,1.1219274012811715,-1.1438643643290174,False,False,False,False,0,0.0
2021-08-18,Train,0.0349701571040286,-0.0107537270441818,0.0496764250751967,-0.0164045471300248,-0.2072329496556464,8541.0,1.1964423316806208,53.5782579121487,-5.167011604195437,68.94083239010335,1.1219274012811715,-1.1438643643290174,False,False,False,False,0,0.0
2021-08-19,Train,-0.0225256882899029,0.0014113620199145,-0.0259709973947412,-0.057070325720395,-0.7209496149515521,8329.0,0.9166503577023885,42.87182033113324,-10.706437581015456,68.94083239010335,1.1219274012811715,-1.1438643643290174,False,False,False,False,0,0.0
2021-08-20,Train,0.0100820565168566,0.0079127875296056,-0.0030640550746124,-0.0488075267353234,-0.6165685435013036,10060.0,2.750014045120333,87.98282860734868,45.11100827621544,68.94083239010335,1.1219274012811715,-1.1438643643290174,True,False,False,False,0,0.0
2021-08-23,Train,0.038279517534598,0.0088566227208273,0.0237251057547586,0.0230493345061863,0.291174242084027,8855.0,1.2992048550154418,57.14022620577296,18.65083943565834,68.94083239010335,1.1219274012811715,-1.1438643643290174,False,True,False,False,0,0.0
2021-08-24,Train,0.0031006472789958,0.0015804868504927,-0.0005970136484662,0.0437694647121354,0.5529244547411549,8383.0,0.7315152255608404,35.02753805819376,-22.1126881475792,68.94083239010335,1.1219274012811715,-1.1438643643290174,False,False,False,False,0,0.0
2021-08-25,Train,0.0038250458739306,0.0018454721865237,-0.0002680007120857,-0.006174961075147,-0.0780061398506645,7783.0,-0.0216506474712941,0.0,-35.02753805819376,68.94083239010335,1.1219274012811715,-1.1438643643290174,False,False,False,False,0,0.0
2021-08-26,Train,-0.014116975997208,-0.0058406795670767,-0.0067414854242879,0.0130545508953062,0.1649136100509943,7368.0,-0.6221547086067517,0.0,0.0,68.94083239010335,1.1219274012811715,-1.1438643643290174,False,False,False,False,0,0.0
2021-08-27,Train,0.0153460119080184,0.0088732605702968,0.0007667747277703,0.016885380697689,0.2133071532121793,7143.0,-0.9749124920513622,0.0,0.0,68.94083239010335,1.1219274012811715,-1.1438643643290174,False,False,False,False,0,0.0
2021-08-30,Train,0.0266743526449431,0.0045909019563019,0.0184848395381867,0.011645114481117,0.1471086890647938,7511.0,-0.4418602048321747,0.0,0.0,68.94083239010335,1.1219274012811715,-1.1438643643290174,False,False,False,False,0,0.0
2021-08-31,Train,0.006580834075438,-0.0017075749528253,0.0077893030529142,0.0200314311824975,0.2530501169505184,7255.0,-0.7934467595944061,0.0,0.0,68.94083239010335,1.1219274012811715,-1.1438643643290174,False,False,False,False,0,0.0
2021-09-01,Train,-0.0022155233598404,0.0010599832944107,-0.0051365388910561,0.0151628930035272,0.1915475640703745,7254.0,-0.7790754412462287,0.0,0.0,68.94083239010335,1.1219274012811715,-1.1438643643290174,False,False,False,False,0,0.0
2021-09-02,Train,-0.0023157881477566,0.0029846789999654,-0.0081086496854554,0.0137957287423596,0.174276652520066,7356.0,-0.6426257064071534,0.0,0.0,68.94083239010335,1.1219274012811715,-1.1438643643290174,False,False,False,False,0,0.0
2021-09-03,Train,0.0016111325842673,-0.0003840803339471,0.0008448100532168,0.0138737640678061,0.1752624456993249,6747.0,-1.5568481374569982,0.0,0.0,68.94083239010335,1.1219274012811715,-1.1438643643290174,False,False,False,False,0,0.0
2021-09-07,Train,0.0263778385893962,-0.003696719145048,0.0305543174129312,0.0259432419425507,0.3277319702135987,7541.0,-0.2954898516527575,0.0,0.0,68.94083239010335,1.1219274012811715,-1.1438643643290174,False,False,False,False,0,0.0
2021-09-08,Train,0.0012617502122473,-0.0009639760424366,0.0013606923408498,0.0195146312304863,0.2465215625449436,7821.0,0.0652951789168219,3.263599509289123,3.263599509289123,68.94083239010335,1.1219274012811715,-1.1438643643290174,False,False,False,False,0,0.0
2021-09-09,Train,0.0013132310870769,-0.0044859091540783,0.0066672634164719,0.0313184335380144,0.3956348998381187,7933.0,0.2034052089643514,10.135339829595,6.871740320305876,68.94083239010335,1.1219274012811715,-1.1438643643290174,False,False,False,False,0,0.0
2021-09-10,Train,-0.0246270383661343,-0.0077283199514935,-0.0144349921766467,0.0249920910468231,0.3157164111050838,7351.0,-0.5563252680760797,0.0,-10.135339829595,68.94083239010335,1.1219274012811715,-1.1438643643290174,False,False,False,False,0,0.0
2021-09-13,Train,0.0091406624594381,0.0023438318551582,0.004304011458433,0.0284512924520394,0.3594153017220558,7581.0,-0.1663795682897496,0.0,0.0,68.94083239010335,1.1219274012811715,-1.1438643643290174,False,False,False,False,0,0.0
2021-09-14,Train,0.0020053498586631,-0.0051883388051787,0.0084074802237769,0.006304455262885,0.0796419949751917,7598.0,-0.1405157058172771,0.0,0.0,68.94083239010335,1.1219274012811715,-1.1438643643290174,False,False,False,False,0,0.0
2021-09-15,Train,0.015231899000174,0.0083496740636896,0.0014339072987351,0.0063776702207703,0.080566894124264,7624.0,-0.1012228365761622,0.0,0.0,68.94083239010335,1.1219274012811715,-1.1438643643290174,False,False,False,False,0,0.0
2021-09-16,Train,0.0015347617076681,-0.0017240705915986,0.0027678438924158,0.0024782506967141,0.0313068808175907,8247.0,0.6904765583089946,33.21458622686896,33.21458622686896,68.94083239010335,1.1219274012811715,-1.1438643643290174,False,False,False,False,0,0.0
2021-09-17,Train,0.0033025333532406,-0.0098030739608327,0.0165903281324711,0.033503571005832,0.423238982978585,7663.0,-0.0590813307081391,0.0,-33.21458622686896,68.94083239010335,1.1219274012811715,-1.1438643643290174,False,False,False,False,0,0.0
2021-09-20,Train,-0.0386048433059422,-0.0163356981585875,-0.0155696943553316,0.0136298651920673,0.1721813558626825,7728.0,0.0910076077089265,4.54724231776359,4.54724231776359,68.94083239010335,1.1219274012811715,-1.1438643643290174,False,False,False,False,0,0.0
2021-09-21,Train,0.0126135310896808,-0.0009738449335193,0.0127271986293508,0.0179495835976413,0.2267508590482013,7391.0,-0.3597896582315702,0.0,-4.54724231776359,68.94083239010335,1.1219274012811715,-1.1438643643290174,False,False,False,False,0,0.0
2021-09-22,Train,0.0169871810945057,0.0096490216682083,0.001250427739315,0.0177661040382212,0.2244330254622587,7547.0,-0.131986445325127,0.0,0.0,68.94083239010335,1.1219274012811715,-1.1438643643290174,False,False,False,False,0,0.0
2021-09-23,Train,0.0022608146164888,0.0120822667977329,-0.0171065933340501,-0.0021083331882446,-0.0266338413364157,7583.0,-0.079611642650824,0.0,0.0,68.94083239010335,1.1219274012811715,-1.1438643643290174,False,False,False,False,0,0.0
2021-09-24,Train,0.0275330599166629,0.0016634064210676,0.0237116743729263,0.0050130130522105,0.0633276538046239,8607.0,1.2441730056901503,55.25791018805861,55.25791018805861,68.94083239010335,1.1219274012811715,-1.1438643643290174,False,False,False,False,0,0.0
2021-09-27,Train,0.0219140632204373,-0.0028330234643082,0.0248018183333146,0.0453845257408568,0.5733269601076851,8520.0,1.3344499995961692,58.3151528498988,15.826921449775275,68.94083239010335,1.1219274012811715,-1.1438643643290174,False,False,False,False,0,0.0
2021-09-28,Train,-0.0174383561231787,-0.0199851475727289,0.0110421506030096,0.0436994777145155,0.5520403332936478,8727.0,1.5937322519697323,66.22811140182311,7.912958551924312,68.94083239010335,1.1219274012811715,-1.1438643643290174,False,False,False,False,0,0.0
2021-09-29,Train,0.0048227787753933,0.0015743935543439,0.0011342096789986,0.0435832596541992,0.5505721908785165,8476.0,1.2079297556472797,53.98648763968421,-12.2416237621389,68.94083239010335,1.1219274012811715,-1.1438643643290174,False,False,False,False,0,0.0
2021-09-30,Train,-0.0074618094773734,-0.0126670608111283,0.0100993513071449,0.0707892042953943,0.8942554459830755,8702.0,1.4799779178722898,62.91384906178622,8.92736142210201,68.94083239010335,1.1219274012811715,-1.1438643643290174,False,False,False,False,0,0.0
2021-10-01,Train,-0.0003352887910832,0.0119673423310615,-0.0195312174944326,0.0275463124280352,0.3479830032094951,7576.0,-0.1143282999289374,0.0,-62.91384906178622,68.94083239010335,1.1219274012811715,-1.1438643643290174,False,False,False,False,0,0.0
2021-10-04,Train,0.0081396213981272,-0.0123020256260022,0.0251561117520915,0.0279006058468121,0.3524586689889138,9099.0,1.9135645723184076,74.28381592921727,54.90517826438858,68.94083239010335,1.1219274012811715,-1.1438643643290174,True,False,False,False,0,0.0
2021-10-05,Train,-0.001202850103416,0.0097159004222706,-0.0170393935096875,-0.000180938265885,-0.0022857303068311,8673.0,1.3030117034429762,57.2682822916918,-17.015533637525472,68.94083239010335,1.1219274012811715,-1.1438643643290174,False,True,False,False,0,0.0
2021-10-06,Train,0.0027671424905384,0.004446538953563,-0.0052069660139719,-0.0065221139588557,-0.0823916017291412,7939.0,0.3052202954862907,15.143632560914282,-42.12464973077751,68.94083239010335,1.1219274012811715,-1.1438643643290174,False,False,False,False,0,0.0
2021-10-07,Train,0.0138742603994963,0.008604134437028,-0.0003034126224083,-0.016924877888409,-0.213806107512541,8488.0,1.014235595674342,46.76964871639656,31.62601615548228,68.94083239010335,1.1219274012811715,-1.1438643643290174,False,False,False,False,0,0.0
2021-10-08,Train,-0.0102318345223733,-0.0018847518418172,-0.0087589992143525,-0.0061526596083289,-0.0777244131614884,11947.0,4.710542166141052,98.21607576997808,51.44642705358153,68.94083239010335,1.1219274012811715,-1.1438643643290174,True,False,False,False,0,0.0
2021-10-11,Train,0.0082115285655759,-0.0072796139172167,0.0177340587225272,-0.0135747126378932,-0.171484632789991,8981.0,1.2467685124492274,55.3479947975736,16.630839057213137,68.94083239010335,1.1219274012811715,-1.1438643643290174,False,True,False,False,0,0.0
2021-10-12,Train,0.0174002673033608,-0.0020020993441695,0.019048197279608,0.0225128781514023,0.2843973751652242,9496.0,1.71872932710193,69.59301864818053,14.245023850606934,68.94083239010335,1.1219274012811715,-1.1438643643290174,True,False,False,False,0,0.0
2021-10-13,Train,0.00665237902232,0.0032099490241883,0.000523391198488,0.0282432353638623,0.356786988746516,9079.0,1.2428271820831478,55.21114856261591,-14.38187008556462,68.94083239010335,1.1219274012811715,-1.1438643643290174,False,True,False,False,0,0.0
2021-10-14,Train,0.0089264710995042,0.0167982698459507,-0.0174777034845854,0.0110689445016852,0.1398301337109455,8736.0,0.8546624986836728,40.30885848625951,-14.9022900763564,68.94083239010335,1.1219274012811715,-1.1438643643290174,False,False,False,False,0,0.0
2021-10-15,Train,0.0301959995019152,0.0077933532819587,0.0172280962195061,0.0370560399355439,0.4681160898581045,8209.0,0.2389213006740665,11.88956073544364,-28.41929775081587,68.94083239010335,1.1219274012811715,-1.1438643643290174,False,False,False,False,0,0.0
2021-10-18,Train,0.0321222449364344,0.0030492831639712,0.0262329872723939,0.0455549684854106,0.5754801041366748,9510.0,1.669732425302788,68.30802864829022,54.79869434812713,68.94083239010335,1.1219274012811715,-1.1438643643290174,False,False,False,False,0,0.0
2021-10-19,Train,-0.0067118606402704,0.0077825547562513,-0.0196636514001444,0.0068431198056581,0.0864467571663686,8943.0,1.0429653006159545,47.8843514939398,-20.42367715435041,68.94083239010335,1.1219274012811715,-1.1438643643290174,False,False,False,False,0,0.0
2021-10-20,Train,0.0017703140411262,0.0038851022725239,-0.0053660725909437,0.0009536560162263,0.0120472054262156,9180.0,1.3444292584453996,58.64347755309086,10.759126059151058,68.94083239010335,1.1219274012811715,-1.1438643643290174,False,False,False,False,0,0.0
2021-10-21,Train,0.0325710107334951,0.0024520521376611,0.0275728838247766,0.0460042433255885,0.5811556372433292,10450.0,2.559017338136523,85.6353953308052,26.99191777771433,68.94083239010335,1.1219274012811715,-1.1438643643290174,True,False,False,False,0,0.0
2021-10-22,Train,0.0175391075595112,-0.0010071573709425,0.0177024807176351,0.0464786278237175,0.5871483719429815,9135.0,1.185374244166114,53.18254617812366,-32.45284915268154,68.94083239010335,1.1219274012811715,-1.1438643643290174,False,True,False,False,0,0.0
2021-10-25,Train,0.1266159836258198,0.005185157201432,0.117539779938504,0.1377854204898276,1.740595389883666,15830.0,6.078559591153297,99.54275278300108,76.12921194631173,68.94083239010335,1.1219274012811715,-1.1438643643290174,True,False,True,False,0,0.0
2021-10-26,Train,-0.0062740503925067,0.0009552524537848,-0.0090387966259113,0.1484102752640607,1.8748154922172,24264.0,7.732752045502066,99.91239111150648,0.3696383285053741,68.94083239010335,1.1219274012811715,-1.1438643643290174,True,False,True,False,0,0.0
2021-10-27,Train,0.0190784388057105,-0.0043424026221431,0.0242183444763029,0.1779946923313075,2.2485451638804443,19598.0,4.321255663573542,97.37818727787705,-2.5342038336294195,68.94083239010335,1.1219274012811715,-1.1438643643290174,True,True,True,False,-1,0.0
2021-10-28,Train,0.0377507487297992,0.009776480474853,0.021823813589614,0.1722456220961448,2.1759191551788906,16986.0,3.0897142989273347,91.29329409430356,-6.084893183573499,68.94083239010335,1.1219274012811715,-1.1438643643290174,True,True,True,False,-1,-1.0
2021-10-29,Train,0.0343162943617936,0.0017798995935798,0.0303210888987336,0.1848642302772433,2.3353256522428514,14605.0,2.199837766364096,80.04698826008023,-11.24630583422332,68.94083239010335,1.1219274012811715,-1.1438643643290174,True,True,True,False,-1,-1.0
2021-11-01,Train,0.0849102277797451,0.0021081545059067,0.0804252318753421,0.1477496822140815,1.866470449517505,16560.0,2.4453002013114804,84.04341672006933,25.9651912909274,68.94083239010335,1.1219274012811715,-1.1438643643290174,True,False,True,False,0,-1.0
2021-11-02,Train,-0.0302749952920325,0.0038764102395887,-0.0373984125076898,0.119390066332303,1.50821326608539,18222.0,2.6475411907781523,86.77185626195748,2.72843954188815,68.94083239010335,1.1219274012811715,-1.1438643643290174,True,False,True,False,0,0.0
2021-11-03,Train,0.0357167380197345,0.0060282313866593,0.0253825800360454,0.1205543018920455,1.5229206497898655,14263.0,1.5994529698535438,66.38838324793389,-20.383473014023597,68.94083239010335,1.1219274012811715,-1.1438643643290174,False,True,True,False,-1,0.0
2021-11-04,Train,0.0132222978796836,0.0046808579580852,0.004898561070066,0.1036290493724974,1.3091098096921854,12996.0,1.2115514509124168,54.114669057067054,-12.273714190866832,68.94083239010335,1.1219274012811715,-1.1438643643290174,False,False,True,False,0,-1.0
2021-11-05,Train,-0.006358169933862,0.0034012203134867,-0.0127725543981818,0.060535406075582,0.7647227723028416,11278.0,0.6737540100066688,32.468646907041446,-21.64602215002561,68.94083239010335,1.1219274012811715,-1.1438643643290174,False,False,False,False,0,0.0
2021-11-08,Train,-0.0484007095338631,0.0012075500190582,-0.0515419099533423,-0.0714317357531025,-0.902372322857031,34652.0,4.492430065490519,97.78609909779958,35.105943506893595,68.94083239010335,1.1219274012811715,-1.1438643643290174,True,False,False,False,0,0.0
2021-11-09,Train,-0.1199030325435984,-0.0035015254293883,-0.1160178030282997,-0.1500511262737124,-1.8955437934607733,17715.0,1.7974488799253965,71.5676210209951,-26.218478076804477,68.94083239010335,1.1219274012811715,-1.1438643643290174,True,True,False,True,1,0.0
2021-11-10,Train,0.0434294519296247,-0.0080516039382241,0.0541038714228884,-0.1213298348868694,-1.53271768891559,15852.0,1.3897665621345412,60.11099470217924,-11.456626318815864,68.94083239010335,1.1219274012811715,-1.1438643643290174,False,True,False,True,1,1.0
2021-11-11,Train,-0.0041575288246016,0.0003279996997294,-0.0059863487650391,-0.1322147447219747,-1.670222976564528,17178.0,1.5780968325024582,65.78696283081804,5.6759681286388,68.94083239010335,1.1219274012811715,-1.1438643643290174,False,False,False,True,0,1.0
2021-11-12,Train,-0.0282931020159921,0.0074345448547579,-0.0407256258377543,-0.1601678161615472,-2.023344425175273,12995.0,0.7052011479745677,33.867984633232616,-31.918978197585425,68.94083239010335,1.1219274012811715,-1.1438643643290174,False,False,False,True,0,0.0
2021-11-15,Train,-0.0193822444993675,0.000465405786644,-0.0214160886006806,-0.1300419948088854,-1.6427753811030583,16283.0,1.2882168610590683,56.76904429854734,19.662080245826544,68.94083239010335,1.1219274012811715,-1.1438643643290174,False,False,False,True,0,0.0
2021-11-16,Train,0.0407937684260282,0.0038161779811316,0.033760223999307,0.0197360322187212,0.2493184443780672,13753.0,0.7538887939183224,36.005091364683125,-20.763952933864218,68.94083239010335,1.1219274012811715,-1.1438643643290174,False,False,False,False,0,0.0
2021-11-17,Train,0.0325012082846662,-0.0024108022833332,0.0347589655184315,0.0003911263142644,0.0049409629629215,12517.0,0.4540049660567406,22.318205499070363,-13.686885865612762,68.94083239010335,1.1219274012811715,-1.1438643643290174,False,False,False,False,0,0.0
2021-11-18,Train,0.0067676102677005,0.0034621673209915,0.000262286534589,0.0066397616138925,0.083877803718146,11415.0,0.1609522535553063,8.030284361496772,-14.28792113757359,68.94083239010335,1.1219274012811715,-1.1438643643290174,False,False,False,False,0,0.0
2021-11-19,Train,0.0371039180092043,-0.0018757189695302,0.0385632753330794,0.0859286627847263,1.085506969970056,10361.0,-0.1455120315761248,0.0,-8.030284361496772,68.94083239010335,1.1219274012811715,-1.1438643643290174,False,False,False,False,0,0.0
2021-11-22,Train,0.0174221220804611,-0.0026445307404731,0.0200286264612696,0.1273733778466766,1.609063669332153,11140.0,0.0244541708550333,1.2226476140933882,1.2226476140933882,68.94083239010335,1.1219274012811715,-1.1438643643290174,False,False,True,False,0,0.0
2021-11-23,Train,-0.0413529327272921,0.0013025309201093,-0.044635854521526,0.0489772993258435,0.6187132217070053,10651.0,-0.1339754954927623,0.0,-1.2226476140933882,68.94083239010335,1.1219274012811715,-1.1438643643290174,False,False,False,False,0,0.0
2021-11-24,Train,0.0062847724844008,0.0024624115127751,0.0012711883114692,0.0154895221188812,0.1956737563073028,10645.0,-0.1474811626997797,0.0,0.0,68.94083239010335,1.1219274012811715,-1.1438643643290174,False,False,False,False,0,0.0
2021-11-26,Train,-0.030537595031082,-0.021759892036251,0.000591014865589,0.0158182504498812,0.1998264672068208,8953.0,-0.7105648295136495,0.0,0.0,68.94083239010335,1.1219274012811715,-1.1438643643290174,False,False,False,False,0,0.0
2021-11-29,Train,0.0509002279002275,0.012081412961532,0.0315340939620306,0.0087890690788324,0.1110292588693325,10583.0,-0.1931178033653548,0.0,0.0,68.94083239010335,1.1219274012811715,-1.1438643643290174,False,False,False,False,0,0.0
2021-11-30,Train,0.0068338234037736,-0.0191461914114743,0.0340625203532997,0.0228229629708626,0.2883145690548732,10312.0,-0.2868881178182269,0.0,0.0,68.94083239010335,1.1219274012811715,-1.1438643643290174,False,False,False,False,0,0.0
2021-12-01,Train,-0.0434676345619486,-0.0115017686098285,-0.0276452108385825,0.0398136066538061,0.5029514730215805,10194.0,-0.3442666638161319,0.0,0.0,68.94083239010335,1.1219274012811715,-1.1438643643290174,False,False,False,False,0,0.0
2021-12-02,Train,-0.0094977391909246,0.0152566976144257,-0.0336017278058591,0.0049406905364777,0.0624140285674843,12013.0,0.1700902144044085,8.484066424339714,8.484066424339714,68.94083239010335,1.1219274012811715,-1.1438643643290174,False,False,False,False,0,0.0
2021-12-03,Train,-0.0641987607713322,-0.0088454365320597,-0.0523398605532229,-0.0479901848823342,-0.6062433475827932,10853.0,-0.1862405195079224,0.0,-8.484066424339714,68.94083239010335,1.1219274012811715,-1.1438643643290174,False,False,False,False,0,0.0
2021-12-06,Train,-0.005872086315763,0.0119473943361556,-0.0250382505377233,-0.1045625293820882,-1.320902138629935,10325.0,-0.3709915539111945,0.0,0.0,68.94083239010335,1.1219274012811715,-1.1438643643290174,False,False,False,True,0,0.0
2021-12-07,Train,0.042358371411876,0.020553441556627,0.0103510903991493,-0.1282739593362387,-1.6204404026858974,11158.0,-0.1235991795663287,0.0,0.0,68.94083239010335,1.1219274012811715,-1.1438643643290174,False,False,False,True,0,0.0
2021-12-08,Train,0.0163631955842291,0.0028109661126927,0.010829531726532,-0.0897992167711241,-1.1344023349591057,10400.0,-0.3566992351380595,0.0,0.0,68.94083239010335,1.1219274012811715,-1.1438643643290174,False,False,False,False,0,0.0
2021-12-09,Train,-0.0609564458190524,-0.0068102732096276,-0.0521342207715684,-0.1083317097368333,-1.3685168857184618,9627.0,-0.6300174530490665,0.0,0.0,68.94083239010335,1.1219274012811715,-1.1438643643290174,False,False,False,True,0,0.0
2021-12-10,Train,0.0131799270223116,0.0095390045915706,-0.0023926694215942,-0.0583845186052046,-0.7375513574914045,8990.0,-0.8736938435917645,0.0,0.0,68.94083239010335,1.1219274012811715,-1.1438643643290174,False,False,False,False,0,0.0
2021-12-13,Train,-0.0497724302077294,-0.0088713531217952,-0.0378748597444906,-0.0712211278119719,-0.8997117858415652,10620.0,-0.2921960457672988,0.0,0.0,68.94083239010335,1.1219274012811715,-1.1438643643290174,False,False,False,False,0,0.0
2021-12-14,Train,-0.0081745781976764,-0.006806397084734,0.0006418632686606,-0.0809303549424607,-1.0223650819782908,11916.0,0.0859996390941752,4.297333713346658,4.297333713346658,68.94083239010335,1.1219274012811715,-1.1438643643290174,False,False,False,False,0,0.0
2021-12-15,Train,0.0182366181335567,0.015630574849345,-0.0064252341690865,-0.0981851208380793,-1.240338550177366,15469.0,0.9633974072563062,44.760301353264495,40.46296763991784,68.94083239010335,1.1219274012811715,-1.1438643643290174,False,False,False,True,0,0.0
2021-12-16,Train,-0.0502771327902586,-0.0090351687164913,-0.0381351324360662,-0.0841860325025771,-1.0634929265059685,10996.0,-0.2563117652418726,0.0,-44.760301353264495,68.94083239010335,1.1219274012811715,-1.1438643643290174,False,False,False,False,0,0.0
2021-12-17,Train,0.0060954494461815,-0.0103768833412454,0.0202394274510849,-0.0615539356298979,-0.7775895026172683,9395.0,-0.8333236966933293,0.0,0.0,68.94083239010335,1.1219274012811715,-1.1438643643290174,False,False,False,False,0,0.0
2021-12-20,Train,-0.0349892712173617,-0.0108156757362273,-0.0201905693599724,-0.0438696452453796,-0.5541900006436254,11780.0,-0.0959889105941241,0.0,0.0,68.94083239010335,1.1219274012811715,-1.1438643643290174,False,False,False,False,0,0.0
2021-12-21,Train,0.0428805630257957,0.0177471669602282,0.015060535338103,-0.0294509731759372,-0.372043921304493,10615.0,-0.4515806614932678,0.0,0.0,68.94083239010335,1.1219274012811715,-1.1438643643290174,False,False,False,False,0,0.0
2021-12-22,Train,0.0749470552371662,0.0101010193642991,0.0585358743479442,0.0355101353410935,0.4485872137205962,10932.0,-0.3636217977668778,0.0,0.0,68.94083239010335,1.1219274012811715,-1.1438643643290174,False,False,False,False,0,0.0
2021-12-23,Train,0.0576188630553096,0.0061632449618638,0.0470832507868455,0.1207285185640053,1.5251214685337946,13467.0,0.329148994378803,16.31045993392012,16.31045993392012,68.94083239010335,1.1219274012811715,-1.1438643643290174,False,False,True,False,0,0.0
2021-12-27,Train,0.0252483914990666,0.0142610075307263,0.0026300759608238,0.1031191670737442,1.3026686435990082,9747.0,-0.7341022226095442,0.0,0.0,68.94083239010335,1.1219274012811715,-1.1438643643290174,False,False,True,False,0,0.0
2021-12-28,Train,-0.0050002753427934,-0.0007519736249494,-0.0052176628523089,0.1180920735814077,1.491816174213993,9656.0,-0.7425327311973883,0.0,0.0,68.94083239010335,1.1219274012811715,-1.1438643643290174,False,False,True,False,0,0.0
2021-12-29,Train,-0.002094710276184,0.0012087522207817,-0.0052377045055671,0.0977938337377375,1.2353955560597396,9866.0,-0.6372671800690737,0.0,0.0,68.94083239010335,1.1219274012811715,-1.1438643643290174,False,False,True,False,0,0.0
2021-12-30,Train,-0.0145922683836461,-0.0028246000230905,-0.0117170819204269,0.0275408774693662,0.3479143452631769,10874.0,-0.2575723754762493,0.0,0.0,68.94083239010335,1.1219274012811715,-1.1438643643290174,False,False,False,False,0,0.0
2021-12-31,Train,-0.0126688408238599,-0.0027408983455401,-0.0099185459617991,-0.0294609192792783,-0.3721695669755756,9316.0,-0.8258641523361447,0.0,0.0,68.94083239010335,1.1219274012811715,-1.1438643643290174,False,False,False,False,0,0.0
2022-01-03,Train,0.1353166841897706,0.0061385338250896,0.1248179435053474,0.0927269482652452,1.1713873506695354,12768.0,0.4642222854876939,22.803068079716574,22.803068079716574,68.94083239010335,1.1219274012811715,-1.1438643643290174,False,False,True,False,0,0.0
2022-01-04,Train,-0.041832696836128,-0.0004098642641243,-0.0425605470638958,0.0553840640536583,0.6996476566396695,12785.0,0.4707326017257361,23.11142774614892,0.308359666432338,68.94083239010335,1.1219274012811715,-1.1438643643290174,False,False,False,False,0,0.0
2022-01-05,Train,-0.0534712136768363,-0.0191540812404877,-0.0262307442825135,0.0343910242767119,0.4344498721026977,11357.0,0.0077936534170889,0.3896806983890776,-22.72174704775984,68.94083239010335,1.1219274012811715,-1.1438643643290174,False,False,False,False,0,0.0
2022-01-06,Train,-0.0215233738308541,-0.0013468062810771,-0.0208532092025974,0.0252548969945414,0.3190363474191455,10798.0,-0.1874072305204633,0.0,-0.3896806983890776,68.94083239010335,1.1219274012811715,-1.1438643643290174,False,False,False,False,0,0.0
2022-01-07,Train,-0.0354465674517168,-0.0034644828294373,-0.0316166093450006,0.0035568336113398,0.0449322443874858,10062.0,-0.4429741515216354,0.0,0.0,68.94083239010335,1.1219274012811715,-1.1438643643290174,False,False,False,False,0,0.0
2022-01-10,Train,0.0303419534138018,-0.0013064777217919,0.0309519436406732,-0.0903091662533343,-1.1408443497575742,9488.0,-0.659637289750181,0.0,0.0,68.94083239010335,1.1219274012811715,-1.1438643643290174,False,False,False,False,0,0.0
2022-01-11,Train,0.0059350246575986,0.0087610972048488,-0.008476853125418,-0.0562254723148566,-0.7102768751393135,9349.0,-0.7145537067496442,0.0,0.0,68.94083239010335,1.1219274012811715,-1.1438643643290174,False,False,False,False,0,0.0
2022-01-12,Train,0.0392897489318417,0.002987474847264,0.0334927156994299,0.0034979876670869,0.0441888639999541,8973.0,-0.9034127221753891,0.0,0.0,68.94083239010335,1.1219274012811715,-1.1438643643290174,False,False,False,False,0,0.0
2022-01-13,Train,-0.0674910733143576,-0.0137853153350224,-0.0482613605715174,-0.023910163701833,-0.3020487985072917,8950.0,-0.8869495480416899,0.0,0.0,68.94083239010335,1.1219274012811715,-1.1438643643290174,False,False,False,False,0,0.0
2022-01-14,Train,0.017497758575059,0.0003044509170202,0.0157040758656059,0.0234105215087736,0.2957369921148667,8955.0,-0.8547017748954375,0.0,0.0,68.94083239010335,1.1219274012811715,-1.1438643643290174,False,False,False,False,0,0.0
2022-01-18,Train,-0.0181972412325309,-0.0175316294245976,0.0066223614477819,-0.0009190606841176,-0.0116101746041895,9873.0,-0.2037614081662048,0.0,0.0,68.94083239010335,1.1219274012811715,-1.1438643643290174,False,False,False,False,0,0.0
2022-01-19,Train,-0.0338278969185718,-0.0105063316156829,-0.0194907686359821,-0.0119329761946817,-0.1507451461716011,9362.0,-0.4948914199314459,0.0,0.0,68.94083239010335,1.1219274012811715,-1.1438643643290174,False,False,False,False,0,0.0
2022-01-20,Train,0.0006227038828787,-0.0110032624568224,0.0157013046213512,-0.0297243872727604,-0.3754978666839665,8949.0,-0.7413383067720484,0.0,0.0,68.94083239010335,1.1219274012811715,-1.1438643643290174,False,False,False,False,0,0.0
2022-01-21,Train,-0.052566067125072,-0.0196465578983141,-0.024590771379247,-0.00605379808049,-0.0764755297964594,8446.0,-1.0414447889247822,0.0,0.0,68.94083239010335,1.1219274012811715,-1.1438643643290174,False,False,False,False,0,0.0
2022-01-24,Train,-0.0147261298721956,0.004171843770752,-0.0222903646177118,-0.0440482385638078,-0.5564461080431958,9161.0,-0.4790374060993039,0.0,0.0,68.94083239010335,1.1219274012811715,-1.1438643643290174,False,False,False,False,0,0.0
2022-01-25,Train,-0.0124731248424899,-0.0121424537364057,0.0043052676695338,-0.0463653323420558,-0.5857171494495288,9234.0,-0.4354655063475954,0.0,0.0,68.94083239010335,1.1219274012811715,-1.1438643643290174,False,False,False,False,0,0.0
2022-01-26,Train,0.0206990525827113,-0.0022528019743738,0.0227210569361648,-0.0041535067699088,-0.0524698092864456,10207.0,0.0904966604519661,4.5217474846331145,4.5217474846331145,68.94083239010335,1.1219274012811715,-1.1438643643290174,False,False,False,False,0,0.0
2022-01-27,Train,-0.1155417556197044,-0.0050684545413214,-0.1093185050346023,-0.1291733164258624,-1.6318016686202266,11765.0,0.830159334648017,39.27772384864364,34.75597636401052,68.94083239010335,1.1219274012811715,-1.1438643643290174,False,False,False,True,0,0.0
2022-01-28,Train,0.0208056927668702,0.024512161365487,-0.0171084095896401,-0.1216909546362556,-1.537279589360085,10867.0,0.3877418514020289,19.147795601689147,-20.12992824695449,68.94083239010335,1.1219274012811715,-1.1438643643290174,False,False,False,True,0,0.0
2022-01-31,Train,0.1067761138393095,0.018288820180915,0.0781478832579133,-0.0212527067606304,-0.2684780674079657,10324.0,0.1392040067510396,6.948982652710954,6.948982652710954,68.94083239010335,1.1219274012811715,-1.1438643643290174,False,False,False,False,0,0.0
2022-02-01,Train,-0.0058395266373975,0.006526559868176,-0.0169172425016545,-0.0424752169318189,-0.5365746717831507,9662.0,-0.1966409767929416,0.0,-6.948982652710954,68.94083239010335,1.1219274012811715,-1.1438643643290174,False,False,False,False,0,0.0
2022-02-02,Train,-0.0274791915989143,0.0095344752514991,-0.0430450297967459,-0.1082413036647297,-1.3673748171907352,9105.0,-0.5007936202103084,0.0,0.0,68.94083239010335,1.1219274012811715,-1.1438643643290174,False,False,False,True,0,0.0
2022-02-03,Train,-0.0160324950248791,-0.0232422615052761,0.017307964166964,0.0183851655368366,0.2322534144897315,9629.0,-0.209558452357507,0.0,0.0,68.94083239010335,1.1219274012811715,-1.1438643643290174,False,False,False,False,0,0.0
2022-02-04,Train,0.0361111096842132,0.0047005582893473,0.0277579779331002,0.063251553059577,0.7990349143406646,8618.0,-0.8080397549286791,0.0,0.0,68.94083239010335,1.1219274012811715,-1.1438643643290174,False,False,False,False,0,0.0
2022-02-07,Train,-0.0173071864213375,-0.0032965889034871,-0.013727743499625,-0.0286240736979613,-0.3615979872271039,9264.0,-0.3533803993694678,0.0,0.0,68.94083239010335,1.1219274012811715,-1.1438643643290174,False,False,False,False,0,0.0
2022-02-08,Train,0.0161571905234128,0.008098933281893,0.0027333301253206,-0.0089735010709861,-0.1133591242073955,9752.0,-0.0817204812245896,0.0,0.0,68.94083239010335,1.1219274012811715,-1.1438643643290174,False,False,False,False,0,0.0
2022-02-09,Train,0.010845920427172,0.0146686228807191,-0.0123805995725238,0.0216909291532359,0.2740139787808909,9401.0,-0.2807748015905347,0.0,0.0,68.94083239010335,1.1219274012811715,-1.1438643643290174,False,False,False,False,0,0.0
2022-02-10,Train,-0.0294527710174682,-0.0175713957850154,-0.0045738327949038,-0.0001908678086319,-0.0024111667736749,8917.0,-0.5684137206165142,0.0,0.0,68.94083239010335,1.1219274012811715,-1.1438643643290174,False,False,False,False,0,0.0
2022-02-11,Train,-0.0492510296962641,-0.0199428864731456,-0.0208335809224146,-0.0487824266641468,-0.6162514630147004,8672.0,-0.7236279423682423,0.0,0.0,68.94083239010335,1.1219274012811715,-1.1438643643290174,False,False,False,False,0,0.0
2022-02-14,Train,0.018325664372135,-0.0032596415261973,0.0218499779673708,-0.0132047051971508,-0.1668104572256285,7750.0,-1.2412585919693393,0.0,0.0,68.94083239010335,1.1219274012811715,-1.1438643643290174,False,False,False,False,0,0.0
2022-02-15,Train,0.0532907642827684,0.0160544933116151,0.0279963815809399,0.0120583462584684,0.1523289026697905,8151.0,-0.9266036920568572,0.0,0.0,68.94083239010335,1.1219274012811715,-1.1438643643290174,False,False,False,False,0,0.0
2022-02-16,Train,0.0010407532409399,0.0011948286180096,-0.0020814655261706,0.0223574803048216,0.2824342881100437,8174.0,-0.8924027932353381,0.0,0.0,68.94083239010335,1.1219274012811715,-1.1438643643290174,False,False,False,False,0,0.0
2022-02-17,Train,-0.0509426990066609,-0.021261932640491,-0.0205570962762536,0.0063742168234719,0.0805232685549138,8268.0,-1.0466111494416122,0.0,0.0,68.94083239010335,1.1219274012811715,-1.1438643643290174,False,False,False,False,0,0.0
2022-02-18,Train,-0.0221030352967207,-0.0063952788967858,-0.0139000248900802,0.0133077728558063,0.1681124751812597,8613.0,-0.7029038545972855,0.0,0.0,68.94083239010335,1.1219274012811715,-1.1438643643290174,False,False,False,False,0,0.0
2022-02-22,Train,-0.0413662422345285,-0.0109442892844028,-0.0263756355977804,-0.0349178407093449,-0.4411049612311127,8726.0,-0.4468310249435432,0.0,0.0,68.94083239010335,1.1219274012811715,-1.1438643643290174,False,False,False,False,0,0.0
2022-02-23,Train,-0.0699791759952694,-0.018003720124092,-0.0444551649317883,-0.1073693872220731,-1.3563601994245256,8135.0,-1.0126296727466009,0.0,0.0,68.94083239010335,1.1219274012811715,-1.1438643643290174,False,False,False,True,0,0.0
2022-02-24,Train,0.0480734550026278,0.0153684820162629,0.0238026724435509,-0.0814852492523515,-1.029374869183897,7484.0,-1.6783440959006382,0.0,0.0,68.94083239010335,1.1219274012811715,-1.1438643643290174,False,False,False,False,0,0.0
2022-02-25,Train,0.0113640313248295,0.0218399143227574,-0.0225628007448242,-0.0834909537209222,-1.054712237528474,6240.0,-3.0815761375694777,0.0,0.0,68.94083239010335,1.1219274012811715,-1.1438643643290174,False,False,False,False,0,0.0
2022-02-28,Train,0.0747774685335871,-0.0025101909045176,0.077183523918595,0.0075925950877529,0.0959146182521677,7509.0,-1.16799555474052,0.0,0.0,68.94083239010335,1.1219274012811715,-1.1438643643290174,False,False,False,False,0,0.0
2022-03-01,Train,-0.0069621433455585,-0.0149989442614633,0.0140784298754821,0.0480466605610155,0.6069567852281095,7305.0,-1.317411903240762,0.0,0.0,68.94083239010335,1.1219274012811715,-1.1438643643290174,False,False,False,False,0,0.0
2022-03-02,Train,0.0179552971145164,0.0183639492414926,-0.0107850338326507,0.0817167916601531,1.032299864050184,7604.0,-1.0053963003916266,0.0,0.0,68.94083239010335,1.1219274012811715,-1.1438643643290174,False,False,False,False,0,0.0
2022-03-03,Train,-0.0461421044882577,-0.005017352093483,-0.0399951040658813,0.0179190151507208,0.2263646984689715,7540.0,-1.0424680608370256,0.0,0.0,68.94083239010335,1.1219274012811715,-1.1438643643290174,False,False,False,False,0,0.0
2022-03-04,Train,-0.0011915196265851,-0.008088287843448,0.0095376360654529,0.050019451960998,0.6318783742017781,6685.0,-1.8080110526178528,0.0,0.0,68.94083239010335,1.1219274012811715,-1.1438643643290174,False,False,False,False,0,0.0
2022-03-07,Train,-0.0402128050420025,-0.0295213613884529,0.0024967236977002,-0.0246673482598966,-0.3116140482004111,7902.0,-0.5674820611675628,0.0,0.0,68.94083239010335,1.1219274012811715,-1.1438643643290174,False,False,False,False,0,0.0
2022-03-08,Train,0.0246339421032322,-0.0075465703393657,0.0345547989840604,-0.0041909791513184,-0.052943184873627,8233.0,-0.2330519076019713,0.0,0.0,68.94083239010335,1.1219274012811715,-1.1438643643290174,False,False,False,False,0,0.0
2022-03-09,Train,0.0419335751788576,0.0266529000791244,0.0008252681966808,0.0074193228780131,0.0937257305716284,8022.0,-0.4089972927240962,0.0,0.0,68.94083239010335,1.1219274012811715,-1.1438643643290174,False,False,False,False,0,0.0
2022-03-10,Train,-0.0240637553301487,-0.0044540636033625,-0.0187572398718016,0.0286571870720928,0.3620162969884118,8975.0,0.4647719795095001,22.829121998008755,22.829121998008755,68.94083239010335,1.1219274012811715,-1.1438643643290174,False,False,False,False,0,0.0
2022-03-11,Train,-0.0512345859010529,-0.0127573576164596,-0.0335386928993634,-0.0144191418927235,-0.1821520144535607,8981.0,0.4730533404649065,23.221237210531925,0.3921152125231693,68.94083239010335,1.1219274012811715,-1.1438643643290174,False,False,False,False,0,0.0
2022-03-14,Train,-0.0364368023686874,-0.0073025470288594,-0.0268800536259632,-0.043795919216387,-0.5532586453106533,9409.0,0.8847724380686027,41.56204208967163,41.56204208967163,68.94083239010335,1.1219274012811715,-1.1438643643290174,False,False,False,False,0,0.0
2022-03-15,Train,0.0463483555462533,0.0219387863781177,0.0122739960952479,-0.0660767221051995,-0.8347242942400104,9860.0,1.2321281386574976,54.83816624894264,13.276124159271014,68.94083239010335,1.1219274012811715,-1.1438643643290174,False,False,False,False,0,0.0
2022-03-16,Train,0.0478120404252786,0.0223612696196633,0.0131072920735565,-0.0537946982283237,-0.6795697498583765,8986.0,0.5054301225350742,24.7469158042596,-30.09125044468304,68.94083239010335,1.1219274012811715,-1.1438643643290174,False,False,False,False,0,0.0
2022-03-17,Train,0.0373350104690226,0.0122342970349786,0.0177407576055767,-0.0172967007509453,-0.2185032166702686,9578.0,0.9724515445602988,45.12157456960241,20.374658765342808,68.94083239010335,1.1219274012811715,-1.1438643643290174,False,False,False,False,0,0.0
2022-03-18,Train,0.0387677942765043,0.0110504645826867,0.0209399424553882,0.0371819346038063,0.4697064735025379,7466.0,-0.9143167579019972,0.0,-45.12157456960241,68.94083239010335,1.1219274012811715,-1.1438643643290174,False,False,False,False,0,0.0
2022-03-21,Train,0.017417963888751,4.881131355771728e-05,0.0160057220336542,0.0800677102634238,1.0114675911835365,8657.0,0.2952744778254847,14.657383854723644,14.657383854723644,68.94083239010335,1.1219274012811715,-1.1438643643290174,False,False,False,False,0,0.0
2022-03-22,Train,0.0790524377817913,0.011612478038957,0.0603860034796517,0.1281797176478276,1.619249880148752,10082.0,1.4596729076258113,62.29652835250226,47.63914449777862,68.94083239010335,1.1219274012811715,-1.1438643643290174,False,False,True,False,0,0.0
2022-03-23,Train,0.0051611360578402,-0.0128778378832982,0.0230367981379256,0.1381092237121967,1.744685883595421,10339.0,1.600700258517623,66.4232466332284,4.126718280726138,68.94083239010335,1.1219274012811715,-1.1438643643290174,False,False,True,False,0,0.0
2022-03-24,Train,0.0148231284201352,0.0148643434341426,-0.0086954269844892,0.1116730391221306,1.4107267400227546,9580.0,0.9754580990738853,45.24121498188687,-21.18203165134153,68.94083239010335,1.1219274012811715,-1.1438643643290174,False,False,True,False,0,0.0
2022-03-25,Train,-0.0032349379803172,0.0050720659065497,-0.0121423977032554,0.0785906989634869,0.9928090201218324,8756.0,0.2832590145119926,14.069006601402808,-31.172208380484065,68.94083239010335,1.1219274012811715,-1.1438643643290174,False,False,False,False,0,0.0
2022-03-28,Train,0.0803450783611821,0.0068973953804389,0.0687140373755145,0.1312990143053472,1.6586548720735614,8584.0,0.206728794540687,10.299784181420367,10.299784181420367,68.94083239010335,1.1219274012811715,-1.1438643643290174,False,False,True,False,0,0.0
2022-03-29,Train,0.0070798580959405,0.0126492709462973,-0.0131335789671559,0.0577794318585395,0.7299075066544956,8240.0,-0.0626874922690429,0.0,-10.299784181420367,68.94083239010335,1.1219274012811715,-1.1438643643290174,False,False,False,False,0,0.0
2022-03-30,Train,-0.0050747541451513,-0.0062220963550343,0.0028698499121186,0.0376124836327325,0.4751454499356294,7880.0,-0.3953641033668695,0.0,0.0,68.94083239010335,1.1219274012811715,-1.1438643643290174,False,False,False,False,0,0.0
2022-03-31,Train,-0.0149818131423394,-0.0153680816930457,0.0066095514872723,0.0529174621044941,0.668487930406441,7474.0,-0.814628893024698,0.0,0.0,68.94083239010335,1.1219274012811715,-1.1438643643290174,False,False,False,False,0,0.0
2022-04-01,Train,0.0064865993682725,0.0027700497874862,0.0010139869197955,0.0660738467275451,0.834687970592185,6916.0,-1.4323150383020125,0.0,0.0,68.94083239010335,1.1219274012811715,-1.1438643643290174,False,False,False,False,0,0.0
2022-04-04,Train,0.0561134129875917,0.0084788557022137,0.0421226688569581,0.0394824782089887,0.4987684423173194,15116.0,5.236160066113333,98.94150217533586,96.98723377096154,68.94083239010335,1.1219274012811715,-1.1438643643290174,True,False,False,False,0,0.0
2022-04-05,Train,-0.0473089715442011,-0.0123616464845416,-0.0302035206735145,0.0224125365026302,0.2831297939462157,13520.0,3.5462976307589984,94.39535146594623,-4.546150709389607,68.94083239010335,1.1219274012811715,-1.1438643643290174,True,True,False,False,0,0.0
2022-04-06,Train,-0.0416948942943683,-0.0101287878764184,-0.0279211005049924,-0.0083784139144808,-0.1058415947219843,11970.0,2.3976471680029903,83.32954245153338,-11.065809014412864,68.94083239010335,1.1219274012811715,-1.1438643643290174,True,True,False,False,0,0.0
2022-04-07,Train,0.0109968161052127,0.005043068657869,0.0021326232906914,-0.0128553421110618,-0.1623970746276708,10336.0,1.3511390630964528,58.86315773707441,-24.46638471445897,68.94083239010335,1.1219274012811715,-1.1438643643290174,False,True,False,False,0,0.0
2022-04-08,Train,-0.0300494479654184,-0.0024240381715668,-0.027771941410939,-0.0416412704417963,-0.5260397152486889,11818.0,2.1199446696045894,78.56532704320325,19.702169306128845,68.94083239010335,1.1219274012811715,-1.1438643643290174,True,False,False,False,0,0.0
2022-04-11,Train,-0.0483280860738044,-0.0173255896862373,-0.0238159160947123,-0.1075798553934669,-1.3590189707774234,20818.0,4.904530560516297,98.5283249755175,17.173324987788106,68.94083239010335,1.1219274012811715,-1.1438643643290174,True,False,False,True,0,0.0
2022-04-12,Train,0.0112918135664994,-0.0036597678648697,0.0154131572400425,-0.0619631774799099,-0.7827593128551443,13500.0,2.09534865427321,78.0900539911071,-20.43827098441041,68.94083239010335,1.1219274012811715,-1.1438643643290174,True,True,False,False,0,0.0
2022-04-13,Train,0.0358883560359126,0.0112927478405491,0.0176989924160631,-0.0163430845588543,-0.2064565143285316,10542.0,0.8960269848961568,42.02647260514314,-36.06358138596396,68.94083239010335,1.1219274012811715,-1.1438643643290174,False,True,False,False,0,0.0
2022-04-14,Train,-0.0365523188084326,-0.0121483174995625,-0.0197651769524183,-0.0382408848019641,-0.4830838237800734,24961.0,4.6614641929487535,98.12718067079152,56.10070806564838,68.94083239010335,1.1219274012811715,-1.1438643643290174,True,False,False,False,0,0.0
2022-04-18,Train,0.019583733431163,0.0001739072298769,0.0179848354689881,0.007515892077963,0.0949456557541327,16433.0,1.771462196067532,70.9278830372595,3.7062966090287546,68.94083239010335,1.1219274012811715,-1.1438643643290174,True,True,False,False,0,0.0
2022-04-19,Train,0.0237580934452494,0.0159717976191013,-0.0014128986896372,0.0299189094830381,0.3779551982451412,14773.0,1.374795984263656,59.63078238755377,-11.297100649705731,68.94083239010335,1.1219274012811715,-1.1438643643290174,False,True,False,False,0,0.0
2022-04-20,Train,-0.0495550367137007,-0.000758136471382,-0.0497632286158978,-0.0352574763729021,-0.4453954606767452,13732.0,1.1117611101869678,50.49145820218567,-9.139324185368103,68.94083239010335,1.1219274012811715,-1.1438643643290174,False,False,False,False,0,0.0
2022-04-21,Train,0.0323168406624549,-0.0148270856895982,0.0531009830347822,0.0001445142458169,0.0018255983045756,18050.0,1.8785248190841817,73.48831844660842,22.99686024442275,68.94083239010335,1.1219274012811715,-1.1438643643290174,True,False,False,False,0,0.0
2022-04-22,Train,-0.0036975766723952,-0.0272941356465162,0.0356886998077128,0.0555983910059482,0.7023551746321927,14010.0,1.066551817881097,48.78812281013102,-24.7001956364774,68.94083239010335,1.1219274012811715,-1.1438643643290174,False,True,False,False,0,0.0
2022-04-25,Train,-0.0069946453878937,0.0054638692724449,-0.0164867164488347,0.0211268390881253,0.2668880247915622,32430.0,3.3512308028931312,93.22902338915527,50.8767421649685,68.94083239010335,1.1219274012811715,-1.1438643643290174,True,False,False,False,0,0.0
2022-04-26,Train,-0.1218412188194887,-0.0285932822426335,-0.0805164806110524,-0.0579767428332898,-0.7324000677092357,51453.0,4.228865101445146,97.12805799795876,3.899034608803461,68.94083239010335,1.1219274012811715,-1.1438643643290174,True,False,False,False,0,0.0
2022-04-27,Train,0.0058076784704732,0.0025881400870657,0.0006064941990247,-0.0076070200183673,-0.0960968433935325,34818.0,2.7722140282923733,88.23114457143276,-8.896913426525984,68.94083239010335,1.1219274012811715,-1.1438643643290174,True,True,False,False,0,0.0
2022-04-28,Train,-0.004537702888526,0.0250567040071958,-0.0432643194551725,-0.1039723225083221,-1.3134462600623569,29946.0,2.2554787995005454,81.02441569859714,-7.206728872835626,68.94083239010335,1.1219274012811715,-1.1438643643290174,True,True,False,True,1,0.0
2022-04-29,Train,-0.0076922202135913,-0.0367299458614235,0.0457732656737007,-0.0938877566423343,-1.1860514399651716,24888.0,1.7335560700982666,69.97334312792113,-11.051072570676013,68.94083239010335,1.1219274012811715,-1.1438643643290174,True,True,False,True,1,1.0
2022-05-02,Train,0.0369562847143329,0.0062845885030318,0.0262396152724621,-0.0511614249210373,-0.6463045222118506,16942.0,0.7852015530227738,37.360016697200585,-6.192599800439524,68.94083239010335,1.1219274012811715,-1.1438643643290174,False,True,False,False,0,1.0
2022-05-03,Train,0.0069882797619633,0.0043297240246549,-0.000811528729244,0.028543526960771,0.3605804682550295,16079.0,0.6488400763260915,31.34980578828412,-6.010210908916463,68.94083239010335,1.1219274012811715,-1.1438643643290174,False,False,False,False,0,0.0
2022-05-04,Train,0.0476986457646855,0.0303348086721662,0.0010965485388635,0.0290335813006098,0.3667711546257902,15312.0,0.520200887039662,25.438947844376894,-5.910857943907224,68.94083239010335,1.1219274012811715,-1.1438643643290174,False,False,False,False,0,0.0
2022-05-05,Train,-0.0832861531754801,-0.0351219231441227,-0.0322200042876349,0.0400778964681474,0.5062901545076205,13437.0,0.2186254947296756,10.887941569072211,-14.551006275304683,68.94083239010335,1.1219274012811715,-1.1438643643290174,False,False,False,False,0,0.0
2022-05-06,Train,-0.0087371806981902,-0.0062813538301703,-0.0007041583299984,-0.0063995275355517,-0.0808430099949313,12817.0,0.0967324187097301,4.832853041129559,-6.055088527942655,68.94083239010335,1.1219274012811715,-1.1438643643290174,False,False,False,False,0,0.0
2022-05-09,Train,-0.0907294880724968,-0.0322667006017066,-0.0439236279317991,-0.076562770739813,-0.9671909067931996,11710.0,-0.1399013904555401,0.0,0.0,68.94083239010335,1.1219274012811715,-1.1438643643290174,False,False,False,False,0,0.0
2022-05-10,Train,0.0164271739863726,0.0025690243644385,0.011254512359584,-0.064496729650985,-0.8147647980024545,11346.0,-0.22020323986336,0.0,0.0,68.94083239010335,1.1219274012811715,-1.1438643643290174,False,False,False,False,0,0.0
2022-05-11,Train,-0.0825458284364604,-0.0161104487189118,-0.0598467750576995,-0.1254400532475481,-1.5846406507542166,12199.0,-0.0687050064156842,0.0,0.0,68.94083239010335,1.1219274012811715,-1.1438643643290174,False,False,False,True,0,0.0
2022-05-12,Train,-0.0081743867510473,-0.0007758760315931,-0.0083561093859196,-0.1015761583458327,-1.283176349938292,15630.0,0.4691769725781228,23.03778766970771,23.03778766970771,68.94083239010335,1.1219274012811715,-1.1438643643290174,False,False,False,True,0,0.0
2022-05-13,Train,0.057129093691457,0.0235961535142101,0.0205817702403103,-0.0802902297755239,-1.0142786029403947,11942.0,-0.1631381994746554,0.0,-23.03778766970771,68.94083239010335,1.1219274012811715,-1.1438643643290174,False,False,False,False,0,0.0
2022-05-16,Train,-0.0587585616183726,-0.0035756936096421,-0.0547626654706003,-0.0911292673143251,-1.1512044017930114,10784.0,-0.4119329153263427,0.0,0.0,68.94083239010335,1.1219274012811715,-1.1438643643290174,False,False,False,True,0,0.0
2022-05-17,Train,0.0514101777895292,0.0200089007973609,0.0202154081781385,-0.0821683714957705,-1.0380045153641322,12033.0,-0.1664198134883758,0.0,0.0,68.94083239010335,1.1219274012811715,-1.1438643643290174,False,False,False,False,0,0.0
2022-05-18,Train,-0.068013798124059,-0.0396055047449229,-0.0102576795553767,-0.0325792759934477,-0.4115626849223085,11960.0,-0.201300535470079,0.0,0.0,68.94083239010335,1.1219274012811715,-1.1438643643290174,False,False,False,False,0,0.0
2022-05-19,Train,-0.0005494634476534,-0.0066882099772749,0.008090630572386,-0.016132536035142,-0.2037967279126851,11352.0,-0.3481000542626009,0.0,0.0,68.94083239010335,1.1219274012811715,-1.1438643643290174,False,False,False,False,0,0.0
2022-05-20,Train,-0.0641650571614186,0.0002514628279333,-0.0658796761354478,-0.1025939824109002,-1.2960341680519285,12465.0,-0.1427462472922145,0.0,0.0,68.94083239010335,1.1219274012811715,-1.1438643643290174,False,False,False,True,0,0.0
2022-05-23,Train,0.0165687141598596,0.0189656373138604,-0.0130693979185228,-0.0609007148588227,-0.7693375913579519,9841.0,-0.7320982475953625,0.0,0.0,68.94083239010335,1.1219274012811715,-1.1438643643290174,False,False,False,False,0,0.0
2022-05-24,Train,-0.0692546469050758,-0.0072094616207131,-0.0598367912647134,-0.1409529143016748,-1.7806092397292188,9389.0,-0.8473164865278789,0.0,0.0,68.94083239010335,1.1219274012811715,-1.1438643643290174,False,False,False,True,0,0.0
2022-05-25,Train,0.0487773791179582,0.0083382234522493,0.0349964729187323,-0.0956987618275657,-1.2089292398460518,8855.0,-0.994154443868546,0.0,0.0,68.94083239010335,1.1219274012811715,-1.1438643643290174,False,False,False,True,0,0.0
2022-05-26,Train,0.0742713893682931,0.0198796533301395,0.0432694704093545,-0.0605199219905973,-0.7645271672319629,8165.0,-1.2084212290670169,0.0,0.0,68.94083239010335,1.1219274012811715,-1.1438643643290174,False,False,False,False,0,0.0
2022-05-27,Train,0.0733330625374257,0.0250764654307309,0.0345769598732637,0.0399367140181142,0.5045066456226702,8055.0,-1.2471210585197263,0.0,0.0,68.94083239010335,1.1219274012811715,-1.1438643643290174,False,False,False,False,0,0.0
2022-05-31,Train,-0.0018035633890551,-0.0055526630422828,0.0051421765982823,0.0581482885349194,0.7345671450121115,8058.0,-1.232754745923324,0.0,0.0,68.94083239010335,1.1219274012811715,-1.1438643643290174,False,False,False,False,0,0.0
2022-06-01,Train,-0.0235934902002735,-0.008375415502264,-0.0124359102030626,0.1055491695965703,1.333366021983458,9750.0,-0.7822220502658245,0.0,0.0,68.94083239010335,1.1219274012811715,-1.1438643643290174,False,False,True,False,0,0.0
2022-06-02,Train,0.0467739800387407,0.0189907172205106,0.01709844613334,0.0876511428111779,1.1072664622483386,10288.0,-0.6769853920082014,0.0,0.0,68.94083239010335,1.1219274012811715,-1.1438643643290174,False,False,False,False,0,0.0
2022-06-03,Train,-0.0921935998852696,-0.0161864566492601,-0.0693811347757081,-0.0249994623738846,-0.3158095305211652,11840.0,-0.3385066101715386,0.0,0.0,68.94083239010335,1.1219274012811715,-1.1438643643290174,False,False,False,False,0,0.0
2022-06-06,Train,0.0160472016783606,0.0027286844133234,0.0106363106668117,-0.0489401115803366,-0.6182434418263805,8991.0,-0.978044271225428,0.0,0.0,68.94083239010335,1.1219274012811715,-1.1438643643290174,False,False,False,False,0,0.0
2022-06-07,Train,0.0025460558898939,0.0097763144841567,-0.0133806315749225,-0.0674629197535414,-0.8522356479637503,7919.0,-1.2815353348242196,0.0,0.0,68.94083239010335,1.1219274012811715,-1.1438643643290174,False,False,False,False,0,0.0
2022-06-08,Train,0.0124745164326014,-0.0109373663784854,0.0274547933742945,-0.0275722161761843,-0.3483102362683249,7633.0,-1.338594422554791,0.0,0.0,68.94083239010335,1.1219274012811715,-1.1438643643290174,False,False,False,False,0,0.0
2022-06-09,Train,-0.0089305553084624,-0.0235192597767819,0.0248232140900438,-0.0198474482194805,-0.2507259240416734,7370.0,-1.3842566627062445,0.0,0.0,68.94083239010335,1.1219274012811715,-1.1438643643290174,False,False,False,False,0,0.0
2022-06-10,Train,-0.0311909112343832,-0.0293418389016432,0.0112507512990769,0.0607844378553045,0.7678687043338112,7080.0,-1.4367487661094978,0.0,0.0,68.94083239010335,1.1219274012811715,-1.1438643643290174,False,False,False,False,0,0.0
2022-06-13,Train,-0.0710215399070596,-0.0385462660714269,-0.0148459155149957,0.035302211673497,0.4459605862009381,7589.0,-1.1304498453338427,0.0,0.0,68.94083239010335,1.1219274012811715,-1.1438643643290174,False,False,False,False,0,0.0
2022-06-14,Train,0.0238871570556404,-0.002496527188831,0.0262728247569147,0.0749556680053344,0.946888935795408,7349.0,-1.1712104580775042,0.0,0.0,68.94083239010335,1.1219274012811715,-1.1438643643290174,False,False,False,False,0,0.0
2022-06-15,Train,0.0548236708036273,0.0143188422481477,0.0321190598568255,0.0796199344878654,1.005810995239874,7792.0,-1.006146845159425,0.0,0.0,68.94083239010335,1.1219274012811715,-1.1438643643290174,False,False,False,False,0,0.0
2022-06-16,Train,-0.0854076991265423,-0.0328529307078178,-0.0377271227466715,0.0170695976511499,0.2156343020410795,7869.0,-0.9503631016697895,0.0,0.0,68.94083239010335,1.1219274012811715,-1.1438643643290174,False,False,False,False,0,0.0
2022-06-17,Train,0.0171749802838692,0.0026105142383117,0.0119404114536466,0.0177592578057196,0.2243465393834851,7476.0,-1.0400448311147006,0.0,0.0,68.94083239010335,1.1219274012811715,-1.1438643643290174,False,False,False,False,0,0.0
2022-06-21,Train,0.0935443480214786,0.0245007879077152,0.0556472160458899,0.0882523893666053,1.1148618012823233,8768.0,-0.5322517964546346,0.0,0.0,68.94083239010335,1.1219274012811715,-1.1438643643290174,False,False,False,False,0,0.0
2022-06-22,Train,-0.0040078058841535,-0.0021085257728319,-0.0022010766165396,0.0597784879931508,0.7551608889038903,7798.0,-0.7824223368435644,0.0,0.0,68.94083239010335,1.1219274012811715,-1.1438643643290174,False,False,False,False,0,0.0
2022-06-23,Train,-0.0043063108899484,0.0105064407164578,-0.0213224225678555,0.0063370055684698,0.0800531916869974,7226.0,-0.9344824933659044,0.0,0.0,68.94083239010335,1.1219274012811715,-1.1438643643290174,False,False,False,False,0,0.0
2022-06-24,Train,0.0452488934505932,0.0311344956422701,-0.0025464198378517,0.0415177084772896,0.5244787998410877,6256.0,-1.232502473855982,0.0,0.0,68.94083239010335,1.1219274012811715,-1.1438643643290174,False,False,False,False,0,0.0
2022-06-27,Train,-0.0032016505127857,-0.0037497135973185,0.0010539015407042,0.0306311985643472,0.3869532989642413,6214.0,-1.329860487496599,0.0,0.0,68.94083239010335,1.1219274012811715,-1.1438643643290174,False,False,False,False,0,0.0
2022-06-28,Train,-0.0500435578248114,-0.0216089623087553,-0.0191401507661356,-0.0441561682476783,-0.5578095462756941,6383.0,-1.2780116881564103,0.0,0.0,68.94083239010335,1.1219274012811715,-1.1438643643290174,False,False,False,False,0,0.0
2022-06-29,Train,-0.0179371823809089,0.0004923038712381,-0.0200111612196772,-0.0619662528508159,-0.7827981629482975,6260.0,-1.360690793024209,0.0,0.0,68.94083239010335,1.1219274012811715,-1.1438643643290174,False,False,False,False,0,0.0
2022-06-30,Train,-0.0175792277993773,-0.0078942274373858,-0.0071396303998827,-0.0477834606828431,-0.603631872527359,5637.0,-1.716159046793676,0.0,0.0,68.94083239010335,1.1219274012811715,-1.1438643643290174,False,False,False,False,0,0.0
2022-07-01,Train,0.0124291316669797,0.0102631303110636,-0.0042239356013353,-0.0494609764463266,-0.6248233468792642,5356.0,-1.8742967752088533,0.0,0.0,68.94083239010335,1.1219274012811715,-1.1438643643290174,False,False,False,False,0,0.0
2022-07-05,Train,0.0255357048139746,0.0017692395937043,0.0215564051785127,-0.0289584728085181,-0.3658223351163595,5525.0,-1.6090796522547175,0.0,0.0,68.94083239010335,1.1219274012811715,-1.1438643643290174,False,False,False,False,0,0.0
2022-07-06,Train,-0.0057208020003853,0.0036174036409137,-0.0124577544549322,-0.0222760764973147,-0.2814059420661604,5937.0,-1.2822093818859217,0.0,0.0,68.94083239010335,1.1219274012811715,-1.1438643643290174,False,False,False,False,0,0.0
2022-07-07,Train,0.0552790448805928,0.0146738025667905,0.032044796251007,0.0297798809733695,0.3761988993411543,8013.0,-0.0938065143830667,0.0,0.0,68.94083239010335,1.1219274012811715,-1.1438643643290174,False,False,False,False,0,0.0
2022-07-08,Train,0.0254351696876002,-0.0005871926959406,0.0249719119080193,0.0618914232812715,0.7818528669705893,6881.0,-0.6623754487629365,0.0,0.0,68.94083239010335,1.1219274012811715,-1.1438643643290174,False,False,False,False,0,0.0
2022-07-11,Train,-0.0654800594814685,-0.0113073667158857,-0.049947703586051,0.0161676552965558,0.2042403773517597,7646.0,-0.1820155291632693,0.0,0.0,68.94083239010335,1.1219274012811715,-1.1438643643290174,False,False,False,False,0,0.0
2022-07-12,Train,-0.0054336116369887,-0.0092286741108629,0.0069971188746281,0.0016083689926711,0.0203179671980024,6984.0,-0.5371711371711727,0.0,0.0,68.94083239010335,1.1219274012811715,-1.1438643643290174,False,False,False,False,0,0.0
2022-07-13,Train,0.0170334484796728,-0.0046572717940049,0.0226431716757921,0.0367092951233955,0.4637357830060008,7460.0,-0.2169355288571251,0.0,0.0,68.94083239010335,1.1219274012811715,-1.1438643643290174,False,False,False,False,0,0.0
2022-07-14,Train,0.0053718612189148,-0.0026408311990708,0.007972845499496,0.0126373443718845,0.1596431848585785,7040.0,-0.4588227520110804,0.0,0.0,68.94083239010335,1.1219274012811715,-1.1438643643290174,False,False,False,False,0,0.0
2022-07-15,Train,0.00735723154086,0.018909773248152,-0.0221975255461085,-0.0345320930822433,-0.4362319453561042,6951.0,-0.4937428905673555,0.0,0.0,68.94083239010335,1.1219274012811715,-1.1438643643290174,False,False,False,False,0,0.0
2022-07-18,Train,0.0019994268102179,-0.0082768377428398,0.0130099185461969,0.0284255290500047,0.3590898416069741,6429.0,-0.7738255643227803,0.0,0.0,68.94083239010335,1.1219274012811715,-1.1438643643290174,False,False,False,False,0,0.0
2022-07-19,Train,0.0207167182193168,0.0271448968885179,-0.0211256991306346,0.000302711044742,0.0038240435531689,6792.0,-0.4701261052761544,0.0,0.0,68.94083239010335,1.1219274012811715,-1.1438643643290174,False,False,False,False,0,0.0
2022-07-20,Train,0.0080234644666532,0.0064059209660916,-0.0028742456189355,-0.0252147062499857,-0.3185286316939187,7344.0,-0.0203249490265747,0.0,0.0,68.94083239010335,1.1219274012811715,-1.1438643643290174,False,False,False,False,0,0.0
2022-07-21,Train,0.0978047072285352,0.0101123961400728,0.0813765510075878,0.048188999258106,0.6087549005807865,8442.0,0.8113065412353686,38.47757008301392,38.47757008301392,68.94083239010335,1.1219274012811715,-1.1438643643290174,False,False,False,False,0,0.0
2022-07-22,Train,0.0019752262198982,-0.0091109433409164,0.0142302901882089,0.0846168149924236,1.068934852169829,7158.0,-0.1134643928305671,0.0,-38.47757008301392,68.94083239010335,1.1219274012811715,-1.1438643643290174,False,False,False,False,0,0.0
2022-07-25,Train,-0.0139949354715402,0.000990897644638,-0.0168128680339353,0.0547940284122912,0.6921939411915508,7677.0,0.4158459953895154,20.497761399000908,20.497761399000908,68.94083239010335,1.1219274012811715,-1.1438643643290174,False,False,False,False,0,0.0
2022-07-26,Train,-0.0356637312112531,-0.011990807192868,-0.0191116111012504,0.0568081164416754,0.7176372161498382,6973.0,-0.1673923132412977,0.0,-20.497761399000908,68.94083239010335,1.1219274012811715,-1.1438643643290174,False,False,False,False,0,0.0
2022-07-27,Train,0.0616550369922206,0.0261934723051147,0.0212322439924616,0.0809146060530726,1.0221661317253017,6174.0,-0.9044657807521445,0.0,0.0,68.94083239010335,1.1219274012811715,-1.1438643643290174,False,False,False,False,0,0.0
2022-07-28,Train,0.0221235223427265,0.0126403441343632,0.0019234050107072,0.001461460056192,0.0184621175975202,6102.0,-0.9495787272410136,0.0,0.0,68.94083239010335,1.1219274012811715,-1.1438643643290174,False,False,False,False,0,0.0
2022-07-29,Train,0.0578497698579101,0.0146522218618228,0.0346477218827964,0.0218788917507795,0.2763884450313245,5761.0,-1.2735431182621628,0.0,0.0,68.94083239010335,1.1219274012811715,-1.1438643643290174,False,False,False,False,0,0.0
2022-08-01,Train,0.0004263115241422,-0.0030094671666901,0.0035773389769496,0.0422690987616644,0.5339708524859662,6287.0,-0.6210236045654652,0.0,0.0,68.94083239010335,1.1219274012811715,-1.1438643643290174,False,False,False,False,0,0.0
2022-08-02,Train,0.0111344005982036,-0.0064608611374867,0.0194352665232566,0.0808159763861716,1.0209201773790193,6317.0,-0.5687731551144999,0.0,0.0,68.94083239010335,1.1219274012811715,-1.1438643643290174,False,False,False,False,0,0.0
2022-08-03,Train,0.0226556871612562,0.0156177615365107,-0.0019870463470826,0.0575966860466273,0.7275989422461274,5788.0,-1.1921309627512229,0.0,0.0,68.94083239010335,1.1219274012811715,-1.1438643643290174,False,False,False,False,0,0.0
2022-08-04,Train,0.0040230228534861,-0.0007873736850766,0.0038584559124438,0.0595317369483639,0.7520437686056884,6261.0,-0.589234595228093,0.0,0.0,68.94083239010335,1.1219274012811715,-1.1438643643290174,False,False,False,False,0,0.0
2022-08-05,Train,-0.0663030068235908,-0.0020745480439817,-0.0645469758583767,-0.0396629607928092,-0.5010484161508019,6588.0,-0.1725003049000474,0.0,0.0,68.94083239010335,1.1219274012811715,-1.1438643643290174,False,False,False,False,0,0.0
2022-08-08,Train,0.0078194340528796,-0.0008947522681744,0.0078150871165692,-0.0354252126531896,-0.4475144148821077,6105.0,-0.6846902561889683,0.0,0.0,68.94083239010335,1.1219274012811715,-1.1438643643290174,False,False,False,False,0,0.0
2022-08-09,Train,-0.024412625864385,-0.0039511017035506,-0.0198565818282057,-0.0747170610046521,-0.9438746963794736,5932.0,-0.8947107455376341,0.0,0.0,68.94083239010335,1.1219274012811715,-1.1438643643290174,False,False,False,False,0,0.0
2022-08-10,Train,0.038905817766766,0.0209445847883282,0.0063149104048548,-0.0664151042527145,-0.8389989584525939,7505.0,1.0391008037780851,47.73529366141968,47.73529366141968,68.94083239010335,1.1219274012811715,-1.1438643643290174,False,False,False,False,0,0.0
2022-08-11,Train,-0.0262492925442064,0.0,-0.0275887028470182,-0.0978622630121766,-1.2362599993310115,6224.0,-0.4975725517291788,0.0,-47.73529366141968,68.94083239010335,1.1219274012811715,-1.1438643643290174,False,False,False,True,0,0.0
2022-08-12,Train,0.0467501436284136,0.0171215744534887,0.0198635649721603,-0.0134517221816395,-0.1699309370477719,5815.0,-1.0327464518835776,0.0,0.0,68.94083239010335,1.1219274012811715,-1.1438643643290174,False,False,False,False,0,0.0
2022-08-15,Train,0.0309635989158392,0.0042785264909035,0.0232401824654211,0.0019733731672123,0.0249289382371442,6364.0,-0.1955442772707018,0.0,0.0,68.94083239010335,1.1219274012811715,-1.1438643643290174,False,False,False,False,0,0.0
2022-08-16,Train,-0.0089120757931442,0.0017495154973696,-0.0128619450271526,0.0089680099682654,0.1132897570127608,6164.0,-0.4319762038815308,0.0,0.0,68.94083239010335,1.1219274012811715,-1.1438643643290174,False,False,False,False,0,0.0
2022-08-17,Train,-0.0083723335112244,-0.0068346208769246,0.0004862207860688,0.0031393203494794,0.0396579442748469,7595.0,1.317244107621548,57.744566487277794,57.744566487277794,68.94083239010335,1.1219274012811715,-1.1438643643290174,False,False,False,False,0,0.0
2022-08-18,Train,-0.0037062197211366,0.0030839628663579,-0.0096472231050422,0.0210808000914554,0.2663064301273838,6587.0,0.1232823523572777,6.156322333814112,-51.58824415346368,68.94083239010335,1.1219274012811715,-1.1438643643290174,False,False,False,False,0,0.0
2022-08-19,Train,-0.0204818526861555,-0.0137973819115214,-0.0012341353572238,-1.690023792880538e-05,-0.0002134948394557,5845.0,-0.8497742620643339,0.0,-6.156322333814112,68.94083239010335,1.1219274012811715,-1.1438643643290174,False,False,False,False,0,0.0
2022-08-22,Train,-0.0227640224075839,-0.0210757639945728,0.0073437973565242,-0.0159132853468257,-0.2010270100720346,6159.0,-0.3020912170701813,0.0,0.0,68.94083239010335,1.1219274012811715,-1.1438643643290174,False,False,False,False,0,0.0
2022-08-23,Train,0.0225584954757323,-0.0023689758501125,0.024753843324542,0.0217025030048689,0.274160187231131,6642.0,0.3752319500756276,18.544518898194767,18.544518898194767,68.94083239010335,1.1219274012811715,-1.1438643643290174,False,False,False,False,0,0.0
2022-08-24,Train,0.0021701258870663,0.0030338908429705,-0.0036961648344758,0.0175201173843241,0.2213255614488383,6383.0,0.0204019631359609,1.020062774457586,-17.52445612373718,68.94083239010335,1.1219274012811715,-1.1438643643290174,False,False,False,False,0,0.0
2022-08-25,Train,-0.0034556844067095,0.0145717621149303,-0.0265376780781071,0.0006296624112593,0.0079543066771851,6955.0,0.7560596139237532,36.09952453032517,35.079461755867584,68.94083239010335,1.1219274012811715,-1.1438643643290174,False,False,False,False,0,0.0
2022-08-26,Train,-0.0269531218594168,-0.0342727803848338,0.0228460177889105,0.0247098155573937,0.3121505228287243,6348.0,-0.0639737389440846,0.0,-36.09952453032517,68.94083239010335,1.1219274012811715,-1.1438643643290174,False,False,False,False,0,0.0
2022-08-29,Train,-0.0113505816072718,-0.0066037543672442,-0.0028365041339995,0.01452951406687,0.1835463078178942,6698.0,0.4235644599226839,20.86717568252671,20.86717568252671,68.94083239010335,1.1219274012811715,-1.1438643643290174,False,False,False,False,0,0.0
2022-08-30,Train,-0.0249982267189629,-0.0108635414206111,-0.0101281042862854,-0.0203524335439574,-0.2571052283586224,7170.0,0.9939624410005145,45.97397356139012,25.106797878863407,68.94083239010335,1.1219274012811715,-1.1438643643290174,False,False,False,False,0,0.0
2022-08-31,Train,-0.0075262036859782,-0.0078679460353137,0.0028741791304693,-0.0137820895790121,-0.174104353703833,6942.0,0.6795316764348311,32.72683288459214,-13.247140676797976,68.94083239010335,1.1219274012811715,-1.1438643643290174,False,False,False,False,0,0.0
2022-09-01,Train,0.005623955563764,0.0030837697731698,-0.0003167597050387,0.0124388287940561,0.1571354064712881,6542.0,0.1190520745827958,5.945582962063685,-26.781249922528456,68.94083239010335,1.1219274012811715,-1.1438643643290174,False,False,False,False,0,0.0
2022-09-02,Train,-0.0250758122211028,-0.0104865880015222,-0.0107681434625914,-0.0211753324574457,-0.26750062469349,5635.0,-1.255168046531081,0.0,-5.945582962063685,68.94083239010335,1.1219274012811715,-1.1438643643290174,False,False,False,False,0,0.0
2022-09-06,Train,0.0155805562554711,-0.0033568097702684,0.0192498549685555,0.0009110266451092,0.0115086833781187,6255.0,-0.2299539851944769,0.0,0.0,68.94083239010335,1.1219274012811715,-1.1438643643290174,False,False,False,False,0,0.0
2022-09-07,Train,0.033816771099826,0.0179266712334713,0.0057289043824248,0.0167680353138195,0.2118247697099103,6188.0,-0.3127431961807285,0.0,0.0,68.94083239010335,1.1219274012811715,-1.1438643643290174,False,False,False,False,0,0.0
2022-09-08,Train,0.0195981576290391,0.0065359200095296,0.0085064754611795,0.0224003316445297,0.2829756142103019,6017.0,-0.5452787803838545,0.0,0.0,68.94083239010335,1.1219274012811715,-1.1438643643290174,False,False,False,False,0,0.0
2022-09-09,Train,0.0360228948294618,0.015431718062447,0.0116577575180075,0.034374848867576,0.4342455337737854,5914.0,-0.6867687012488006,0.0,0.0,68.94083239010335,1.1219274012811715,-1.1438643643290174,False,False,False,False,0,0.0
2022-09-12,Train,0.0158169409630266,0.0109966100675731,-0.0019305543249949,0.0432124380051725,0.5458877297035208,6287.0,0.0278925651417808,1.3945378462832791,1.3945378462832791,68.94083239010335,1.1219274012811715,-1.1438643643290174,False,False,False,False,0,0.0
2022-09-13,Train,-0.0403718809632054,-0.0436138804742635,0.0233651507428459,0.0473277337794628,0.5978748327458665,6226.0,-0.0515471735149723,0.0,-1.3945378462832791,68.94083239010335,1.1219274012811715,-1.1438643643290174,False,False,False,False,0,0.0
2022-09-14,Train,0.0358743720041836,0.003735518566124,0.0289611798067557,0.0705600092037937,0.8913601039475704,6848.0,0.9421782875834072,43.907890257368784,43.907890257368784,68.94083239010335,1.1219274012811715,-1.1438643643290174,False,False,False,False,0,0.0
2022-09-15,Train,0.0037672737306175,-0.0111651162602304,0.019087377163573,0.0811409109061872,1.0250249623812535,6536.0,0.4447322763031544,21.8772115935313,-22.030678663837485,68.94083239010335,1.1219274012811715,-1.1438643643290174,False,False,False,False,0,0.0
2022-09-16,Train,-0.0013168523341049,-0.0078623534485009,0.009075185761638,0.0785583391498177,0.992400229828274,6693.0,0.6716083707149791,32.37264134218472,10.495429748653422,68.94083239010335,1.1219274012811715,-1.1438643643290174,False,False,False,False,0,0.0
2022-09-19,Train,0.018856110452001,0.0076716776752057,0.0060697598193597,0.0865586532941724,1.093465421397748,7073.0,1.3111207208514606,57.540126520134,57.540126520134,68.94083239010335,1.1219274012811715,-1.1438643643290174,False,False,False,False,0,0.0
2022-09-20,Train,-0.0011000625419275,-0.0112665534572369,0.0143713957302844,0.077564898281611,0.9798504361768452,6769.0,0.9540545538784102,44.38597001441483,-13.154156505719165,68.94083239010335,1.1219274012811715,-1.1438643643290174,False,False,False,False,0,0.0
2022-09-21,Train,-0.0256859485996343,-0.0175996901994049,-0.0007647921704537,0.0478389263044015,0.6043325504716466,7009.0,1.3742894044929148,59.61445749193235,15.228487477517518,68.94083239010335,1.1219274012811715,-1.1438643643290174,False,False,False,False,0,0.0
2022-09-22,Train,-0.0405917285591177,-0.0084408405074312,-0.0293365276552506,-0.000584978514422,-0.0073898305188194,8030.0,2.852228561441331,89.08675313974298,29.472295647810636,68.94083239010335,1.1219274012811715,-1.1438643643290174,True,False,False,False,0,0.0
2022-09-23,Train,-0.0459475724518868,-0.0166198985327992,-0.0224883670089355,-0.0321485312849957,-0.4061212365376903,7264.0,1.59119160078302,66.15673738086417,-22.93001575887881,68.94083239010335,1.1219274012811715,-1.1438643643290174,False,True,False,False,0,0.0
2022-09-26,Train,0.0024698479153155,-0.0096868085604823,0.0155841626349579,-0.0226341284693975,-0.2859290883448484,7090.0,1.396390220262644,60.32208922655177,44.63874589717136,68.94083239010335,1.1219274012811715,-1.1438643643290174,False,False,False,False,0,0.0
2022-09-27,Train,0.0251077585253733,-0.002824589452389,0.0279829292160073,-0.0090225949836746,-0.1139793105652347,6971.0,1.1670901062270322,52.523727211743534,-7.798362014808234,68.94083239010335,1.1219274012811715,-1.1438643643290174,False,False,False,False,0,0.0
2022-09-28,Train,0.0172121123742339,0.0196420274341782,-0.0134352440539192,-0.02169304686714,-0.2740407311255547,6852.0,0.9445944963247852,44.00535786670577,-8.518369345037762,68.94083239010335,1.1219274012811715,-1.1438643643290174,False,False,False,False,0,0.0
2022-09-29,Train,-0.068100504741936,-0.0208526035302938,-0.0383256635813002,-0.0306821827931896,-0.3875973650298995,7129.0,1.3384389849589595,58.44662317567645,14.441265308970678,68.94083239010335,1.1219274012811715,-1.1438643643290174,False,False,False,False,0,0.0
2022-09-30,Train,-0.0110360968993725,-0.0152380311323926,0.0103612187789299,0.0021674029946758,0.0273800496971403,6797.0,0.7844373439465252,37.327134854713954,-21.119488320962496,68.94083239010335,1.1219274012811715,-1.1438643643290174,False,False,False,False,0,0.0
2022-10-03,Train,-0.0861451690990221,0.0264395090250331,-0.1269350744529609,-0.140351834093243,-1.7730160020990884,8369.0,2.8674220064768043,89.24245857996176,31.180927797997175,68.94083239010335,1.1219274012811715,-1.1438643643290174,True,False,False,True,0,0.0
2022-10-04,Train,0.0290429402730441,0.0303578875182852,-0.0175935929895342,-0.1859283562987846,-2.3487683869005926,9089.0,3.4488268831448448,93.83922730544704,4.5967687254852905,68.94083239010335,1.1219274012811715,-1.1438643643290174,True,False,False,True,0,0.0
2022-10-05,Train,-0.0345975176328813,-0.0017283395745595,-0.0333580656819246,-0.20585117792679,-2.6004464770490414,8854.0,2.8702220909680234,89.27092482496347,-4.568302480483581,68.94083239010335,1.1219274012811715,-1.1438643643290174,True,True,False,True,1,0.0
2022-10-06,Train,-0.0111290756320412,-0.010530367641364,0.0032439168986811,-0.1642815974468086,-2.075312396203416,7731.0,1.5069734238242083,63.722447041715725,-25.548477783247748,68.94083239010335,1.1219274012811715,-1.1438643643290174,False,True,False,True,1,1.0
2022-10-07,Train,-0.0632427550068921,-0.0280789863742767,-0.0226853996795152,-0.1973282159052539,-2.492778856265211,7745.0,1.4644576907203064,62.44270406597335,-1.27974297574238,68.94083239010335,1.1219274012811715,-1.1438643643290174,False,False,False,True,0,1.0
2022-10-10,Train,-0.0004931214719139,-0.0074702282666732,0.0093138251030118,-0.0610793163492811,-0.7715938019919436,7597.0,1.267369483672091,56.05842287260749,32.714230065913306,68.94083239010335,1.1219274012811715,-1.1438643643290174,False,False,False,False,0,0.0
2022-10-11,Train,-0.0289738362008463,-0.006589302200972,-0.0204813228615168,-0.0639670462212636,-0.8080734910949957,7766.0,1.4054659242564251,60.60996315374586,4.551540281138365,68.94083239010335,1.1219274012811715,-1.1438643643290174,False,False,False,False,0,0.0
2022-10-12,Train,0.0034180392293952,-0.0031032102046354,0.006708941036565,-0.023900039502774,-0.3019209030148241,8847.0,2.4140456343704315,83.57842037276902,22.96845721902316,68.94083239010335,1.1219274012811715,-1.1438643643290174,True,False,False,False,0,0.0
2022-10-13,Train,0.0206223329693298,0.0261872012016597,-0.0197911028923832,-0.0469350592938384,-0.5929143122715442,8242.0,1.7273392707559432,69.8143534638883,-13.76406690888072,68.94083239010335,1.1219274012811715,-1.1438643643290174,True,True,False,False,0,0.0
2022-10-14,Train,-0.0754555098116105,-0.0225152364890126,-0.0431998474962522,-0.0674495071105754,-0.8520662107008676,8056.0,1.4771117021386968,62.82718478938606,-6.987168674502236,68.94083239010335,1.1219274012811715,-1.1438643643290174,False,True,False,False,0,0.0
2022-10-17,Train,0.0700521987684439,0.0254069125513529,0.030803034660349,-0.0459602975532382,-0.5806004855553936,7353.0,0.7168940686429338,34.3845406987142,9.465382554706654,68.94083239010335,1.1219274012811715,-1.1438643643290174,False,False,False,False,0,0.0
2022-10-18,Train,0.0038294794370519,0.0117805341288526,-0.0150877120155499,-0.0405666867072713,-0.5124648719328359,7573.0,0.9262129184547958,43.26126750612922,8.876726807415025,68.94083239010335,1.1219274012811715,-1.1438643643290174,False,False,False,False,0,0.0
2022-10-19,Train,0.0084017931069275,-0.0069214533656614,0.017389910501022,-0.0298857172428142,-0.3775358921958636,8676.0,1.942461337258095,74.92445962010333,31.663192113974112,68.94083239010335,1.1219274012811715,-1.1438643643290174,True,False,False,False,0,0.0
2022-10-20,Train,-0.0664744863679374,-0.0082101450782091,-0.0555635070182688,-0.0656581213686998,-0.8294362564377303,10403.0,3.251083918975433,92.54240844596448,17.617948825861134,68.94083239010335,1.1219274012811715,-1.1438643643290174,True,False,False,False,0,0.0
2022-10-21,Train,0.0345426654972775,0.0240300004288729,-0.0026520026357859,-0.0251102765082335,-0.3172094070153253,8495.0,1.5269142489960952,64.31087666473294,-28.231531781231524,68.94083239010335,1.1219274012811715,-1.1438643643290174,False,True,False,False,0,0.0
2022-10-24,Train,-0.0148759671940308,0.0121840691610666,-0.0343952748499344,-0.090308586018517,-1.1408370198525344,7459.0,0.5015181593898466,24.563207581866724,4.684499551296483,68.94083239010335,1.1219274012811715,-1.1438643643290174,False,False,False,False,0,0.0
2022-10-25,Train,0.0528757309772558,0.01626005071978,0.0272746352609814,-0.0479462387419856,-0.6056881912460623,8124.0,1.0874133907451,49.57886667197053,25.015659090103807,68.94083239010335,1.1219274012811715,-1.1438643643290174,False,False,False,False,0,0.0
2022-10-26,Train,0.0099811223764909,-0.0074631565716992,0.0197775172476272,-0.0455586319953805,-0.5755263839864703,9033.0,1.7867161185506295,71.30483819411336,21.725971522142828,68.94083239010335,1.1219274012811715,-1.1438643643290174,True,False,False,False,0,0.0
2022-10-27,Train,0.0020031915485436,-0.0053541406871565,0.0086527155516496,0.0186575905745379,0.2356948654286343,9919.0,2.3658874624189967,82.83775814628689,11.532919952173527,68.94083239010335,1.1219274012811715,-1.1438643643290174,True,False,False,False,0,0.0
2022-10-28,Train,0.0152383846033805,0.0233369079204583,-0.0209221174811647,0.0003874757291591,0.0048948463884543,23522.0,7.9900563673779486,99.93225995439994,17.09450180811305,68.94083239010335,1.1219274012811715,-1.1438643643290174,True,False,False,False,0,0.0
2022-10-31,Train,-0.0042885129004271,-0.0067993865223284,0.0045174680782651,0.0393002186573588,0.4964660206663085,14096.0,2.5477413723434936,85.48432628195258,-0.9342586693985736,68.94083239010335,1.1219274012811715,-1.1438643643290174,True,True,False,False,0,0.0
2022-11-01,Train,0.0012306146011606,-0.0040286347448755,0.005902345992207,0.0179279293885843,0.2264773089416495,13504.0,2.214913045722049,80.31614732315063,-5.1681789588019456,68.94083239010335,1.1219274012811715,-1.1438643643290174,True,True,False,False,0,0.0
2022-11-02,Train,-0.0563603335259602,-0.0255149171980152,-0.0196288358668584,-0.0214784237259013,-0.2713294714808523,12529.0,1.8223608347661795,72.16983348366159,-8.14631383948904,68.94083239010335,1.1219274012811715,-1.1438643643290174,True,True,False,False,0,0.0
2022-11-03,Train,0.0015350350619269,-0.010653187585354,0.0160912877124938,-0.0140398515650571,-0.177360571400903,13674.0,2.075376828305438,77.69736013601783,5.527526652356244,68.94083239010335,1.1219274012811715,-1.1438643643290174,True,False,False,False,0,0.0
2022-11-04,Train,-0.0364125977743187,0.0146408388993644,-0.0595976611865304,-0.0527153952704228,-0.6659352902317224,15462.0,2.420893263802198,83.68134140464561,5.9839812686277725,68.94083239010335,1.1219274012811715,-1.1438643643290174,True,False,False,False,0,0.0
2022-11-07,Train,-0.0500795263340059,0.009600133869742,-0.0657433340134795,-0.1229761973621676,-1.553515614591573,15358.0,2.065494460941314,77.50078198906895,15.777473067898804,68.94083239010335,1.1219274012811715,-1.1438643643290174,True,True,False,True,1,0.0
2022-11-08,Train,-0.0293281851308877,0.005442085541323,-0.0387877526012362,-0.1676662959556109,-2.118070117590943,15373.0,1.9668737174938928,75.45498460912461,-2.0457973799443465,68.94083239010335,1.1219274012811715,-1.1438643643290174,True,True,False,True,1,1.0
2022-11-09,Train,-0.0716675718513074,-0.0204251415777062,-0.042530548345649,-0.1905680084344015,-2.4073795018444613,14076.0,1.5989440296295556,66.37414939246507,-9.080835216659535,68.94083239010335,1.1219274012811715,-1.1438643643290174,False,True,False,True,1,1.0
2022-11-10,Train,0.0739343721694254,0.0547301120374328,-0.0090680528299184,-0.2157273489768137,-2.725208717772783,13129.0,1.324048711893762,57.97090360372694,-8.403245788738133,68.94083239010335,1.1219274012811715,-1.1438643643290174,False,False,False,True,0,1.0
2022-11-11,Train,0.0275272649244828,0.0095673744500381,0.0119123377035562,-0.144217350086727,-1.8218477238724136,15460.0,1.792451660160018,71.44551885296455,13.474615249237615,68.94083239010335,1.1219274012811715,-1.1438643643290174,True,False,False,True,0,0.0
2022-11-14,Train,-0.0256161873816971,-0.0080293086579897,-0.0149750347634619,-0.0934490508367093,-1.1805094218033705,14220.0,1.3106624763784502,57.52479820650276,-13.83105140469788,68.94083239010335,1.1219274012811715,-1.1438643643290174,False,True,False,True,1,0.0
2022-11-15,Train,0.018172303095892,0.0082592859766594,0.0045091798134048,-0.0501521184220683,-0.6335543035541742,13501.0,1.1126447738371323,50.524370035676135,-7.000428170826623,68.94083239010335,1.1219274012811715,-1.1438643643290174,False,False,False,False,0,1.0
2022-11-16,Train,-0.0385762785239958,-0.0075908176292655,-0.0285894000884722,-0.0362109701648914,-0.4574406167804841,13418.0,1.0577493828546412,48.45204291513089,-2.0723271205452463,68.94083239010335,1.1219274012811715,-1.1438643643290174,False,False,False,False,0,0.0
2022-11-17,Train,-0.0200620588312364,-0.0028890398179746,-0.0170907214974863,-0.0442336388324594,-0.5587882052821562,12085.0,0.7151840263090158,34.30912531516296,-14.14291759996793,68.94083239010335,1.1219274012811715,-1.1438643643290174,False,False,False,False,0,0.0
2022-11-18,Train,-0.0162690165274254,0.0044150468757735,-0.0241961355792266,-0.0803421121152423,-1.0149340145290031,24822.0,2.840281061210952,88.96282373864645,54.65369842348349,68.94083239010335,1.1219274012811715,-1.1438643643290174,True,False,False,False,0,0.0
2022-11-21,Train,-0.0683723134319005,-0.00351672391412,-0.06446440619796,-0.1298314835497405,-1.6401160654375573,15541.0,1.2020469238688856,53.77774394223725,-1.6519117246056825,68.94083239010335,1.1219274012811715,-1.1438643643290174,False,True,False,True,1,0.0
2022-11-22,Train,0.0121523119333968,0.0133166874739909,-0.0090569799467422,-0.1433976433098875,-1.811492652691798,14415.0,0.9542763189089024,44.39487331538871,-9.382870626848536,68.94083239010335,1.1219274012811715,-1.1438643643290174,False,False,False,True,0,1.0
2022-11-23,Train,0.0782178388540435,0.0062576947383843,0.0675412977038186,-0.0472669455175966,-0.59710691573413,13649.0,0.7722982754807302,36.80356941025298,-7.5913039051357245,68.94083239010335,1.1219274012811715,-1.1438643643290174,False,False,False,False,0,0.0
2022-11-25,Train,-0.0018558752377418,-0.0001082244967235,-0.0030338033447851,-0.0332100273648954,-0.419530748055561,18533.0,1.5013133642592942,63.55405562356684,-17.202871515621496,68.94083239010335,1.1219274012811715,-1.1438643643290174,False,False,False,False,0,0.0
2022-11-28,Train,0.0003281065208,-0.0158190916504239,0.0225924248756385,0.0135785330899697,0.1715328952349428,17795.0,1.151007502294667,51.93897864804975,-27.90358517463529,68.94083239010335,1.1219274012811715,-1.1438643643290174,False,False,False,False,0,0.0
2022-11-29,Train,-0.0114257399891306,-0.0017587315367417,-0.0101409400722745,0.0679019992156553,0.8577823863982738,16219.0,0.8766705422667669,41.22636017212795,-10.7126184759218,68.94083239010335,1.1219274012811715,-1.1438643643290174,False,False,False,False,0,0.0
2022-11-30,Train,0.0767018469100382,0.0307726505561711,0.0294464440928847,0.1064054232552822,1.344182777236856,12909.0,0.2587471993732081,12.86566015199681,-28.360700020131137,68.94083239010335,1.1219274012811715,-1.1438643643290174,False,False,True,False,0,0.0
2022-12-01,Train,0.0,0.0001336652443666,-0.0015388527378585,0.037325272813605,0.4715172153523135,12065.0,0.0585670656321405,2.927516522952772,-9.938143629044038,68.94083239010335,1.1219274012811715,-1.1438643643290174,False,False,False,False,0,0.0
2022-12-02,Train,0.0008217959148295,-0.0014420526589562,0.0016340780368565,0.0419931541952467,0.5304849405624646,11497.0,-0.0917326105688065,0.0,-2.927516522952772,68.94083239010335,1.1219274012811715,-1.1438643643290174,False,False,False,False,0,0.0
2022-12-05,Train,-0.0636867680552091,-0.0178074761502794,-0.0384555733942706,-0.0190548440746624,-0.2407132310036983,8938.0,-0.7957289698066276,0.0,0.0,68.94083239010335,1.1219274012811715,-1.1438643643290174,False,False,False,False,0,0.0
2022-12-06,Train,-0.0144148515648894,-0.0144552371802069,0.0058144541890413,-0.0030994498133465,-0.0391542736314769,8291.0,-1.011399612868976,0.0,0.0,68.94083239010335,1.1219274012811715,-1.1438643643290174,False,False,False,False,0,0.0
2022-12-07,Train,-0.0321433311236856,-0.001933409786435,-0.0305978931057762,-0.0631437870120074,-0.7976735432687565,8457.0,-0.964051093664863,0.0,0.0,68.94083239010335,1.1219274012811715,-1.1438643643290174,False,False,False,False,0,0.0
2022-12-08,Train,-0.0034474308657329,0.0078875987373436,-0.0165559581615355,-0.0781608924356845,-0.987379423447705,8788.0,-0.8843954866173421,0.0,0.0,68.94083239010335,1.1219274012811715,-1.1438643643290174,False,False,False,False,0,0.0
2022-12-09,Train,0.0323454827685834,-0.0073041466436766,0.0419046183028462,-0.0378903521696947,-0.4786556667111844,7741.0,-1.263457633780759,0.0,0.0,68.94083239010335,1.1219274012811715,-1.1438643643290174,False,False,False,False,0,0.0
2022-12-12,Train,-0.0627198857086465,0.014273185623,-0.0853563722261053,-0.0847911510015295,-1.0711371784585009,9323.0,-0.7190527090942027,0.0,0.0,68.94083239010335,1.1219274012811715,-1.1438643643290174,False,False,False,False,0,0.0
2022-12-13,Train,-0.040936777953442,0.0073905962654228,-0.0533037259127922,-0.1439093311033631,-1.817956626973091,10109.0,-0.5039015766795347,0.0,0.0,68.94083239010335,1.1219274012811715,-1.1438643643290174,False,False,False,True,0,0.0
2022-12-14,Train,-0.025784367661833,-0.0060370575156253,-0.0181158607821414,-0.1314272987797283,-1.6602754453091595,9797.0,-0.6067424274651461,0.0,0.0,68.94083239010335,1.1219274012811715,-1.1438643643290174,False,False,False,True,0,0.0
2022-12-15,Train,0.0055484381393815,-0.0245942735977325,0.0409062398738572,-0.0739651007443355,-0.9343754434263694,11130.0,-0.2685655204518841,0.0,0.0,68.94083239010335,1.1219274012811715,-1.1438643643290174,False,False,False,False,0,0.0
2022-12-16,Train,-0.0471871790943652,-0.0119227532345119,-0.0307366025623765,-0.1466063216095584,-1.85202677187634,10983.0,-0.3337206444299953,0.0,0.0,68.94083239010335,1.1219274012811715,-1.1438643643290174,False,False,False,True,0,0.0
2022-12-19,Train,-0.0023963297649589,-0.0086194819389087,0.009125422719036,-0.052124526664417,-0.6584710522304549,12255.0,-0.0462881667797196,0.0,0.0,68.94083239010335,1.1219274012811715,-1.1438643643290174,False,False,False,False,0,0.0
2022-12-20,Train,-0.0805364146171608,0.0015239274200355,-0.084149682996742,-0.0829704837483668,-1.048137321027278,10042.0,-0.6513565163458757,0.0,0.0,68.94083239010335,1.1219274012811715,-1.1438643643290174,False,False,False,False,0,0.0
2022-12-21,Train,-0.0016690545895901,0.0149568571027525,-0.0253256500017729,-0.0901802729679983,-1.1392160856245093,11024.0,-0.3831071411867064,0.0,0.0,68.94083239010335,1.1219274012811715,-1.1438643643290174,False,False,False,False,0,0.0
2022-12-22,Train,-0.0888275655993685,-0.0140603747395763,-0.0691874356408439,-0.2002739484826995,-2.529991273412862,9109.0,-0.9856462306058614,0.0,0.0,68.94083239010335,1.1219274012811715,-1.1438643643290174,False,False,False,True,0,0.0
2022-12-23,Train,-0.0175508334664749,0.0056016492220922,-0.0272484865303404,-0.1967858324506634,-2.4859271143519286,8348.0,-1.2824616194784837,0.0,0.0,68.94083239010335,1.1219274012811715,-1.1438643643290174,False,False,False,True,0,0.0
2022-12-27,Train,-0.1140885333144338,-0.0039788766813747,-0.1094910461249736,-0.315402301294673,-3.984367791893755,9411.0,-0.8482952023785427,0.0,0.0,68.94083239010335,1.1219274012811715,-1.1438643643290174,False,False,False,True,0,0.0
2022-12-28,Train,0.0330889153147684,-0.0122692441403567,0.0500564922855076,-0.1811961260124233,-2.288987764313485,10748.0,-0.4165195406991209,0.0,0.0,68.94083239010335,1.1219274012811715,-1.1438643643290174,False,False,False,True,0,0.0
2022-12-29,Train,0.0808269069678893,0.0177369330159709,0.0530221493885369,-0.1028483266221134,-1.2992472101859038,9244.0,-0.8618565694187997,0.0,0.0,68.94083239010335,1.1219274012811715,-1.1438643643290174,False,False,False,True,0,0.0
2022-12-30,Train,0.0111640175156668,-0.0027533188176449,0.0139328450128398,-0.0197280459684297,-0.2492175568502687,8411.0,-1.1266532018841189,0.0,0.0,68.94083239010335,1.1219274012811715,-1.1438643643290174,False,False,False,False,0,0.0
2023-01-03,Train,-0.1224224857419573,-0.0038424487635553,-0.1180285631834316,-0.1105081226215209,-1.3960107542286664,11352.0,-0.0876510363215969,0.0,0.0,68.94083239010335,1.1219274012811715,-1.1438643643290174,False,False,False,True,0,0.0
2023-01-04,Train,0.0512488528559378,0.0072002131906698,0.0391659762286705,0.0381488997321232,0.4819218083220224,10117.0,-0.4081946196416933,0.0,0.0,68.94083239010335,1.1219274012811715,-1.1438643643290174,False,False,False,False,0,0.0
2023-01-05,Train,-0.0290390977603121,-0.010921616635617,-0.014082321071687,-0.0259899136250714,-0.3283215573785171,7916.0,-1.106366952659522,0.0,0.0,68.94083239010335,1.1219274012811715,-1.1438643643290174,False,False,False,False,0,0.0
2023-01-06,Train,0.0246510903659427,0.0227443374771656,-0.0106252350374686,-0.089637298051077,-1.1323568719729062,7653.0,-1.1715104823123177,0.0,0.0,68.94083239010335,1.1219274012811715,-1.1438643643290174,False,False,False,False,0,0.0
2023-01-09,Train,0.0593490114042782,-0.0007293059220304,0.0590978013263867,-0.0444723417375301,-0.5618036562249396,7217.0,-1.2060012681553176,0.0,0.0,68.94083239010335,1.1219274012811715,-1.1438643643290174,False,False,False,False,0,0.0
2023-01-10,Train,-0.0076813742567518,0.007128403663019,-0.0196571036063396,0.0538991178395619,0.6808888465617027,7623.0,-1.0133609753279298,0.0,0.0,68.94083239010335,1.1219274012811715,-1.1438643643290174,False,False,False,False,0,0.0
2023-01-11,Train,0.036769060182475,0.0127622769479094,0.0163870064214237,0.031120148032315,0.3931300278721718,7591.0,-0.9918880669199136,0.0,0.0,68.94083239010335,1.1219274012811715,-1.1438643643290174,False,False,False,False,0,0.0
2023-01-12,Train,0.0027592625752506,0.0037418860144313,-0.004163430516755,0.041039038587247,0.5184319292729075,7376.0,-1.040311752291764,0.0,0.0,68.94083239010335,1.1219274012811715,-1.1438643643290174,False,False,False,False,0,0.0
2023-01-13,Train,-0.0093881195826728,0.0038923849409082,-0.0165353727127849,0.0351289009119307,0.4437712115085573,9641.0,-0.2527191128621253,0.0,0.0,68.94083239010335,1.1219274012811715,-1.1438643643290174,False,False,False,False,0,0.0
2023-01-17,Train,0.0742647373690046,-0.0015290757662196,0.0752068670104835,0.0512379665960275,0.6472714466233613,8949.0,-0.383775973866039,0.0,0.0,68.94083239010335,1.1219274012811715,-1.1438643643290174,False,False,False,False,0,0.0
2023-01-18,Train,-0.0206099825131429,-0.0162442945907417,0.0022887828156105,0.0731838530179777,0.9245062120808376,8500.0,-0.509297223345845,0.0,0.0,68.94083239010335,1.1219274012811715,-1.1438643643290174,False,False,False,False,0,0.0
2023-01-19,Train,-0.0125019461532281,-0.0071995160001202,-0.0030989304123362,0.0536979161842178,0.6783471358895297,7966.0,-0.6825468900314413,0.0,0.0,68.94083239010335,1.1219274012811715,-1.1438643643290174,False,False,False,False,0,0.0
2023-01-20,Train,0.0491468120625187,0.0183958407580553,0.0203588956584831,0.0782202423594561,0.988129170433558,7614.0,-0.7967470756426722,0.0,0.0,68.94083239010335,1.1219274012811715,-1.1438643643290174,False,False,False,False,0,0.0
2023-01-23,Train,0.0774246887484899,0.0121802151403724,0.0579111316919706,0.1526667467642117,1.9285860192003572,9002.0,-0.198233506412739,0.0,0.0,68.94083239010335,1.1219274012811715,-1.1438643643290174,False,False,True,False,0,0.0
2023-01-24,Train,0.0009739087975544,-0.0010595501791874,0.0012154574702244,0.0786753372239525,0.9938782258872212,8263.0,-0.4550867467247599,0.0,0.0,68.94083239010335,1.1219274012811715,-1.1438643643290174,False,False,False,False,0,0.0
2023-01-25,Train,0.0037528201294276,0.0003535000023926,0.0018859510874328,0.0782725054957748,0.9887893924934388,8540.0,-0.3089715642230652,0.0,0.0,68.94083239010335,1.1219274012811715,-1.1438643643290174,False,False,False,False,0,0.0
2023-01-26,Train,0.1096725915664733,0.010682921050805,0.0923931528899374,0.1737645887980485,2.195107734270359,9611.0,0.2139407700600401,10.656423520434496,10.656423520434496,68.94083239010335,1.1219274012811715,-1.1438643643290174,False,False,True,False,0,0.0
2023-01-27,Train,0.1100018041682475,0.0028508173510546,0.1044086781215858,0.2578143712611512,3.25687946132186,8168.0,-0.4762215233290259,0.0,-10.656423520434496,68.94083239010335,1.1219274012811715,-1.1438643643290174,False,False,True,False,0,0.0
2023-01-30,Train,-0.0631815099494341,-0.0124974525159703,-0.0458734223669342,0.1540298172022463,1.9458052149040483,7723.0,-0.7409658386529475,0.0,0.0,68.94083239010335,1.1219274012811715,-1.1438643643290174,False,False,True,False,0,0.0
2023-01-31,Train,0.0393615589490423,0.0142038409059981,0.0168285419556323,0.1696429016876542,2.143039891697531,7777.0,-0.6721492225466256,0.0,0.0,68.94083239010335,1.1219274012811715,-1.1438643643290174,False,False,True,False,0,0.0
2023-02-01,Train,0.0472809282051165,0.0109521746699987,0.0295997351479889,0.1973566857482103,2.493138505909016,7933.0,-0.510739342053458,0.0,0.0,68.94083239010335,1.1219274012811715,-1.1438643643290174,False,False,True,False,0,0.0
2023-02-02,Train,0.0378148970391338,0.0143300026272745,0.0150936336468915,0.1200571665051644,1.516640511009746,8444.0,-0.0465068824729413,0.0,0.0,68.94083239010335,1.1219274012811715,-1.1438643643290174,False,False,True,False,0,0.0
2023-02-03,Train,0.0090826547844735,-0.0106805563725228,0.0236797445096523,0.0393282328932309,0.4968199147839655,8313.0,-0.1445462744770471,0.0,0.0,68.94083239010335,1.1219274012811715,-1.1438643643290174,False,False,False,False,0,0.0
2023-02-06,Train,0.025160537355481,-0.0057806411946061,0.0324464444375055,0.1176480996976708,1.4862076062500242,8544.0,0.061429635301429,3.0705162507600434,3.0705162507600434,68.94083239010335,1.1219274012811715,-1.1438643643290174,False,False,True,False,0,0.0
2023-02-07,Train,0.010525791279409,0.0129029556216306,-0.0100661696821196,0.0907533880599188,1.1464560496448186,7303.0,-1.044212545768255,0.0,-3.0705162507600434,68.94083239010335,1.1219274012811715,-1.1438643643290174,False,False,True,False,0,0.0
2023-02-08,Train,0.0227630495559825,-0.0109562190686953,0.0377714566706347,0.0989251095825645,1.249686571126447,7474.0,-0.8687617093503434,0.0,0.0,68.94083239010335,1.1219274012811715,-1.1438643643290174,False,False,True,False,0,0.0
2023-02-09,Train,0.0299568495166786,-0.0085599000522497,0.0413896996340468,0.1252211755697198,1.5818756450255853,7754.0,-0.6300229427337297,0.0,0.0,68.94083239010335,1.1219274012811715,-1.1438643643290174,False,False,True,False,0,0.0
2023-02-10,Train,-0.0503087380189952,0.0024322611964067,-0.0552773347866933,0.0462640962733741,0.5844382693342669,7883.0,-0.5149348895102892,0.0,0.0,68.94083239010335,1.1219274012811715,-1.1438643643290174,False,False,False,False,0,0.0
2023-02-13,Train,-0.0114277007820352,0.0115462605914877,-0.0299953317712536,-0.0161776799353851,-0.2043670151344042,7104.0,-1.0673133446956158,0.0,0.0,68.94083239010335,1.1219274012811715,-1.1438643643290174,False,False,False,False,0,0.0
2023-02-14,Train,0.0750616556523096,-0.0003692588078304,0.0742732178640444,0.068161707610779,0.86106319240561,6746.0,-1.4020850689931508,0.0,0.0,68.94083239010335,1.1219274012811715,-1.1438643643290174,False,False,False,False,0,0.0
2023-02-15,Train,0.0238470991310111,0.0033491944897845,0.0175103426021629,0.0479005935423071,0.6051115712825844,7240.0,-0.87058779717989,0.0,0.0,68.94083239010335,1.1219274012811715,-1.1438643643290174,False,False,False,False,0,0.0
2023-02-16,Train,-0.0569455372209675,-0.0139035457178274,-0.0375394124605166,-0.0310285185522563,-0.3919725044564088,7543.0,-0.5500648438592559,0.0,0.0,68.94083239010335,1.1219274012811715,-1.1438643643290174,False,False,False,False,0,0.0
2023-02-17,Train,0.0310334808989092,-0.0025851589159797,0.0335513963476716,0.0578002125821087,0.7301700223220776,13305.0,3.4902092413176247,94.08158101405824,94.08158101405824,68.94083239010335,1.1219274012811715,-1.1438643643290174,True,False,False,False,0,0.0
2023-02-21,Train,-0.0525178943383599,-0.0198547331015075,-0.0242319795558662,0.063563564797496,0.802976450322344,7377.0,-0.6530408692758672,0.0,0.0,68.94083239010335,1.1219274012811715,-1.1438643643290174,False,True,False,False,0,0.0
2023-02-22,Train,0.0176825534757292,-0.0012544016368981,0.0182148407722081,0.0075051877056596,0.0948104311344556,7326.0,-0.6864471745584318,0.0,0.0,68.94083239010335,1.1219274012811715,-1.1438643643290174,False,False,False,False,0,0.0
2023-02-23,Train,0.0060241297928425,0.0050231224692125,-0.0028103012354014,-0.0128154561319046,-0.1618932088979356,8666.0,0.5302460477299553,25.908099373113338,25.908099373113338,68.94083239010335,1.1219274012811715,-1.1438643643290174,False,False,False,False,0,0.0
2023-02-24,Train,-0.0256841800034132,-0.0107017924413849,-0.0110554038566463,0.0136685524719656,0.1726700788407646,7184.0,-0.8680980143496865,0.0,-25.908099373113338,68.94083239010335,1.1219274012811715,-1.1438643643290174,False,False,False,False,0,0.0
2023-02-27,Train,0.0546017865369246,0.0034594440556303,0.0481005261987328,0.0282176823230269,0.356464186051445,7387.0,-0.5658505383343143,0.0,0.0,68.94083239010335,1.1219274012811715,-1.1438643643290174,False,False,False,False,0,0.0
2023-02-28,Train,-0.0092472095737269,-0.0037758900856359,-0.0049525994794146,0.0474970623994785,0.6000139024262934,9263.0,1.1541956930468853,52.05528855403793,52.05528855403793,68.94083239010335,1.1219274012811715,-1.1438643643290174,False,False,False,False,0,0.0
2023-03-01,Train,-0.0142919758176648,-0.0036523264325515,-0.0101817355344519,0.0191004860928185,0.2412898107761082,9890.0,1.617640787462477,66.89390170530388,14.838613151265946,68.94083239010335,1.1219274012811715,-1.1438643643290174,False,False,False,False,0,0.0
2023-03-02,Train,-0.0585392815794731,0.0074698100871672,-0.0710244247927425,-0.0491136374645225,-0.620435534088144,10082.0,1.6939700298891638,68.94910884556636,2.055207140262482,68.94083239010335,1.1219274012811715,-1.1438643643290174,True,False,False,False,0,0.0
2023-03-03,Train,0.0360921928231414,0.0158417200662313,0.0111152899147568,-0.0269429436931193,-0.3403608554186693,9640.0,1.3022888772539516,57.24398906201043,-11.70511978355593,68.94083239010335,1.1219274012811715,-1.1438643643290174,False,True,False,False,0,0.0
2023-03-06,Train,-0.020122331071529,0.0012120860099336,-0.0232702996607731,-0.0983137695526253,-1.241963724732535,9326.0,1.179550697557891,52.97340167445847,41.2955897680274,68.94083239010335,1.1219274012811715,-1.1438643643290174,False,False,False,True,0,0.0
2023-03-07,Train,-0.0314740773002816,-0.0154681169186472,-0.0097334497184419,-0.1030946197916526,-1.3023585463050351,9688.0,1.4355500210110104,61.552920133214265,8.579518458755793,68.94083239010335,1.1219274012811715,-1.1438643643290174,False,False,False,True,0,0.0
2023-03-08,Train,-0.0304192984371427,0.0015573093876215,-0.0340823761814061,-0.1269952604386068,-1.604287043365623,8782.0,0.6473017971775883,31.28043430055805,-30.27248583265622,68.94083239010335,1.1219274012811715,-1.1438643643290174,False,False,False,True,0,0.0
2023-03-09,Train,-0.0498901199508499,-0.0183058311745911,-0.023915327804735,-0.0798861634505993,-1.0091741733144548,7557.0,-0.5115937035317006,0.0,-31.28043430055805,68.94083239010335,1.1219274012811715,-1.1438643643290174,False,False,False,False,0,0.0
2023-03-10,Train,0.0030071956856769,-0.0143397670564767,0.023064208015382,-0.0679372453499741,-0.8582276385787184,7503.0,-0.5787016566981528,0.0,0.0,68.94083239010335,1.1219274012811715,-1.1438643643290174,False,False,False,False,0,0.0
2023-03-13,Train,0.0059962711686663,-0.0016916331097488,0.0071809532596007,-0.0374859924296002,-0.4735475304732502,6637.0,-1.4304775669086602,0.0,0.0,68.94083239010335,1.1219274012811715,-1.1438643643290174,False,False,False,False,0,0.0
2023-03-14,Train,0.0503209479269324,0.0166065838610121,0.0242027887523207,-0.0035497539588376,-0.0448428095948672,6612.0,-1.4259849097443975,0.0,0.0,68.94083239010335,1.1219274012811715,-1.1438643643290174,False,False,False,False,0,0.0
2023-03-15,Train,-0.0153333932272323,-0.0061675517941108,-0.0074701753231144,0.0230624468994541,0.2913398863966909,6558.0,-1.437543826359582,0.0,0.0,68.94083239010335,1.1219274012811715,-1.1438643643290174,False,False,False,False,0,0.0
2023-03-16,Train,0.0203935051083754,0.0171076569503227,-0.0064723071868516,0.0405054675173375,0.5116915111564031,6353.0,-1.611451528305762,0.0,0.0,68.94083239010335,1.1219274012811715,-1.1438643643290174,False,False,False,False,0,0.0
2023-03-17,Train,-0.0217237815343879,-0.0109383875920457,-0.0067419808359385,0.0106992786660168,0.1351602735249087,6311.0,-1.5947275017123974,0.0,0.0,68.94083239010335,1.1219274012811715,-1.1438643643290174,False,False,False,False,0,0.0
2023-03-20,Train,0.0173207962727657,0.0090307608652744,0.002506552285028,0.0060248776914441,0.0761101885602973,6380.0,-1.2865394714982037,0.0,0.0,68.94083239010335,1.1219274012811715,-1.1438643643290174,False,False,False,False,0,0.0
2023-03-21,Train,0.0781991914382247,0.0130806081075187,0.0573421545061584,0.0391642434452819,0.4947482930109579,6453.0,-1.1734296291282984,0.0,0.0,68.94083239010335,1.1219274012811715,-1.1438643643290174,False,False,False,False,0,0.0
2023-03-22,Train,-0.0325438195919668,-0.0165813191475371,-0.0091421786009846,0.0374922401674117,0.4736264559763488,6021.0,-1.57925135103083,0.0,0.0,68.94083239010335,1.1219274012811715,-1.1438643643290174,False,False,False,False,0,0.0
2023-03-23,Train,0.0055977366381618,0.0023770123615787,0.0007115768734693,0.0446761242277326,0.5643779696880374,6214.0,-1.3235064764208084,0.0,0.0,68.94083239010335,1.1219274012811715,-1.1438643643290174,False,False,False,False,0,0.0
2023-03-24,Train,-0.0094162810690836,0.006664856173429,-0.0207003493924883,0.0307177556711828,0.3880467448497649,6615.0,-0.8939095234079802,0.0,0.0,68.94083239010335,1.1219274012811715,-1.1438643643290174,False,False,False,False,0,0.0
2023-03-27,Train,0.0073525228168616,0.001650296197009,0.0035506990898309,0.0317619024759857,0.4012370889975035,7841.0,0.2347948061612667,11.68610302854623,11.68610302854623,68.94083239010335,1.1219274012811715,-1.1438643643290174,False,False,False,False,0,0.0
2023-03-28,Train,-0.013659325116185,-0.0017575673573733,-0.0123762622759278,-0.0379565143061005,-0.4794914700146352,7566.0,0.0366348983718054,1.8315400782690208,-9.85456295027721,68.94083239010335,1.1219274012811715,-1.1438643643290174,False,False,False,False,0,0.0
2023-03-29,Train,0.024789906342217,0.014222301307567,0.0022293445112668,-0.0265849911938491,-0.3358389657454939,7101.0,-0.3539653310058274,0.0,-1.8315400782690208,68.94083239010335,1.1219274012811715,-1.1438643643290174,False,False,False,False,0,0.0
2023-03-30,Train,0.007220929756684,0.0059669186906208,-0.0030217433129187,-0.0303183113802372,-0.3830007037747103,8134.0,0.5030063103935029,24.633112954405306,24.633112954405306,68.94083239010335,1.1219274012811715,-1.1438643643290174,False,False,False,False,0,0.0
2023-03-31,Train,0.0623720197189063,0.0139664062918161,0.0401932798439892,0.0305753178562403,0.3862473773756693,6560.0,-0.8604901813897129,0.0,-24.633112954405306,68.94083239010335,1.1219274012811715,-1.1438643643290174,False,False,False,False,0,0.0
2023-04-03,Train,-0.0611684277968261,0.0039619344516292,-0.0684194560244981,-0.0413948372580887,-0.5229266103791675,7825.0,0.2958101213763411,14.68358961755502,14.68358961755502,68.94083239010335,1.1219274012811715,-1.1438643643290174,False,False,False,False,0,0.0
2023-04-04,Train,-0.0112440437098449,-0.0056413202932746,-0.0041660178907929,-0.0331845928729538,-0.419209442947516,7527.0,0.0649497013762899,3.246343933703461,-11.43724568385156,68.94083239010335,1.1219274012811715,-1.1438643643290174,False,False,False,False,0,0.0
2023-04-05,Train,-0.0366600762876059,-0.0024239561112781,-0.034382692175605,-0.0697966295598257,-0.8817165938846186,5948.0,-1.385342694698891,0.0,-3.246343933703461,68.94083239010335,1.1219274012811715,-1.1438643643290174,False,False,False,False,0,0.0
2023-04-06,Train,-0.002479553165553,0.003818207806749,-0.0095161263030342,-0.0762910125499412,-0.9637578799114556,6045.0,-1.236060405089493,0.0,0.0,68.94083239010335,1.1219274012811715,-1.1438643643290174,False,False,False,False,0,0.0
2023-04-10,Train,-0.0029720256079851,0.0010906658816947,-0.0059388227479537,-0.1224231151418842,-1.5465287188849774,6893.0,-0.3329678401009647,0.0,0.0,68.94083239010335,1.1219274012811715,-1.1438643643290174,False,False,False,True,0,0.0
2023-04-11,Train,0.0123570475701921,0.0001327557442469,0.0108195519010271,-0.0431841072163589,-0.5455298366824348,6726.0,-0.4688210707300566,0.0,0.0,68.94083239010335,1.1219274012811715,-1.1438643643290174,False,False,False,False,0,0.0
2023-04-12,Train,-0.0334600365364646,-0.0039851912338998,-0.0288531273784306,-0.0678712167039965,-0.857393521613511,7235.0,-0.0140409419522489,0.0,0.0,68.94083239010335,1.1219274012811715,-1.1438643643290174,False,False,False,False,0,0.0
2023-04-13,Train,0.0296887161276042,0.0129634069733632,0.0090065554672043,-0.0244819690611871,-0.3092722171307149,6917.0,-0.3025435890592319,0.0,0.0,68.94083239010335,1.1219274012811715,-1.1438643643290174,False,False,False,False,0,0.0
2023-04-14,Train,-0.0048412798603184,-0.0020539209845799,-0.0031160266112897,-0.0180818693694426,-0.2284219792852036,6292.0,-0.8962710554183958,0.0,0.0,68.94083239010335,1.1219274012811715,-1.1438643643290174,False,False,False,False,0,0.0
2023-04-17,Train,0.0110269907358531,0.0034036503860319,0.0046089803507634,-0.0075340662707253,-0.0951752440227934,6850.0,-0.324752391656053,0.0,0.0,68.94083239010335,1.1219274012811715,-1.1438643643290174,False,False,False,False,0,0.0
2023-04-18,Train,-0.0145957860646558,0.00068383399182,-0.0169555477470845,-0.035309165918837,-0.4460484367684074,7194.0,-0.0235325117106289,0.0,0.0,68.94083239010335,1.1219274012811715,-1.1438643643290174,False,False,False,False,0,0.0
2023-04-19,Train,-0.0201833935759263,-5.250225583852686e-05,-0.0214444650570084,-0.0279005035974148,-0.3524573773077704,8955.0,1.5253074213026447,64.26373923888535,64.26373923888535,68.94083239010335,1.1219274012811715,-1.1438643643290174,False,False,False,False,0,0.0
2023-04-20,Train,-0.0974582823059385,-0.0056503599942956,-0.0903667683135603,-0.1272738273781795,-1.6078060828189302,11589.0,3.3030836793298928,92.90688953761222,28.643150298726862,68.94083239010335,1.1219274012811715,-1.1438643643290174,True,False,False,True,0,0.0
2023-04-21,Train,0.0128228496684006,0.0005815950188652,0.0106156391582636,-0.1135421616086262,-1.4343387155972112,10415.0,2.33940051529962,82.41760565769455,-10.489283879917664,68.94083239010335,1.1219274012811715,-1.1438643643290174,True,True,False,True,1,0.0
2023-04-24,Train,-0.0153258950280732,0.0013207477930583,-0.018635998289839,-0.1367871402492287,-1.7279844621206186,8333.0,0.8185447656027474,38.78546939028482,1.1446853557898038,68.94083239010335,1.1219274012811715,-1.1438643643290174,False,True,False,True,1,1.0
2023-04-25,Train,-0.0115657019225886,-0.015801086675117,0.0106717511380203,-0.1091598413641238,-1.3789783851104465,7724.0,0.3729307160959396,18.433390498482257,-20.352078891802567,68.94083239010335,1.1219274012811715,-1.1438643643290174,False,False,False,True,0,1.0
2023-04-26,Train,-0.0430696349524377,-0.0044492814285801,-0.0377702549958281,-0.1254856313029435,-1.585216422507274,7689.0,0.3382658794169166,16.753844582026876,-1.679545916455382,68.94083239010335,1.1219274012811715,-1.1438643643290174,False,False,False,True,0,0.0
2023-04-27,Train,0.0418861947408537,0.0198417896703895,0.0109407722970421,-0.024178090692341,-0.3054334271773336,7210.0,-0.0591920866036791,0.0,-16.753844582026876,68.94083239010335,1.1219274012811715,-1.1438643643290174,False,False,False,False,0,0.0
2023-04-28,Train,0.0257194272700913,0.0085530413224976,0.0116179904846469,-0.0231757393659577,-0.2927710708006999,7033.0,-0.2165138651219806,0.0,0.0,68.94083239010335,1.1219274012811715,-1.1438643643290174,False,False,False,False,0,0.0
2023-05-01,Train,-0.0150933951943775,-0.0006804155989821,-0.0154175547149247,-0.0199572957910435,-0.2521135902836663,7314.0,0.035622998090218,1.7809615721057153,-23.938322874479297,68.94083239010335,1.1219274012811715,-1.1438643643290174,False,False,False,False,0,0.0
2023-05-02,Train,-0.0093925987472197,-0.0112103811411072,0.0059950445919166,-0.0246340023371472,-0.3111928007331332,7454.0,0.1889933860470918,9.421642072768652,7.640680500662937,68.94083239010335,1.1219274012811715,-1.1438643643290174,False,False,False,False,0,0.0
2023-05-03,Train,0.0018713932775662,-0.0069669303142373,0.0109273670048867,0.0240636196635677,0.3039873544052667,7180.0,-0.0190553087074605,0.0,-9.421642072768652,68.94083239010335,1.1219274012811715,-1.1438643643290174,False,False,False,False,0,0.0
2023-05-04,Train,0.0036734719858571,-0.0073087187145018,0.0132394295249194,0.026362276891445,0.3330254932703392,7278.0,0.0855259735293468,4.273693931045852,4.273693931045852,68.94083239010335,1.1219274012811715,-1.1438643643290174,False,False,False,False,0,0.0
2023-05-05,Train,0.0549627839831554,0.0183532782799775,0.0262383752194918,0.0409826616262899,0.5177197386943343,6967.0,-0.1852573740780103,0.0,-4.273693931045852,68.94083239010335,1.1219274012811715,-1.1438643643290174,False,False,False,False,0,0.0
2023-05-08,Train,0.0101728551827304,0.0005541040104517,0.0080066641140036,0.0644068804552184,0.813629764300194,7515.0,0.4349002144247265,21.40863705991445,10.8536115943886,68.94083239010335,1.1219274012811715,-1.1438643643290174,False,False,False,False,0,0.0
2023-05-09,Train,-0.0153675970244161,-0.0043251641390883,-0.0102534129619594,0.0481584229013422,0.608368640079252,7500.0,0.4215102766500133,20.76891785209905,-0.6397192078153999,68.94083239010335,1.1219274012811715,-1.1438643643290174,False,False,False,False,0,0.0
2023-05-10,Train,-0.0036062703657255,0.0043703699702468,-0.0114667268316705,0.0257643290647849,0.3254718259318392,7437.0,0.3616893788882309,17.889864689051226,-2.879053163047825,68.94083239010335,1.1219274012811715,-1.1438643643290174,False,False,False,False,0,0.0
2023-05-11,Train,0.0210039675207056,-0.0013976497601634,0.0217499959033979,0.0342748954432634,0.4329828568596154,7369.0,0.2836492853025565,14.088133370545892,-3.8017313185053343,68.94083239010335,1.1219274012811715,-1.1438643643290174,False,False,False,False,0,0.0
2023-05-12,Train,-0.0238261625981439,-0.0013469271488794,-0.0231558176225658,-0.0151192973987942,-0.1909968359284013,8297.0,1.113885195893797,50.57054446233202,36.48241109178613,68.94083239010335,1.1219274012811715,-1.1438643643290174,False,False,False,False,0,0.0
2023-05-15,Train,-0.0097034746129369,0.003464213839345,-0.0162118519641054,-0.0393378134769033,-0.4969409429719495,7279.0,0.1436500734450574,7.170177986837664,7.170177986837664,68.94083239010335,1.1219274012811715,-1.1438643643290174,False,False,False,False,0,0.0
2023-05-16,Train,0.001021930644472,-0.0066145468133972,0.0095521115689524,-0.0195322889459914,-0.2467446263356898,7977.0,0.7816155455648993,37.20563930084098,30.035461314003317,68.94083239010335,1.1219274012811715,-1.1438643643290174,False,False,False,False,0,0.0
2023-05-17,Train,0.044078766211661,0.0119378536073795,0.0249268377485044,0.0168612756341835,0.213002642312104,8921.0,1.554760134379285,65.12003602859559,27.91439672775461,68.94083239010335,1.1219274012811715,-1.1438643643290174,False,False,False,False,0,0.0
2023-05-18,Train,0.0174278084013561,0.0097783776026234,0.0014980425493885,-0.0033906777198258,-0.0428332546849241,8123.0,0.8362839347826353,39.53639859681653,-25.58363743177906,68.94083239010335,1.1219274012811715,-1.1438643643290174,False,False,False,False,0,0.0
2023-05-19,Train,0.0183730002329922,-0.0015833939859817,0.0193961783030891,0.0391613182058292,0.4947113394763416,7640.0,0.3616186673777351,17.88644224700601,-21.649956349810523,68.94083239010335,1.1219274012811715,-1.1438643643290174,False,False,False,False,0,0.0
2023-05-22,Train,0.0484622835412351,0.0005457866710725,0.0463085028071975,0.1016816729771321,1.2845092796499562,7421.0,0.0973584397155838,4.864080509814367,-0.5408510221347633,68.94083239010335,1.1219274012811715,-1.1438643643290174,False,False,True,False,0,0.0
2023-05-23,Train,-0.0164133579968757,-0.0111751117250311,-0.0010783402917119,0.0910512211164678,1.1502184712663606,7531.0,0.1880549000067168,9.375132252489992,4.511051742675625,68.94083239010335,1.1219274012811715,-1.1438643643290174,False,False,True,False,0,0.0
2023-05-24,Train,-0.0154492668890034,-0.0074904143148242,-0.0056122006325083,0.060512182735455,0.7644293999081494,7302.0,-0.0635421035652017,0.0,-9.375132252489992,68.94083239010335,1.1219274012811715,-1.1438643643290174,False,False,False,False,0,0.0
2023-05-25,Train,0.0085839659738169,0.0087121600145541,-0.005754892435742,0.0532592477503243,0.6728055898318406,7538.0,0.1646008283513233,8.211509951282753,8.211509951282753,68.94083239010335,1.1219274012811715,-1.1438643643290174,False,False,False,False,0,0.0
2023-05-26,Train,0.0471621233299248,0.0129946872540105,0.026433289240162,0.0602963586873971,0.7617029696244518,8839.0,1.3851381902497226,59.96298969920786,51.7514797479251,68.94083239010335,1.1219274012811715,-1.1438643643290174,False,False,False,False,0,0.0
2023-05-30,Train,0.041362559242642,0.0003110752020791,0.0395589924114873,0.053546848291687,0.6764387476408762,7299.0,-0.0615589040672141,0.0,0.0,68.94083239010335,1.1219274012811715,-1.1438643643290174,False,False,False,False,0,0.0
2023-05-31,Train,0.0137700783617236,-0.0054405958898834,0.0205486025116966,0.0751737910950955,0.9496444090749157,7275.0,-0.1005508817725786,0.0,0.0,68.94083239010335,1.1219274012811715,-1.1438643643290174,False,False,False,False,0,0.0
2023-06-01,Train,0.0176041373295554,0.0095860750904235,0.001961306809809,0.0827472985374129,1.0453178997278731,7866.0,0.4800141776866139,23.550244523579654,23.550244523579654,68.94083239010335,1.1219274012811715,-1.1438643643290174,False,False,False,False,0,0.0
2023-06-02,Train,0.0310813262116829,0.0146813732805073,0.0078357812904853,0.0963379722636403,1.217004163406481,8157.0,0.7454957183948797,35.639289535367226,12.089045011787572,68.94083239010335,1.1219274012811715,-1.1438643643290174,False,False,True,False,0,0.0
2023-06-05,Train,0.0170117276668793,-0.0019327422235748,0.0185561696116283,0.0884608526351066,1.1174952453929088,7568.0,0.1367772108425777,6.828218663851203,5.094478415613298,68.94083239010335,1.1219274012811715,-1.1438643643290174,False,False,False,False,0,0.0
2023-06-06,Train,0.0170028810158744,0.0020636192906147,0.0125843362807733,0.0614861965043926,0.7767337777579175,7308.0,-0.173757681260089,0.0,-6.828218663851203,68.94083239010335,1.1219274012811715,-1.1438643643290174,False,False,False,False,0,0.0
2023-06-07,Train,0.014730512862447,-0.0032796466494878,0.0182846761805587,0.0592222701732547,0.7481343822557949,7921.0,0.4680987613606158,22.98673202004748,22.98673202004748,68.94083239010335,1.1219274012811715,-1.1438643643290174,False,False,False,False,0,0.0
2023-06-08,Train,0.0458208707776226,0.0059944969432113,0.0355370480892311,0.0927980114526768,1.172285067249375,8166.0,0.697615458570321,33.531775354608264,10.545043334560784,68.94083239010335,1.1219274012811715,-1.1438643643290174,False,False,True,False,0,0.0
2023-06-09,Train,0.0406199151040636,0.0016735123762106,0.0367834504250459,0.1217456805872374,1.537970923302728,7956.0,0.4514699518876727,22.19773425754379,-11.334041097064476,68.94083239010335,1.1219274012811715,-1.1438643643290174,False,False,True,False,0,0.0
2023-06-12,Train,0.0222177089614421,0.0091891822564302,0.0071670837949968,0.1103565947706059,1.3940965554854037,7549.0,0.0042065934706686,0.210329363377835,0.210329363377835,68.94083239010335,1.1219274012811715,-1.1438643643290174,False,False,True,False,0,0.0
2023-06-13,Train,0.035544128242966,0.006597076683583,0.0243611939620357,0.1221334524518683,1.5428695106678043,8307.0,0.7954898769290584,37.80177927719791,37.59144991382007,68.94083239010335,1.1219274012811715,-1.1438643643290174,False,False,True,False,0,0.0
2023-06-14,Train,-0.0074213713175806,0.0007725394273823,-0.0099134907281103,0.0939352855431993,1.1866518560718806,7341.0,-0.2859673513620668,0.0,-37.80177927719791,68.94083239010335,1.1219274012811715,-1.1438643643290174,False,False,True,False,0,0.0
2023-06-15,Train,-0.0034659239799892,0.012823744584834,-0.0239396938430303,0.0344585436109378,0.4353028204151082,7148.0,-0.5714814308344841,0.0,0.0,68.94083239010335,1.1219274012811715,-1.1438643643290174,False,False,False,False,0,0.0
2023-06-16,Train,0.0181321405201535,-0.003687695663775,0.0222951553719117,0.0199702485578036,0.2522772180900675,6755.0,-1.1264184296980526,0.0,0.0,68.94083239010335,1.1219274012811715,-1.1438643643290174,False,False,False,False,0,0.0
2023-06-20,Train,0.0533891272200177,-0.004614474081188,0.0589349917810889,0.0717381565438956,0.9062432303443612,6953.0,-0.8782670251844861,0.0,0.0,68.94083239010335,1.1219274012811715,-1.1438643643290174,False,False,False,False,0,0.0
2023-06-21,Train,-0.0546184007477668,-0.0054788155546003,-0.0477828488862601,-0.0004058863044001,-0.0051274207949167,10159.0,3.623848969692456,94.80270495178829,94.80270495178829,68.94083239010335,1.1219274012811715,-1.1438643643290174,True,False,False,False,0,0.0
2023-06-22,Train,0.0198488941111987,0.0036395434196314,0.0130789068060459,0.0225865112297561,0.2853275562850398,8400.0,1.2347896561634877,54.93115530635461,-39.87154964543368,68.94083239010335,1.1219274012811715,-1.1438643643290174,False,True,False,False,0,0.0
2023-06-23,Train,-0.0302708880672237,-0.0075007991318487,-0.020418326584541,0.0261078784882454,0.3298117665478105,7901.0,0.5514472759112364,26.894260970585687,-28.03689433576892,68.94083239010335,1.1219274012811715,-1.1438643643290174,False,False,False,False,0,0.0
2023-06-26,Train,-0.0606001663362577,-0.0041289199023029,-0.0557787990687266,-0.0519660759523929,-0.6564693993858183,7124.0,-0.5191588832272266,0.0,0.0,68.94083239010335,1.1219274012811715,-1.1438643643290174,False,False,False,False,0,0.0
2023-06-27,Train,0.0380004295629174,0.0110814851113336,0.0201262918894162,-0.0907747758440655,-1.146726234097958,6784.0,-1.0462645464542708,0.0,0.0,68.94083239010335,1.1219274012811715,-1.1438643643290174,False,False,False,True,0,0.0
2023-06-28,Train,0.0240996896954786,0.0004472011598246,0.0220930087891992,-0.0208989181686061,-0.2640087789296798,7460.0,-0.0106246694601985,0.0,0.0,68.94083239010335,1.1219274012811715,-1.1438643643290174,False,False,False,False,0,0.0
2023-06-29,Train,0.0049173033626503,0.0038308174241676,-0.002138084634407,-0.0361159096090592,-0.4562397497754467,6387.0,-1.8044330194925329,0.0,0.0,68.94083239010335,1.1219274012811715,-1.1438643643290174,False,False,False,False,0,0.0
2023-06-30,Train,0.0165824816064927,0.0118506775516307,-0.0024393711221772,-0.0181369541466954,-0.2291178461555753,6355.0,-1.7839940135062464,0.0,0.0,68.94083239010335,1.1219274012811715,-1.1438643643290174,False,False,False,False,0,0.0
2023-07-03,Train,0.0689537344542736,0.0019149371095281,0.0647570389843609,0.1023988839063921,1.2935695563657803,8813.0,1.930809828973938,74.66780572045026,1.3660666094906873,68.94083239010335,1.1219274012811715,-1.1438643643290174,True,False,True,False,0,0.0
2023-07-05,Train,0.009506123909958,-0.0022300307436222,0.0114941512207508,0.0937667432377267,1.1845227196301364,7102.0,-0.4941661407933603,0.0,-28.265940615527967,68.94083239010335,1.1219274012811715,-1.1438643643290174,False,True,True,False,-1,0.0
2023-07-06,Train,-0.021028045208104,-0.0081541793882046,-0.0102005724838598,0.0614731619646676,0.7765691169420347,7420.0,-0.0332387087142833,0.0,0.0,68.94083239010335,1.1219274012811715,-1.1438643643290174,False,False,False,False,0,-1.0
2023-07-07,Train,-0.0076300564256251,-0.0023277426429625,-0.0054962328068256,0.0581150137922489,0.7341467967380648,7899.0,0.639874779780223,30.94503077120705,30.94503077120705,68.94083239010335,1.1219274012811715,-1.1438643643290174,False,False,False,False,0,0.0
2023-07-10,Train,-0.0175637045981094,0.0026807547835732,-0.0229030796212383,0.0376513052931879,0.4756358704966451,7817.0,0.5068509429061829,24.81359446728782,2.1857159794422074,68.94083239010335,1.1219274012811715,-1.1438643643290174,False,False,False,False,0,0.0
2023-07-11,Train,0.0006677170844566,0.006411251633082,-0.0102379469102432,-0.0373436806014162,-0.4717497545461424,7629.0,0.234162707003175,11.654928533404824,-13.158665933882997,68.94083239010335,1.1219274012811715,-1.1438643643290174,False,False,False,False,0,0.0
2023-07-12,Train,0.0081544224017726,0.0078709089428605,-0.0049292019862627,-0.0537670338084298,-0.6792202748445476,7785.0,0.4713047759906547,23.138506567884207,11.483578034479384,68.94083239010335,1.1219274012811715,-1.1438643643290174,False,False,False,False,0,0.0
2023-07-13,Train,0.0217287542714961,0.0081511951383614,0.0082269137525167,-0.0353395475720533,-0.4464322376476095,8713.0,1.6782791067579783,68.53530439844411,45.39679783055991,68.94083239010335,1.1219274012811715,-1.1438643643290174,False,False,False,False,0,0.0
2023-07-14,Train,0.0125225299127729,-0.0007989171361271,0.0123751870002899,-0.0174681277649377,-0.220668794633422,19286.0,10.12157698618299,99.99195978794792,31.45665538950381,68.94083239010335,1.1219274012811715,-1.1438643643290174,True,False,False,False,0,0.0
2023-07-17,Train,0.0319852151674682,0.0034886566945429,0.0254403665362504,0.0308753183925509,0.3900371800166785,8364.0,0.505607817111943,24.755256240161668,-9.983268137396797,68.94083239010335,1.1219274012811715,-1.1438643643290174,False,True,False,False,0,0.0
2023-07-18,Train,0.0101935099018704,0.0075807151645261,-0.0024571152120404,0.0386561500907538,0.4883297260292109,8690.0,0.7287934626166364,34.908090087449395,10.152833847287727,68.94083239010335,1.1219274012811715,-1.1438643643290174,False,False,False,False,0,0.0
2023-07-19,Train,-0.0070907022507415,0.0021566631178588,-0.0116480780451774,0.0319372740318391,0.4034524969887841,9072.0,0.9668723244533606,44.89912939294879,9.991039305499392,68.94083239010335,1.1219274012811715,-1.1438643643290174,False,False,False,False,0,0.0
2023-07-20,Train,-0.0973700986000849,-0.0065274760716759,-0.0889698362706179,-0.0652594759912955,-0.8244003077601298,9702.0,1.330979073939217,58.20050779607999,13.301378403131205,68.94083239010335,1.1219274012811715,-1.1438643643290174,False,False,False,False,0,0.0
2023-07-21,Train,-0.0109547544681438,0.0001203847423032,-0.012473791316818,-0.0901084543084034,-1.1383088254270657,8132.0,0.2630911362871559,13.07920183485142,-45.12130596122857,68.94083239010335,1.1219274012811715,-1.1438643643290174,False,False,False,False,0,0.0
2023-07-24,Train,0.0347665907502463,0.0042351081529765,0.0271079589720358,-0.088440861872618,-1.1172427090294512,15850.0,4.093044137481977,96.71711504573877,62.51296482934063,68.94083239010335,1.1219274012811715,-1.1438643643290174,True,False,False,False,0,0.0
2023-07-25,Train,-0.014048906614123,0.0029475100594096,-0.0197863082299274,-0.105770054890505,-1.336156389229492,12960.0,2.5275956431491213,85.21077523779968,-11.50633980793907,68.94083239010335,1.1219274012811715,-1.1438643643290174,True,True,False,True,1,0.0
2023-07-26,Train,-0.0035057022016762,0.0002388690619141,-0.0052015299680645,-0.0993235068133921,-1.2547193850544784,10231.0,1.2248538237113835,54.58332081314714,-30.62745442465254,68.94083239010335,1.1219274012811715,-1.1438643643290174,False,True,False,True,1,1.0
2023-07-27,Train,-0.0326839386803915,-0.0067836259260694,-0.0239014741491541,-0.0342551446919283,-0.4327333524737494,10357.0,1.2424398110982835,55.197682632101454,0.6143618189543147,68.94083239010335,1.1219274012811715,-1.1438643643290174,False,False,False,False,0,1.0
2023-07-28,Train,0.0419615793117773,0.0097397772184062,0.0260894092444021,0.0043080558692918,0.0544221744128887,9845.0,0.9559561145256186,44.46228435868764,-10.735398273413814,68.94083239010335,1.1219274012811715,-1.1438643643290174,False,False,False,False,0,0.0
2023-07-31,Train,0.0037156216232685,0.0019291809175583,-0.0005023270884374,-0.0233022301911814,-0.2943689854890909,11005.0,1.379230165898991,59.77346661216292,1.4875025217936155,68.94083239010335,1.1219274012811715,-1.1438643643290174,False,False,False,False,0,0.0
2023-08-01,Train,-0.0237818701183342,-0.0030902527642363,-0.0205103021587731,-0.024026224120027,-0.3035149494842115,10722.0,1.2110544549335296,54.09709390376537,-5.676372708397551,68.94083239010335,1.1219274012811715,-1.1438643643290174,False,False,False,False,0,0.0
2023-08-02,Train,-0.0266595415735506,-0.0138538076287745,-0.0073276312107339,-0.0261523253626965,-0.3303732484846459,10173.0,0.9337079574243426,43.56538875840422,-10.531705145361151,68.94083239010335,1.1219274012811715,-1.1438643643290174,False,False,False,False,0,0.0
2023-08-03,Train,0.0205029581730478,-0.0028289497314029,0.0233846348530893,0.0211337836395469,0.2669757528991245,11664.0,1.531539520277317,64.44629054975579,20.88090179135157,68.94083239010335,1.1219274012811715,-1.1438643643290174,False,False,False,False,0,0.0
2023-08-04,Train,-0.0210550923941658,-0.0048981521909037,-0.0150859506136556,-0.0200415762185108,-0.2531782756689954,14450.0,2.437723332015947,83.9318067799373,19.48551623018152,68.94083239010335,1.1219274012811715,-1.1438643643290174,True,False,False,False,0,0.0
2023-08-07,Train,-0.0094934359738243,0.0090158716310653,-0.0242854636768373,-0.0438247128069107,-0.5536223847450982,9907.0,0.6355635704917763,30.74998246219601,30.74998246219601,68.94083239010335,1.1219274012811715,-1.1438643643290174,False,True,False,False,0,0.0
2023-08-08,Train,-0.0069596342065584,-0.0043227839111646,-0.0018490016915163,-0.025163412339654,-0.3178806535295013,10266.0,0.7729860268552451,36.83329541018634,6.083312947990326,68.94083239010335,1.1219274012811715,-1.1438643643290174,False,False,False,False,0,0.0
2023-08-09,Train,-0.0300760696780969,-0.0066457032227945,-0.0214994001530311,-0.0393351812819512,-0.4969076913667893,9297.0,0.3267581622024208,16.19407586683071,-20.63921954335563,68.94083239010335,1.1219274012811715,-1.1438643643290174,False,False,False,False,0,0.0
2023-08-10,Train,0.0130062920216802,0.0005859754476209,0.0107925454566268,-0.0519272706784136,-0.6559791858294688,8255.0,-0.2083863367833902,0.0,-16.19407586683071,68.94083239010335,1.1219274012811715,-1.1438643643290174,False,False,False,False,0,0.0
2023-08-11,Train,-0.0109643860828199,-0.0009271284763058,-0.0109204243520726,-0.0477617444168307,-0.6033575384768305,7644.0,-0.5662213357523929,0.0,0.0,68.94083239010335,1.1219274012811715,-1.1438643643290174,False,False,False,False,0,0.0
2023-08-14,Train,-0.0119101564489687,0.0056421256386802,-0.0216682045326805,-0.0451444852726739,-0.5702946121943908,7447.0,-0.6670986046523293,0.0,0.0,68.94083239010335,1.1219274012811715,-1.1438643643290174,False,False,False,False,0,0.0
2023-08-15,Train,-0.0283616447646142,-0.0114641642432387,-0.0125953306640345,-0.055890814245192,-0.7060492559095386,7981.0,-0.3688062991393895,0.0,0.0,68.94083239010335,1.1219274012811715,-1.1438643643290174,False,False,False,False,0,0.0
2023-08-16,Train,-0.0315934083028743,-0.0073955796374152,-0.0218978452402644,-0.0562892593324254,-0.7110826743909323,8295.0,-0.2141897445978201,0.0,0.0,68.94083239010335,1.1219274012811715,-1.1438643643290174,False,False,False,False,0,0.0
2023-08-17,Train,-0.0282801627225358,-0.0080941400745139,-0.0175422748935854,-0.0846240796826376,-1.0690266244796325,8555.0,-0.0841405413187767,0.0,0.0,68.94083239010335,1.1219274012811715,-1.1438643643290174,False,False,False,False,0,0.0
2023-08-18,Train,-0.0170148513218181,0.0009231629058175,-0.0197317166149194,-0.0934353719454844,-1.1803366211186528,8646.0,-0.0509599222931769,0.0,0.0,68.94083239010335,1.1219274012811715,-1.1438643643290174,False,False,False,True,0,0.0
2023-08-21,Train,0.073274828918382,0.0066070104059365,0.0620770724913906,-0.0096900949214132,-0.1224116055805205,9690.0,0.4448821408041221,21.88434606657754,20.49691920268851,68.94083239010335,1.1219274012811715,-1.1438643643290174,False,False,False,False,0,0.0
2023-08-22,Train,0.0082584039786857,-0.0027988509632694,0.0110951701688172,0.0140004059114386,0.1768622681508539,8022.0,-0.4276627043025387,0.0,-21.88434606657754,68.94083239010335,1.1219274012811715,-1.1438643643290174,False,False,False,False,0,0.0
2023-08-23,Train,0.0157382311871088,0.0107796703061928,-0.001685567432619,0.0342126837190839,0.4321969577425794,9134.0,0.1630374608664258,8.13386368960662,8.13386368960662,68.94083239010335,1.1219274012811715,-1.1438643643290174,False,False,False,False,0,0.0
2023-08-24,Train,-0.0287934109036758,-0.0132938377647165,-0.0102970337699324,0.041457924842737,0.5237235739374844,8825.0,-0.0195640485186646,0.0,-8.13386368960662,68.94083239010335,1.1219274012811715,-1.1438643643290174,False,False,False,False,0,0.0
2023-08-25,Train,0.0371674634902419,0.0066244251697644,0.0259437224258824,0.0871333638835388,1.1007255407834728,7652.0,-0.7102005654360393,0.0,0.0,68.94083239010335,1.1219274012811715,-1.1438643643290174,False,False,False,False,0,0.0
2023-08-28,Train,0.0009640428763089,0.0065807524220802,-0.0101945339100469,0.0148617574821012,0.1877434235563714,6983.0,-1.141305707606172,0.0,0.0,68.94083239010335,1.1219274012811715,-1.1438643643290174,False,False,False,False,0,0.0
2023-08-29,Train,0.0768779197240256,0.0142066344955009,0.0543407344047684,0.0581073217180524,0.7340496254347615,6986.0,-1.1574656609084435,0.0,0.0,68.94083239010335,1.1219274012811715,-1.1438643643290174,False,False,False,False,0,0.0
2023-08-30,Train,-0.0010887269121663,0.0041681839012983,-0.0086475007521249,0.0511453883985465,0.6461019383897154,7849.0,-0.6188849639264448,0.0,0.0,68.94083239010335,1.1219274012811715,-1.1438643643290174,False,False,False,False,0,0.0
2023-08-31,Train,0.0045931985356788,-0.0012791448978787,0.0051624053488529,0.0666048275173318,0.8413956665990184,8898.0,-0.0279902577660285,0.0,0.0,68.94083239010335,1.1219274012811715,-1.1438643643290174,False,False,False,False,0,0.0
2023-09-01,Train,-0.0506431832976321,0.0021264575342019,-0.0551554892222967,-0.0144943841308472,-0.1831025235301895,10307.0,0.6822520447483108,32.84822899407062,32.84822899407062,68.94083239010335,1.1219274012811715,-1.1438643643290174,False,False,False,False,0,0.0
2023-09-05,Train,0.0468552140113565,-0.0043645104819506,0.0520281069062237,0.0477282566854234,0.602934499590003,8727.0,-0.1493809919174002,0.0,0.0,68.94083239010335,1.1219274012811715,-1.1438643643290174,False,False,False,False,0,0.0
2023-09-06,Train,-0.0178174285135015,-0.0069022428253456,-0.0088579752419116,-0.0154704529612566,-0.1954328622581909,11407.0,1.1523509869436095,51.98801445750153,51.98801445750153,68.94083239010335,1.1219274012811715,-1.1438643643290174,False,False,False,False,0,0.0
2023-09-07,Train,-0.0017068620153485,-0.0029753019287446,0.0013931873520028,-0.0054297648571287,-0.0685923346960241,9635.0,0.2912120989029883,14.458569776366192,-37.52944468113533,68.94083239010335,1.1219274012811715,-1.1438643643290174,False,False,False,False,0,0.0
2023-09-08,Train,-0.0118891623040874,0.0013698133477924,-0.015272476472394,-0.0258646466783757,-0.3267391035227445,7766.0,-0.7803499229555434,0.0,-14.458569776366192,68.94083239010335,1.1219274012811715,-1.1438643643290174,False,False,False,False,0,0.0
2023-09-11,Train,0.1009254992847712,0.0065706684893456,0.0897819687739746,0.1190728113178956,1.5042054936118443,8496.0,-0.3300268051875353,0.0,0.0,68.94083239010335,1.1219274012811715,-1.1438643643290174,False,False,True,False,0,0.0
2023-09-12,Train,-0.0222968633867017,-0.0053629439956817,-0.0156342039324391,0.0514105004792327,0.6494510072810711,8966.0,-0.0669350774838634,0.0,0.0,68.94083239010335,1.1219274012811715,-1.1438643643290174,False,False,False,False,0,0.0
2023-09-13,Train,0.0142813543058957,0.0011709583737888,0.011194752423751,0.0714632281448954,0.90277015531112,8759.0,-0.1346638617387585,0.0,0.0,68.94083239010335,1.1219274012811715,-1.1438643643290174,False,False,False,False,0,0.0
2023-09-14,Train,0.0174715111140006,0.0086511363482544,0.0032237063561217,0.0732937471490143,0.925894466492498,8596.0,-0.2090682027217148,0.0,0.0,68.94083239010335,1.1219274012811715,-1.1438643643290174,False,False,False,False,0,0.0
2023-09-15,Train,-0.0059773722844812,-0.0124667176521191,0.0112848556871949,0.0998510793086033,1.2613840252590045,8743.0,-0.1107101342975527,0.0,0.0,68.94083239010335,1.1219274012811715,-1.1438643643290174,False,False,True,False,0,0.0
2023-09-18,Train,-0.0332009744626197,0.0011010462929434,-0.0361832602549007,-0.026114149720272,-0.3298909888451742,9481.0,0.3248720906649259,16.10223138438843,9.583412343277177,68.94083239010335,1.1219274012811715,-1.1438643643290174,False,False,False,False,0,0.0
2023-09-19,Train,0.0045989189773711,-0.0020041219584654,0.0062498669043374,-0.0042300788834955,-0.0534371182181799,9379.0,0.2657764739440866,13.211148623762778,-2.8910827606256504,68.94083239010335,1.1219274012811715,-1.1438643643290174,False,False,False,False,0,0.0
2023-09-20,Train,-0.0146716835351196,-0.0093543548923515,-0.0020534242368128,-0.0174782555440594,-0.2207967353515791,8761.0,-0.1359888598908925,0.0,-13.211148623762778,68.94083239010335,1.1219274012811715,-1.1438643643290174,False,False,False,False,0,0.0
2023-09-21,Train,-0.0262386209898972,-0.0163883788927421,-0.003124866909362,-0.0238268288095433,-0.3009960577396521,8569.0,-0.2774518875048739,0.0,0.0,68.94083239010335,1.1219274012811715,-1.1438643643290174,False,False,False,False,0,0.0
2023-09-22,Train,-0.0423151826146475,-0.0024125664032061,-0.0400547931307049,-0.0751664776274432,-0.9495520205766664,7811.0,-0.8064695887679317,0.0,0.0,68.94083239010335,1.1219274012811715,-1.1438643643290174,False,False,False,False,0,0.0
2023-09-25,Train,0.008616467528091,0.0041564417410919,0.001075214211402,-0.0379080031611404,-0.4788786455592214,7806.0,-0.7576834466264679,0.0,0.0,68.94083239010335,1.1219274012811715,-1.1438643643290174,False,False,False,False,0,0.0
2023-09-26,Train,-0.011619945391094,-0.014675767048445,0.0089384138436453,-0.0352194562218325,-0.4449151653055854,8434.0,-0.2186108608360374,0.0,0.0,68.94083239010335,1.1219274012811715,-1.1438643643290174,False,False,False,False,0,0.0
2023-09-27,Train,-0.014828753029631,0.0002290232964534,-0.016509889890783,-0.0496759218758026,-0.6275386778793977,9238.0,0.4035642584162974,19.908741895474435,19.908741895474435,68.94083239010335,1.1219274012811715,-1.1438643643290174,False,False,False,False,0,0.0
2023-09-28,Train,0.024449084751819,0.0058336668115306,0.0144052373333137,-0.0321458176331268,-0.4060869559155751,7696.0,-0.8082142029872463,0.0,-19.908741895474435,68.94083239010335,1.1219274012811715,-1.1438643643290174,False,False,False,False,0,0.0
2023-09-29,Train,0.0155856654833539,-0.0023879206302349,0.0178092809128421,0.0257182564104202,0.3248898060816854,7943.0,-0.5663397533164292,0.0,0.0,68.94083239010335,1.1219274012811715,-1.1438643643290174,False,False,False,False,0,0.0
2023-10-02,Train,0.0055151661581014,-7.649201499859704e-05,0.0042898898906946,0.0289329320897128,0.3654996880812176,10981.0,1.7950827957783515,71.5098624582268,35.44529883690011,68.94083239010335,1.1219274012811715,-1.1438643643290174,True,False,False,False,0,0.0
2023-10-03,Train,-0.0201510620080541,-0.0134463118244684,-0.0014271777321028,0.0185673405139646,0.2345547677404164,9366.0,0.6778218860155518,32.65047833719195,-38.85938412103486,68.94083239010335,1.1219274012811715,-1.1438643643290174,False,True,False,False,0,0.0
2023-10-04,Train,0.0593437105230745,0.0073567977960866,0.0470271933923005,0.0821044237970482,1.037196686283276,8560.0,0.0904784418566538,4.520838416998328,-28.129639920193625,68.94083239010335,1.1219274012811715,-1.1438643643290174,False,False,False,False,0,0.0
2023-10-05,Train,-0.004250328739376,-0.0008455820243327,-0.0043280427892552,0.0633711436744792,0.800545661067221,8805.0,0.3456239606883852,17.11120001898777,12.590361601989445,68.94083239010335,1.1219274012811715,-1.1438643643290174,False,False,False,False,0,0.0
2023-10-06,Train,0.0018458412184594,0.0119256928615896,-0.0172879421482376,0.0282739206133995,0.3571746248526583,10295.0,1.6496492389458526,67.76872768596519,50.657527666977415,68.94083239010335,1.1219274012811715,-1.1438643643290174,False,False,False,False,0,0.0
2023-10-09,Train,-0.0033009072106549,0.0066658284194496,-0.0145864262261578,0.009397604496547,0.1187166755705288,7580.0,-0.8633233114715527,0.0,0.0,68.94083239010335,1.1219274012811715,-1.1438643643290174,False,False,False,False,0,0.0
2023-10-10,Train,0.0152115434405073,0.0051611267929445,0.0061711956198877,0.0169959778485375,0.214704288629097,7910.0,-0.4899489075530528,0.0,0.0,68.94083239010335,1.1219274012811715,-1.1438643643290174,False,False,False,False,0,0.0
2023-10-11,Train,-0.0023898220714724,0.0042329462880639,-0.0100452281225729,-0.0400764436663359,-0.5062718017666228,7816.0,-0.596510079595968,0.0,0.0,68.94083239010335,1.1219274012811715,-1.1438643643290174,False,False,False,False,0,0.0
2023-10-12,Train,-0.0156659769199419,-0.0060108627236683,-0.008036555392005,-0.0437849562690857,-0.5531201542027822,7679.0,-0.7604728044212247,0.0,0.0,68.94083239010335,1.1219274012811715,-1.1438643643290174,False,False,False,False,0,0.0
2023-10-13,Train,-0.0299378071857716,-0.0052695010814318,-0.0234145742701291,-0.0499115883909772,-0.6305157711625956,7381.0,-1.1163826114701596,0.0,0.0,68.94083239010335,1.1219274012811715,-1.1438643643290174,False,False,False,False,0,0.0
2023-10-16,Train,0.01115006015531,0.0104685678552185,-0.0058095412778916,-0.041134703442711,-0.5196404301854318,8939.0,0.5206497704927263,25.459938365870528,25.459938365870528,68.94083239010335,1.1219274012811715,-1.1438643643290174,False,False,False,False,0,0.0
2023-10-17,Train,0.0036626021631882,2.4943773891950016e-05,0.0022859731575803,-0.0450199259050184,-0.5687210969390234,8850.0,0.4280571034419236,21.081925473148512,-4.378012892722015,68.94083239010335,1.1219274012811715,-1.1438643643290174,False,False,False,False,0,0.0
2023-10-18,Train,-0.0477536320826734,-0.0133805011489636,-0.0291279441736008,-0.0641026419560463,-0.8097864249454101,9658.0,1.1679753739361944,52.55577201938269,31.47384654623418,68.94083239010335,1.1219274012811715,-1.1438643643290174,False,False,False,False,0,0.0
2023-10-19,Train,-0.0930031018073378,-0.0084762394161014,-0.0816950820530909,-0.1377611686171322,-1.7402890243940543,9845.0,1.297237808021678,57.07394872612033,4.518176706737634,68.94083239010335,1.1219274012811715,-1.1438643643290174,False,False,False,True,0,0.0
2023-10-20,Train,-0.0368906233004917,-0.0124530534369007,-0.0196487837579025,-0.1339953781049055,-1.6927171000094046,8945.0,0.4696582994837688,23.06057545472173,-34.0133732713986,68.94083239010335,1.1219274012811715,-1.1438643643290174,False,False,False,True,0,0.0
2023-10-23,Train,0.0004245310418349,-0.0017573315360203,0.0017072420121269,-0.126478594814887,-1.5977601858827253,9282.0,0.8169929011848921,38.719528784133885,38.719528784133885,68.94083239010335,1.1219274012811715,-1.1438643643290174,False,False,False,True,0,0.0
2023-10-24,Train,0.0209355073702008,0.0074811522452664,0.0084334404783739,-0.1203311274940933,-1.5201013650873574,8472.0,0.0551081469306464,2.7547102317203134,-35.964818552413576,68.94083239010335,1.1219274012811715,-1.1438643643290174,False,False,False,True,0,0.0
2023-10-25,Train,-0.0189359228829328,-0.0141058050334944,0.0007719937952199,-0.0904311895252725,-1.1423858273960577,7916.0,-0.520254799269269,0.0,-2.7547102317203134,68.94083239010335,1.1219274012811715,-1.1438643643290174,False,False,False,False,0,0.0
2023-10-26,Train,-0.0313529974555993,-0.0122748743188968,-0.014377019673392,-0.0231131271455736,-0.2919801123541267,7845.0,-0.6287879392504535,0.0,0.0,68.94083239010335,1.1219274012811715,-1.1438643643290174,False,False,False,False,0,0.0
2023-10-27,Train,0.0074844896288657,-0.0044328041355151,0.012759283751907,0.009294940364236,0.1174197552231387,7225.0,-1.3708279525061724,0.0,0.0,68.94083239010335,1.1219274012811715,-1.1438643643290174,False,False,False,False,0,0.0
2023-10-30,Train,-0.0479498422338395,0.0120323283348076,-0.0672427368081039,-0.0596550384559949,-0.7536013937519868,7323.0,-1.2027230150550732,0.0,0.0,68.94083239010335,1.1219274012811715,-1.1438643643290174,False,False,False,False,0,0.0
2023-10-31,Train,0.0176327306281764,0.0060491344994675,0.0072673830279324,-0.0608210959064365,-0.768331792769261,7061.0,-1.4671718428266856,0.0,0.0,68.94083239010335,1.1219274012811715,-1.1438643643290174,False,False,False,False,0,0.0
2023-11-01,Train,0.0239992402514768,0.0110107776878725,0.0062306054016737,-0.0553624842999827,-0.6993750471021076,7916.0,-0.4653588797060525,0.0,0.0,68.94083239010335,1.1219274012811715,-1.1438643643290174,False,False,False,False,0,0.0
2023-11-02,Train,0.0624817203924519,0.0190009412548535,0.0327909311653329,-0.0081945334612578,-0.1035186967837849,7336.0,-1.1088420980100493,0.0,0.0,68.94083239010335,1.1219274012811715,-1.1438643643290174,False,False,False,False,0,0.0
2023-11-03,Train,0.0066359079377757,0.0092476617004615,-0.0085019746363302,-0.0294557918494951,-0.3721047939349234,7276.0,-1.16166109214469,0.0,0.0,68.94083239010335,1.1219274012811715,-1.1438643643290174,False,False,False,False,0,0.0
2023-11-06,Train,-0.0031369449915676,0.0019278455095503,-0.0073529011357505,0.0304340438228582,0.3844627115500616,7499.0,-0.7936097942184597,0.0,0.0,68.94083239010335,1.1219274012811715,-1.1438643643290174,False,False,False,False,0,0.0
2023-11-07,Train,0.0132712561983827,0.0028234725639164,0.0077189314157931,0.030885592210719,0.3901669655954153,7345.0,-0.9418395408653736,0.0,0.0,68.94083239010335,1.1219274012811715,-1.1438643643290174,False,False,False,False,0,0.0
2023-11-08,Train,-0.0003150241594067,0.000822195431978,-0.0028812354890302,0.0217737513200151,0.2750602424651286,7756.0,-0.4702480522447982,0.0,0.0,68.94083239010335,1.1219274012811715,-1.1438643643290174,False,False,False,False,0,0.0
2023-11-09,Train,-0.0546126011862573,-0.0075435623644346,-0.0446962325166142,-0.055713412361932,-0.703808199496884,7716.0,-0.5425348910265491,0.0,0.0,68.94083239010335,1.1219274012811715,-1.1438643643290174,False,False,False,False,0,0.0
2023-11-10,Train,0.0222402050860355,0.015603071008627,-0.0023806086280656,-0.0495920463536674,-0.6264791075225806,6900.0,-1.4940150298564554,0.0,0.0,68.94083239010335,1.1219274012811715,-1.1438643643290174,False,False,False,False,0,0.0
2023-11-13,Train,0.0422083068949539,-0.0010127951294613,0.0423800921746619,0.0001409469567451,0.001780533979985,7405.0,-0.7381731432742731,0.0,0.0,68.94083239010335,1.1219274012811715,-1.1438643643290174,False,False,False,False,0,0.0
2023-11-14,Train,0.0612399827324887,0.0192114094681179,0.0312351530593862,0.0236571686003381,0.298852799208094,7499.0,-0.6140058287552296,0.0,0.0,68.94083239010335,1.1219274012811715,-1.1438643643290174,False,False,False,False,0,0.0
2023-11-15,Train,0.0228717939093645,0.0021833347677191,0.0182746212416274,0.0448130253309958,0.5661073938053554,7119.0,-1.0149170612603915,0.0,0.0,68.94083239010335,1.1219274012811715,-1.1438643643290174,False,False,False,False,0,0.0
2023-11-16,Train,-0.0380909246396521,0.001404089977484,-0.0415253831014757,0.0479838747461343,0.6061636338225119,7029.0,-1.1086845890137813,0.0,0.0,68.94083239010335,1.1219274012811715,-1.1438643643290174,False,False,False,False,0,0.0
2023-11-17,Train,0.0030395424675642,0.0014744247194629,-0.0004998627384568,0.0498646206357431,0.629922443813859,7311.0,-0.7390814617251911,0.0,0.0,68.94083239010335,1.1219274012811715,-1.1438643643290174,False,False,False,False,0,0.0
2023-11-20,Train,0.005548455120893,0.0075304673618439,-0.0070271950496794,0.0004573334114017,0.0057773342396871,8573.0,0.7114232542295607,34.143114132172364,31.26983704303617,68.94083239010335,1.1219274012811715,-1.1438643643290174,False,False,False,False,0,0.0
2023-11-21,Train,0.0237690606946168,-0.0026111768854186,0.0263257976575615,-0.0044520219904229,-0.0562408484485701,8007.0,0.1091615491647087,5.452663927226215,-28.69045020494615,68.94083239010335,1.1219274012811715,-1.1438643643290174,False,False,False,False,0,0.0
2023-11-22,Train,-0.0289800593814889,0.0043233820183092,-0.0367704049401692,-0.0594970481722196,-0.7516055573375967,8385.0,0.5121972580201563,25.06428432376285,19.611620396536637,68.94083239010335,1.1219274012811715,-1.1438643643290174,False,False,False,False,0,0.0
2023-11-24,Train,0.0052943520721977,0.0005500536328759,0.0031342045877279,-0.0148374604830159,-0.1874364880007414,8520.0,0.6374775684304198,30.83660782777163,30.83660782777163,68.94083239010335,1.1219274012811715,-1.1438643643290174,False,False,False,False,0,0.0
2023-11-27,Train,0.0026757481035388,-0.0017448593459864,0.0039398492701942,-0.0103977484743649,-0.131351147278936,9010.0,1.1805684763219828,53.01000038476909,53.01000038476909,68.94083239010335,1.1219274012811715,-1.1438643643290174,False,False,False,False,0,0.0
2023-11-28,Train,0.0450694650420355,0.0009815758998548,0.0422654414915699,0.0388948880668844,0.4913456200125214,8135.0,0.2587721792529543,12.86688847001091,-40.14311191475818,68.94083239010335,1.1219274012811715,-1.1438643643290174,False,False,False,False,0,0.0
2023-11-29,Train,-0.0104572058134303,-0.0006456996681949,-0.010833165110381,0.0017359252989418,0.0219293417386174,7934.0,0.0383202425801147,1.9157777008675467,-10.951110769143362,68.94083239010335,1.1219274012811715,-1.1438643643290174,False,False,False,False,0,0.0
2023-11-30,Train,-0.0166297926138435,0.0038776094054393,-0.0237549991095669,0.0147513311295441,0.186348445774984,10801.0,2.71603039230771,87.593192006735,85.67741430586744,68.94083239010335,1.1219274012811715,-1.1438643643290174,True,False,False,False,0,0.0
2023-12-01,Train,-0.0052065977610231,0.0058655698041332,-0.0152980477598408,-0.0036809212180246,-0.0464998000502652,13601.0,4.517837236268472,97.84103995848533,10.24784795175033,68.94083239010335,1.1219274012811715,-1.1438643643290174,True,False,False,False,0,0.0
2023-12-04,Train,-0.0136080055900975,-0.0050254781677006,-0.0074488802205294,-0.0150696507087483,-0.1903696665260816,8653.0,0.5514658542445974,26.895122696440037,-22.15073795158388,68.94083239010335,1.1219274012811715,-1.1438643643290174,False,True,False,False,0,0.0
2023-12-05,Train,0.0133288028068709,-0.0003096853082005,0.0124514751662979,-0.0448836170340202,-0.5669991542863378,8817.0,0.6844192043487609,32.94486064885036,6.049737952410325,68.94083239010335,1.1219274012811715,-1.1438643643290174,False,False,False,False,0,0.0
2023-12-06,Train,0.0027228296462826,-0.0041704045504913,0.007606096319983,-0.0264443556036562,-0.3340623651510829,8577.0,0.5227516179761754,25.55819223800057,-7.386668410849786,68.94083239010335,1.1219274012811715,-1.1438643643290174,False,False,False,False,0,0.0
2023-12-07,Train,0.0136608778842981,0.0078254685039194,0.0006450553533196,-0.0020443011407696,-0.0258249467070453,8062.0,0.0826879480362151,4.132043336182148,-21.426148901818426,68.94083239010335,1.1219274012811715,-1.1438643643290174,False,False,False,False,0,0.0
2023-12-08,Train,0.0049455858525417,0.0042505563782484,-0.0027360962831492,0.0105176503359218,0.1328658258764438,8176.0,0.1677955974110584,8.370150361824527,4.238107025642378,68.94083239010335,1.1219274012811715,-1.1438643643290174,False,False,False,False,0,0.0
2023-12-11,Train,-0.0168142671682343,0.0038778082559254,-0.0239397703695473,-0.005973239813096,-0.0754578651673245,8264.0,0.2448658807849723,12.182483683286833,12.182483683286833,68.94083239010335,1.1219274012811715,-1.1438643643290174,False,False,False,False,0,0.0
2023-12-12,Train,-0.0113873818460639,0.0049697606486411,-0.0201421914926711,-0.0385669064720651,-0.4872023423719716,7732.0,-0.2379536603808144,0.0,-12.182483683286833,68.94083239010335,1.1219274012811715,-1.1438643643290174,False,False,False,False,0,0.0
2023-12-13,Train,0.0096198423363582,0.0136171536607259,-0.0120377763187445,-0.0582107791107927,-0.7353565667658032,9778.0,1.4326738119290303,61.46351695951292,61.46351695951292,68.94083239010335,1.1219274012811715,-1.1438643643290174,False,False,False,False,0,0.0
2023-12-14,Train,0.0491454306305356,0.0029364618354641,0.043424514112986,-0.0154313203511262,-0.1949385135778671,9283.0,1.022430586217448,47.08915554436594,-14.37436141514698,68.94083239010335,1.1219274012811715,-1.1438643643290174,False,False,False,False,0,0.0
2023-12-15,Train,0.0097589998743679,-0.0015215942382803,0.0106899662986833,-0.0020052577692936,-0.0253317253476662,7835.0,-0.1819992389685518,0.0,-47.08915554436594,68.94083239010335,1.1219274012811715,-1.1438643643290174,False,False,False,False,0,0.0
2023-12-18,Train,-0.0056015706861748,0.0056570881047028,-0.0153819443240873,0.0065525682761663,0.0827763205486248,9388.0,1.1672270813237968,52.52868639347392,52.52868639347392,68.94083239010335,1.1219274012811715,-1.1438643643290174,False,False,False,False,0,0.0
2023-12-19,Train,0.0203903496997484,0.0060844486038329,0.00997230978596,0.0366670695547974,0.4632023620549615,9069.0,0.9373187335954862,43.71154721242628,-8.817139181047636,68.94083239010335,1.1219274012811715,-1.1438643643290174,False,False,False,False,0,0.0
2023-12-20,Train,-0.0391882504595967,-0.0144344124891193,-0.0189900173088641,0.0297148285646779,0.3753771148427154,8476.0,0.4568950639462019,22.45546820756096,-21.256079004865324,68.94083239010335,1.1219274012811715,-1.1438643643290174,False,False,False,False,0,0.0
2023-12-21,Train,0.0297806936494628,0.0097420347504637,0.0139051551096557,0.0001954695613476,0.0024692991184031,7557.0,-0.3774727346054893,0.0,-22.45546820756096,68.94083239010335,1.1219274012811715,-1.1438643643290174,False,False,False,False,0,0.0
2023-12-22,Train,-0.0077014016261971,0.0023258151120555,-0.0125111697741984,-0.023005666511534,-0.2906225994653297,7131.0,-0.7788867435598792,0.0,0.0,68.94083239010335,1.1219274012811715,-1.1438643643290174,False,False,False,False,0,0.0
2023-12-26,Train,0.0161162278198776,0.0041580309287823,0.0085726032700067,0.00094888108256,0.0119868853466526,6499.0,-1.2663877490553648,0.0,0.0,68.94083239010335,1.1219274012811715,-1.1438643643290174,False,False,False,False,0,0.0
2023-12-27,Train,0.0188224050721428,0.0018302195946529,0.0147521169382425,0.0057286882348424,0.0723685299663748,7316.0,-0.4488589176454902,0.0,0.0,68.94083239010335,1.1219274012811715,-1.1438643643290174,False,False,False,False,0,0.0
2023-12-28,Train,-0.0315942843042017,0.0001598561452893,-0.0331722165879874,-0.0084535110442807,-0.1067902706955276,7792.0,-0.0359758763305124,0.0,0.0,68.94083239010335,1.1219274012811715,-1.1438643643290174,False,False,False,False,0,0.0
2023-12-29,Train,-0.0185638560873999,-0.0026713926098014,-0.0159172710060762,-0.0382759371600128,-0.4835266280521594,10392.0,1.90156901412366,74.013800804729,74.013800804729,68.94083239010335,1.1219274012811715,-1.1438643643290174,True,False,False,False,0,0.0
2024-01-02,Train,-0.0002414583049958,-0.0063873512839909,0.0079497232795195,-0.0178150441062948,-0.2250512683544797,8147.0,0.1779440625556328,8.873800407967424,8.873800407967424,68.94083239010335,1.1219274012811715,-1.1438643643290174,False,True,False,False,0,0.0
2024-01-03,Train,-0.0401336498437727,-0.0074190725778365,-0.0304030328726749,-0.0567906802489765,-0.7174169507798094,9462.0,1.1244701709622078,50.9633891068504,42.08958869888298,68.94083239010335,1.1219274012811715,-1.1438643643290174,False,False,False,False,0,0.0
2024-01-04,Train,-0.0021807686270334,-0.0031570564304649,0.0011904773447575,-0.0703523198424615,-0.8887364363376192,7843.0,-0.1129664901678758,0.0,-50.9633891068504,68.94083239010335,1.1219274012811715,-1.1438643643290174,False,False,False,False,0,0.0
2024-01-05,Train,-0.0018492295892126,0.001280754402914,-0.0050996585567821,-0.0422797618112563,-0.5341055550901727,7516.0,-0.4037753127232426,0.0,0.0,68.94083239010335,1.1219274012811715,-1.1438643643290174,False,False,False,False,0,0.0
2024-01-08,Train,0.0124636464129574,0.0143029443033741,-0.0102172431481326,-0.0365797339533126,-0.4620990817167607,7414.0,-0.4748395745694339,0.0,0.0,68.94083239010335,1.1219274012811715,-1.1438643643290174,False,False,False,False,0,0.0
2024-01-09,Train,-0.0228321493202461,-0.0024303171888839,-0.020545273819416,-0.0650747310522483,-0.8220664890725884,8563.0,0.4512782108255054,22.188619402374886,22.188619402374886,68.94083239010335,1.1219274012811715,-1.1438643643290174,False,False,False,False,0,0.0
2024-01-10,Train,-0.0043411825132567,0.0065965161362047,-0.0155232803992467,-0.0501949785788201,-0.6340957410370861,9329.0,0.9818120762299954,45.493524773133096,23.30490537075821,68.94083239010335,1.1219274012811715,-1.1438643643290174,False,False,False,False,0,0.0
2024-01-11,Train,-0.0287253191013634,-0.0003425483932294,-0.0295536116039514,-0.0809390675275291,-1.0224751450412053,8382.0,0.2582494463800186,12.841183672461984,-32.65234110067111,68.94083239010335,1.1219274012811715,-1.1438643643290174,False,False,False,False,0,0.0
2024-01-12,Train,-0.0366605130987724,0.0004568157689552,-0.0386815400010219,-0.1145209489717689,-1.4467033966055938,8237.0,0.1234884563696503,6.166588412241883,-6.674595260220101,68.94083239010335,1.1219274012811715,-1.1438643643290174,False,False,False,True,0,0.0
2024-01-16,Train,0.004659894354722,-0.0034017271125379,0.0083962144102691,-0.0959074914133671,-1.2115660482506467,10826.0,1.878844220088338,73.49566295656017,59.19252633846594,68.94083239010335,1.1219274012811715,-1.1438643643290174,True,False,False,True,0,0.0
2024-01-17,Train,-0.019826295019533,-0.0055670996745299,-0.0128590140766324,-0.0882212316705835,-1.114468196923733,10922.0,1.8491489571539728,72.80542996913543,-0.6902329874247357,68.94083239010335,1.1219274012811715,-1.1438643643290174,True,True,False,False,0,0.0
2024-01-18,Train,-0.017026203279914,0.0088925154733976,-0.0316341707765522,-0.1043321220478889,-1.3179914827544663,10268.0,1.3775704337764232,59.72010356131941,-13.08532640781602,68.94083239010335,1.1219274012811715,-1.1438643643290174,False,True,False,True,1,0.0
2024-01-19,Train,0.001463080760099,0.0122394821792386,-0.0181389088774213,-0.0929174193213588,-1.1737935054063642,9605.0,0.9169562709674144,42.884303843511454,-16.83579971780796,68.94083239010335,1.1219274012811715,-1.1438643643290174,False,False,False,True,0,1.0
2024-01-22,Train,-0.015976244642273,0.0022783999599926,-0.0207152644560283,-0.0749511437763651,-0.94683178278126,10284.0,1.297544932814544,57.08430186208548,25.67749295350356,68.94083239010335,1.1219274012811715,-1.1438643643290174,False,False,False,False,0,0.0
2024-01-23,Train,0.0016283349277841,0.0029709776330084,-0.0041440827465728,-0.0874914409332071,-1.1052490038585938,9864.0,0.9991154338129724,46.17692536396315,-10.907376498122332,68.94083239010335,1.1219274012811715,-1.1438643643290174,False,False,False,False,0,0.0
2024-01-24,Train,-0.0062637351172268,0.000830164274727,-0.0088418367883515,-0.0834742636449263,-1.0545013975917668,10559.0,1.3865475219061063,60.00810052989468,13.831175165931532,68.94083239010335,1.1219274012811715,-1.1438643643290174,False,False,False,False,0,0.0
2024-01-25,Train,-0.1212529313680481,0.0056280503424235,-0.1309899776470444,-0.1828300705154184,-2.309628818055808,10951.0,1.5576725106222922,65.20382393644249,5.195723406547806,68.94083239010335,1.1219274012811715,-1.1438643643290174,False,False,False,True,0,0.0
2024-01-26,Train,0.0033948152034783,-0.0006019852031279,0.0029536293818537,-0.1617375322561434,-2.043174103728834,9233.0,0.4845465892754485,23.76418186407226,-41.43964207237023,68.94083239010335,1.1219274012811715,-1.1438643643290174,False,False,False,True,0,0.0
2024-01-29,Train,0.0419099191038541,0.0072729247470599,0.0297185492782898,-0.1113037185218252,-1.4060612410752216,8784.0,0.1885960340235169,9.401950462660338,9.401950462660338,68.94083239010335,1.1219274012811715,-1.1438643643290174,False,False,False,True,0,0.0
2024-01-30,Train,0.0034567835721344,-0.0007087545908285,0.0031749087724014,-0.1039847270028509,-1.3136029617359724,10158.0,1.0899758489000244,49.675434754036765,40.27348429137643,68.94083239010335,1.1219274012811715,-1.1438643643290174,False,False,False,True,0,0.0
2024-01-31,Train,-0.022443776470324,-0.0162909320039889,0.0005245767255401,-0.0946183134889592,-1.1952803110225203,15389.0,3.863346778303118,95.88684492402676,46.21141016999,68.94083239010335,1.1219274012811715,-1.1438643643290174,True,False,False,True,0,0.0
2024-02-01,Train,0.0083827613887528,0.0131586257178724,-0.0125906859255275,0.0237809782325576,0.3004168433159418,10850.0,1.4899680843165537,63.21469643256099,-32.67214849146577,68.94083239010335,1.1219274012811715,-1.1438643643290174,False,True,False,False,0,0.0
2024-02-02,Train,-0.0050301649114266,0.0102742954095578,-0.0216998916669686,-0.0008725428162647,-0.0110225305265777,9372.0,0.5850373819415696,28.445136464234448,-34.76955996832655,68.94083239010335,1.1219274012811715,-1.1438643643290174,False,False,False,False,0,0.0
2024-02-05,Train,-0.036453653185133,-0.0036541269952617,-0.0323407262752425,-0.0629318183697971,-0.7949958169888667,8344.0,-0.0932448610795339,0.0,0.0,68.94083239010335,1.1219274012811715,-1.1438643643290174,False,False,False,False,0,0.0
2024-02-06,Train,0.0223130928940527,0.0031152008611274,0.0163254791757078,-0.0497812479664906,-0.6288692258229629,7929.0,-0.3973924267333318,0.0,0.0,68.94083239010335,1.1219274012811715,-1.1438643643290174,False,False,False,False,0,0.0
2024-02-07,Train,0.0133981396313522,0.0082154239601666,-0.0001995369644,-0.0505053616564309,-0.6380167027184205,7997.0,-0.3437218630202649,0.0,0.0,68.94083239010335,1.1219274012811715,-1.1438643643290174,False,False,False,False,0,0.0
2024-02-08,Train,0.0105554734417923,0.0006771712594595,0.0082056532484345,-0.0297090224824688,-0.3753037686215368,7874.0,-0.4455796851468222,0.0,0.0,68.94083239010335,1.1219274012811715,-1.1438643643290174,False,False,False,False,0,0.0
2024-02-09,Train,0.0211543037416714,0.0056759612964705,0.0113457693403452,0.0033366385248451,0.042150596292461,6904.0,-1.226786623478607,0.0,0.0,68.94083239010335,1.1219274012811715,-1.1438643643290174,False,False,False,False,0,0.0
2024-02-12,Train,-0.0281035399884784,-0.0004559326406347,-0.0287626514110811,0.0069147133890065,0.0873511740537174,7393.0,-0.7154141946098571,0.0,0.0,68.94083239010335,1.1219274012811715,-1.1438643643290174,False,False,False,False,0,0.0
2024-02-13,Train,-0.0218465981166147,-0.0140945396891569,-0.0021554905029045,-0.0115662562896059,-0.1461125009041677,7623.0,-0.5191899298480411,0.0,0.0,68.94083239010335,1.1219274012811715,-1.1438643643290174,False,False,False,False,0,0.0
2024-02-14,Train,0.025486372853585,0.0095159852014874,0.0099481237318513,-0.0014185955933545,-0.0179206257173233,7024.0,-0.9796966504600756,0.0,0.0,68.94083239010335,1.1219274012811715,-1.1438643643290174,False,False,False,False,0,0.0
2024-02-15,Train,0.0622118055041767,0.0067642945072934,0.0507793648530447,0.0411551160112556,0.5198982950783798,7538.0,-0.5848335183298299,0.0,0.0,68.94083239010335,1.1219274012811715,-1.1438643643290174,False,False,False,False,0,0.0
2024-02-16,Train,-0.0024943876658132,-0.0051148570134569,0.0037981002298459,0.0336074469007563,0.4245512111024492,6901.0,-1.0962496302625409,0.0,0.0,68.94083239010335,1.1219274012811715,-1.1438643643290174,False,False,False,False,0,0.0
2024-02-20,Train,-0.0309577521174384,-0.0054899153298483,-0.0241056382377765,0.0382644600740609,0.4833816420091787,7472.0,-0.5257995514381866,0.0,0.0,68.94083239010335,1.1219274012811715,-1.1438643643290174,False,False,False,False,0,0.0
2024-02-21,Train,0.0052126847350284,0.0010076396579046,0.0023697713490146,0.0427897219259801,0.5405477042054947,7251.0,-0.6961375702699056,0.0,0.0,68.94083239010335,1.1219274012811715,-1.1438643643290174,False,False,False,False,0,0.0
2024-02-22,Train,0.0135544454060563,0.0210079980132105,-0.0191310810772622,0.0137105171168665,0.1732002036333072,7548.0,-0.4758073273496608,0.0,0.0,68.94083239010335,1.1219274012811715,-1.1438643643290174,False,False,False,False,0,0.0
2024-02-23,Train,-0.0275568732105261,0.0004500321562419,-0.0295677782576563,-0.0666366259938345,-0.8417973657150004,7502.0,-0.5386283223247792,0.0,0.0,68.94083239010335,1.1219274012811715,-1.1438643643290174,False,False,False,False,0,0.0
2024-02-26,Train,0.0387039257620214,-0.0036633328132092,0.0428305887089554,-0.027604137514725,-0.3487134874577857,8231.0,-0.04598345218095,0.0,0.0,68.94083239010335,1.1219274012811715,-1.1438643643290174,False,False,False,False,0,0.0
2024-02-27,Train,0.0016549741281637,0.0018490652500859,-0.0024434336820775,-0.005941932959026,-0.0750623765468871,9461.0,0.7519545708680597,35.92088822893644,35.92088822893644,68.94083239010335,1.1219274012811715,-1.1438643643290174,False,False,False,False,0,0.0
2024-02-28,Train,0.0115656016021996,-0.0015452414652679,0.0125318521465931,0.0042201478385523,0.0533116627746121,8583.0,0.2011468795770775,10.023570552047346,-25.89731767688909,68.94083239010335,1.1219274012811715,-1.1438643643290174,False,False,False,False,0,0.0
2024-02-29,Train,-0.0007918650199801,0.0036972208874399,-0.0076479131009282,0.0157033158148864,0.1983745378582822,7656.0,-0.4534304493819508,0.0,-10.023570552047346,68.94083239010335,1.1219274012811715,-1.1438643643290174,False,False,False,False,0,0.0
2024-03-01,Train,0.003764585340074,0.0096374800632581,-0.0119549467411308,0.033316147331412,0.4208713247569034,7325.0,-0.711975812703907,0.0,0.0,68.94083239010335,1.1219274012811715,-1.1438643643290174,False,False,False,False,0,0.0
2024-03-04,Train,-0.0715554680402388,-0.0011878253611502,-0.0711225194657622,-0.0806369608433057,-1.018658736164686,8576.0,0.24218658751823,12.050485765093066,12.050485765093066,68.94083239010335,1.1219274012811715,-1.1438643643290174,False,False,False,False,0,0.0
2024-03-05,Train,-0.0393323797198413,-0.0100240261780815,-0.0257149012711881,-0.1039084284324163,-1.3126391083799276,8875.0,0.4376093161881557,21.53784629001793,9.487360524924863,68.94083239010335,1.1219274012811715,-1.1438643643290174,False,False,False,True,0,0.0
2024-03-06,Train,-0.0232378669878379,0.0052987219608817,-0.032483521097868,-0.1489238016768775,-1.8813026931384207,8884.0,0.4276149021582748,21.06079710092453,-0.4770491890933996,68.94083239010335,1.1219274012811715,-1.1438643643290174,False,False,False,True,0,0.0
2024-03-07,Train,0.0119519694720489,0.0099014771042789,-0.0041614736288515,-0.1454373622048009,-1.8372597134774995,8169.0,-0.0984912582870458,0.0,-21.06079710092453,68.94083239010335,1.1219274012811715,-1.1438643643290174,False,False,False,True,0,0.0
2024-03-08,Train,-0.0185278347141263,-0.0060644724805863,-0.010818421857758,-0.1443008373214281,-1.822902389128855,7483.0,-0.6419566615309715,0.0,0.0,68.94083239010335,1.1219274012811715,-1.1438643643290174,False,False,False,True,0,0.0
2024-03-11,Train,0.0138588341811503,-0.0008290920327636,0.013756515350215,-0.0594218025054508,-0.750655004948084,7601.0,-0.4991993244860311,0.0,0.0,68.94083239010335,1.1219274012811715,-1.1438643643290174,False,False,False,False,0,0.0
2024-03-12,Train,-0.001293868373742,0.0107021184949955,-0.0186019516320028,-0.0523088528662654,-0.6607995811563138,7556.0,-0.5239919626196375,0.0,0.0,68.94083239010335,1.1219274012811715,-1.1438643643290174,False,False,False,False,0,0.0
2024-03-13,Train,-0.0453982080848895,-0.0015156397462735,-0.0444761263814373,-0.0643014581498347,-0.8122980009097756,7470.0,-0.5825747480790272,0.0,0.0,68.94083239010335,1.1219274012811715,-1.1438643643290174,False,False,False,False,0,0.0
2024-03-14,Train,-0.0411847763954413,-0.0021926617168513,-0.0392525075559686,-0.0993924920769518,-1.2555908519433194,8475.0,0.172367601037604,8.597105162329118,8.597105162329118,68.94083239010335,1.1219274012811715,-1.1438643643290174,False,False,False,True,0,0.0
2024-03-15,Train,0.0065846604567307,-0.0068881920661568,0.0155231485354603,-0.0730509216837334,-0.9228269366775748,7691.0,-0.4035056931840491,0.0,-8.597105162329118,68.94083239010335,1.1219274012811715,-1.1438643643290174,False,False,False,False,0,0.0
2024-03-18,Train,0.0625420020142308,0.0062551412096587,0.0518692709942265,-0.0349381660397219,-0.4413617240745718,8220.0,0.0939708158654499,4.695086299456448,4.695086299456448,68.94083239010335,1.1219274012811715,-1.1438643643290174,False,False,False,False,0,0.0
2024-03-19,Train,-0.0142692501955855,0.0056031808617775,-0.0239691886250291,-0.0403054030327482,-0.5091641659676485,7807.0,-0.2066685715553247,0.0,-4.695086299456448,68.94083239010335,1.1219274012811715,-1.1438643643290174,False,False,False,False,0,0.0
2024-03-20,Train,0.0253326882579294,0.0087257362242694,0.0109735727326396,0.0151442960813286,0.191312635607481,7518.0,-0.4276713815416767,0.0,0.0,68.94083239010335,1.1219274012811715,-1.1438643643290174,False,False,False,False,0,0.0
2024-03-21,Train,-0.0161675753084549,0.0033350900026656,-0.0224832864767876,0.0319135171605096,0.4031523846796069,7616.0,-0.330262620398992,0.0,0.0,68.94083239010335,1.1219274012811715,-1.1438643643290174,False,False,False,False,0,0.0
2024-03-22,Train,-0.0115149022614651,-0.0013068751037709,-0.0109043190993852,0.005486049525664,0.0693033593764678,7110.0,-0.7536642736013757,0.0,0.0,68.94083239010335,1.1219274012811715,-1.1438643643290174,False,False,False,False,0,0.0
2024-03-25,Train,0.0105368087131318,-0.0025875624463476,0.0130583104789772,-0.0333249109895852,-0.4209820330086227,6878.0,-0.8612169779622618,0.0,0.0,68.94083239010335,1.1219274012811715,-1.1438643643290174,False,False,False,False,0,0.0
2024-03-26,Train,0.0291953492647709,-0.0028037770473164,0.0320394656842178,0.0226837433196617,0.286555855526257,7379.0,-0.3533119466670653,0.0,0.0,68.94083239010335,1.1219274012811715,-1.1438643643290174,False,False,False,False,0,0.0
2024-03-27,Train,0.0121573911429628,0.008728515334422,-0.002205871103479,0.009504299483543,0.1200645163059916,7269.0,-0.4368099425827378,0.0,0.0,68.94083239010335,1.1219274012811715,-1.1438643643290174,False,False,False,False,0,0.0
2024-03-28,Train,-0.0224657093020403,-0.0001248984424844,-0.023618758149257,0.0083688278110737,0.1057204968051076,6801.0,-0.8939071314880238,0.0,0.0,68.94083239010335,1.1219274012811715,-1.1438643643290174,False,False,False,False,0,0.0
2024-04-01,Train,-0.0032424602491559,-0.0013104547569886,-0.0026265358724788,0.0166466110379802,0.2102908589812239,7051.0,-0.5676084425913626,0.0,0.0,68.94083239010335,1.1219274012811715,-1.1438643643290174,False,False,False,False,0,0.0
2024-04-02,Train,-0.0490240627670744,-0.0065408642683868,-0.0406038238568174,-0.0370155232978144,-0.467604257237535,8233.0,1.0375047678396832,47.67365249861199,47.67365249861199,68.94083239010335,1.1219274012811715,-1.1438643643290174,False,False,False,False,0,0.0
2024-04-03,Train,0.0105023102005592,0.0009015807971122,0.0078176476564524,-0.0612373413255798,-0.7735900766649401,8887.0,1.9234784964374123,74.50516586773023,26.831513369118237,68.94083239010335,1.1219274012811715,-1.1438643643290174,True,False,False,False,0,0.0
2024-04-04,Train,0.0162133011543683,-0.0123176944530034,0.0332531710265181,-0.0257782991955826,-0.3256483057449865,8080.0,0.8572556849171252,40.41739391418609,-34.087771953544134,68.94083239010335,1.1219274012811715,-1.1438643643290174,False,True,False,False,0,0.0
2024-04-05,Train,-0.0362924825651101,0.0106260701415696,-0.0534870937771377,-0.0556466348234633,-0.7029646220327856,7844.0,0.5485277838443676,26.758791641488397,-13.6586022726977,68.94083239010335,1.1219274012811715,-1.1438643643290174,False,False,False,False,0,0.0
2024-04-08,Train,0.0489994064895289,0.0003987377148368,0.0470650380794779,-0.0059550608715066,-0.0752282169083792,7256.0,-0.2126034702164267,0.0,0.0,68.94083239010335,1.1219274012811715,-1.1438643643290174,False,False,False,False,0,0.0
2024-04-09,Train,0.0225460125540548,0.0012378791684011,0.01935955789196,0.0540083208772708,0.6822683706312438,7557.0,0.2326787988154233,11.58173465891205,11.58173465891205,68.94083239010335,1.1219274012811715,-1.1438643643290174,False,False,False,False,0,0.0
2024-04-10,Train,-0.0289462360619489,-0.0096801389151133,-0.0158418731463045,0.0303488000745138,0.3833858568664733,7418.0,0.0196681309186086,0.983374845786802,-10.598359813125247,68.94083239010335,1.1219274012811715,-1.1438643643290174,False,False,False,False,0,0.0
2024-04-11,Train,0.0165347676263849,0.0072147369768817,0.004430220000782,0.0015258490487777,0.0192755213905735,7963.0,0.7660909445369588,36.534936109913225,35.55156126412642,68.94083239010335,1.1219274012811715,-1.1438643643290174,False,False,False,False,0,0.0
2024-04-12,Train,-0.0203322046257725,-0.0136328859235635,-0.0013299324052473,0.053683010420668,0.6781588365525953,7608.0,0.237316348480523,11.810439987256984,-24.72449612265624,68.94083239010335,1.1219274012811715,-1.1438643643290174,False,False,False,False,0,0.0
2024-04-15,Train,-0.0559485948756339,-0.01269236204258,-0.0383496820244933,-0.0317317096833031,-0.4008556739278667,11700.0,4.946669835830173,98.58862327388928,98.58862327388928,68.94083239010335,1.1219274012811715,-1.1438643643290174,True,False,False,False,0,0.0
2024-04-16,Train,-0.0270621453604746,-0.001790310333773,-0.0257302265967888,-0.076821494172052,-0.9704592701063064,13101.0,5.141366072933282,98.8368653517472,0.2482420778579239,68.94083239010335,1.1219274012811715,-1.1438643643290174,True,False,False,False,0,0.0
2024-04-17,Train,-0.0105658688540543,-0.0060288442012417,-0.0029096170929482,-0.0638892381186956,-0.8070905683434881,12792.0,4.035711732785395,96.5267634246515,-2.310101927095701,68.94083239010335,1.1219274012811715,-1.1438643643290174,True,True,False,False,0,0.0
2024-04-18,Train,-0.0355098384099605,-0.0022826069526333,-0.0334433619316194,-0.1017628200510971,-1.2855343824681202,10712.0,2.3344256321241668,82.33766126321122,-14.189102161440289,68.94083239010335,1.1219274012811715,-1.1438643643290174,True,True,False,True,1,0.0
2024-04-19,Train,-0.0192088959161848,-0.0083671174159533,-0.008063697526084,-0.1084965851719339,-1.370599699859616,8844.0,0.9104633333767336,42.61899314691232,-39.71866811629889,68.94083239010335,1.1219274012811715,-1.1438643643290174,False,True,False,True,1,1.0
2024-04-22,Train,-0.0340020394167562,0.0086794584930518,-0.0482921037579016,-0.1184390069053422,-1.4961988624700564,11528.0,2.576381450285901,85.86519490685015,37.17523071606588,68.94083239010335,1.1219274012811715,-1.1438643643290174,True,False,False,True,0,1.0
2024-04-23,Train,0.0185145340902608,0.0126129682964999,-0.0016447356467776,-0.0943535159553311,-1.1919352156949663,12118.0,2.7144428938202347,87.57470517770788,1.7095102708577343,68.94083239010335,1.1219274012811715,-1.1438643643290174,True,False,False,True,0,0.0
2024-04-24,Train,0.1206110940725275,-0.0007314346957857,0.1203630603463004,0.0289191614839175,0.3653257287981667,11705.0,2.311376708537934,81.96297608225456,-5.611729095453327,68.94083239010335,1.1219274012811715,-1.1438643643290174,True,True,False,False,0,0.0
2024-04-25,Train,0.0496514374300258,-0.0041334820969726,0.054479611966106,0.116842135381643,1.4760261388066516,8680.0,0.4721100822649029,23.17661256269236,-58.7863635195622,68.94083239010335,1.1219274012811715,-1.1438643643290174,False,True,True,False,-1,0.0
2024-04-26,Train,-0.0111058847748876,0.0100091265331048,-0.0273799520104924,0.0975258808972347,1.2320106008356873,8407.0,0.2733941858646402,13.585196426781325,-9.591416135911036,68.94083239010335,1.1219274012811715,-1.1438643643290174,False,False,True,False,0,-1.0
2024-04-29,Train,0.1530691710339953,0.0034888040160816,0.146524102583732,0.2923420872388685,3.693056112235839,9240.0,0.8316142746336687,39.3392302950245,10.151183453961488,68.94083239010335,1.1219274012811715,-1.1438643643290174,False,False,True,False,0,0.0
2024-04-30,Train,-0.0555011806394474,-0.0158050443180606,-0.0332578223642895,0.2607290005213566,3.293698961059193,9400.0,0.9074509448185858,42.49565282727215,3.156422532247653,68.94083239010335,1.1219274012811715,-1.1438643643290174,False,False,True,False,0,0.0
2024-05-01,Train,-0.0179506400482606,-0.0032506129676778,-0.014439798000581,0.1259261421744751,1.5907812434401112,8205.0,0.1071070395055046,5.3502381618658665,-37.145414665406285,68.94083239010335,1.1219274012811715,-1.1438643643290174,False,False,True,False,0,0.0
2024-05-02,Train,0.0001110562423569,0.0093274157490166,-0.0151458276602098,0.0563007025481592,0.711227232563204,8953.0,0.5921546507044844,28.7718739518606,23.42163578999473,68.94083239010335,1.1219274012811715,-1.1438643643290174,False,False,False,False,0,0.0
2024-05-03,Train,0.0065552356567928,0.0124078577644854,-0.0132979878514556,0.0703826667071959,0.8891197977460054,8284.0,0.1306175215660194,6.521606653742021,-22.25026729811858,68.94083239010335,1.1219274012811715,-1.1438643643290174,False,False,False,False,0,0.0
2024-05-06,Train,0.0197030300641678,0.0100855506292825,0.0033149301350969,-0.0728265057414391,-0.9199919679763496,7661.0,-0.2743402278554819,0.0,0.0,68.94083239010335,1.1219274012811715,-1.1438643643290174,False,False,False,False,0,0.0
2024-05-07,Train,-0.0376163517800117,0.0014324237689249,-0.0410930872031041,-0.0806617705802537,-1.0189721489597587,7422.0,-0.4487200727870171,0.0,0.0,68.94083239010335,1.1219274012811715,-1.1438643643290174,False,False,False,False,0,0.0
2024-05-08,Train,-0.0173780798623113,4.212422288074613e-05,-0.0187803438831976,-0.0850023164628703,-1.0738047584332602,7571.0,-0.3345507095870386,0.0,0.0,68.94083239010335,1.1219274012811715,-1.1438643643290174,False,False,False,False,0,0.0
2024-05-09,Train,-0.015739468754503,0.0057422536619131,-0.0256469182541522,-0.0955034070568126,-1.2064613908373851,7292.0,-0.5598614919527283,0.0,0.0,68.94083239010335,1.1219274012811715,-1.1438643643290174,False,False,False,True,0,0.0
2024-05-10,Train,-0.0203523868997835,0.0012338107875828,-0.0235327711149126,-0.1057381903202697,-1.3357538551743282,6063.0,-1.614024272232891,0.0,0.0,68.94083239010335,1.1219274012811715,-1.1438643643290174,False,False,False,True,0,0.0
2024-05-13,Train,0.020300339194899,6.267994668540666e-05,0.0188674038979516,-0.090185716557415,-1.1392848526000685,6185.0,-1.3013422188721682,0.0,0.0,68.94083239010335,1.1219274012811715,-1.1438643643290174,False,False,False,False,0,0.0
2024-05-14,Train,0.0329280567933392,0.0047414145492148,0.0245139632567336,-0.0245786660975772,-0.3104937572265956,6133.0,-1.3013884239968985,0.0,0.0,68.94083239010335,1.1219274012811715,-1.1438643643290174,False,False,False,False,0,0.0
2024-05-15,Train,-0.0200506758513316,0.0121818313744457,-0.0395666444970468,-0.0453649667114264,-0.5730798776780919,6034.0,-1.347388653606134,0.0,0.0,68.94083239010335,1.1219274012811715,-1.1438643643290174,False,False,False,False,0,0.0
2024-05-16,Test,0.0048852854640548,-0.0019099339191357,0.0063956950483486,-0.0133223534089255,-0.1682966662477095,6214.0,-1.168632020643502,0.0,0.0,68.94083239010335,1.1219274012811715,-1.1438643643290174,False,False,False,False,0,0.0
2024-05-17,Test,0.0149851889204641,0.0014816151575192,0.0114350548336349,0.021645472539622,0.2734397411597052,6135.0,-1.2126077249095355,0.0,0.0,68.94083239010335,1.1219274012811715,-1.1438643643290174,False,False,False,False,0,0.0
2024-05-20,Test,-0.0141440869529103,0.0009862391519013,-0.0169550685600331,-0.0141769999183626,-0.1790931189421813,6429.0,-0.8379784471172824,0.0,0.0,68.94083239010335,1.1219274012811715,-1.1438643643290174,False,False,False,False,0,0.0
2024-05-21,Test,0.0665905079079254,0.002688932216087,0.0612389313056896,0.0225479681305932,0.2848406546921412,6756.0,-0.5888176955893899,0.0,0.0,68.94083239010335,1.1219274012811715,-1.1438643643290174,False,False,False,False,0,0.0
2024-05-22,Test,-0.0347803069715,-0.0029069436814762,-0.0317822552128413,0.0303323574147986,0.3831781424537589,5936.0,-1.1854819540592352,0.0,0.0,68.94083239010335,1.1219274012811715,-1.1438643643290174,False,False,False,False,0,0.0
2024-05-23,Test,-0.0353672483238078,-0.0074322907409438,-0.0256169084797264,-0.0016802461132764,-0.0212259659130972,6090.0,-1.0542831472370893,0.0,0.0,68.94083239010335,1.1219274012811715,-1.1438643643290174,False,False,False,False,0,0.0
2024-05-24,Test,0.0316564972148363,0.0068053619096852,0.0201627797316237,0.0070474787847123,0.089028353213023,5523.0,-1.4946022704817783,0.0,0.0,68.94083239010335,1.1219274012811715,-1.1438643643290174,False,False,False,False,0,0.0
2024-05-28,Test,-0.0138920186166755,0.0008011406209764,-0.016426813980275,0.0075757333644703,0.0957016099548684,6257.0,-0.7960752642489648,0.0,0.0,68.94083239010335,1.1219274012811715,-1.1438643643290174,False,False,False,False,0,0.0
2024-05-29,Test,-0.003168303018918,-0.0070412751696881,0.0059986009586299,-0.0476645969825892,-0.6021303086612338,6220.0,-0.8169343880500345,0.0,0.0,68.94083239010335,1.1219274012811715,-1.1438643643290174,False,False,False,False,0,0.0
2024-05-30,Test,0.0147567444730083,-0.0067192349798407,0.0234431310209849,0.007560789251237,0.0955128261596938,6081.0,-0.9129076848869586,0.0,0.0,68.94083239010335,1.1219274012811715,-1.1438643643290174,False,False,False,False,0,0.0
2024-05-31,Test,-0.003971091681523,0.0087003033009787,-0.0182922586422814,0.014885439088682,0.1880425850721043,5387.0,-1.4244658418100855,0.0,0.0,68.94083239010335,1.1219274012811715,-1.1438643643290174,False,False,False,False,0,0.0
2024-06-03,Test,-0.0100517100545634,0.0010936293773269,-0.0130229290379808,-0.0183002696809225,-0.2311809546104574,5848.0,-0.9372956758209202,0.0,0.0,68.94083239010335,1.1219274012811715,-1.1438643643290174,False,False,False,False,0,0.0
2024-06-04,Test,-0.0086220946823953,0.0012162676428035,-0.0117763027024354,-0.0136497584030829,-0.1724326598922419,5654.0,-1.0472716265994622,0.0,0.0,68.94083239010335,1.1219274012811715,-1.1438643643290174,False,False,False,False,0,0.0
2024-06-05,Test,0.0013159908560766,0.0119610204805771,-0.0178705049893851,-0.037518864351098,-0.473962790047248,5623.0,-1.0388037548542948,0.0,0.0,68.94083239010335,1.1219274012811715,-1.1438643643290174,False,False,False,False,0,0.0
2024-06-06,Test,0.0168000139508928,-0.0002237519459362,0.0157944648036525,-0.0451675305684305,-0.5705857354163529,5744.0,-0.9298935993435228,0.0,0.0,68.94083239010335,1.1219274012811715,-1.1438643643290174,False,False,False,False,0,0.0
2024-06-07,Test,-0.0025851787543875,-0.0013022544029885,-0.0019814901580568,-0.0288567620842058,-0.3645374588412758,6230.0,-0.587222230553718,0.0,0.0,68.94083239010335,1.1219274012811715,-1.1438643643290174,False,False,False,False,0,0.0
2024-06-10,Test,-0.0207910893071634,0.0032803783706969,-0.0270251650349826,-0.0428589980812076,-0.5414228458278026,6245.0,-0.5213115417966969,0.0,0.0,68.94083239010335,1.1219274012811715,-1.1438643643290174,False,False,False,False,0,0.0
2024-06-11,Test,-0.018010183238054,0.0022744079575212,-0.0227432465692741,-0.0538259419480463,-0.6799644409245179,6365.0,-0.430808798303032,0.0,0.0,68.94083239010335,1.1219274012811715,-1.1438643643290174,False,False,False,False,0,0.0
2024-06-12,Test,0.0388491121630947,0.008327970266253,0.0250835047828832,-0.0108719321757778,-0.1373413453833742,7495.0,0.2190596708252099,10.909392514530778,10.909392514530778,68.94083239010335,1.1219274012811715,-1.1438643643290174,False,False,False,False,0,0.0
2024-06-13,Test,0.0292177118322192,0.0018887713316995,0.0250600584219665,-0.0016063385574638,-0.0202923174148193,8207.0,0.5677913245499923,27.65067575575052,16.74128324121974,68.94083239010335,1.1219274012811715,-1.1438643643290174,False,False,False,False,0,0.0
2024-06-14,Test,-0.0244424107197361,0.0008023083615276,-0.0269789484735892,-0.0266037968729963,-0.3360765313624569,9389.0,1.0784394194347655,49.23970887323894,21.589033117488423,68.94083239010335,1.1219274012811715,-1.1438643643290174,False,False,False,False,0,0.0
2024-06-17,Test,0.0529745981999238,0.0079361330009333,0.0397936527391795,0.0402150209011659,0.5080223998722169,6162.0,-0.516952712529973,0.0,0.0,68.94083239010335,1.1219274012811715,-1.1438643643290174,False,False,False,False,0,0.0
2024-06-18,Test,-0.0137644141989444,0.0026644080900597,-0.0190793982566078,0.0438788692138322,0.5543065238353238,6160.0,-0.4926985819523048,0.0,0.0,68.94083239010335,1.1219274012811715,-1.1438643643290174,False,False,False,False,0,0.0
2024-06-20,Test,-0.0177972155970478,-0.0027763387272674,-0.014994040002496,0.0038013244284529,0.0480208120140393,5753.0,-0.7665959416300259,0.0,0.0,68.94083239010335,1.1219274012811715,-1.1438643643290174,False,False,False,False,0,0.0
2024-06-21,Test,0.007930754665036,-0.0021872949391489,0.0098550157144627,-0.0114037182790508,-0.1440592146359451,5367.0,-1.068791516605714,0.0,0.0,68.94083239010335,1.1219274012811715,-1.1438643643290174,False,False,False,False,0,0.0
2024-06-24,Test,-0.0023495584322592,-0.0026904596463581,0.0003254766490477,0.0159007068435861,0.2008681102067764,6384.0,-0.0778832515807795,0.0,0.0,68.94083239010335,1.1219274012811715,-1.1438643643290174,False,False,False,False,0,0.0
2024-06-25,Test,0.0261255571509673,0.0041564673784393,0.0185842655806918,-0.0053086803149015,-0.0670627157041338,5950.0,-0.4705263000623369,0.0,0.0,68.94083239010335,1.1219274012811715,-1.1438643643290174,False,False,False,False,0,0.0
2024-06-26,Test,0.0481451226037756,0.0011144096648882,0.0451428972718354,0.0589136152135417,0.7442352512880097,6006.0,-0.3879894049962171,0.0,0.0,68.94083239010335,1.1219274012811715,-1.1438643643290174,False,False,False,False,0,0.0
2024-06-27,Test,0.0053470646120412,0.0015504254201634,0.0016942584626051,0.0756019136786428,0.955052733065788,5768.0,-0.6158413707185797,0.0,0.0,68.94083239010335,1.1219274012811715,-1.1438643643290174,False,False,False,False,0,0.0
2024-06-28,Test,0.0023300917745603,-0.0038559529700326,0.0067441640125031,0.0724910619766833,0.9157544233332108,4910.0,-1.6194414385494251,0.0,0.0,68.94083239010335,1.1219274012811715,-1.1438643643290174,False,False,False,False,0,0.0
2024-07-01,Test,0.0605417193851081,0.002299288056216,0.0557715323611029,0.1279371176887385,1.6161851990752736,5286.0,-1.01815275720452,0.0,0.0,68.94083239010335,1.1219274012811715,-1.1438643643290174,False,False,True,False,0,0.0
2024-07-02,Test,0.1019727143535937,0.006483461308536,0.0909593060191089,0.2003121581271555,2.5304739625881965,5852.0,-0.2756376447502652,0.0,0.0,68.94083239010335,1.1219274012811715,-1.1438643643290174,False,False,True,False,0,0.0
2024-07-03,Test,0.0654242205405106,0.0045189206788509,0.0573421109799837,0.2125113718353038,2.6845823948528142,7399.0,1.525186395625964,64.26018689316358,64.26018689316358,68.94083239010335,1.1219274012811715,-1.1438643643290174,False,False,True,False,0,0.0
2024-07-05,Test,0.0208206700577151,0.0059787442859631,0.0105603519709493,0.2213774653436481,2.7965846766039584,5736.0,-0.3872022122152367,0.0,-25.21588284234257,68.94083239010335,1.1219274012811715,-1.1438643643290174,False,False,True,False,0,0.0
2024-07-08,Test,0.0056456669243973,0.000961006685944,0.0028723347786331,0.2175056361097781,2.7476732018562475,5249.0,-0.9802108797934922,0.0,0.0,68.94083239010335,1.1219274012811715,-1.1438643643290174,False,False,True,False,0,0.0
2024-07-09,Test,0.0371233653839888,0.0010973702339014,0.0341465646538135,0.1958806684024887,2.4744924911258983,5551.0,-0.4928806532046234,0.0,0.0,68.94083239010335,1.1219274012811715,-1.1438643643290174,False,False,True,False,0,0.0
2024-07-10,Test,0.0035452416458809,0.0096303549886327,-0.0121636590835471,0.0927577032998326,1.1717758683459936,7099.0,1.5351909947555304,64.55290991512727,64.55290991512727,68.94083239010335,1.1219274012811715,-1.1438643643290174,False,False,True,False,0,0.0
2024-07-11,Test,-0.0844412753996288,-0.0085691473947561,-0.0729946272862601,-0.0375790349664112,-0.4747229045444726,5976.0,0.0886952312450393,4.4318565494263735,-60.1210533657009,68.94083239010335,1.1219274012811715,-1.1438643643290174,False,False,False,False,0,0.0
2024-07-12,Test,0.0298717876808147,0.0061792625899752,0.0193122754466613,-0.0288271114906991,-0.3641628931856244,5742.0,-0.2453240324049784,0.0,-4.4318565494263735,68.94083239010335,1.1219274012811715,-1.1438643643290174,False,False,False,False,0,0.0
2024-07-15,Test,0.0177657967933491,0.003031693183775,0.0119027852077067,-0.0197966610616256,-0.2500843475053956,5287.0,-0.8576266139329592,0.0,0.0,68.94083239010335,1.1219274012811715,-1.1438643643290174,False,False,False,False,0,0.0
2024-07-16,Test,0.0155161422514866,0.0056770836426565,0.0057059331930171,-0.048237292522422,-0.6093649726256517,6343.0,0.6163035140568945,29.875474885370068,29.875474885370068,68.94083239010335,1.1219274012811715,-1.1438643643290174,False,False,False,False,0,0.0
2024-07-17,Test,-0.0314156440415189,-0.0139680270080499,-0.0119133064951799,-0.0479869399340548,-0.6062023552775442,6902.0,1.2810671765550568,56.52627574525893,26.65080085988886,68.94083239010335,1.1219274012811715,-1.1438643643290174,False,False,False,False,0,0.0
2024-07-18,Test,0.0029376085615253,-0.0075225998230149,0.0128226989409493,0.0378303862931545,0.4778981386078103,5904.0,0.0043805717095308,0.2190282352247961,-56.30724751003413,68.94083239010335,1.1219274012811715,-1.1438643643290174,False,False,False,False,0,0.0
2024-07-19,Test,-0.0402439471622099,-0.0066741306025394,-0.0316248610324001,-0.0131067501859069,-0.1655730255700804,6251.0,0.4464454024166879,21.958752982159528,21.73972474693473,68.94083239010335,1.1219274012811715,-1.1438643643290174,False,False,False,False,0,0.0
2024-07-22,Test,0.0514632011523703,0.0103855932384633,0.0346274064700645,0.0096178710764508,0.1214992268169752,5715.0,-0.2367194550251725,0.0,0.0,68.94083239010335,1.1219274012811715,-1.1438643643290174,False,False,False,False,0,0.0
2024-07-23,Test,-0.0203967624987722,-0.0016673399179435,-0.0192483283745523,-0.0153363904911186,-0.1937392976078157,6866.0,1.2280995851293544,54.69715682919737,54.69715682919737,68.94083239010335,1.1219274012811715,-1.1438643643290174,False,False,False,False,0,0.0
2024-07-24,Test,-0.1233460458940369,-0.0228907732622739,-0.0905300436873049,-0.0939531276832436,-1.186877249633815,8497.0,2.861936194303861,89.18648206706798,34.48932523787062,68.94083239010335,1.1219274012811715,-1.1438643643290174,True,False,False,True,0,0.0
2024-07-25,Test,0.0197231093962388,-0.0050473084931379,0.0259148078799603,-0.0808610187442326,-1.0214891818535978,7599.0,1.8201501980720207,72.1168297279217,-17.069652339146288,68.94083239010335,1.1219274012811715,-1.1438643643290174,True,True,False,False,0,0.0
2024-07-26,Test,-0.0020431189477511,0.0112169984719752,-0.0201194566378369,-0.0693556143496694,-0.8761454018169978,6116.0,0.1561366198613554,7.79100956627274,-64.32582016164896,68.94083239010335,1.1219274012811715,-1.1438643643290174,False,True,False,False,0,0.0
2024-07-29,Test,0.0559599767105618,0.0007396590729293,0.0535169182057924,-0.0504661026139415,-0.6375207568619914,5882.0,-0.0917931843945591,0.0,0.0,68.94083239010335,1.1219274012811715,-1.1438643643290174,False,False,False,False,0,0.0
2024-07-30,Test,-0.0408445098536537,-0.0052327557466581,-0.0343761047960576,-0.0655938790354467,-0.8286247053411184,6173.0,0.2628298770167431,13.066362114298732,13.066362114298732,68.94083239010335,1.1219274012811715,-1.1438643643290174,False,False,False,False,0,0.0
2024-07-31,Test,0.042449072025434,0.0157604986943804,0.0175933598443512,0.0425295244962094,0.5372607203932135,5733.0,-0.2917295640170544,0.0,-13.066362114298732,68.94083239010335,1.1219274012811715,-1.1438643643290174,False,False,False,False,0,0.0
2024-08-01,Test,-0.0655405965175744,-0.0136383787361744,-0.0465301284498224,-0.0299154118335733,-0.3779110136535329,4849.0,-1.5393842051946809,0.0,0.0,68.94083239010335,1.1219274012811715,-1.1438643643290174,False,False,False,False,0,0.0
2024-08-02,Test,-0.0423775819217053,-0.0182752810812715,-0.0164483736895798,-0.0262443288853162,-0.3315354970502465,4677.0,-1.7731937654401624,0.0,0.0,68.94083239010335,1.1219274012811715,-1.1438643643290174,False,False,False,False,0,0.0
2024-08-05,Test,-0.0423267364743842,-0.0300260249810194,0.0011358027899156,-0.078625444301193,-0.9932479459125012,5082.0,-1.038933767932822,0.0,0.0,68.94083239010335,1.1219274012811715,-1.1438643643290174,False,False,False,False,0,0.0
2024-08-06,Test,0.0088495296843591,0.0099748556943801,-0.0073734018984532,-0.0516227414035886,-0.6521321732067933,5402.0,-0.6020055435705405,0.0,0.0,68.94083239010335,1.1219274012811715,-1.1438643643290174,False,False,False,False,0,0.0
2024-08-07,Test,-0.0442583976765633,-0.0069383787223312,-0.0352450258914394,-0.1044611271393794,-1.3196211592958704,5273.0,-0.7484607120807413,0.0,0.0,68.94083239010335,1.1219274012811715,-1.1438643643290174,False,False,False,True,0,0.0
2024-08-08,Test,0.0369211620456231,0.0233315203438939,0.0007686987851872,-0.0571622999043696,-0.7221114928922323,5377.0,-0.6073725373358876,0.0,0.0,68.94083239010335,1.1219274012811715,-1.1438643643290174,False,False,False,False,0,0.0
2024-08-09,Test,0.0058338547750633,0.0042850599927637,-0.0018993103390896,-0.0426132365538795,-0.5383182257601832,5103.0,-0.9506065679658288,0.0,0.0,68.94083239010335,1.1219274012811715,-1.1438643643290174,False,False,False,False,0,0.0
2024-08-12,Test,-0.0125499725341796,0.0005103912803994,-0.0146509396670547,-0.0583999790108499,-0.7377466634294073,5390.0,-0.4731899464769105,0.0,0.0,68.94083239010335,1.1219274012811715,-1.1438643643290174,False,False,False,False,0,0.0
2024-08-13,Test,0.0523570613716375,0.0166098574550115,0.0262340176545878,-0.0247925594578088,-0.3131957978011517,7844.0,2.17711810895905,79.63516161565639,79.63516161565639,68.94083239010335,1.1219274012811715,-1.1438643643290174,True,False,False,False,0,0.0
2024-08-14,Test,-0.0310349655555765,0.0031914561687371,-0.0371363601173034,-0.0266838936836728,-0.3370883665690576,7312.0,1.81955986337904,72.10266115063713,-7.532500465019254,68.94083239010335,1.1219274012811715,-1.1438643643290174,True,True,False,False,0,0.0
2024-08-15,Test,0.0633627678888044,0.0171669342471643,0.0364085077066111,0.008955915237751,0.1131369684804147,5304.0,-0.5766582302568236,0.0,-72.10266115063713,68.94083239010335,1.1219274012811715,-1.1438643643290174,False,True,False,False,0,0.0
2024-08-16,Test,0.0092462675501192,0.0021047209734306,0.0047663948329823,0.015621620409823,0.1973425081636854,5151.0,-0.7735133511965709,0.0,0.0,68.94083239010335,1.1219274012811715,-1.1438643643290174,False,False,False,False,0,0.0
2024-08-19,Test,0.0305386186036922,0.0096181603480223,0.0148479135453181,0.045120473622196,0.5699912813486684,5158.0,-0.6643720788282719,0.0,0.0,68.94083239010335,1.1219274012811715,-1.1438643643290174,False,False,False,False,0,0.0
2024-08-20,Test,-0.0072736849331379,-0.0016525580596623,-0.0061473068775999,0.0127391490900082,0.1609292485248548,5647.0,-0.0045301266817732,0.0,0.0,68.94083239010335,1.1219274012811715,-1.1438643643290174,False,False,False,False,0,0.0
2024-08-21,Test,0.0098145549934058,0.0035053167228988,0.0032448478685758,0.0531203570758875,0.671051032152493,16125.0,7.465279094588808,99.88554049531172,99.88554049531172,68.94083239010335,1.1219274012811715,-1.1438643643290174,True,False,False,False,0,0.0
2024-08-22,Test,-0.0564787045686769,-0.008092354190221,-0.0457434814646801,-0.0290316320954036,-0.3667465309930159,8997.0,2.2905814748136093,81.61879821278377,-18.26674228252796,68.94083239010335,1.1219274012811715,-1.1438643643290174,True,True,False,False,0,0.0
2024-08-23,Test,0.0458558981020604,0.0108190880131255,0.0283732841673127,-0.0054247427610732,-0.0685288922997916,5587.0,-0.1895595226986396,0.0,-81.61879821278377,68.94083239010335,1.1219274012811715,-1.1438643643290174,False,True,False,False,0,0.0
2024-08-26,Test,-0.0322712435275504,-0.0024580077974838,-0.0299430507610896,-0.050215707067481,-0.6343575968392036,6014.0,0.2072928250637523,10.327685718925924,10.327685718925924,68.94083239010335,1.1219274012811715,-1.1438643643290174,False,False,False,False,0,0.0
2024-08-27,Test,-0.0187608455233908,0.0013388105965634,-0.0220979003650673,-0.0661663005549485,-0.8358559077018106,6032.0,0.2184868888353335,10.881093379444945,0.553407660519019,68.94083239010335,1.1219274012811715,-1.1438643643290174,False,False,False,False,0,0.0
2024-08-28,Test,-0.0165384379467057,-0.0057162614574923,-0.0093485921227778,-0.0787597405463022,-0.9949444637609411,5765.0,-0.0210132915133195,0.0,-10.881093379444945,68.94083239010335,1.1219274012811715,-1.1438643643290174,False,False,False,False,0,0.0
2024-08-29,Test,0.0025759357438486,0.0001559814116969,0.0010037849652439,-0.0320124741163781,-0.4044024735538089,5591.0,-0.1919374150012016,0.0,0.0,68.94083239010335,1.1219274012811715,-1.1438643643290174,False,False,False,False,0,0.0
2024-08-30,Test,0.0379581242844206,0.0094114219824528,0.0225758943516647,-0.0378098639320261,-0.4776388867432616,5507.0,-0.2825554997075956,0.0,0.0,68.94083239010335,1.1219274012811715,-1.1438643643290174,False,False,False,False,0,0.0
2024-09-03,Test,-0.0163934169204156,-0.0202301714216436,0.0124526908511577,0.0045858776802212,0.0579318009146892,6443.0,0.5548526078073829,27.05213971260329,21.937377129000563,68.94083239010335,1.1219274012811715,-1.1438643643290174,False,False,False,False,0,0.0
2024-09-04,Test,0.041832845694522,-0.0024824809008882,0.0441975548744996,0.0708813329197882,0.8954192749159641,6154.0,0.3107628404220739,15.41429017932138,-11.637849533281909,68.94083239010335,1.1219274012811715,-1.1438643643290174,False,False,False,False,0,0.0
2024-09-05,Test,0.0490405830511095,-0.0024688905276086,0.0513850139818466,0.1316149390244126,1.6626458393878147,5811.0,0.0019547842185862,0.0977391798060523,-15.316550999515329,68.94083239010335,1.1219274012811715,-1.1438643643290174,False,False,True,False,0,0.0
2024-09-06,Test,-0.0844593239607937,-0.0166517747550266,-0.0609525558817116,0.0696585981774569,0.8799728913436942,5638.0,-0.1631404380246542,0.0,-0.0977391798060523,68.94083239010335,1.1219274012811715,-1.1438643643290174,False,False,False,False,0,0.0
2024-09-09,Test,0.0262896059281696,0.0112556006253454,0.0081556698137312,0.0552383736395235,0.6978072002089973,6226.0,0.3696214011857092,18.27349848898427,18.27349848898427,68.94083239010335,1.1219274012811715,-1.1438643643290174,False,False,False,False,0,0.0
2024-09-10,Test,0.0457760840657874,0.0041216126714149,0.0382867993404829,0.0810724821288487,1.0241605253896813,6494.0,0.5827034239687479,28.33784532706237,10.064346838078102,68.94083239010335,1.1219274012811715,-1.1438643643290174,False,False,False,False,0,0.0
2024-09-11,Test,0.0086660774184694,0.0102320285640409,-0.0079405828112036,0.0289343444431455,0.3655175298518856,6297.0,0.4124176114038821,20.333486957956453,-8.004358369105919,68.94083239010335,1.1219274012811715,-1.1438643643290174,False,False,False,False,0,0.0
2024-09-12,Test,0.0073641898909537,0.0085973110418937,-0.0068033019163254,-0.0292539714550265,-0.3695552669461631,6215.0,0.334350557055158,16.563511265676503,-3.769975692279949,68.94083239010335,1.1219274012811715,-1.1438643643290174,False,False,False,False,0,0.0
2024-09-13,Test,0.0020886633855721,0.0053129007136498,-0.0071781468970397,0.0245204375296453,0.3097581759398279,5885.0,0.0380286811440653,1.9012049389190304,-14.662306326757474,68.94083239010335,1.1219274012811715,-1.1438643643290174,False,False,False,False,0,0.0
2024-09-16,Test,-0.0152416284214086,0.0015099494211143,-0.0188340401740099,-0.0024692724580958,-0.0311934618455924,6171.0,0.3124854325271162,15.498362159799475,15.498362159799475,68.94083239010335,1.1219274012811715,-1.1438643643290174,False,False,False,False,0,0.0
2024-09-17,Test,0.0048064041968332,0.0004639458625841,0.0027747384539322,-0.0379813333446465,-0.4798050003135654,6414.0,0.5081079485074818,24.872565760080484,9.374203600281009,68.94083239010335,1.1219274012811715,-1.1438643643290174,False,False,False,False,0,0.0
2024-09-18,Test,-0.0029402649901351,-0.0032458733012025,0.0005635049826186,-0.0294772455508242,-0.3723758110969475,6529.0,0.5971691980932825,29.001679329116516,4.129113569036029,68.94083239010335,1.1219274012811715,-1.1438643643290174,False,False,False,False,0,0.0
2024-09-19,Test,0.0735915556570718,0.0174447123354841,0.0462228217004904,0.0235488780659916,0.2974848024767882,6166.0,0.2990778994794607,14.843417243366108,-14.158262085750405,68.94083239010335,1.1219274012811715,-1.1438643643290174,False,False,False,False,0,0.0
2024-09-20,Test,-0.0232453190042176,-0.0019620522131839,-0.0216571435090866,0.0090698814539446,0.1145766641303894,6172.0,0.2912256546313556,14.459233392992871,-0.3841838503732369,68.94083239010335,1.1219274012811715,-1.1438643643290174,False,False,False,False,0,0.0
2024-09-23,Test,0.0493179433368311,0.0024624018627421,0.0443043735627516,0.0722082951907062,0.9121823286781008,6247.0,0.4018995217162725,19.82879098852448,6.029388739259538,68.94083239010335,1.1219274012811715,-1.1438643643290174,False,False,False,False,0,0.0
2024-09-24,Test,0.0170800170898437,0.0028753937288306,0.0114502205335705,0.0808837772703444,1.0217766824141803,6083.0,0.2813326989044361,13.974584500541171,-5.8542064879833084,68.94083239010335,1.1219274012811715,-1.1438643643290174,False,False,False,False,0,0.0
2024-09-25,Test,0.0108152149093614,-0.0020317092011983,0.012507325869343,0.0928275981570689,1.1726588258160189,6038.0,0.2413115985866302,12.0073693522776,-1.967215148263572,68.94083239010335,1.1219274012811715,-1.1438643643290174,False,False,True,False,0,0.0
2024-09-26,Test,-0.0108940468160233,0.003976361056583,-0.0181666010374947,0.0284381754190837,0.3592495987978243,6288.0,0.4546210406911221,22.34747287682669,10.340103524549084,68.94083239010335,1.1219274012811715,-1.1438643643290174,False,False,False,False,0,0.0
2024-09-27,Test,0.0245456305735665,-0.0012943618857544,0.025137542713996,0.0752328616421664,0.950390626791884,5550.0,-0.2403224374733963,0.0,-22.34747287682669,68.94083239010335,1.1219274012811715,-1.1438643643290174,False,False,False,False,0,0.0
2024-09-30,Test,0.0044921042237542,0.0043586284368071,-0.003350832654122,0.0275776554252927,0.3483789484142751,5457.0,-0.2971341279220473,0.0,0.0,68.94083239010335,1.1219274012811715,-1.1438643643290174,False,False,False,False,0,0.0
2024-10-01,Test,-0.0137981722347083,-0.0093431292522152,-0.0011966627580501,0.0149307721336721,0.188615261693757,5549.0,-0.2186889806037884,0.0,0.0,68.94083239010335,1.1219274012811715,-1.1438643643290174,False,False,False,False,0,0.0
2024-10-02,Test,-0.0348809593226284,0.0001724413338597,-0.0364776700156101,-0.034054223751281,-0.4301951879729018,5679.0,-0.1090920942814406,0.0,0.0,68.94083239010335,1.1219274012811715,-1.1438643643290174,False,False,False,False,0,0.0
2024-10-03,Test,-0.0335716025496675,-0.0018936054021427,-0.0320855568095817,-0.047973179523368,-0.6060285247857607,5575.0,-0.2286608601721933,0.0,0.0,68.94083239010335,1.1219274012811715,-1.1438643643290174,False,False,False,False,0,0.0
2024-10-04,Test,0.0391423503099881,0.0092172917236412,0.0240497828973367,-0.0490609393400273,-0.6197698169736204,5594.0,-0.225793571646658,0.0,0.0,68.94083239010335,1.1219274012811715,-1.1438643643290174,False,False,False,False,0,0.0
2024-10-07,Test,-0.0369881635167652,-0.0090003128381334,-0.0248981717552951,-0.0706082784412005,-0.8919698724688314,6626.0,0.6936253685438561,33.35458443854279,-10.887981733668717,68.94083239010335,1.1219274012811715,-1.1438643643290174,False,False,False,False,0,0.0
2024-10-08,Test,0.0152389575262299,0.0094652425330243,-0.0002235782609941,-0.0696351939441445,-0.8796772337881809,6626.0,0.672786555440555,32.4253669006237,-0.9292175379190866,68.94083239010335,1.1219274012811715,-1.1438643643290174,False,False,False,False,0,0.0
2024-10-09,Test,-0.0141104169662257,0.0068331907236685,-0.0256456579318632,-0.0588031818603975,-0.7428401850706352,6349.0,0.4099942241828507,20.21729878299175,-12.20806811763195,68.94083239010335,1.1219274012811715,-1.1438643643290174,False,False,False,False,0,0.0
2024-10-10,Test,-0.0094586133600144,-0.0016778351881963,-0.0082945192019121,-0.0350121442527279,-0.4422962651606481,6868.0,0.8332639899763712,39.40892813847479,19.191629355483038,68.94083239010335,1.1219274012811715,-1.1438643643290174,False,False,False,False,0,0.0
2024-10-11,Test,-0.087825107197193,0.0059482376614872,-0.0980399062300016,-0.1571018333800663,-1.984612928940501,11514.0,3.7577387018379578,95.43914391071311,56.03021577223834,68.94083239010335,1.1219274012811715,-1.1438643643290174,True,False,False,True,0,0.0
2024-10-14,Test,0.0062442635045711,0.0081847818872338,-0.0073076919340505,-0.1395113535588216,-1.7623985032497902,10444.0,2.637862499658677,86.65178997086849,4.139344330128523,68.94083239010335,1.1219274012811715,-1.1438643643290174,True,True,False,True,1,0.0
2024-10-15,Test,0.0018707960177875,-0.0076155691177223,0.0118946062462558,-0.1273931690515717,-1.6093136847538003,9639.0,2.082556492664545,77.83923317886205,-8.812556792006447,68.94083239010335,1.1219274012811715,-1.1438643643290174,True,True,False,True,1,1.0
2024-10-16,Test,0.008015641700267,0.0042026407874133,0.0004054546054755,-0.1013420565142329,-1.2802190227595716,8858.0,1.5954741796994585,66.27697769623634,-11.562255482625702,68.94083239010335,1.1219274012811715,-1.1438643643290174,False,True,False,True,1,1.0
2024-10-17,Test,-0.0019879927608824,0.0001497199944819,-0.0035508008543178,-0.0965983381666386,-1.2202932754825668,8183.0,1.182516292445014,53.079987634324425,-13.19699006191192,68.94083239010335,1.1219274012811715,-1.1438643643290174,False,False,False,True,0,1.0
2024-10-18,Test,-0.0008601676940163,0.0038482180687193,-0.0079415192610146,-0.0064999511976515,-0.0821116272598407,7764.0,0.908752643345448,42.5489694396446,-10.531018194679824,68.94083239010335,1.1219274012811715,-1.1438643643290174,False,False,False,False,0,0.0
2024-10-21,Test,-0.0083823782071026,-0.001544620022314,-0.0074170549201764,-0.0066093141837775,-0.0834931719022134,8299.0,1.4511123508268169,62.03391336561453,31.79594362230908,68.94083239010335,1.1219274012811715,-1.1438643643290174,False,False,False,False,0,0.0
2024-10-22,Test,-0.004021041161846,-0.0006897035878533,-0.0043313420377924,-0.0228352624678258,-0.2884699443306889,7718.0,1.085813877391936,49.51852562244824,-12.51538774316628,68.94083239010335,1.1219274012811715,-1.1438643643290174,False,False,False,False,0,0.0
2024-10-23,Test,-0.0198192746709423,-0.0091201640612987,-0.0075504524296066,-0.030791169502908,-0.3889741563030255,8210.0,1.3811179895488357,59.83409885036869,10.315573227920446,68.94083239010335,1.1219274012811715,-1.1438643643290174,False,False,False,False,0,0.0
2024-10-24,Test,0.2191903507029042,0.0022586232821311,0.2144808397477048,0.1872404710991146,2.3653438777205458,9081.0,1.8742269396169504,73.38932248761547,13.555223637246783,68.94083239010335,1.1219274012811715,-1.1438643643290174,True,False,True,False,0,0.0
2024-10-25,Test,0.0334382335984133,-0.000394327354478,0.0326872006868623,0.2278691910469916,2.878592394049384,9064.0,1.7793900289439657,71.12430609990673,-2.265016387708741,68.94083239010335,1.1219274012811715,-1.1438643643290174,True,True,True,False,-1,0.0
2024-10-28,Test,-0.0248151588662185,0.0031186059088783,-0.0308078532696591,0.2044783926975089,2.5831045577596665,8370.0,1.256609546533923,55.6883815976914,25.919727148939437,68.94083239010335,1.1219274012811715,-1.1438643643290174,False,True,True,False,-1,-1.0
2024-10-29,Test,-0.0113901209124279,0.0015921807480212,-0.0151052303502289,0.1937045043850723,2.447001766469546,7581.0,0.7124470963624572,34.18833060035836,-21.50005099733304,68.94083239010335,1.1219274012811715,-1.1438643643290174,False,False,True,False,0,-1.0
2024-10-30,Test,-0.0075909421397183,-0.0030107956714695,-0.0044379324197223,0.1968170243949567,2.4863211513570445,7700.0,0.7666110755573959,36.557469160976,2.3691385606176425,68.94083239010335,1.1219274012811715,-1.1438643643290174,False,False,True,False,0,0.0
2024-10-31,Test,-0.0298970376797017,-0.0196751798756792,-0.0018790349692608,-0.0195428503220089,-0.2468780445329241,7530.0,0.6248907260543337,30.26600980980456,-6.2914593511714365,68.94083239010335,1.1219274012811715,-1.1438643643290174,False,False,False,False,0,0.0
2024-11-01,Test,-0.0034821306973116,0.0043431682793373,-0.011301999413628,-0.0635320504224993,-0.8025783401620717,6884.0,0.1380778466032919,6.892944360693535,-23.373065449111024,68.94083239010335,1.1219274012811715,-1.1438643643290174,False,False,False,False,0,0.0
2024-11-04,Test,-0.0246606132822312,-0.0021715781992081,-0.022759803242075,-0.0554840003949152,-0.7009101177495258,8401.0,1.1303051844321914,51.17904308064032,21.772278460287243,68.94083239010335,1.1219274012811715,-1.1438643643290174,False,False,False,False,0,0.0
2024-11-05,Test,0.0354142902042771,0.0120271761821837,0.0161290831771376,-0.0242496868675486,-0.3063378768067397,9076.0,1.4909868626817817,63.24526981313024,12.066226732489923,68.94083239010335,1.1219274012811715,-1.1438643643290174,False,False,False,False,0,0.0
2024-11-06,Test,0.1475103244422446,0.0249011126764937,0.1090158663100096,0.0892041118621833,1.1268845812133386,11910.0,2.821578721749215,88.76616395402787,25.52089414089763,68.94083239010335,1.1219274012811715,-1.1438643643290174,True,False,True,False,0,0.0
2024-11-07,Test,0.0290437906570073,0.0077859264498365,0.0160869689799187,0.1071701158113628,1.3538428728627978,12558.0,2.8851315329447016,89.4213044449907,0.6551404909628218,68.94083239010335,1.1219274012811715,-1.1438643643290174,True,False,True,False,0,0.0
2024-11-08,Test,0.081876653729253,0.0044197719590832,0.0739424843621244,0.1924145995871153,2.4307068469001814,13019.0,2.838993473892068,88.94938898240063,-0.4719154625900614,68.94083239010335,1.1219274012811715,-1.1438643643290174,True,True,True,False,-1,0.0
2024-11-11,Test,0.0895959114311899,0.0008181295234539,0.0870357668596124,0.3022101696888029,3.8177161724823128,11980.0,2.037568058868,76.93708005580882,1.847776104607334,68.94083239010335,1.1219274012811715,-1.1438643643290174,True,True,True,False,-1,-1.0
2024-11-12,Test,-0.0614571707589285,-0.002997809227891,-0.0583235381622989,0.2277575483493662,2.877182050602958,12572.0,2.125578032769532,78.67289690223474,1.7358168464259194,68.94083239010335,1.1219274012811715,-1.1438643643290174,True,False,True,False,0,-1.0
2024-11-13,Test,0.0053274073853859,0.0005104746743991,0.003226315819997,0.1219679978593536,1.5407793802320704,16512.0,3.0639172799213013,91.07591731486322,12.40302041262848,68.94083239010335,1.1219274012811715,-1.1438643643290174,True,False,True,False,0,0.0
2024-11-14,Test,-0.0577155950890946,-0.006356778540108,-0.0495700312155626,0.0563109976638722,0.7113572871864342,13884.0,2.195011040398537,79.96012104198613,-11.115796272877091,68.94083239010335,1.1219274012811715,-1.1438643643290174,True,True,False,False,0,0.0
2024-11-15,Test,0.0306575254497856,-0.0129046284946844,0.0485731619061314,0.0309416752078792,0.3908754426313817,11086.0,1.285645995320772,56.68186339990952,-23.278257642076603,68.94083239010335,1.1219274012811715,-1.1438643643290174,False,True,False,False,0,0.0
2024-11-18,Test,0.0561860468479837,0.0041410320236026,0.0486677864311621,-0.007426305220571,-0.0938139360814973,10240.0,0.9062217573669892,42.44527913295921,-9.164267274345114,68.94083239010335,1.1219274012811715,-1.1438643643290174,False,False,False,False,0,0.0
2024-11-19,Test,0.0214323964542886,0.0036432744100307,0.0146568421237367,0.0655540750654646,0.828121875604825,10417.0,0.9363910430461584,43.67401776710128,1.2287386341420756,68.94083239010335,1.1219274012811715,-1.1438643643290174,False,False,False,False,0,0.0
2024-11-20,Test,-0.0114739919673501,0.0003685089933085,-0.0133632559835212,0.0489645032619463,0.6185515734734774,12069.0,1.419645212427071,61.05655817693402,17.382540409832735,68.94083239010335,1.1219274012811715,-1.1438643643290174,False,False,False,False,0,0.0
2024-11-21,Test,-0.006987644766217,0.0050470695316846,-0.0158578073002408,0.0826767271772682,1.0444263962314286,12146.0,1.3909768752861058,60.149629986561294,-0.9069281903727244,68.94083239010335,1.1219274012811715,-1.1438643643290174,False,False,False,False,0,0.0
2024-11-22,Test,0.0380402259831773,0.0033536831713425,0.0316967718749821,0.0658003371461189,0.8312328189888651,10624.0,0.8808563416259385,41.39992893667644,-18.74970104988485,68.94083239010335,1.1219274012811715,-1.1438643643290174,False,False,False,False,0,0.0
2024-11-25,Test,-0.0396244648214276,0.0032148982467163,-0.0457608373995932,-0.0286282866846364,-0.3616512084253862,9937.0,0.5756274250821051,28.012131503399385,-8.112080581731266,68.94083239010335,1.1219274012811715,-1.1438643643290174,False,False,False,False,0,0.0
2024-11-26,Test,-0.0010631895668981,0.005607929103768,-0.0107702128668273,-0.0540553416752005,-0.68286236804994,9575.0,0.4218295443266684,20.784192152107416,-7.227939351291969,68.94083239010335,1.1219274012811715,-1.1438643643290174,False,False,False,False,0,0.0
2024-11-27,Test,-0.0157880618645235,-0.003186724870161,-0.0123725474975707,-0.05306463318925,-0.670347091635108,10449.0,0.7104012192416824,34.097961706532004,13.313769554424589,68.94083239010335,1.1219274012811715,-1.1438643643290174,False,False,False,False,0,0.0
2024-11-29,Test,0.0368589878751097,0.0052675885125905,0.0276597881053085,-0.0095470377837005,-0.120604414416845,9629.0,0.3640748261104451,18.005295086055032,17.884816041376148,68.94083239010335,1.1219274012811715,-1.1438643643290174,False,False,False,False,0,0.0
2024-12-02,Test,0.034563659025395,0.0028186969205601,0.0290184599989765,-0.0122253496597062,-0.154438598668511,9943.0,0.4299043203244752,21.17016415545824,21.17016415545824,68.94083239010335,1.1219274012811715,-1.1438643643290174,False,False,False,False,0,0.0
2024-12-03,Test,-0.0158783022999925,0.000234268636351,-0.0175672657533657,0.0159682219865212,0.2017210055720653,12069.0,1.235779007571942,54.965686988507954,33.79552283304972,68.94083239010335,1.1219274012811715,-1.1438643643290174,False,False,False,False,0,0.0
2024-12-04,Test,0.0185247823097747,0.0063046751539295,0.0077781414973658,0.0345165763507144,0.4360359278727659,10817.0,0.7283871513972238,34.89024886443525,-20.075438124072704,68.94083239010335,1.1219274012811715,-1.1438643643290174,False,False,False,False,0,0.0
2024-12-05,Test,0.0322968116535151,-0.0016649459062814,0.0334416736635501,0.0803307975118353,1.0147910810716123,8778.0,-0.259030917314734,0.0,-34.89024886443525,68.94083239010335,1.1219274012811715,-1.1438643643290174,False,False,False,False,0,0.0
2024-12-06,Test,0.053397958017247,0.001990421021959,0.0490886327057221,0.1017596421122488,1.2854942366697546,9180.0,-0.0708702422015274,0.0,0.0,68.94083239010335,1.1219274012811715,-1.1438643643290174,False,False,True,False,0,0.0
2024-12-09,Test,0.0014644862094215,-0.0052075992605847,0.0078953551755417,0.080636537288814,1.018653385547814,8086.0,-0.7835673041670896,0.0,0.0,68.94083239010335,1.1219274012811715,-1.1438643643290174,False,False,False,False,0,0.0
2024-12-10,Test,0.0287333729544849,-0.0028420088734393,0.0316345352315469,0.1298383382737267,1.640202658786308,8467.0,-0.5743667797025608,0.0,0.0,68.94083239010335,1.1219274012811715,-1.1438643643290174,False,False,True,False,0,0.0
2024-12-11,Test,0.0593032229193493,0.0075766660734331,0.0466586394701296,0.1687188362464904,2.131366493734797,9060.0,-0.2012353278264538,0.0,0.0,68.94083239010335,1.1219274012811715,-1.1438643643290174,False,False,True,False,0,0.0
2024-12-12,Test,-0.015702575706076,-0.0051562644448424,-0.0093483036197419,0.1259288589631984,1.590815563689018,9223.0,-0.110530487775442,0.0,0.0,68.94083239010335,1.1219274012811715,-1.1438643643290174,False,False,True,False,0,0.0
2024-12-13,Test,0.0433628429039625,-7.205142990662772e-05,0.0421309408221342,0.1189711670796105,1.502921457231666,8539.0,-0.5056618330617103,0.0,0.0,68.94083239010335,1.1219274012811715,-1.1438643643290174,False,False,True,False,0,0.0
2024-12-16,Test,0.0614125056796777,0.003923382037025,0.0542190016609505,0.1652948135650194,2.088112003723891,9491.0,0.0804424227908042,4.019953618873078,4.019953618873078,68.94083239010335,1.1219274012811715,-1.1438643643290174,False,False,True,False,0,0.0
2024-12-17,Test,0.0363699121797382,-0.0041950375510809,0.0412899338501723,0.1749502121836448,2.210085302954845,8880.0,-0.2741501395747515,0.0,-4.019953618873078,68.94083239010335,1.1219274012811715,-1.1438643643290174,False,False,True,False,0,0.0
2024-12-18,Test,-0.0827949436951747,-0.0293634522509196,-0.0403210317985414,0.0879705409149737,1.111301307626233,8492.0,-0.5192304183535378,0.0,0.0,68.94083239010335,1.1219274012811715,-1.1438643643290174,False,False,False,False,0,0.0
2024-12-19,Test,-0.0089973221801419,-0.0003709422766625,-0.0097832480579639,0.0875355964767518,1.1058068055132129,8556.0,-0.5111619669277166,0.0,0.0,68.94083239010335,1.1219274012811715,-1.1438643643290174,False,False,False,False,0,0.0
2024-12-20,Test,-0.0346424912395865,0.0113184584319321,-0.0528702177336164,-0.0074655620789989,-0.0943098543474356,9157.0,-0.1669168784311484,0.0,0.0,68.94083239010335,1.1219274012811715,-1.1438643643290174,False,False,False,False,0,0.0
2024-12-23,Test,0.0226571239258943,0.0071581061264203,0.0106370754142408,-0.0510474883257086,-0.6448652007519801,8414.0,-0.6448395380817161,0.0,0.0,68.94083239010335,1.1219274012811715,-1.1438643643290174,False,False,False,False,0,0.0
2024-12-24,Test,0.0735717422822457,0.0102889741857179,0.0568801132672587,-0.0354573089086221,-0.4479198757359472,7779.0,-1.0604112099143042,0.0,0.0,68.94083239010335,1.1219274012811715,-1.1438643643290174,False,False,False,False,0,0.0
2024-12-26,Test,-0.0176299946309711,-1.821597057105606e-05,-0.0189422248126927,-0.0140785019227734,-0.1778488279538762,8145.0,-0.795921314384972,0.0,0.0,68.94083239010335,1.1219274012811715,-1.1438643643290174,False,False,False,False,0,0.0
2024-12-27,Test,-0.0494792261667481,-0.0103651885111805,-0.0353526980636248,-0.0396479519284343,-0.5008588143769318,9086.0,-0.2193623039479488,0.0,0.0,68.94083239010335,1.1219274012811715,-1.1438643643290174,False,False,False,False,0,0.0
2024-12-30,Test,-0.0330120925707874,-0.0111319750108909,-0.0177414393258751,-0.004519173520693,-0.0570891504212774,11816.0,1.0257994299528688,47.22014353223416,-10.743985787667242,68.94083239010335,1.1219274012811715,-1.1438643643290174,False,False,False,False,0,0.0
2024-12-31,Test,-0.0325100194177511,-0.0040294234780676,-0.0278371111548172,-0.0429933600897511,-0.5431201944428812,9712.0,-0.0180973013244269,0.0,-47.22014353223416,68.94083239010335,1.1219274012811715,-1.1438643643290174,False,False,False,False,0,0.0
2025-01-02,Test,-0.0608161593237648,-0.0025056778366744,-0.0584168379049756,-0.1582903112619856,-1.999626557486201,12708.0,1.38660726875905,60.01001210451221,60.01001210451221,68.94083239010335,1.1219274012811715,-1.1438643643290174,False,False,False,True,0,0.0
2025-01-03,Test,0.0821556732820003,0.0129128477902706,0.0615489521768696,-0.0777991342724232,-0.9828094581423278,10335.0,0.2146497878828553,10.69147050804408,-49.31854159646814,68.94083239010335,1.1219274012811715,-1.1438643643290174,False,False,False,False,0,0.0
2025-01-06,Test,0.0014861742226248,0.0058227814568931,-0.0085414311155585,-0.050987867324357,-0.6441120293371534,9974.0,0.0312776568916976,1.5637553625733904,1.5637553625733904,68.94083239010335,1.1219274012811715,-1.1438643643290174,False,False,False,False,0,0.0
2025-01-07,Test,-0.0406033400731115,-0.0112497257015881,-0.0251569905610628,-0.0584034185595447,-0.7377901140541558,10412.0,0.2936880860051818,14.579759348605318,13.016003986031928,68.94083239010335,1.1219274012811715,-1.1438643643290174,False,False,False,False,0,0.0
2025-01-08,Test,0.0014707807875757,0.0013482606828676,-0.0018803745649166,-0.0324466819696441,-0.4098876706447588,9972.0,0.0744221511099477,3.7193910114899262,-10.860368337115393,68.94083239010335,1.1219274012811715,-1.1438643643290174,False,False,False,False,0,0.0
2025-01-10,Test,-0.0005064369418008,-0.0152173661291319,0.0208600444041358,0.0468302003394673,0.5915896654989221,9743.0,-0.0245000161361009,0.0,0.0,68.94083239010335,1.1219274012811715,-1.1438643643290174,False,False,False,False,0,0.0
2025-01-13,Test,0.0217105120743665,0.0012922696103572,0.018442901220635,0.0037241493832327,0.0470458864562639,8603.0,-0.6830454331068385,0.0,0.0,68.94083239010335,1.1219274012811715,-1.1438643643290174,False,False,False,False,0,0.0
2025-01-14,Test,-0.0172324322459215,0.0012722294213025,-0.0204701410550131,-0.0082045605562218,-0.1036453655939266,8372.0,-0.8471125677368516,0.0,0.0,68.94083239010335,1.1219274012811715,-1.1438643643290174,False,False,False,False,0,0.0
2025-01-15,Test,0.0803815143975279,0.0182900437299415,0.0517514581538332,0.0687038881586743,0.8679123710690438,8372.0,-0.818583219951396,0.0,0.0,68.94083239010335,1.1219274012811715,-1.1438643643290174,False,False,False,False,0,0.0
2025-01-16,Test,-0.0336275602620967,-0.0014860354296849,-0.0327496512754663,0.0378346114481246,0.4779515135239389,8297.0,-0.8645853808792614,0.0,0.0,68.94083239010335,1.1219274012811715,-1.1438643643290174,False,False,False,False,0,0.0
2025-01-17,Test,0.0306413234047593,0.0095912551838797,0.0149907636472625,0.0319653306912513,0.403806927028296,8540.0,-0.6406160155830006,0.0,0.0,68.94083239010335,1.1219274012811715,-1.1438643643290174,False,False,False,False,0,0.0
2025-01-21,Test,-0.0056975209279748,0.0090999894674215,-0.0206150611843313,-0.007092631713715,-0.0895987544919277,16321.0,3.9295497158412007,96.14525156400882,43.1581424149888,68.94083239010335,1.1219274012811715,-1.1438643643290174,True,False,False,False,0,0.0
2025-01-22,Test,-0.0211286387103672,0.005681146785792,-0.0309449104006356,-0.0175674010593375,-0.2219228797024849,15056.0,2.9816092563191936,90.34726901233331,-5.797982551675503,68.94083239010335,1.1219274012811715,-1.1438643643290174,True,True,False,False,0,0.0
2025-01-23,Test,-0.0065765232470569,0.0055413656008147,-0.0161842268833207,-0.0855030860964915,-1.0801308073909524,13806.0,2.2353572034876303,80.67599438281799,-9.671274629515324,68.94083239010335,1.1219274012811715,-1.1438643643290174,True,True,False,False,0,0.0
2025-01-24,Test,-0.0140647418445883,-0.0030139489094307,-0.0109070271658707,-0.0636604619868959,-0.8042005188817207,12015.0,1.3549364323697648,58.98710055033518,-21.68889383248281,68.94083239010335,1.1219274012811715,-1.1438643643290174,False,True,False,False,0,0.0
2025-01-27,Test,-0.0231934502120535,-0.0139174639831493,-0.0037665579533606,-0.0824177835875191,-1.0411552517449152,10227.0,0.4328173813024168,21.309246402100836,-4.184387245585409,68.94083239010335,1.1219274012811715,-1.1438643643290174,False,False,False,False,0,0.0
2025-01-28,Test,0.0023668700890153,0.0083811885721194,-0.0114781445339789,-0.0732808669371666,-0.9257317552471208,9825.0,0.1985233793154507,9.89369647822172,-11.415549923879112,68.94083239010335,1.1219274012811715,-1.1438643643290174,False,False,False,False,0,0.0
2025-01-29,Test,-0.0225828087042521,-0.004389603354403,-0.017372474636042,-0.0597084311725731,-0.7542758854071919,9498.0,0.0113966027572497,0.5698239703597698,-9.32387250786195,68.94083239010335,1.1219274012811715,-1.1438643643290174,False,False,False,False,0,0.0
2025-01-30,Test,0.0287329542544569,0.0052220731802381,0.0196016680904651,-0.0239225361987871,-0.3022050959666539,9418.0,-0.0422309112705107,0.0,-0.5698239703597698,68.94083239010335,1.1219274012811715,-1.1438643643290174,False,False,False,False,0,0.0
2025-01-31,Test,0.0107924636189495,-0.0053386435574628,0.0174188642940955,0.004403355261179,0.0556260585509053,9327.0,-0.103201307671785,0.0,0.0,68.94083239010335,1.1219274012811715,-1.1438643643290174,False,False,False,False,0,0.0
2025-02-03,Test,-0.0517054204452533,-0.0065604673369656,-0.0432559317195317,-0.035086018504992,-0.4432294929467584,10101.0,0.3964041965308568,19.564684787306,19.564684787306,68.94083239010335,1.1219274012811715,-1.1438643643290174,False,False,False,False,0,0.0
2025-02-04,Test,0.0222320656331562,0.0066399776910861,0.0109851185907715,-0.0126227553802416,-0.1594588871911876,9405.0,-0.0153846258600385,0.0,-19.564684787306,68.94083239010335,1.1219274012811715,-1.1438643643290174,False,False,False,False,0,0.0
2025-02-05,Test,-0.0357970942434592,0.0041023071686463,-0.0432575731524109,-0.0385078538966104,-0.4864563516841929,9634.0,0.1167431526067831,5.830537119151626,5.830537119151626,68.94083239010335,1.1219274012811715,-1.1438643643290174,False,False,False,False,0,0.0
2025-02-06,Test,-0.0101806223836182,0.0035995506099679,-0.0168909362607124,-0.0750004582477881,-0.9474547553810326,11207.0,0.9548509160752808,44.41793784978814,38.58740073063651,68.94083239010335,1.1219274012811715,-1.1438643643290174,False,False,False,False,0,0.0
2025-02-07,Test,-0.0339282217314959,-0.0097197350608304,-0.0207647772516221,-0.1131840997935057,-1.429815444974844,10859.0,0.746375271273171,35.67767530064383,-8.740262549144312,68.94083239010335,1.1219274012811715,-1.1438643643290174,False,False,False,True,0,0.0
2025-02-10,Test,-0.0301144413414704,0.0071531806629525,-0.0421271405497774,-0.1120553086237514,-1.4155558179458667,8709.0,-0.5375597482197044,0.0,0.0,68.94083239010335,1.1219274012811715,-1.1438643643290174,False,False,False,True,0,0.0
2025-02-11,Test,-0.0633821181250289,0.0008990858809203,-0.0660630579949065,-0.1891034852094294,-2.38887868829901,10510.0,0.5323744761546114,26.00735007076537,26.00735007076537,68.94083239010335,1.1219274012811715,-1.1438643643290174,False,False,False,True,0,0.0
2025-02-12,Test,0.0243835913717656,-0.0033056728996352,0.0279765885597371,-0.1178693234972813,-1.4890022497207611,11719.0,1.1302674341422076,51.1776499483088,25.17029987754343,68.94083239010335,1.1219274012811715,-1.1438643643290174,False,False,False,True,0,0.0
2025-02-13,Test,0.0577397168343194,0.0105623257552933,0.0406402188709135,-0.0603381683656553,-0.7622311367771885,11616.0,1.0447225976115035,47.95204121775926,-3.2256087305495384,68.94083239010335,1.1219274012811715,-1.1438643643290174,False,False,False,False,0,0.0
2025-02-14,Test,-0.0002809633725618,3.5700114162651175e-05,-0.0016736419556493,-0.0412470330696826,-0.5210594513718458,9841.0,0.072149396227395,3.605905724578881,-44.34613549318038,68.94083239010335,1.1219274012811715,-1.1438643643290174,False,False,False,False,0,0.0
2025-02-18,Test,-0.0048617665358937,0.0028891669653581,-0.0105121141923766,-0.0096320067122817,-0.1216777973977585,11564.0,0.9472111910306896,44.11079606265717,36.39686683914282,68.94083239010335,1.1219274012811715,-1.1438643643290174,False,False,False,False,0,0.0
2025-02-19,Test,0.0182147142804449,0.00241864849959,0.0132664290710246,0.0696974803536493,0.8804640763790091,13105.0,1.6316181346897336,67.27823728850639,23.167441225849217,68.94083239010335,1.1219274012811715,-1.1438643643290174,False,False,False,False,0,0.0
2025-02-20,Test,-0.0170845454399258,-0.0042046396936866,-0.0121501963748723,0.0295706954190398,0.3735563308444146,14122.0,1.985206488170976,75.8470166783842,8.568779389877804,68.94083239010335,1.1219274012811715,-1.1438643643290174,True,False,False,False,0,0.0
2025-02-21,Test,-0.0468397471484276,-0.0170140512771557,-0.0227924248506625,-0.0338619483025362,-0.4277662389702908,10238.0,0.127930047914229,6.38779283461209,-69.45922384377211,68.94083239010335,1.1219274012811715,-1.1438643643290174,False,True,False,False,0,0.0
2025-02-24,Test,-0.0215215786749155,-0.0047305787317624,-0.0158024739096273,-0.0479907802565142,-0.606250868738146,11870.0,0.9135079394751596,42.74349179569432,26.86027156245261,68.94083239010335,1.1219274012811715,-1.1438643643290174,False,False,False,False,0,0.0
2025-02-25,Test,-0.0838955952220366,-0.0049711956814576,-0.0778174649629625,-0.1152961310271001,-1.456496002434522,11156.0,0.5239941764865198,25.616252609025317,-17.127239186669005,68.94083239010335,1.1219274012811715,-1.1438643643290174,False,False,False,True,0,0.0
2025-02-26,Test,-0.039630120487999,0.0006221718427481,-0.0418978758361006,-0.1704604359342254,-2.1533675180573817,13269.0,1.5118474385252527,63.866967154154985,38.25071454512967,68.94083239010335,1.1219274012811715,-1.1438643643290174,False,False,False,True,0,0.0
2025-02-27,Test,-0.0304332048054902,-0.0160585153220713,-0.0078116414517183,-0.1661218810110714,-2.098560059683681,12079.0,1.035674786630975,47.60291830030353,-16.264048853851456,68.94083239010335,1.1219274012811715,-1.1438643643290174,False,False,False,True,0,0.0
2025-02-28,Test,0.0391204053972438,0.0155398410057312,0.0145939374183059,-0.1287355187421029,-1.62627112244673,11483.0,0.7326543371324185,35.07749562295073,-12.5254226773528,68.94083239010335,1.1219274012811715,-1.1438643643290174,False,False,False,True,0,0.0
2025-03-03,Test,-0.0284320321437644,-0.0172237944094861,-0.0040717512961194,-0.117004796128595,-1.4780809755611723,13193.0,1.465366835844948,62.47042925138491,-1.792892230390457,68.94083239010335,1.1219274012811715,-1.1438643643290174,False,False,False,True,0,0.0
2025-03-04,Test,-0.0442999670540946,-0.0120502320691958,-0.0276591788531957,-0.0668465100188282,-0.8444487577491906,13212.0,1.4627822547290128,62.3915689193058,-0.0788603320791097,68.94083239010335,1.1219274012811715,-1.1438643643290174,False,False,False,False,0,0.0
2025-03-05,Test,0.0259520560830592,0.0112168313172225,0.0078759678052351,-0.0170726663774924,-0.2156730681957685,12836.0,1.2474055040736924,55.3700836818044,-7.021485237501395,68.94083239010335,1.1219274012811715,-1.1438643643290174,False,False,False,False,0,0.0
2025-03-06,Test,-0.0560730689868919,-0.0181395744467817,-0.0303463491560175,-0.0396073740817917,-0.5003462085254089,12596.0,1.096981606916488,49.93882450843084,-5.431259173373562,68.94083239010335,1.1219274012811715,-1.1438643643290174,False,False,False,False,0,0.0
2025-03-07,Test,-0.0029607088371812,0.0053925499978459,-0.0123463641289432,-0.0665476756290408,-0.840673686632424,14117.0,1.7128221852661334,69.44039528554728,19.50157077711644,68.94083239010335,1.1219274012811715,-1.1438643643290174,True,False,False,False,0,0.0
2025-03-10,Test,-0.1542620682219512,-0.0264395940788213,-0.116150856564545,-0.1786267808974665,-2.256530119330326,15632.0,2.1328677265075573,78.81138879678551,14.01661913315222,68.94083239010335,1.1219274012811715,-1.1438643643290174,True,False,False,True,0,0.0
2025-03-11,Test,0.0379473696429559,-0.008205572752282,0.0488515266071866,-0.1021160754370841,-1.289996935139619,23534.0,4.189446093515048,97.01431177564776,18.202922978862247,68.94083239010335,1.1219274012811715,-1.1438643643290174,True,False,False,True,0,0.0
2025-03-12,Test,0.0759389121683911,0.0048506182466845,0.0673618753667456,-0.0426301678755736,-0.5385321132700573,22889.0,3.4938841400641736,94.10265054198943,-2.9116612336583216,68.94083239010335,1.1219274012811715,-1.1438643643290174,True,True,False,False,0,0.0
2025-03-13,Test,-0.0298682081965819,-0.0130606058937822,-0.0117198372516581,-0.0240036559712142,-0.3032298538939653,17207.0,1.9201744683248,74.43157758033385,-19.671072961655582,68.94083239010335,1.1219274012811715,-1.1438643643290174,True,True,False,False,0,0.0
2025-03-14,Test,0.0386405323864447,0.0205306237212263,0.0066672979553584,-0.0049899938869125,-0.0630368606796746,13767.0,0.8911948069861847,41.82733544650485,-32.604242133829,68.94083239010335,1.1219274012811715,-1.1438643643290174,False,True,False,False,0,0.0
2025-03-17,Test,-0.0478838364080523,0.0076331737572923,-0.0606127351938514,0.0505481274837811,0.6385569485707444,17596.0,1.8813336275600316,73.55284691628779,24.02714988673737,68.94083239010335,1.1219274012811715,-1.1438643643290174,True,False,False,False,0,0.0
2025-03-18,Test,-0.0533590909682468,-0.0105482293117586,-0.0389594469691162,-0.0372628460925218,-0.4707286002540193,18767.0,2.083119244141973,77.85031991952486,4.297473003237073,68.94083239010335,1.1219274012811715,-1.1438643643290174,True,False,False,False,0,0.0
2025-03-19,Test,0.0468243893572197,0.010505852328515,0.0298091556152684,-0.0748155658439989,-0.9451190738225926,19191.0,2.080517147056233,77.79901541817036,-0.0513045013545081,68.94083239010335,1.1219274012811715,-1.1438643643290174,True,True,False,False,0,0.0
2025-03-20,Test,0.001695895427157,-0.002301796395619,0.0037910045485938,-0.0593047240437469,-0.7491759933808803,20325.0,2.247356849004175,80.88445967016746,3.085444251997103,68.94083239010335,1.1219274012811715,-1.1438643643290174,True,False,False,False,0,0.0
2025-03-21,Test,0.0526962350651838,0.0002498982360841,0.0509839506247855,-0.0149880713743198,-0.1893391031115256,20496.0,2.186663329610101,79.80909282823451,-1.0753668419329472,68.94083239010335,1.1219274012811715,-1.1438643643290174,True,True,False,False,0,0.0
2025-03-24,Test,0.1193358012680052,0.0175487248516845,0.0918118698283035,0.1374365336478352,1.73618802351207,15341.0,0.8593063589927038,40.50314249798343,-10.768052689201802,68.94083239010335,1.1219274012811715,-1.1438643643290174,False,True,True,False,-1,0.0
2025-03-25,Test,0.0350228078845167,0.0023803566096403,0.030131658154183,0.2065276387711345,2.6089919720870287,14011.0,0.4978421800139683,24.39042033174382,-16.112722166239614,68.94083239010335,1.1219274012811715,-1.1438643643290174,False,False,True,False,0,-1.0
2025-03-26,Test,-0.0558062617906892,-0.0116648898167581,-0.0397404442750776,0.1369780388807883,1.73039601826964,13397.0,0.3139666732651061,15.570636923075051,-8.819783408668766,68.94083239010335,1.1219274012811715,-1.1438643643290174,False,False,True,False,0,0.0
2025-03-27,Test,0.0039329829222258,-0.0027514310665416,0.0066989936985781,0.1398860280307726,1.7671316357994216,14800.0,0.6829749780169347,32.880471580554186,17.309834657479133,68.94083239010335,1.1219274012811715,-1.1438643643290174,False,False,True,False,0,0.0
2025-03-28,Test,-0.0350749347145293,-0.0199728423967624,-0.0066127885896331,0.0822892888163539,1.0395320219030413,13275.0,0.2381721466507044,11.852630899572771,-21.027840680981413,68.94083239010335,1.1219274012811715,-1.1438643643290174,False,False,False,False,0,0.0
2025-03-31,Test,-0.0166571213591097,0.0060884924285407,-0.0270811950795951,-0.0366037760915447,-0.4624027977036979,10919.0,-0.5451459061950182,0.0,0.0,68.94083239010335,1.1219274012811715,-1.1438643643290174,False,False,False,False,0,0.0
2025-04-01,Test,0.0358851198547365,0.0036776130586211,0.0290583286920258,-0.0376771055537019,-0.4759617962321026,10666.0,-0.6519156058870117,0.0,0.0,68.94083239010335,1.1219274012811715,-1.1438643643290174,False,False,False,False,0,0.0
2025-04-02,Test,0.0532668507997762,0.0060295330021302,0.042930750670541,0.0449940893919167,0.5683947132372088,12115.0,-0.159437533726619,0.0,0.0,68.94083239010335,1.1219274012811715,-1.1438643643290174,False,False,False,False,0,0.0
2025-04-03,Test,-0.0547461113725354,-0.0476961121001948,0.0150820341436807,0.0533771298370193,0.6742947533146072,10170.0,-0.9001696116170135,0.0,0.0,68.94083239010335,1.1219274012811715,-1.1438643643290174,False,False,False,False,0,0.0
2025-04-04,Test,-0.1041978682681468,-0.0579569217631762,-0.0190595284345269,0.0409303899921255,0.5170594092841196,8592.0,-1.6088558461270803,0.0,0.0,68.94083239010335,1.1219274012811715,-1.1438643643290174,False,False,False,False,0,0.0
2025-04-07,Test,-0.0256442366348095,-0.0042102633977881,-0.0207014964188229,0.0473100886528977,0.5976519279868288,8341.0,-1.593064148867292,0.0,0.0,68.94083239010335,1.1219274012811715,-1.1438643643290174,False,False,False,False,0,0.0
2025-04-08,Test,-0.0489947833371585,-0.0147123340501824,-0.0283818623357953,-0.0101301023749233,-0.127970067008236,7774.0,-1.8113648974460188,0.0,0.0,68.94083239010335,1.1219274012811715,-1.1438643643290174,False,False,False,False,0,0.0
2025-04-09,Test,0.2268998983962453,0.0927441730703932,0.0871765439260044,0.03411569088054,0.4309716808807672,7125.0,-2.0699701636981334,0.0,0.0,68.94083239010335,1.1219274012811715,-1.1438643643290174,False,False,False,False,0,0.0
2025-04-10,Test,-0.0727406958949262,-0.034141358326479,-0.0231376516150047,-0.0041039948781453,-0.0518443427440382,6269.0,-2.462401914639395,0.0,0.0,68.94083239010335,1.1219274012811715,-1.1438643643290174,False,False,False,False,0,0.0
2025-04-11,Test,-0.0003565623615963,0.0176118687390005,-0.0279747110430671,-0.0130191774866855,-0.1644667500584732,5966.0,-2.51758300628554,0.0,0.0,68.94083239010335,1.1219274012811715,-1.1438643643290174,False,False,False,False,0,0.0
2025-04-14,Test,0.0001585690036423,0.0100498711469985,-0.0161762934300598,-0.0084939744979224,-0.1073014314599763,5418.0,-2.3360995840462087,0.0,0.0,68.94083239010335,1.1219274012811715,-1.1438643643290174,False,False,False,False,0,0.0
2025-04-15,Test,0.0069744183248166,-0.0028052789704158,0.009820775769607,0.0297086636074799,0.3752992350783721,5126.0,-2.3575081508086297,0.0,0.0,68.94083239010335,1.1219274012811715,-1.1438643643290174,False,False,False,False,0,0.0
2025-04-16,Test,-0.0494274035985425,-0.021979855074944,-0.0179705859896492,-0.0754384663081737,-0.9529879591694226,5507.0,-2.035196645364209,0.0,0.0,68.94083239010335,1.1219274012811715,-1.1438643643290174,False,False,False,False,0,0.0
2025-04-17,Test,-0.0007452201709629,0.0013865349458468,-0.0041534847012701,-0.0564542993944392,-0.7131675682067374,5264.0,-2.062714700143106,0.0,0.0,68.94083239010335,1.1219274012811715,-1.1438643643290174,False,False,False,False,0,0.0
2025-04-21,Test,-0.0574636259591979,-0.0238271960378705,-0.0232503836585043,-0.0517299720098764,-0.6534867802348479,5144.0,-1.707487513181663,0.0,0.0,68.94083239010335,1.1219274012811715,-1.1438643643290174,False,False,False,False,0,0.0
2025-04-22,Test,0.046021983387706,0.0252344474498125,0.0070301551336306,-0.0285235234461859,-0.3603277707987645,6582.0,-1.086284108814435,0.0,0.0,68.94083239010335,1.1219274012811715,-1.1438643643290174,False,False,False,False,0,0.0
2025-04-23,Test,0.0536622440095611,0.0160647686775383,0.0283525293939621,-0.0099917698218308,-0.1262225598821,8556.0,-0.4811276790384493,0.0,0.0,68.94083239010335,1.1219274012811715,-1.1438643643290174,False,False,False,False,0,0.0
2025-04-24,Test,0.0349764859229853,0.0210133009040787,0.0022830469754165,0.0102618631432348,0.1296345550583877,6220.0,-1.1787701987185717,0.0,0.0,68.94083239010335,1.1219274012811715,-1.1438643643290174,False,False,False,False,0,0.0
2025-04-25,Test,0.098030910115499,0.0073644052676804,0.085703041846541,0.100118389691046,1.26476086453339,5317.0,-1.4873083035051402,0.0,0.0,68.94083239010335,1.1219274012811715,-1.1438643643290174,False,False,True,False,0,0.0
2025-04-28,Test,0.0032637046356942,0.0006126002758108,0.0010102310601373,0.1243790044096877,1.5712367890897856,5116.0,-1.429068070522577,0.0,0.0,68.94083239010335,1.1219274012811715,-1.1438643643290174,False,False,True,False,0,0.0
2025-04-29,Test,0.0215125010194587,0.0060620694851778,0.0111278530763351,0.1284767023523922,1.623001584834149,5100.0,-1.3841188835238691,0.0,0.0,68.94083239010335,1.1219274012811715,-1.1438643643290174,False,False,True,False,0,0.0
2025-04-30,Test,-0.033797880897321,0.0004907197311887,-0.0358694960345123,0.0642546769239177,0.811707029921156,5015.0,-1.3702352462251284,0.0,0.0,68.94083239010335,1.1219274012811715,-1.1438643643290174,False,False,False,False,0,0.0
2025-05-01,Test,-0.0058123569150553,0.007082050727394,-0.0177189228677076,0.0442527070807934,0.5590290878445159,10211.0,0.1005700090631687,5.024266410846457,5.024266410846457,68.94083239010335,1.1219274012811715,-1.1438643643290174,False,False,False,False,0,0.0
2025-05-02,Test,0.0238485765842526,0.0143370927309223,0.0011167340205664,-0.040333600745181,-0.5095203778810083,6260.0,-0.8720272773939932,0.0,-5.024266410846457,68.94083239010335,1.1219274012811715,-1.1438643643290174,False,False,False,False,0,0.0
2025-05-05,Test,-0.0241982587522208,-0.0052235504225248,-0.017743588994846,-0.0590874208001645,-0.7464308769335698,5452.0,-1.0321048329299585,0.0,0.0,68.94083239010335,1.1219274012811715,-1.1438643643290174,False,False,False,False,0,0.0
2025-05-06,Test,-0.0175194586848672,-0.0085135870939857,-0.0061557123140575,-0.0763709861905572,-0.9647681591534352,5697.0,-0.9137539103067116,0.0,0.0,68.94083239010335,1.1219274012811715,-1.1438643643290174,False,False,False,False,0,0.0
2025-05-07,Test,0.0031595972322602,0.0045172413190015,-0.0049200065488528,-0.0454214967048976,-0.5737940014632962,4830.0,-1.2049695772404123,0.0,0.0,68.94083239010335,1.1219274012811715,-1.1438643643290174,False,False,False,False,0,0.0
2025-05-08,Test,0.0311346248117785,0.0066680631385398,0.0198457713631616,-0.0078568024740283,-0.0992522584530625,4608.0,-1.2564189604614986,0.0,0.0,68.94083239010335,1.1219274012811715,-1.1438643643290174,False,False,False,False,0,0.0
2025-05-09,Test,0.0471877048514612,-0.0013287151451578,0.0478308756249009,0.0388573391303061,0.4908712773304665,4383.0,-1.309062893052869,0.0,0.0,68.94083239010335,1.1219274012811715,-1.1438643643290174,False,False,False,False,0,0.0
2025-05-12,Test,0.0674579040381508,0.033298025380281,0.0164343795472378,0.0730353076723901,0.9226296902921072,4800.0,-1.072969589445846,0.0,0.0,68.94083239010335,1.1219274012811715,-1.1438643643290174,False,False,False,False,0,0.0
2025-05-13,Test,0.0492807406268536,0.0065681367172978,0.0381409877830532,0.1173320077695009,1.482214526641195,5379.0,-0.8090725757574286,0.0,0.0,68.94083239010335,1.1219274012811715,-1.1438643643290174,False,False,True,False,0,0.0
2025-05-14,Test,0.0407399199364637,0.0012419421609792,0.0375474028672173,0.1597994171855711,2.018690568787985,5331.0,-0.799675025573873,0.0,0.0,68.94083239010335,1.1219274012811715,-1.1438643643290174,False,False,True,False,0,0.0
2025-05-15,Test,-0.0139783290782985,0.004906439422178,-0.0226386568747,0.1173149889477094,1.4819995337729637,4736.0,-1.015314089273834,0.0,0.0,68.94083239010335,1.1219274012811715,-1.1438643643290174,False,False,True,False,0,0.0
2025-05-16,Test,0.0208856061756566,0.0064486130534282,0.0099241950592126,0.0794083083820211,1.003137596102999,4512.0,-1.0827496889999997,0.0,0.0,68.94083239010335,1.1219274012811715,-1.1438643643290174,False,False,False,False,0,0.0
2025-05-19,Test,-0.0225441865271148,0.0010251490378454,-0.0254132257275698,0.0375607031072134,0.4744913245304614,5162.0,-0.7091327712766287,0.0,0.0,68.94083239010335,1.1219274012811715,-1.1438643643290174,False,False,False,False,0,0.0
2025-05-20,Test,0.0050571808730102,-0.003547869273286,0.0090115602194426,0.0084312755436028,0.1065093773337036,4644.0,-0.9334675524452148,0.0,0.0,68.94083239010335,1.1219274012811715,-1.1438643643290174,False,False,False,False,0,0.0
2025-05-21,Test,-0.0267582223577691,-0.016719281778709,-0.0031507267840435,-0.032266854107658,-0.4076159676849466,4980.0,-0.7509884956662974,0.0,0.0,68.94083239010335,1.1219274012811715,-1.1438643643290174,False,False,False,False,0,0.0
2025-05-22,Test,0.0191859826711371,0.0004667650993364,0.0171501103340276,0.0075219131010696,0.0950217172490611,4758.0,-0.8560299319130371,0.0,0.0,68.94083239010335,1.1219274012811715,-1.1438643643290174,False,False,False,False,0,0.0
2025-05-23,Test,-0.0049847881903489,-0.0067536684407484,0.0037529766596167,0.0013506947014737,0.0170628573195016,4936.0,-0.7392789506249531,0.0,0.0,68.94083239010335,1.1219274012811715,-1.1438643643290174,False,False,False,False,0,0.0
2025-05-27,Test,0.0693994771164476,0.0205485190042733,0.0373995410633829,0.0641634614924264,0.8105547370372244,4957.0,-0.6229830347852248,0.0,0.0,68.94083239010335,1.1219274012811715,-1.1438643643290174,False,False,False,False,0,0.0
2025-05-28,Test,-0.0165064358625468,-0.005705446938648,-0.0093327264245762,0.0458191748484075,0.5788177314108481,4852.0,-0.6762874388361483,0.0,0.0,68.94083239010335,1.1219274012811715,-1.1438643643290174,False,False,False,False,0,0.0
2025-05-29,Test,0.0042869117552875,0.0038502248984038,-0.0027974342101491,0.0461724674223019,0.5832807538642734,5679.0,-0.0984733016897858,0.0,0.0,68.94083239010335,1.1219274012811715,-1.1438643643290174,False,False,False,False,0,0.0
2025-05-30,Test,-0.0333956461939574,-0.0010325968199444,-0.0331943147342628,-0.0041719576459885,-0.0527028927994136,4979.0,-0.5446382799797899,0.0,0.0,68.94083239010335,1.1219274012811715,-1.1438643643290174,False,False,False,False,0,0.0
2025-06-02,Test,-0.0108814555984906,0.0058142466594865,-0.0208963261320098,-0.0288212604376151,-0.3640889788629929,4227.0,-1.1294345992567878,0.0,0.0,68.94083239010335,1.1219274012811715,-1.1438643643290174,False,False,False,False,0,0.0
2025-06-03,Test,0.0046105417753929,0.0056708194091334,-0.0051903203956829,-0.071411121896681,-0.902111915164204,4457.0,-0.8874393682507059,0.0,0.0,68.94083239010335,1.1219274012811715,-1.1438643643290174,False,False,False,False,0,0.0
2025-06-04,Test,-0.0354954007339217,-0.0006387967695942,-0.0358816598729319,-0.0979600553450367,-1.2374953759270055,4543.0,-0.7773492850512421,0.0,0.0,68.94083239010335,1.1219274012811715,-1.1438643643290174,False,False,False,True,0,0.0
2025-06-05,Test,-0.1425989378908212,-0.0046744205302132,-0.1369636269981876,-0.2321262481330752,-2.932370318536365,6691.0,1.0372459244511514,47.66365117884411,47.66365117884411,68.94083239010335,1.1219274012811715,-1.1438643643290174,False,False,False,True,0,0.0
2025-06-06,Test,0.0366701861389959,0.0102183765310659,0.0200838961612367,-0.1788480372375757,-2.259325173873888,10359.0,3.1349048530525656,91.66195867764188,43.99830749879778,68.94083239010335,1.1219274012811715,-1.1438643643290174,True,False,False,True,0,0.0
2025-06-09,Test,0.0455376135284042,0.0010714055098861,0.0425995548647059,-0.1153521562408598,-1.4572037495128467,6061.0,0.6015140221891673,29.200522841201582,-1.9001680392413896,68.94083239010335,1.1219274012811715,-1.1438643643290174,False,True,False,True,1,0.0
2025-06-10,Test,0.0567438282700305,0.005696285177005,0.0469049685268953,-0.0632568673182815,-0.7991020475262285,5647.0,0.2768274013094005,13.753649620147971,-15.446873221053613,68.94083239010335,1.1219274012811715,-1.1438643643290174,False,False,False,False,0,1.0
2025-06-11,Test,0.0010426457165473,-0.0027599393573162,0.0038213517469143,-0.0235538556984353,-0.2975476831796468,4977.0,-0.3056520975587977,0.0,-13.753649620147971,68.94083239010335,1.1219274012811715,-1.1438643643290174,False,False,False,False,0,0.0
2025-06-12,Test,-0.0224244324616615,0.0037803766863735,-0.0294045576361439,0.0840052136636083,1.061208704877916,4282.0,-1.0036328664181051,0.0,0.0,68.94083239010335,1.1219274012811715,-1.1438643643290174,False,False,False,False,0,0.0
2025-06-13,Test,0.0194290761544195,-0.0111362256517851,0.0347060717972714,0.098627389299643,1.2459255741349955,4400.0,-0.8544956079987436,0.0,0.0,68.94083239010335,1.1219274012811715,-1.1438643643290174,False,False,True,False,0,0.0
2025-06-16,Test,0.0117426680793315,0.009658025000601,-0.0040075191834126,0.0520203152515243,0.6571545856245592,4927.0,-0.3100946600434646,0.0,-15.562782962025029,68.94083239010335,1.1219274012811715,-1.1438643643290174,False,False,False,False,0,0.0
2025-06-17,Test,-0.0388296374979462,-0.0085188284612387,-0.0274580704625137,-0.0223427237378846,-0.28224787352213,4620.0,-0.5986570679807327,0.0,0.0,68.94083239010335,1.1219274012811715,-1.1438643643290174,False,False,False,False,0,0.0
2025-06-18,Test,0.0180179597897272,-0.0002001553882394,0.0169772021262561,-0.0091868733585427,-0.1160545822517209,4223.0,-1.0024612128305377,0.0,0.0,68.94083239010335,1.1219274012811715,-1.1438643643290174,False,False,False,False,0,0.0
2025-06-20,Test,0.0003416111576173,-0.0027675471319321,0.0031316687783089,0.0233493530559101,0.2949642722822315,4423.0,-0.7838402068435534,0.0,0.0,68.94083239010335,1.1219274012811715,-1.1438643643290174,False,False,False,False,0,0.0
2025-06-23,Test,0.0823193093872907,0.0102973411400419,0.0656151960069608,0.0542584772655996,0.6854285094523688,4436.0,-0.6759477139607889,0.0,0.0,68.94083239010335,1.1219274012811715,-1.1438643643290174,False,False,False,False,0,0.0
2025-06-24,Test,-0.0235459206938556,0.0109873182605673,-0.0412795516402228,0.0169864448087894,0.2145838610470047,4272.0,-0.8273100263451381,0.0,0.0,68.94083239010335,1.1219274012811715,-1.1438643643290174,False,False,False,False,0,0.0
2025-06-25,Test,-0.037947582404945,0.00050049872705,-0.0400337888201916,0.0044107264511115,0.0557191762346833,4360.0,-0.7115996250970635,0.0,0.0,68.94083239010335,1.1219274012811715,-1.1438643643290174,False,False,False,False,0,0.0
2025-06-26,Test,-0.00540372181235,0.0079147700761175,-0.0185527915692405,-0.0311192672443851,-0.3931189011839864,4541.0,-0.519623044747874,0.0,0.0,68.94083239010335,1.1219274012811715,-1.1438643643290174,False,False,False,False,0,0.0
2025-06-27,Test,-0.0065995269953356,0.0049632009395823,-0.015344548874344,-0.0495954848970381,-0.6265225454474176,3846.0,-1.2921723350889054,0.0,0.0,68.94083239010335,1.1219274012811715,-1.1438643643290174,False,False,False,False,0,0.0
2025-06-30,Test,-0.0184469954288227,0.0049982375872275,-0.0272442956271156,-0.1424549765311146,-1.7995842704878202,3730.0,-1.318334238137573,0.0,0.0,68.94083239010335,1.1219274012811715,-1.1438643643290174,False,False,False,True,0,0.0
2025-07-01,Test,-0.0533589750413172,-0.0004577096405283,-0.0540154349954132,-0.1551908598863051,-1.9604722641183017,4570.0,-0.3316375260260575,0.0,0.0,68.94083239010335,1.1219274012811715,-1.1438643643290174,False,False,False,True,0,0.0
2025-07-02,Test,0.0496824278073184,0.0044383359541324,0.0417205590304117,-0.0734365120357016,-0.9276979657504156,4497.0,-0.3915545488239914,0.0,0.0,68.94083239010335,1.1219274012811715,-1.1438643643290174,False,False,False,False,0,0.0
2025-07-03,Test,-0.0009503811144286,0.0086448025819514,-0.0151887352347804,-0.0700724557012416,-0.8852010097861787,3823.0,-1.217480265145002,0.0,0.0,68.94083239010335,1.1219274012811715,-1.1438643643290174,False,False,False,False,0,0.0
2025-07-07,Test,-0.0678928278031534,-0.0080144747963823,-0.0572738088479668,-0.1120017156748644,-1.4148787968254075,5252.0,0.4979933693152354,24.39752995872177,24.39752995872177,68.94083239010335,1.1219274012811715,-1.1438643643290174,False,False,False,True,0,0.0
2025-07-08,Test,0.0131659355142004,-0.0006658190965618,0.0128199964951779,-0.0719374235525708,-0.908760501296708,4691.0,-0.0569022626051594,0.0,-24.39752995872177,68.94083239010335,1.1219274012811715,-1.1438643643290174,False,False,False,False,0,0.0
2025-07-09,Test,-0.0064806174796113,0.0059274854485171,-0.0166644520541049,-0.0345864406112624,-0.4369184988254487,4268.0,-0.5176177926018849,0.0,0.0,68.94083239010335,1.1219274012811715,-1.1438643643290174,False,False,False,False,0,0.0
2025-07-10,Test,0.0472826483827995,0.0029288374537201,0.0415731082351352,-0.0347338914065389,-0.4387811935400308,4207.0,-0.598991996236333,0.0,0.0,68.94083239010335,1.1219274012811715,-1.1438643643290174,False,False,False,False,0,0.0
2025-07-11,Test,0.0117469090450688,-0.0035982919277495,0.0157765242318677,-0.0037686319398907,-0.0476078191540337,4231.0,-0.5564589839318331,0.0,0.0,68.94083239010335,1.1219274012811715,-1.1438643643290174,False,False,False,False,0,0.0
2025-07-14,Test,0.010813001260769,0.0019713400468928,0.006532146746932,0.0600373236550081,0.7584306699748086,5078.0,0.5417832775481286,26.445431189171952,26.445431189171952,68.94083239010335,1.1219274012811715,-1.1438643643290174,False,False,False,False,0,0.0
2025-07-15,Test,-0.0193120707953897,-0.0043353398258058,-0.0141827035508963,0.0330346236089337,0.4173149332914894,8852.0,3.563941078204752,94.49066948633572,68.04523829716376,68.94083239010335,1.1219274012811715,-1.1438643643290174,True,False,False,False,0,0.0
2025-07-16,Test,0.0350409121925865,0.0032875848988589,0.0287960835758493,0.078495159238888,0.9916020999440924,7070.0,2.0691073416708115,77.57282357459724,-16.917845911738482,68.94083239010335,1.1219274012811715,-1.1438643643290174,True,True,False,False,0,0.0
2025-07-17,Test,-0.007025863995037,0.0059956307736819,-0.0173113784763179,0.0196106725274348,0.2477348189120732,5644.0,0.8860743231602014,41.615877368486494,-35.95694620611074,68.94083239010335,1.1219274012811715,-1.1438643643290174,False,True,False,False,0,0.0
2025-07-18,Test,0.0320590780406724,-0.0004504536314159,0.0313917913669383,0.0352259396625054,0.4449970683611179,5380.0,0.6352652955731198,30.73647828334545,-10.879399085141046,68.94083239010335,1.1219274012811715,-1.1438643643290174,False,False,False,False,0,0.0
2025-07-21,Test,-0.0035188948387289,0.0017854994324508,-0.007522455843318,0.0211713370722553,0.2674501523792308,5574.0,0.7840780508865909,37.31167220704898,6.788636261766484,68.94083239010335,1.1219274012811715,-1.1438643643290174,False,False,False,False,0,0.0
2025-07-22,Test,0.0110201078413521,0.0,0.0096806975385403,0.045034738161692,0.5689082150360486,4979.0,0.2362508352419417,11.757904148218849,-25.55376805883013,68.94083239010335,1.1219274012811715,-1.1438643643290174,False,False,False,False,0,0.0
2025-07-23,Test,0.0013550095657464,0.0084954978327964,-0.0126605663531617,0.0035780882326809,0.0452007466411236,5473.0,0.6808066122961163,32.78374022560115,21.0258360773823,68.94083239010335,1.1219274012811715,-1.1438643643290174,False,False,False,False,0,0.0
2025-07-24,Test,-0.0819702007630128,0.0006862602788058,-0.0843335827177633,-0.0634441160087644,-0.8014674952365718,5649.0,0.8103752796799558,38.43789367216889,5.65415344656774,68.94083239010335,1.1219274012811715,-1.1438643643290174,False,False,False,False,0,0.0
2025-07-25,Test,0.0352440556693425,0.003977622314242,0.0279696195203743,-0.0668662878553285,-0.844698604292546,4388.0,-0.3923052569153906,0.0,-38.43789367216889,68.94083239010335,1.1219274012811715,-1.1438643643290174,False,False,False,False,0,0.0
2025-07-28,Test,0.0301524990600245,-0.000238975237061,0.0291696646451423,-0.030174167366868,-0.3811797824881352,4513.0,-0.215853754919822,0.0,0.0,68.94083239010335,1.1219274012811715,-1.1438643643290174,False,False,False,False,0,0.0
2025-07-29,Test,-0.013483166498468,-0.0025965496638779,-0.0109482548701185,-0.050803119775527,-0.6417781776811314,4652.0,-0.0592181558900624,0.0,0.0,68.94083239010335,1.1219274012811715,-1.1438643643290174,False,False,False,False,0,0.0
2025-07-30,Test,-0.0067247932130124,-0.0012157237554113,-0.0062502173351056,-0.0443927707574708,-0.5607984636540035,4267.0,-0.4534359962880907,0.0,0.0,68.94083239010335,1.1219274012811715,-1.1438643643290174,False,False,False,False,0,0.0
2025-07-31,Test,-0.0337575828823786,-0.0037550649750555,-0.0294940460171915,0.0104467659431009,0.1319703679468591,4319.0,-0.393849723224396,0.0,0.0,68.94083239010335,1.1219274012811715,-1.1438643643290174,False,False,False,False,0,0.0
2025-08-01,Test,-0.0182955990912538,-0.016471172949548,0.004941692325969,-0.0125811612513043,-0.1589334429982026,4179.0,-0.5561227339483235,0.0,0.0,68.94083239010335,1.1219274012811715,-1.1438643643290174,False,False,False,False,0,0.0
2025-08-04,Test,0.0219079561703732,0.0152070331285425,-0.0021219278705052,-0.0438727537669519,-0.5542292695176383,6068.0,1.1810633300555786,53.02778789429716,53.02778789429716,68.94083239010335,1.1219274012811715,-1.1438643643290174,False,False,False,False,0,0.0
2025-08-05,Test,-0.0017461311772288,-0.004809312602232,0.0040904527048,-0.0288340461920333,-0.3642504968604518,5341.0,0.6148906566550467,29.811123631700887,-23.216664262596275,68.94083239010335,1.1219274012811715,-1.1438643643290174,False,False,False,False,0,0.0
2025-08-06,Test,0.0362464446655872,0.0074306171419122,0.0238197813995574,0.0012359525426296,0.0156133594553641,4366.0,-0.2955528454716764,0.0,-29.811123631700887,68.94083239010335,1.1219274012811715,-1.1438643643290174,False,False,False,False,0,0.0
2025-08-07,Test,0.0073770289285954,-0.0006018036058313,0.0069355721449328,0.037665570704754,0.4758160804892439,4228.0,-0.439864434645162,0.0,0.0,68.94083239010335,1.1219274012811715,-1.1438643643290174,False,False,False,False,0,0.0
2025-08-08,Test,0.022900068682782,0.0076553060778501,0.0101381461747266,0.0428620245535117,0.541461078201891,4126.0,-0.5493595643456304,0.0,0.0,68.94083239010335,1.1219274012811715,-1.1438643643290174,False,False,False,False,0,0.0
2025-08-11,Test,0.0284544366949328,-0.0020486583507156,0.0301718375473448,0.0751557899713617,0.949417007127218,4518.0,0.0558175954718098,2.7901553929374514,2.7901553929374514,68.94083239010335,1.1219274012811715,-1.1438643643290174,False,False,False,False,0,0.0
2025-08-12,Test,0.0053387533997308,0.0106751884486018,-0.0119291474307481,0.0591361898358136,0.747046959232539,4515.0,0.0471581987751333,2.35747305709755,-0.4326823358399014,68.94083239010335,1.1219274012811715,-1.1438643643290174,False,False,False,False,0,0.0
2025-08-13,Test,-0.0042835097722239,0.0034869072939678,-0.0108257481159865,0.0244906603202696,0.3093820107898524,4405.0,-0.0927295153055929,0.0,-2.35747305709755,68.94083239010335,1.1219274012811715,-1.1438643643290174,False,False,False,False,0,0.0
2025-08-14,Test,-0.0111969422354715,1.6771332979281794e-05,-0.0125613771099601,0.0049937110653766,0.0630838185049293,4569.0,0.11767891869068,5.877165090325287,5.877165090325287,68.94083239010335,1.1219274012811715,-1.1438643643290174,False,False,False,False,0,0.0
2025-08-15,Test,-0.0149591430196652,-0.002158986445136,-0.0130771211851159,-0.018221556294466,-0.2301865957218222,3745.0,-0.986290478716478,0.0,-5.877165090325287,68.94083239010335,1.1219274012811715,-1.1438643643290174,False,False,False,False,0,0.0
2025-08-18,Test,0.0139157978505861,-0.0003550419771108,0.0131061470734787,-0.035287246768332,-0.4457715397485084,3769.0,-0.853998710622905,0.0,0.0,68.94083239010335,1.1219274012811715,-1.1438643643290174,False,False,False,False,0,0.0
2025-08-19,Test,-0.0174543681811547,-0.0054621320444104,-0.0106437098505967,-0.0340018091881806,-0.4295330529910509,3787.0,-0.8063151736993339,0.0,0.0,68.94083239010335,1.1219274012811715,-1.1438643643290174,False,False,False,False,0,0.0
2025-08-20,Test,-0.0164283006960539,-0.0026352861422821,-0.0138355902164422,-0.0370116512886363,-0.467555343489614,5662.0,1.3934955333413588,60.22993976666648,60.22993976666648,68.94083239010335,1.1219274012811715,-1.1438643643290174,False,False,False,False,0,0.0
2025-08-21,Test,-0.0117011689297318,-0.0039381589238632,-0.0071644368658557,-0.0316147110445319,-0.3993776707360643,4259.0,-0.1810954110309644,0.0,-60.22993976666648,68.94083239010335,1.1219274012811715,-1.1438643643290174,False,False,False,False,0,0.0
2025-08-22,Test,0.0621662095051711,0.0153012263790672,0.0379957793459756,0.0194581894865597,0.245808553585603,3910.0,-0.6485199934989536,0.0,0.0,68.94083239010335,1.1219274012811715,-1.1438643643290174,False,False,False,False,0,0.0
2025-08-25,Test,0.0193817715614703,-0.004231131395353,0.0243556489984196,0.0307076914115006,0.387919606550639,4009.0,-0.5076131693687247,0.0,-15.109677245009642,68.94083239010335,1.1219274012811715,-1.1438643643290174,False,False,False,False,0,0.0
2025-08-26,Test,0.0146278339149956,0.0039950603561169,0.007327378395394,0.0486787796574914,0.6149421263568876,3939.0,-0.5895945345672956,0.0,0.0,68.94083239010335,1.1219274012811715,-1.1438643643290174,False,False,False,False,0,0.0
2025-08-27,Test,-0.0058862207330171,0.0022932801570296,-0.0106474433470971,0.0518669265268365,0.6552168791088577,3911.0,-0.6306951191517832,0.0,0.0,68.94083239010335,1.1219274012811715,-1.1438643643290174,False,False,False,False,0,0.0
2025-08-28,Test,-0.010354676927882,0.0035329815243123,-0.0169656628113387,0.0420657005813535,0.5314013938763298,3683.0,-0.957391698409928,0.0,0.0,68.94083239010335,1.1219274012811715,-1.1438643643290174,False,False,False,False,0,0.0
2025-08-29,Test,-0.0350020679940933,-0.0057668751288912,-0.0277367013126808,-0.0236667800773029,-0.298974217660318,3622.0,-1.038236514121397,0.0,0.0,68.94083239010335,1.1219274012811715,-1.1438643643290174,False,False,False,False,0,0.0
2025-09-02,Test,-0.0135082811620792,-0.0073683826898246,-0.003853298771573,-0.0518757278472956,-0.6553280631351621,3702.0,-0.8165066912873006,0.0,0.0,68.94083239010335,1.1219274012811715,-1.1438643643290174,False,False,False,False,0,0.0
2025-09-03,Test,0.01436121932444,0.0051128536027627,0.005392900120107,-0.0538102061225827,-0.6797656557035526,3617.0,-0.953475100965078,0.0,0.0,68.94083239010335,1.1219274012811715,-1.1438643643290174,False,False,False,False,0,0.0
2025-09-04,Test,0.013289839534482,0.0082302735760511,-0.0003299942313375,-0.0434927570068232,-0.5494289023488953,3613.0,-0.9733702629815724,0.0,0.0,68.94083239010335,1.1219274012811715,-1.1438643643290174,False,False,False,False,0,0.0
2025-09-05,Test,0.036363092201525,-0.0027322783360916,0.0391005251137,0.0125734309182156,0.1588357883835945,6502.0,2.074383836429042,77.6776758131701,77.6776758131701,68.94083239010335,1.1219274012811715,-1.1438643643290174,True,False,False,False,0,0.0
2025-09-08,Test,-0.0126553485570388,0.002588633367867,-0.0178572688547045,0.0224528633761918,0.283639229341922,4703.0,0.356600933101441,17.643473500041164,17.643473500041164,68.94083239010335,1.1219274012811715,-1.1438643643290174,False,True,False,False,0,0.0
2025-09-09,Test,0.0016455177086092,0.0024306914394687,-0.0033207368186087,0.0229854253291561,0.2903668996343353,5137.0,0.7846263678981213,37.3352689157789,19.69179541573774,68.94083239010335,1.1219274012811715,-1.1438643643290174,False,False,False,False,0,0.0
2025-09-10,Test,0.0023633378140295,0.0028932735881734,-0.0032931373504528,0.0142993878585963,0.1806392033086601,5057.0,0.6874987229189808,33.08205488365394,-4.253214032124966,68.94083239010335,1.1219274012811715,-1.1438643643290174,False,False,False,False,0,0.0
2025-09-11,Test,0.0604387374485395,0.00815439249503,0.0469321261411423,0.0615615082310762,0.7776851646594031,4100.0,-0.3746700339914176,0.0,-33.08205488365394,68.94083239010335,1.1219274012811715,-1.1438643643290174,False,False,False,False,0,0.0
2025-09-12,Test,0.0735609258490945,-0.0002151250478182,0.0725425044733576,0.0950034875907338,1.2001460817511511,3945.0,-0.5866397838142499,0.0,0.0,68.94083239010335,1.1219274012811715,-1.1438643643290174,False,False,True,False,0,0.0
2025-09-15,Test,0.0356114714769246,0.0052115192475665,0.0264959328772403,0.1393566893226787,1.7604446836406242,4707.0,0.5365862210050675,26.20358580105061,26.20358580105061,68.94083239010335,1.1219274012811715,-1.1438643643290174,False,False,True,False,0,0.0
2025-09-16,Test,0.0282411138692506,-0.0013168597793354,0.0288665952048772,0.1715440213461648,2.167056076439407,4433.0,0.2119913886726832,10.560051324213708,-15.643534476836908,68.94083239010335,1.1219274012811715,-1.1438643643290174,False,False,True,False,0,0.0
2025-09-17,Test,0.0100564258893758,-0.0011535172250531,0.0104381831595044,0.1852753418561221,2.340519082116493,4672.0,0.5483909532284243,26.75243987055289,16.19238854633918,68.94083239010335,1.1219274012811715,-1.1438643643290174,False,False,True,False,0,0.0
2025-09-18,Test,-0.0211571398064291,0.0047022360406538,-0.029512774936843,0.1088304407781367,1.3748171818470247,5661.0,1.7122387877630898,69.42528797264087,42.67284810208798,68.94083239010335,1.1219274012811715,-1.1438643643290174,True,False,True,False,0,0.0
2025-09-19,Test,0.02211827056664,0.0046640020055948,0.0138196845898037,0.0501076208945828,0.6329921817351378,5344.0,1.3503899020349837,58.83867301996265,-10.586614952678223,68.94083239010335,1.1219274012811715,-1.1438643643290174,False,True,False,False,0,0.0
2025-09-22,Test,0.0191048043535841,0.0048708890864042,0.0104975213525374,0.0341092093698798,0.430889802206416,4849.0,0.8259505675333345,39.099603688195856,33.86637682343427,68.94083239010335,1.1219274012811715,-1.1438643643290174,False,False,False,False,0,0.0
2025-09-23,Test,-0.0192533233137897,-0.005237849457008,-0.0127773179110148,-0.0075347037460122,-0.0951832970268163,4604.0,0.5344068238905241,26.10206917285375,-12.997534515342108,68.94083239010335,1.1219274012811715,-1.1438643643290174,False,False,False,False,0,0.0
2025-09-24,Test,0.0397792701622938,-0.0033358185600691,0.0434172478083607,0.025444360902844,0.3214297792072728,4343.0,0.1630709394915424,8.13552654391281,-17.96654262894094,68.94083239010335,1.1219274012811715,-1.1438643643290174,False,False,False,False,0,0.0
2025-09-25,Test,-0.0438130796135979,-0.0047744137383474,-0.0380285684631642,0.0169285673765227,0.2138527155352114,4382.0,0.2050590447777966,10.2171752905496,2.081648746636789,68.94083239010335,1.1219274012811715,-1.1438643643290174,False,False,False,False,0,0.0
2025-09-26,Test,0.0401756741055197,0.0058853455120728,0.0300547166953704,0.0331635994820895,0.4189442407278135,4033.0,-0.3285358465502608,0.0,-10.2171752905496,68.94083239010335,1.1219274012811715,-1.1438643643290174,False,False,False,False,0,0.0
2025-09-29,Test,0.0063805576692497,0.0028105788857297,0.0008474715944218,0.0235135497239739,0.2970385117950194,3900.0,-0.4768524591051937,0.0,0.0,68.94083239010335,1.1219274012811715,-1.1438643643290174,False,False,False,False,0,0.0
2025-09-30,Test,0.0034069849388267,0.003687850350325,-0.0034350813269624,0.0328557863080263,0.415055743745947,3696.0,-0.7987037748396337,0.0,0.0,68.94083239010335,1.1219274012811715,-1.1438643643290174,False,False,False,False,0,0.0
2025-10-01,Test,0.0331444283907076,0.0035761551711255,0.0264690229396133,0.0159075614392789,0.2009547019348411,3814.0,-0.5879903144945707,0.0,0.0,68.94083239010335,1.1219274012811715,-1.1438643643290174,False,False,False,False,0,0.0
2025-10-02,Test,-0.0510599222813328,0.0011065083694037,-0.0540503580593098,-0.0001142281568666,-0.0014430046555737,5302.0,1.4444259680756495,61.82782048201726,61.82782048201726,68.94083239010335,1.1219274012811715,-1.1438643643290174,False,False,False,False,0,0.0
2025-10-03,Test,-0.0141514069443449,8.117236516347326e-05,-0.0156119348513881,-0.0457808797036252,-0.5783339621395712,4779.0,0.7570058090328426,36.14066196478152,-25.687158517235737,68.94083239010335,1.1219274012811715,-1.1438643643290174,False,False,False,False,0,0.0
2025-10-06,Test,0.0544866904575465,0.0034130659486448,0.0480546310745759,0.0014262797765288,0.018017697336082,4165.0,-0.0033490296511418,0.0,0.0,68.94083239010335,1.1219274012811715,-1.1438643643290174,False,False,False,False,0,0.0
2025-10-07,Test,-0.0444787725584321,-0.0035633356835562,-0.0405013157206118,-0.0356399546171205,-0.4502271755726359,4320.0,0.2325160994267728,11.57370873357527,11.57370873357527,68.94083239010335,1.1219274012811715,-1.1438643643290174,False,False,False,False,0,0.0
2025-10-08,Test,0.0129303520073609,0.0058030446215033,0.002932196078625,-0.0591767814781088,-0.7475597393597523,4144.0,-0.039045788729828,0.0,-11.57370873357527,68.94083239010335,1.1219274012811715,-1.1438643643290174,False,False,False,False,0,0.0
2025-10-09,Test,-0.0071804551709725,-0.002698978239687,-0.0044927094631692,-0.0096191328819682,-0.1215151667680865,4240.0,0.0877753009206467,4.385949444006834,4.385949444006834,68.94083239010335,1.1219274012811715,-1.1438643643290174,False,False,False,False,0,0.0
2025-10-10,Test,-0.0506268491480562,-0.0268838025902675,-0.0118528322295582,-0.0058600302601383,-0.0740277281813618,4572.0,0.5707597480901878,27.787692913473588,23.401743469466755,68.94083239010335,1.1219274012811715,-1.1438643643290174,False,False,False,False,0,0.0
2025-10-13,Test,0.054197209585187,0.0151537354278286,0.0302468512524546,-0.0236678100822596,-0.2989872293554073,5570.0,1.8784104388787104,73.48568789612212,73.48568789612212,68.94083239010335,1.1219274012811715,-1.1438643643290174,True,False,False,False,0,0.0
2025-10-14,Test,-0.0152787422697027,-0.0014106778769343,-0.0145132745829102,0.002320231055442,0.0293106735401328,4811.0,0.8819258729370503,41.444230052105695,-32.04145784401642,68.94083239010335,1.1219274012811715,-1.1438643643290174,False,True,False,False,0,0.0
2025-10-15,Test,0.0137685299519327,0.0044024949190892,0.0058601397238999,0.0052481747007169,0.0662983692824488,4491.0,0.4189343680651373,20.64564508069164,-20.79858497141406,68.94083239010335,1.1219274012811715,-1.1438643643290174,False,False,False,False,0,0.0
2025-10-16,Test,-0.014707558281632,-0.0066075794547153,-0.0061877733803509,0.0035531107835353,0.0448852151960746,3520.0,-1.152704045884269,0.0,-20.64564508069164,68.94083239010335,1.1219274012811715,-1.1438643643290174,False,False,False,False,0,0.0
2025-10-17,Test,0.0246297319150874,0.0055483657079244,0.0150115833915668,0.0304175264046604,0.3842540527393859,3297.0,-1.5746545856334415,0.0,0.0,68.94083239010335,1.1219274012811715,-1.1438643643290174,False,False,False,False,0,0.0
2025-10-20,Test,0.0184835199797712,0.0104951810167419,0.0014842089439449,0.0016548840961507,0.0209055763542447,3523.0,-1.0018930238885235,0.0,0.0,68.94083239010335,1.1219274012811715,-1.1438643643290174,False,False,False,False,0,0.0
2025-10-21,Test,-0.0107949548562461,-0.0001297112109599,-0.0119408225527558,0.0042273361263051,0.0534024699186415,3519.0,-0.9816208072716204,0.0,0.0,68.94083239010335,1.1219274012811715,-1.1438643643290174,False,False,False,False,0,0.0
2025-10-22,Test,-0.0082015472949711,-0.0050560006003413,-0.0019968792840209,-0.0036296828816158,-0.0458525239319252,4152.0,0.0277018903354196,1.3850059473818948,1.3850059473818948,68.94083239010335,1.1219274012811715,-1.1438643643290174,False,False,False,False,0,0.0
2025-10-23,Test,0.0228034028243133,0.0056517869375618,0.0130309390786709,0.015589029577406,0.1969307994904751,4294.0,0.2332181796190244,11.60834111392365,10.223335166541755,68.94083239010335,1.1219274012811715,-1.1438643643290174,False,False,False,False,0,0.0
2025-10-24,Test,-0.0339881718388788,0.0082760459926387,-0.0476763028069028,-0.0470988566210637,-0.5949835070501361,3549.0,-0.9055066500472556,0.0,-11.60834111392365,68.94083239010335,1.1219274012811715,-1.1438643643290174,False,False,False,False,0,0.0
2025-10-27,Test,0.0431154019976025,0.0119670069000554,0.023919973792172,-0.0246630917728366,-0.3115602774768652,4152.0,0.0893373698596402,4.4638999607447065,4.4638999607447065,68.94083239010335,1.1219274012811715,-1.1438643643290174,False,False,False,False,0,0.0
2025-10-28,Test,0.0179699706554492,0.0026824399833011,0.0126280811392007,-9.418808088007026e-05,-0.0011898453318139,4752.0,0.8592561317382358,40.50104310410384,36.03714314335914,68.94083239010335,1.1219274012811715,-1.1438643643290174,False,False,False,False,0,0.0
2025-10-29,Test,0.0020845119924046,0.000411676522662,0.0001308375364815,0.0020335287396224,0.0256888627025965,4219.0,0.1442756169095303,7.201293660747424,-33.29974944335642,68.94083239010335,1.1219274012811715,-1.1438643643290174,False,False,False,False,0,0.0
2025-10-30,Test,-0.046391201077052,-0.0106179164721436,-0.0318875765927585,-0.0428849869318071,-0.5417511539563483,4091.0,-0.0585745913544103,0.0,-7.201293660747424,68.94083239010335,1.1219274012811715,-1.1438643643290174,False,False,False,False,0,0.0
2025-10-31,Test,0.0374005708402707,0.002878863283344,0.0317655973481083,0.036556913223204,0.4618107953546794,4430.0,0.3928355628091696,19.39302330967192,19.39302330967192,68.94083239010335,1.1219274012811715,-1.1438643643290174,False,False,False,False,0,0.0
2025-11-03,Test,0.0258673506696742,0.0019616907092854,0.0216008939703037,0.0342378334013357,0.4325146649486747,4134.0,-0.0126557397406445,0.0,0.0,68.94083239010335,1.1219274012811715,-1.1438643643290174,False,False,False,False,0,0.0
2025-11-04,Test,-0.0514763661270191,-0.0115875316269964,-0.0355259750695717,-0.0139162228074366,-0.17579881221908,4377.0,0.3070650932002584,15.233744500122723,15.233744500122723,68.94083239010335,1.1219274012811715,-1.1438643643290174,False,False,False,False,0,0.0
2025-11-05,Test,0.0400891306151764,0.0030114149763156,0.0342563762223687,0.0202093158784505,0.2552972725683324,4436.0,0.4503875861010737,22.146276412963815,6.912531912841093,68.94083239010335,1.1219274012811715,-1.1438643643290174,False,False,False,False,0,0.0
2025-11-06,Test,-0.0349730634015603,-0.010628430168318,-0.0204537513899944,0.0316431410812146,0.3997368175210307,5892.0,2.2953649759653403,81.69848802314218,59.55221161017836,68.94083239010335,1.1219274012811715,-1.1438643643290174,True,False,False,False,0,0.0
2025-11-07,Test,-0.0367563286623574,0.0010548446257634,-0.0396696767659425,-0.0397921330328362,-0.5026802042216483,11597.0,6.313697061258699,99.63839013904992,17.939902115907756,68.94083239010335,1.1219274012811715,-1.1438643643290174,True,False,False,False,0,0.0
2025-11-10,Test,0.0365757645150157,0.0155294864089292,0.0120647466705529,-0.0493282803325869,-0.6231470429349883,4517.0,0.3270737551984757,16.20944130555516,-12.361666526583992,68.94083239010335,1.1219274012811715,-1.1438643643290174,False,True,False,False,0,0.0
2025-11-11,Test,-0.0126002644267232,0.0022984704943447,-0.0173692315634555,-0.0311715368264708,-0.3937792046710036,4399.0,0.1974138693832046,9.838760995243057,-6.370680310312105,68.94083239010335,1.1219274012811715,-1.1438643643290174,False,False,False,False,0,0.0
2025-11-12,Test,-0.020517695086338,0.0004937886584541,-0.0225938893819313,-0.0880218024307709,-1.1119488765617405,4066.0,-0.1737518571964776,0.0,-9.838760995243057,68.94083239010335,1.1219274012811715,-1.1438643643290174,False,False,False,False,0,0.0
2025-11-13,Test,-0.066442209622874,-0.016284042716389,-0.0434841359600415,-0.111052187000818,-1.402883730680296,3924.0,-0.3630588072465845,0.0,0.0,68.94083239010335,1.1219274012811715,-1.1438643643290174,False,False,False,True,0,0.0
2025-11-14,Test,0.0058708324248686,-0.0002589785543037,0.0049178450380511,-0.0664646651968243,-0.8396250446562651,3742.0,-0.6006051497530294,0.0,0.0,68.94083239010335,1.1219274012811715,-1.1438643643290174,False,False,False,False,0,0.0
2025-11-17,Test,0.0113021077166715,-0.0093715915538961,0.0239460859052313,-0.0545833259621459,-0.6895322102765065,3798.0,-0.4585952905357481,0.0,0.0,68.94083239010335,1.1219274012811715,-1.1438643643290174,False,False,False,False,0,0.0
2025-11-18,Test,-0.0187567572529434,-0.0082346677055417,-0.0078091875949106,-0.045023281993601,-0.5687634932411442,3871.0,-0.3445847133490707,0.0,0.0,68.94083239010335,1.1219274012811715,-1.1438643643290174,False,False,False,False,0,0.0
2025-11-19,Test,0.0068286360981308,0.0036244896070978,8.111064566596916e-05,-0.0223482819660037,-0.2823180886886228,3932.0,-0.2482735734240521,0.0,0.0,68.94083239010335,1.1219274012811715,-1.1438643643290174,False,False,False,False,0,0.0
2025-11-20,Test,-0.0216836541988695,-0.0151674357583297,-0.0003916741549186,0.0207441798391191,0.2620540233250168,3959.0,-0.200553175704204,0.0,0.0,68.94083239010335,1.1219274012811715,-1.1438643643290174,False,False,False,False,0,0.0
2025-11-21,Test,-0.010474950113494,0.0099505377822985,-0.0266615968443707,-0.0108352620433027,-0.1368781043285097,3677.0,-0.5471611532760364,0.0,0.0,68.94083239010335,1.1219274012811715,-1.1438643643290174,False,False,False,False,0,0.0
2025-11-24,Test,0.0682451678419993,0.0148697078864716,0.0447186081170276,0.0099372601684935,0.12553395835252,3527.0,-0.6780443156861035,0.0,0.0,68.94083239010335,1.1219274012811715,-1.1438643643290174,False,False,False,False,0,0.0
2025-11-25,Test,0.003877627272538,0.0093016758377937,-0.0113408500076004,0.0064055977558038,0.080919692980321,3533.0,-0.650995118474174,0.0,0.0,68.94083239010335,1.1219274012811715,-1.1438643643290174,False,False,False,False,0,0.0
2025-11-26,Test,0.0171196775876762,0.0069121376589613,0.0054666395904402,0.011791126700578,0.1489532107504479,3815.0,-0.275018440712704,0.0,0.0,68.94083239010335,1.1219274012811715,-1.1438643643290174,False,False,False,False,0,0.0
2025-11-28,Test,0.0084158351738814,0.0055364264878203,-0.0011844987925236,0.010998302062973,0.1389377323036312,3289.0,-0.9764269138867416,0.0,0.0,68.94083239010335,1.1219274012811715,-1.1438643643290174,False,False,False,False,0,0.0
2025-12-01,Test,-6.973703038437584e-05,-0.0045988202992104,0.0054527704612398,0.0431126693685836,0.5446273871485235,4239.0,0.2594354098461151,12.89949959526745,12.89949959526745,68.94083239010335,1.1219274012811715,-1.1438643643290174,False,False,False,False,0,0.0
2025-12-02,Test,-0.0020923987153301,0.0016944512235401,-0.0059601063305222,-0.0075660450789662,-0.0955792212070284,3605.0,-0.4689746203340729,0.0,-12.89949959526745,68.94083239010335,1.1219274012811715,-1.1438643643290174,False,False,False,False,0,0.0
2025-12-03,Test,0.0407697334781054,0.0034952083390458,0.0342151091124443,0.0379899140410785,0.4799133972731162,3584.0,-0.4763071960948583,0.0,0.0,68.94083239010335,1.1219274012811715,-1.1438643643290174,False,False,False,False,0,0.0
2025-12-04,Test,0.0174374551533542,0.0008428465334728,0.0148404302342442,0.0473637046848825,0.5983292407080504,3502.0,-0.5803351326685826,0.0,0.0,68.94083239010335,1.1219274012811715,-1.1438643643290174,False,False,False,False,0,0.0
2025-12-05,Test,0.0010340378456106,0.0018750899650785,-0.0031032015438801,0.0454450019335261,0.5740909348575796,3359.0,-0.7707833971876029,0.0,0.0,68.94083239010335,1.1219274012811715,-1.1438643643290174,False,False,False,False,0,0.0
2025-12-08,Test,-0.033890139401614,-0.002965989331346,-0.0308039853973435,0.0091882460749427,0.1160719233015129,3750.0,-0.2003502237871346,0.0,0.0,68.94083239010335,1.1219274012811715,-1.1438643643290174,False,False,False,False,0,0.0
2025-12-09,Test,0.0127167455894849,-0.0008113214312094,0.0125879111743153,0.0277362635797803,0.350382590174903,3571.0,-0.4145738767570101,0.0,0.0,68.94083239010335,1.1219274012811715,-1.1438643643290174,False,False,False,False,0,0.0
2025-12-10,Test,0.0141069672032532,0.0064639781579087,0.0031226297541873,-0.0033562157784766,-0.0423979089420606,3443.0,-0.5642166268470795,0.0,0.0,68.94083239010335,1.1219274012811715,-1.1438643643290174,False,False,False,False,0,0.0
2025-12-11,Test,-0.0101007806740351,0.002451954749838,-0.0150987622700009,-0.0332954082827218,-0.4206093355536025,4319.0,0.4878529530566752,23.92010253639375,23.92010253639375,68.94083239010335,1.1219274012811715,-1.1438643643290174,False,False,False,False,0,0.0
2025-12-12,Test,0.0270088308330986,-0.0107935606535432,0.0417745346889305,0.0115823279500887,0.1463155286123589,8622.0,3.63236444311471,94.84563872563405,70.92553618924029,68.94083239010335,1.1219274012811715,-1.1438643643290174,True,False,False,False,0,0.0
2025-12-15,Test,0.0356240334842257,-0.0014516026520408,0.0364505651883672,0.0788368785357995,0.9959189212066322,8772.0,2.9920943302249583,90.44313890006111,-0.7885007037500458,68.94083239010335,1.1219274012811715,-1.1438643643290174,True,True,False,False,0,0.0
2025-12-16,Test,0.0306536942186297,-0.0027957681480955,0.0334858605281565,0.0997348278896408,1.259915461435675,9360.0,2.9725586414139684,90.26378155848612,-0.1793573415749847,68.94083239010335,1.1219274012811715,-1.1438643643290174,True,True,True,False,-1,0.0
2025-12-17,Test,-0.0461745629373024,-0.0109899910097944,-0.0311157645769605,0.0654964335584929,0.8273937104553902,9540.0,2.793176761864398,88.46119870876706,-1.802582849719073,68.94083239010335,1.1219274012811715,-1.1438643643290174,True,True,False,False,0,-1.0
2025-12-18,Test,0.0344775607046774,0.0075483886284004,0.02187517014203,0.1024703659705239,1.294472564469576,8592.0,2.26304943850748,81.15404489521819,-7.307153813548865,68.94083239010335,1.1219274012811715,-1.1438643643290174,True,True,True,False,-1,0.0
2025-12-19,Test,-0.0044892792934533,0.0089227055914051,-0.0191422935835067,0.0415535376980866,0.5249314179506133,9132.0,2.321530095460943,82.1289048866187,0.9748599914005068,68.94083239010335,1.1219274012811715,-1.1438643643290174,True,False,False,False,0,-1.0
2025-12-22,Test,0.0156483761186132,0.0062976235765976,0.0049122569923812,0.0100152295021006,0.1265189178797786,8856.0,1.867037576004925,73.22302561145626,-6.913153297758328,68.94083239010335,1.1219274012811715,-1.1438643643290174,True,True,False,False,0,0.0
2025-12-23,Test,-0.0064862262526846,0.0046687688916982,-0.0147919249189606,-0.0382625559450165,-0.4833575878079107,9121.0,1.8614893081443864,73.09408892273997,-0.1289366887162941,68.94083239010335,1.1219274012811715,-1.1438643643290174,True,True,False,False,0,0.0
2025-12-24,Test,-0.0003295239783216,0.0033350334779669,-0.0066451508059299,-0.0137919421739859,-0.1742288181161694,8939.0,1.723791036305517,69.72330031278747,-3.3707886099524984,68.94083239010335,1.1219274012811715,-1.1438643643290174,True,True,False,False,0,0.0
2025-12-26,Test,-0.0210341812597045,9.460787358062106e-05,-0.0225147563415201,-0.0581818686575361,-0.7349913510450189,9232.0,1.6598484772873554,68.04353237729198,-2.9078643739952383,68.94083239010335,1.1219274012811715,-1.1438643643290174,False,True,False,False,0,0.0
2025-12-29,Test,-0.0327237267473575,-0.0035285011661396,-0.0287982466295153,-0.0678378217035448,-0.8569716541646558,9760.0,1.5632056139029653,65.36257131904337,-9.150893268980113,68.94083239010335,1.1219274012811715,-1.1438643643290174,False,False,False,False,0,0.0
2025-12-30,Test,-0.0113350052358718,-0.0013911019369718,-0.0105987468858291,-0.0833488255817552,-1.0529167820809573,9525.0,1.4469732695065165,61.90643602029257,-3.4561352987508016,68.94083239010335,1.1219274012811715,-1.1438643643290174,False,False,False,False,0,0.0
2025-12-31,Test,-0.0103646139801307,-0.0072658529600856,-0.0008626166012536,-0.0694195172640482,-0.8769526651527881,7807.0,0.9512333616056587,44.27262986959767,-17.633806150694895,68.94083239010335,1.1219274012811715,-1.1438643643290174,False,False,False,False,0,0.0
2026-01-02,Test,-0.0259049939181313,0.0018655952818544,-0.0300280662535671,-0.0928024327116855,-1.1723409194797532,9219.0,1.2515723607250209,55.51438513254185,1.3843863290029788,68.94083239010335,1.1219274012811715,-1.1438643643290174,False,False,False,True,0,0.0
2026-01-05,Test,0.0310452801518779,0.0066211689954502,0.0198263976379758,-0.0504612787321894,-0.637459818438252,5214.0,-0.0733891927792287,0.0,0.0,68.94083239010335,1.1219274012811715,-1.1438643643290174,False,False,False,False,0,0.0
2026-01-06,Test,-0.0414240959470951,0.0059291473302041,-0.0516104102217679,-0.073273442324442,-0.925637962691752,4663.0,-0.3158698868777984,0.0,0.0,68.94083239010335,1.1219274012811715,-1.1438643643290174,False,False,False,False,0,0.0
2026-01-07,Test,-0.003579979267275,-0.0032065419555871,-0.000134895749481,-0.0628095911880938,-0.7934517634291014,4243.0,-0.5033221643785115,0.0,0.0,68.94083239010335,1.1219274012811715,-1.1438643643290174,False,False,False,False,0,0.0
2026-01-08,Test,0.0101758978549271,-0.0001734209494831,0.0090952496305968,-0.0528517249562434,-0.6676574958308338,4736.0,-0.2369648050640102,0.0,0.0,68.94083239010335,1.1219274012811715,-1.1438643643290174,False,False,False,False,0,0.0
2026-01-09,Test,0.0211335985099465,0.0067028024592277,0.0097929103847636,-0.0130307483179125,-0.1646129203529727,5919.0,0.2690478678505005,13.37182859910022,13.37182859910022,68.94083239010335,1.1219274012811715,-1.1438643643290174,False,False,False,False,0,0.0
2026-01-12,Test,0.0088761636879437,0.0016136771791375,0.0051289793410146,-0.0277281666148736,-0.3502803040278015,6019.0,0.2751939580126251,13.67351340567783,5.396553609261549,68.94083239010335,1.1219274012811715,-1.1438643643290174,False,False,False,False,0,0.0
2026-01-13,Test,-0.0039201249143443,-0.0020489516279142,-0.0022022864618747,0.0216799571450194,0.2738753732096229,6740.0,0.5185716679613219,25.362742780206894,11.689229374529065,68.94083239010335,1.1219274012811715,-1.1438643643290174,False,False,False,False,0,0.0
2026-01-14,Test,-0.0178890871682185,-0.0048430594091642,-0.0120021495432888,0.0098127033512116,0.1239604753151372,7415.0,0.7170798431283097,34.392730958623524,9.02998817841663,68.94083239010335,1.1219274012811715,-1.1438643643290174,False,False,False,False,0,0.0
2026-01-15,Test,-0.0014344373071545,0.0026458383220444,-0.0067217133411744,-0.0060042596205595,-0.0758497276276207,5904.0,0.1646850844387464,8.215694334701546,-26.17703662392198,68.94083239010335,1.1219274012811715,-1.1438643643290174,False,False,False,False,0,0.0
2026-01-16,Test,-0.0024397640202233,-0.0008324194082008,-0.0025371180612263,-0.0183342880665496,-0.2316106970678469,5939.0,0.1591128823460922,7.938902141471966,-0.2767921932295794,68.94083239010335,1.1219274012811715,-1.1438643643290174,False,False,False,False,0,0.0
2026-01-20,Test,-0.0417142857142857,-0.0203430146909758,-0.0126998040582302,-0.0361630714657945,-0.4568355291410721,6160.0,0.1817995607171869,9.065024374347514,-1.0667254866060425,68.94083239010335,1.1219274012811715,-1.1438643643290174,False,False,False,False,0,0.0
2026-01-21,Test,0.0290757362943501,0.0114578106529632,0.0106400818051011,-0.0233207031988186,-0.2946023485823436,5764.0,0.0022468838769148,0.1123441465817502,-8.952680227765764,68.94083239010335,1.1219274012811715,-1.1438643643290174,False,False,False,False,0,0.0
2026-01-22,Test,0.0415352837213789,0.0052039664522207,0.0324310146772347,0.0211124610217049,0.2667063916692931,3702.0,-1.1041162208092623,0.0,-0.1123441465817502,68.94083239010335,1.1219274012811715,-1.1438643643290174,False,False,False,False,0,0.0
2026-01-23,Test,-0.0006675890216037,0.0004104596556926,-0.0026194477855521,0.0252147265773272,0.3185288884821676,4041.0,-0.8953081186805375,0.0,0.0,68.94083239010335,1.1219274012811715,-1.1438643643290174,False,False,False,False,0,0.0
2026-01-26,Test,-0.0308644400011471,0.0051433180752138,-0.039878215364236,-0.0121263707256824,-0.1531882321519021,3398.0,-1.3570546284400302,0.0,0.0,68.94083239010335,1.1219274012811715,-1.1438643643290174,False,False,False,False,0,0.0
2026-01-27,Test,-0.0098805565026071,0.0040966648273137,-0.0173326164519401,-0.0167591831193924,-0.2117129430104272,4199.0,-0.8278911250150175,0.0,0.0,68.94083239010335,1.1219274012811715,-1.1438643643290174,False,False,False,False,0,0.0
2026-01-28,Test,0.0012995998294869,-0.0001562750779263,0.0001933681830001,-0.0272058967414934,-0.3436826500042549,4157.0,-0.873478014575319,0.0,0.0,68.94083239010335,1.1219274012811715,-1.1438643643290174,False,False,False,False,0,0.0
2026-01-29,Test,-0.0345338946636393,-0.0020794170450945,-0.0327705986427799,-0.0924075100615081,-1.1673519987230017,10975.0,1.599606345273556,66.3926718530881,66.3926718530881,68.94083239010335,1.1219274012811715,-1.1438643643290174,False,False,False,True,0,0.0
2026-01-30,Test,0.0332485264660284,-0.0032118747294775,0.0367015670366473,-0.0530864952393085,-0.6706232673248876,7003.0,0.3856526978408478,19.04714764550941,-47.34552420757869,68.94083239010335,1.1219274012811715,-1.1438643643290174,False,False,False,False,0,0.0
2026-02-02,Test,-0.0199809624087339,0.0054383537422004,-0.029434961646984,-0.0426432415220566,-0.5386972681080384,4873.0,-0.6086954857133702,0.0,0.0,68.94083239010335,1.1219274012811715,-1.1438643643290174,False,False,False,False,0,0.0
2026-02-03,Test,0.0003555958781265,-0.0086448357246023,0.0119151788451342,-0.0133954462249821,-0.1692200224214571,5032.0,-0.5467101612567247,0.0,0.0,68.94083239010335,1.1219274012811715,-1.1438643643290174,False,False,False,False,0,0.0
2026-02-04,Test,-0.0377997488208574,-0.0051092523423942,-0.0315156236768595,-0.0451044380848418,-0.5697887099714235,4765.0,-0.7268871119862842,0.0,0.0,68.94083239010335,1.1219274012811715,-1.1438643643290174,False,False,False,False,0,0.0
2026-02-05,Test,-0.0216743875739093,-0.0123790401817802,-0.0045429834993949,-0.0168768229414569,-0.2131990460482109,5387.0,-0.4160870934835447,0.0,0.0,68.94083239010335,1.1219274012811715,-1.1438643643290174,False,False,False,False,0,0.0
2026-02-06,Test,0.0349940691208829,0.019483313419786,0.0045835304957152,-0.048994859482389,-0.6189350530692788,4030.0,-1.293199523273285,0.0,0.0,68.94083239010335,1.1219274012811715,-1.1438643643290174,False,False,False,False,0,0.0
2026-02-09,Test,0.0151055002163125,0.004706861750291,0.0067429630464177,-0.0128169347889871,-0.1619118882595978,3666.0,-1.5622266410603507,0.0,0.0,68.94083239010335,1.1219274012811715,-1.1438643643290174,False,False,False,False,0,0.0
2026-02-10,Test,0.0189063164774883,-0.0028045172846453,0.021751537407955,-0.0029805762261663,-0.0376525848672429,3755.0,-1.4695080556454687,0.0,0.0,68.94083239010335,1.1219274012811715,-1.1438643643290174,False,False,False,False,0,0.0
2026-02-11,Test,0.0071964385129388,-0.0001415416558926,0.0060682230696849,0.0346032705203782,0.4371311052254206,3741.0,-1.4256488759768744,0.0,0.0,68.94083239010335,1.1219274012811715,-1.1438643643290174,False,False,False,False,0,0.0
2026-02-12,Test,-0.0261516846306397,-0.0154944917833906,-0.0043717030097348,0.0347745510100383,0.4392948321975453,3714.0,-1.3963482579994095,0.0,0.0,68.94083239010335,1.1219274012811715,-1.1438643643290174,False,False,False,False,0,0.0
2026-02-13,Test,0.0008871295242764,0.0006384769707217,-0.0014049547691856,0.0287860657451373,0.3636443765294699,3465.0,-1.5374720554801993,0.0,0.0,68.94083239010335,1.1219274012811715,-1.1438643643290174,False,False,False,False,0,0.0
2026-02-17,Test,-0.0163137157885333,0.0017545444091136,-0.0202710886814666,0.0017720140172529,0.0223852379901646,3346.0,-1.356294483300091,0.0,0.0,68.94083239010335,1.1219274012811715,-1.1438643643290174,False,False,False,False,0,0.0
2026-02-18,Test,0.0016803507615161,0.0050320578321922,-0.0071674127568537,-0.0271469361475558,-0.3429378212870534,3276.0,-1.3662910320698964,0.0,0.0,68.94083239010335,1.1219274012811715,-1.1438643643290174,False,False,False,False,0,0.0
2026-02-19,Test,0.0009481282794785,-0.0025667688756069,0.0034386038769172,-0.0297765553403236,-0.3761568877732575,3238.0,-1.351246692931146,0.0,0.0,68.94083239010335,1.1219274012811715,-1.1438643643290174,False,False,False,False,0,0.0
2026-02-20,Test,0.0002672169037039,0.0071323294878711,-0.0117143701845337,-0.0371192225151225,-0.4689142534544009,3336.0,-1.2315717195770548,0.0,0.0,68.94083239010335,1.1219274012811715,-1.1438643643290174,False,False,False,False,0,0.0
2026-02-23,Test,-0.0291147116184512,-0.010078517931667,-0.0154159258106819,-0.0511301935566188,-0.6459099872259755,3392.0,-1.0551071268785457,0.0,0.0,68.94083239010335,1.1219274012811715,-1.1438643643290174,False,False,False,False,0,0.0
2026-02-24,Test,0.0238851977872369,0.0072972533230459,0.0116575271980833,-0.0192015776770687,-0.2425668656696992,3624.0,-0.8484544618472252,0.0,0.0,68.94083239010335,1.1219274012811715,-1.1438643643290174,False,False,False,False,0,0.0
2026-02-25,Test,0.0195905733499799,0.0084148944291875,0.0056952660855375,-0.0063388988346774,-0.0800771086618205,3287.0,-1.0862896674820262,0.0,0.0,68.94083239010335,1.1219274012811715,-1.1438643643290174,False,False,False,False,0,0.0
2026-02-26,Test,-0.021130827631028,-0.0056153855785725,-0.0140914991014393,-0.023869001813034,-0.301528814653936,3324.0,-1.0322816380901914,0.0,0.0,68.94083239010335,1.1219274012811715,-1.1438643643290174,False,False,False,False,0,0.0
2026-02-27,Test,-0.0148562754078191,-0.0045903239960906,-0.009346445283383,-0.0215010769118832,-0.2716156413161372,3397.0,-0.9523846189985852,0.0,0.0,68.94083239010335,1.1219274012811715,-1.1438643643290174,False,False,False,False,0,0.0
2026-03-02,Test,0.0020123662491409,0.0003803824259231,0.0001053858376251,-0.0059797652635761,-0.0755402989181688,3301.0,-0.9176994138190908,0.0,0.0,68.94083239010335,1.1219274012811715,-1.1438643643290174,False,False,False,False,0,0.0
2026-03-03,Test,-0.0270009284207993,-0.0088076262335476,-0.0151984450973048,-0.0328357375589643,-0.4148024748582366,3489.0,-0.7212822902102896,0.0,0.0,68.94083239010335,1.1219274012811715,-1.1438643643290174,False,False,False,False,0,0.0
2026-03-04,Test,0.0344265474550176,0.0071278681568143,0.0224516171363368,-0.016079386508165,-0.2031253083872977,3033.0,-1.1648764349425853,0.0,0.0,68.94083239010335,1.1219274012811715,-1.1438643643290174,False,False,False,False,0,0.0
2026-03-05,Test,-0.0009607691927178,-0.0053477248953592,0.0056791817822994,0.0036912943755737,0.0466308405489209,3053.0,-1.1101492395207515,0.0,0.0,68.94083239010335,1.1219274012811715,-1.1438643643290174,False,False,False,False,0,0.0
2026-03-06,Test,-0.0217481865913485,-0.0133692359448545,-0.0031393075374833,0.0098984321214734,0.1250434571122498,2944.0,-1.195129187135927,0.0,0.0,68.94083239010335,1.1219274012811715,-1.1438643643290174,False,False,False,False,0,0.0
2026-03-09,Test,0.0049151353198746,0.0086832223462951,-0.0093805450814482,0.0004125012024,0.0052109845052288,3620.0,-0.4188230202595137,0.0,0.0,68.94083239010335,1.1219274012811715,-1.1438643643290174,False,False,False,False,0,0.0
2026-03-10,Test,0.0014046291985592,-0.0017313416145301,0.0026485605051231,0.0182595068048279,0.2306660113460949,4207.0,0.0822658278203101,4.110973177887908,4.110973177887908,68.94083239010335,1.1219274012811715,-1.1438643643290174,False,False,False,False,0,0.0
2026-03-11,Test,0.0214908759135246,-0.001107976642953,0.0218046819025962,0.0176125715710874,0.2224935030981321,3304.0,-0.6902506802634838,0.0,-4.110973177887908,68.94083239010335,1.1219274012811715,-1.1438643643290174,False,False,False,False,0,0.0
2026-03-12,Test,-0.0314109100302422,-0.0153207791843685,-0.009890125659239,0.0020432641295489,0.0258118465042537,3437.0,-0.5344548273766749,0.0,0.0,68.94083239010335,1.1219274012811715,-1.1438643643290174,False,False,False,False,0,0.0
2026-03-13,Test,-0.009645319015724,-0.0055672541870451,-0.0026778075240938,0.0025047641429384,0.0316418159805693,3248.0,-0.6996356259842981,0.0,0.0,68.94083239010335,1.1219274012811715,-1.1438643643290174,False,False,False,False,0,0.0
2026-03-16,Test,0.0111451564813733,0.010014875423995,-0.0051374886968626,0.006747820527524,0.0852428744653558,3286.0,-0.5645749772759353,0.0,0.0,68.94083239010335,1.1219274012811715,-1.1438643643290174,False,False,False,False,0,0.0
2026-03-17,Test,0.009379086555709,0.0027633201884975,0.0039165153682611,0.0080157753906619,0.1012605081272675,3211.0,-0.6230679857401855,0.0,0.0,68.94083239010335,1.1219274012811715,-1.1438643643290174,False,False,False,False,0,0.0
2026-03-18,Test,-0.0162546407517565,-0.0137950503415913,0.0029895976325433,-0.0107993088793909,-0.1364239204886373,3587.0,-0.1880169961621585,0.0,0.0,68.94083239010335,1.1219274012811715,-1.1438643643290174,False,False,False,False,0,0.0
2026-03-19,Test,-0.0317735399590461,-0.00267918757553,-0.0291153239788048,-0.0300245071989568,-0.3792891775359603,4087.0,0.3357278758681323,16.630480220415215,16.630480220415215,68.94083239010335,1.1219274012811715,-1.1438643643290174,False,False,False,False,0,0.0
2026-03-20,Test,-0.0324480587272812,-0.0145199792286905,-0.0121221511090388,-0.0394688507839018,-0.4985962917864575,3366.0,-0.3884104688362034,0.0,-16.630480220415215,68.94083239010335,1.1219274012811715,-1.1438643643290174,False,False,False,False,0,0.0
2026-03-23,Test,0.0350310222518068,0.0108539531742652,0.0174963858734617,-0.0168349762135774,-0.2126704108604687,3449.0,-0.1796414841313391,0.0,0.0,68.94083239010335,1.1219274012811715,-1.1438643643290174,False,False,False,False,0,0.0
2026-03-24,Test,0.0057240190123266,-0.0033916967281631,0.0094453726920321,-0.0113061188898064,-0.1428262754296752,3462.0,-0.1585597309930905,0.0,0.0,68.94083239010335,1.1219274012811715,-1.1438643643290174,False,False,False,False,0,0.0
2026-03-25,Test,0.007623458833617,0.0054449792966624,-0.0018404264204159,-0.0161361429427657,-0.2038422927246898,4175.0,0.6516761548526886,31.47761617424843,31.47761617424843,68.94083239010335,1.1219274012811715,-1.1438643643290174,False,False,False,False,0,0.0
2026-03-26,Test,-0.0358596357500429,-0.0177326086857338,-0.0107401511264106,0.0022390299096284,0.0282848876510746,3271.0,-0.3918176638443973,0.0,-31.47761617424843,68.94083239010335,1.1219274012811715,-1.1438643643290174,False,False,False,False,0,0.0
2026-03-27,Test,-0.0276262373598615,-0.0170103377429544,-0.003584456041034,0.0107767249776331,0.1361386258969054,3073.0,-0.6425144457451092,0.0,0.0,68.94083239010335,1.1219274012811715,-1.1438643643290174,False,False,False,False,0,0.0
2026-03-30,Test,-0.0181023907250444,-0.0034823390263478,-0.0142457893169272,-0.0209654502127558,-0.2648492551492594,3444.0,-0.1056396381949418,0.0,0.0,68.94083239010335,1.1219274012811715,-1.1438643643290174,False,False,False,False,0,0.0
2026-03-31,Test,0.0463578058919507,0.0286093619603975,0.0023302544679877,-0.0280805684368002,-0.354732073920809,3464.0,0.0020201777281727,0.1010088520562208,0.1010088520562208,68.94083239010335,1.1219274012811715,-1.1438643643290174,False,False,False,False,0,0.0
2026-04-01,Test,0.0255817344065232,0.0079491226646801,0.0123814070175866,-0.0138587349987976,-0.1750725886873309,3727.0,0.5489239924421243,26.77718260420895,26.676173752152728,68.94083239010335,1.1219274012811715,-1.1438643643290174,False,False,False,False,0,0.0
2026-04-02,Test,-0.0542150052412814,0.0011455948159597,-0.0572637620593717,-0.0603823459317586,-0.7627892166351466,3622.0,0.4098899940901274,20.21230024030218,-6.564882363906769,68.94083239010335,1.1219274012811715,-1.1438643643290174,False,False,False,False,0,0.0
2026-04-06,Test,-0.0215479882763885,0.0044444548215953,-0.0295189870394208,-0.0863168769301454,-1.0904111445148077,3116.0,-0.5166531238933877,0.0,0.0,68.94083239010335,1.1219274012811715,-1.1438643643290174,False,False,False,False,0,0.0
2026-04-07,Test,-0.0174877084622486,0.0006109465244419,-0.0197387144689057,-0.0918098020821238,-1.1598013612918836,3265.0,-0.0752394331611452,0.0,0.0,68.94083239010335,1.1219274012811715,-1.1438643643290174,False,False,False,True,0,0.0
2026-04-08,Test,-0.0098081464195832,0.0252459262778712,-0.0488171022779986,-0.1429571588281102,-1.8059281651315664,3193.0,-0.2604420265057723,0.0,0.0,68.94083239010335,1.1219274012811715,-1.1438643643290174,False,False,False,True,0,0.0
2026-04-09,Test,0.0069045742671158,0.0059226779118535,-0.0032720869630777,-0.1586106528087746,-2.003673321051948,3318.0,0.1289091424118643,6.436546276660765,6.436546276660765,68.94083239010335,1.1219274012811715,-1.1438643643290174,False,False,False,True,0,0.0
2026-04-10,Test,0.0096349086768392,-0.0006720470914816,0.0092982624734484,-0.0920486282759544,-1.1628183696987755,3328.0,0.1526749182436574,7.618952078624949,1.182405801964184,68.94083239010335,1.1219274012811715,-1.1438643643290174,False,False,False,True,0,0.0
2026-04-13,Test,0.009944121218842,0.0097982777281879,-0.0060153376884828,-0.0685449789250164,-0.8659049258797665,3071.0,-0.5681776762704358,0.0,0.0,68.94083239010335,1.1219274012811715,-1.1438643643290174,False,False,False,False,0,0.0
2026-04-14,Test,0.0334260210273569,0.0120972919368564,0.0140361940078377,-0.0347700704482729,-0.4392382308160272,3230.0,-0.0261468138078753,0.0,0.0,68.94083239010335,1.1219274012811715,-1.1438643643290174,False,False,False,False,0,0.0
2026-04-15,Test,0.0761943961282061,0.0079893689879078,0.0629340170426281,0.0769810488723538,0.9724748692516466,3711.0,1.414315655003618,60.88914869652336,60.88914869652336,68.94083239010335,1.1219274012811715,-1.1438643643290174,False,False,False,False,0,0.0
2026-04-16,Test,-0.0077816512707131,0.0021912780019623,-0.0123906760693996,0.0678624597660319,0.8572828982558537,3251.0,0.0051503730541875,0.2575180834585557,-60.63163061306481,68.94083239010335,1.1219274012811715,-1.1438643643290174,False,False,False,False,0,0.0
2026-04-17,Test,0.0301362854323488,0.0122817832255055,0.0104711782378863,0.0690353755304697,0.8720999359732302,3857.0,1.7741392940348146,70.99433555729937,70.73681747384082,68.94083239010335,1.1219274012811715,-1.1438643643290174,True,False,False,False,0,0.0
2026-04-20,Test,-0.0202685717541688,-0.0018996458489249,-0.0187735130397626,0.0562772001791899,0.7109303352940017,3721.0,1.3339223878655235,58.29774071787151,39.84663134953927,68.94083239010335,1.1219274012811715,-1.1438643643290174,False,True,False,False,0,0.0
2026-04-21,Test,-0.0154904116490843,-0.006584374898709,-0.0070052503567751,0.035235755814577,0.4451210724029203,4151.0,2.3888064332795738,83.193949172302,24.896208454430493,68.94083239010335,1.1219274012811715,-1.1438643643290174,True,False,False,False,0,0.0
2026-04-22,Test,0.0028207553957204,0.0102743094409629,-0.0138489922961362,-0.0415472535241873,-0.5248520321630652,4032.0,1.96922287925018,75.50552365172372,-7.688425520578278,68.94083239010335,1.1219274012811715,-1.1438643643290174,True,True,False,False,0,0.0
2026-04-23,Test,-0.0355861995752377,-0.0040373923812929,-0.0309014008805657,-0.0600579783353534,-0.7586915933820956,4077.0,1.9775764970942384,75.68451562280607,0.1789919710823539,68.94083239010335,1.1219274012811715,-1.1438643643290174,True,False,False,False,0,0.0
2026-04-24,Test,0.0069035282132037,0.0079231066894589,-0.0062579806371304,-0.0767871372103702,-0.9700252505351428,3645.0,0.8617455340803782,40.60504347651313,-35.07947214629294,68.94083239010335,1.1219274012811715,-1.1438643643290174,False,True,False,False,0,0.0
2026-04-27,Test,0.0062982346841573,0.0016453495794352,0.0025037918245977,-0.0555098323460098,-0.7012364438210881,3391.0,0.2210048110905997,11.005481799450642,11.005481799450642,68.94083239010335,1.1219274012811715,-1.1438643643290174,False,False,False,False,0,0.0
2026-04-28,Test,-0.0069982420579712,-0.0049277543544711,-0.0009849307731706,-0.0494895127624053,-0.6251838362549488,3639.0,0.8578768213776291,40.44337413906485,29.4378923396142,68.94083239010335,1.1219274012811715,-1.1438643643290174,False,False,False,False,0,0.0
2026-04-29,Test,-0.0085633777851795,-3.0594284145646355e-05,-0.0098571382366972,-0.0454976587029663,-0.5747561295480486,3418.0,0.2778245886554564,13.802562475066246,-26.6408116639986,68.94083239010335,1.1219274012811715,-1.1438643643290174,False,False,False,False,0,0.0
2026-04-30,Test,0.02368566893502,0.009690638349153,0.0078868191670669,-0.0067094386553336,-0.084758009596837,4942.0,3.675960944075996,95.06009188642834,81.2575294113621,68.94083239010335,1.1219274012811715,-1.1438643643290174,True,False,False,False,0,0.0
2026-05-01,Test,0.0240809221597453,0.0029368438190848,0.0183594356829379,0.0179079776647347,0.2262252657397685,3530.0,0.4231345274318128,20.84661418287932,-74.21347770354902,68.94083239010335,1.1219274012811715,-1.1438643643290174,False,True,False,False,0,0.0
2026-05-04,Test,0.0043242475045661,-0.0036225851665079,0.0083901107281386,0.0237942965682756,0.3005850892280947,3449.0,0.215469541229843,10.731987877629503,10.731987877629503,68.94083239010335,1.1219274012811715,-1.1438643643290174,False,False,False,False,0,0.0
2026-05-05,Test,-0.0079998333044104,0.0078470868236115,-0.0210479126149389,0.0037313147265073,0.0471364037506659,3189.0,-0.4842862732941612,0.0,-10.731987877629503,68.94083239010335,1.1219274012811715,-1.1438643643290174,False,False,False,False,0,0.0
2026-05-06,Test,0.024038873016714,0.0140687529471299,0.0017074212962351,0.0152958742594398,0.193227470116744,3295.0,-0.2129553516179727,0.0,0.0,68.94083239010335,1.1219274012811715,-1.1438643643290174,False,False,False,False,0,0.0
2026-05-07,Test,0.0327539869052935,-0.003142303343827,0.0361032197386844,0.0435122748310573,0.5496754642475468,3206.0,-0.4716643744395151,0.0,0.0,68.94083239010335,1.1219274012811715,-1.1438643643290174,False,False,False,False,0,0.0
2026-05-08,Test,0.0402146657640121,0.0081779209786199,0.0266729475140259,0.0518257866621452,0.6546971734784109,3167.0,-0.6039082286345165,0.0,0.0,68.94083239010335,1.1219274012811715,-1.1438643643290174,False,False,False,False,0,0.0
2026-05-11,Test,0.0388700680733986,0.002182860496084,0.0342736030682272,0.0777092790022338,0.9816743477039928,3705.0,0.9070271161839654,42.47828675126255,42.47828675126255,68.94083239010335,1.1219274012811715,-1.1438643643290174,False,False,False,False,0,0.0
2026-05-12,Test,-0.0259550287482444,-0.0012509763822469,-0.0254278522876566,0.0733293393295162,0.9263440901542556,3504.0,0.3846568697267304,18.999158094010653,-23.4791286572519,68.94083239010335,1.1219274012811715,-1.1438643643290174,False,False,False,False,0,0.0
2026-05-13,Test,0.0272695269898735,0.005510847708523,0.017707359220319,0.0893292772536,1.128465752156523,3513.0,0.3962754666237131,19.558494588173485,0.5593364941628316,68.94083239010335,1.1219274012811715,-1.1438643643290174,False,False,True,False,0,0.0
2026-05-14,Test,-0.0044242847470293,0.0077958289189201,-0.0173958819370523,0.0358301755778632,0.4526301709414567,3655.0,0.7367235559991947,35.255794610970895,15.69730002279741,68.94083239010335,1.1219274012811715,-1.1438643643290174,False,False,False,False,0,0.0
2026-05-15,Test,-0.0475073271791499,-0.0120540629547709,-0.0308608228988685,-0.0217035948350311,-0.2741739799425818,3843.0,1.1757307267221226,52.83586179257688,17.580067181605983,68.94083239010335,1.1219274012811715,-1.1438643643290174,False,False,False,False,0,0.0
2026-05-18,Test,-0.0290119370105146,-0.0007801166562249,-0.0291873321927519,-0.0851645300960103,-1.0758539469541943,3618.0,0.5964979513414463,28.970936919824855,28.970936919824855,68.94083239010335,1.1219274012811715,-1.1438643643290174,False,False,False,False,0,0.0
2026-05-19,Test,-0.0143418254661562,-0.0063630182518866,-0.0061869512942216,-0.0659236291025754,-0.8327903234784911,4312.0,2.2830231578638065,81.49224610482484,52.52130918499999,68.94083239010335,1.1219274012811715,-1.1438643643290174,True,False,False,False,0,0.0
2026-05-20,Test,0.0325407064678751,0.0103470012996815,0.0157624949686942,-0.0678684933542001,-0.8573591184808441,3484.0,0.2252409530987774,11.21467440247938,-70.27757170234547,68.94083239010335,1.1219274012811715,-1.1438643643290174,False,True,False,False,0,0.0
2026-05-21,Test,0.0014139776735901,0.001863321292292,-0.0027057016331061,-0.0531783130502539,-0.6717831698593693,4312.0,2.163417685294132,79.38319376739625,68.16851936491688,68.94083239010335,1.1219274012811715,-1.1438643643290174,True,False,False,False,0,0.0
2026-05-22,Test,0.0195285474283033,0.0039686545229358,0.0122674921558942,-0.0100499979954912,-0.1269581361881722,3904.0,1.1620665733781896,52.34160383507695,-27.041589932319305,68.94083239010335,1.1219274012811715,-1.1438643643290174,False,True,False,False,0,0.0
2026-05-26,Test,0.0177929776261263,0.0065057734598623,0.0067462772431905,0.0258836114404512,0.3269786787791218,3816.0,0.9957653828797084,46.04503763808447,46.04503763808447,68.94083239010335,1.1219274012811715,-1.1438643643290174,False,False,False,False,0,0.0
2026-05-27,Test,0.01561380352603,-7.247856648218143e-05,0.0143825387763604,0.0464531015110333,0.5868259068953675,3626.0,0.4997620656367765,24.4806828228457,-21.56435481523877,68.94083239010335,1.1219274012811715,-1.1438643643290174,False,False,False,False,0,0.0
2026-05-28,Test,0.0039513598188627,0.0057248909881495,-0.0059301827672073,0.0247604237751317,0.3127898388766185,3766.0,0.8238615986420226,39.01108698549992,14.530404162654222,68.94083239010335,1.1219274012811715,-1.1438643643290174,False,False,False,False,0,0.0
2026-05-29,Test,-0.0142727832424329,0.0022769918407792,-0.0190097019959904,0.0084564234122475,0.1068270616291295,4218.0,1.836177327901953,72.49919583206128,33.48810884656135,68.94083239010335,1.1219274012811715,-1.1438643643290174,True,False,False,False,0,0.0
2026-06-01,Test,-0.0456871503974763,0.0026024877526233,-0.0509097428769419,-0.0547208116205886,-0.6912690188765005,3457.0,0.0291800379362556,1.4588983803705304,1.4588983803705304,68.94083239010335,1.1219274012811715,-1.1438643643290174,False,True,False,False,0,0.0
2026-06-02,Test,0.0188996471561004,0.0013768293421609,0.0155058643950959,-0.0459612244686832,-0.5806121949564664,3646.0,0.5033268631348716,24.64816745558068,23.189269075210145,68.94083239010335,1.1219274012811715,-1.1438643643290174,False,False,False,False,0,0.0
2026-06-03,Test,-9.43456559803213e-05,-0.0070174875695555,0.0090370647501696,-0.051306698494874,-0.6481397128437265,4151.0,1.6372902908075306,67.43317790525622,42.78501044967554,68.94083239010335,1.1219274012811715,-1.1438643643290174,False,False,False,False,0,0.0
2026-06-04,Test,-0.0123908422203082,0.0038940498498061,-0.0195405795675128,-0.0649170952951795,-0.820075131271021,3877.0,0.9852069437719224,45.628033029447934,-21.80514487580828,68.94083239010335,1.1219274012811715,-1.1438643643290174,False,False,False,False,0,0.0
2026-06-05,Test,-0.0655992625313872,-0.0259460512861823,-0.0282244680094162,-0.0741318613086053,-0.936482071749965,3854.0,0.9039317134989948,42.35136007007648,-3.27667295937146,68.94083239010335,1.1219274012811715,-1.1438643643290174,False,False,False,False,0,0.0
2026-06-08,Test,0.0459079596087754,0.0024778584008429,0.0408713270736108,0.0176492086419474,0.2229563264970895,3814.0,0.7776304045603408,37.03383746131181,37.03383746131181,68.94083239010335,1.1219274012811715,-1.1438643643290174,False,False,False,False,0,0.0
2026-06-09,Test,-0.0300037147939692,-0.0029130344173057,-0.0269965750245056,-0.024853230777654,-0.3139622375249291,3675.0,0.4221525266529118,20.79964313588332,-16.23419432542849,68.94083239010335,1.1219274012811715,-1.1438643643290174,False,False,False,False,0,0.0
2026-06-10,Test,-0.0380407295969276,-0.0157150125681984,-0.0159317080486363,-0.0498220035764601,-0.6293840772968889,3588.0,0.1929551270429606,9.617933865744504,-11.18170927013882,68.94083239010335,1.1219274012811715,-1.1438643643290174,False,False,False,False,0,0.0
2026-06-11,Test,0.0460179714539599,0.0167603404650344,0.019670391447807,-0.0106110325611402,-0.1340454911134062,3787.0,0.6612489368485517,31.908177792051024,22.290243926306523,68.94083239010335,1.1219274012811715,-1.1438643643290174,False,False,False,False,0,0.0
2026-06-12,Test,0.0182387545800259,0.0054849098192089,0.0087152888367858,0.0263287242850618,0.332601634840459,10175.0,9.71882238968016,99.98797256708578,68.07979477503476,68.94083239010335,1.1219274012811715,-1.1438643643290174,True,False,False,False,0,0.0
2026-06-15,Test,0.0116133191589242,0.0174206548177813,-0.0157195184811945,-0.0302621212697436,-0.3822908736131847,6673.0,2.443581718044207,84.01816510684846,-10.621040916546022,68.94083239010335,1.1219274012811715,-1.1438643643290174,True,True,False,False,0,0.0
2026-06-16,Test,-0.0157849697937949,-0.0058804363907902,-0.0083501579083771,-0.0116157041536152,-0.1467371586061811,6273.0,2.0417582805143613,77.02243723025133,-6.99572787659713,68.94083239010335,1.1219274012811715,-1.1438643643290174,True,True,False,False,0,0.0
2026-06-17,Test,-0.020461618900717,-0.0120913556471616,-0.0037594700479433,0.0005565338470777,0.0070304989097835,5749.0,1.6054959874649308,66.55702482619512,-10.46541240405621,68.94083239010335,1.1219274012811715,-1.1438643643290174,False,True,False,False,0,0.0
2026-06-18,Test,0.0103688009004834,0.0098325482554311,-0.005641793194871,-0.0247556507956003,-0.3127295434829625,4972.0,0.9881512051945442,45.7445192267504,-20.81250559944472,68.94083239010335,1.1219274012811715,-1.1438643643290174,False,False,False,False,0,0.0
2026-06-22,Test,0.0113860462677859,-0.0029210253870163,0.0144051093944769,-0.0190658302379092,-0.2408520153905499,3840.0,-0.0101073401898265,0.0,0.0,68.94083239010335,1.1219274012811715,-1.1438643643290174,False,False,False,False,0,0.0
2026-06-23,Test,-0.0578694066110848,-0.0142252852364053,-0.0379832130538424,-0.041329524810557,-0.5221015409003252,3817.0,-0.029070378182768,0.0,0.0,68.94083239010335,1.1219274012811715,-1.1438643643290174,False,False,False,False,0,0.0
2026-06-24,Test,-0.0159324619523894,-0.0009610842775608,-0.015837834637493,-0.0488172015396729,-0.6166907619463975,3616.0,-0.236795360344609,0.0,0.0,68.94083239010335,1.1219274012811715,-1.1438643643290174,False,False,False,False,0,0.0
2026-06-25,Test,-0.0010918000251435,2.962396587902205e-05,-0.0024754123635603,-0.0475331438552899,-0.6004697069332015,3455.0,-0.4187495723392485,0.0,0.0,68.94083239010335,1.1219274012811715,-1.1438643643290174,False,False,False,False,0,0.0
2026-06-26,Test,0.0122360748497469,-0.0051769743992197,0.0186212483401841,-0.0232701023202347,-0.2939631252474353,3237.0,-0.677877441707688,0.0,0.0,68.94083239010335,1.1219274012811715,-1.1438643643290174,False,False,False,False,0,0.0
2026-06-29,Test,0.0846172226326935,0.0160385519699421,0.0593466260692604,0.0216714143545487,0.2737674551029233,3371.0,-0.4792880206612698,0.0,0.0,68.94083239010335,1.1219274012811715,-1.1438643643290174,False,False,False,False,0,0.0
2026-06-30,Test,0.0212704201717162,0.0085167438213791,0.0072231430299659,0.0668777704383572,0.8448436597781893,3081.0,-0.7958595219841748,0.0,0.0,68.94083239010335,1.1219274012811715,-1.1438643643290174,False,False,False,False,0,0.0
2026-07-01,Test,0.0111744689045401,-0.0019655735803734,0.0127678986454572,0.0954835037213075,1.2062099589086623,3520.0,-0.2860664431102708,0.0,0.0,68.94083239010335,1.1219274012811715,-1.1438643643290174,False,False,True,False,0,0.0
2026-07-02,Test,-0.0748882588763245,-0.0009044949337865,-0.0748780687430869,0.0230808473417808,0.2915723327975651,3195.0,-0.6490595642933628,0.0,0.0,68.94083239010335,1.1219274012811715,-1.1438643643290174,False,False,False,False,0,0.0
2026-07-06,Test,0.0668953513535315,0.0084398808992782,0.0529627616791273,0.057422360680724,0.7253967504093399,3073.0,-0.7613813548271726,0.0,0.0,68.94083239010335,1.1219274012811715,-1.1438643643290174,False,False,False,False,0,0.0
2026-07-07,Test,-0.0401886641701726,-0.0051257971856767,-0.0338798524006621,-0.0358041177891984,-0.4523009919422611,3086.0,-0.7419220858355574,0.0,0.0,68.94083239010335,1.1219274012811715,-1.1438643643290174,False,False,False,False,0,0.0
2026-07-08,Test,-0.0219409195130487,-0.0026489015528751,-0.0193278934259229,-0.0623551542450873,-0.7877110192692479,2992.0,-0.8529516225963782,0.0,0.0,68.94083239010335,1.1219274012811715,-1.1438643643290174,False,False,False,False,0,0.0
2026-07-09,Test,0.0316956562750774,0.00792398884861,0.0185328311516161,-0.0565902217389285,-0.7148846280042049,3435.0,-0.3507687850380666,0.0,0.0,68.94083239010335,1.1219274012811715,-1.1438643643290174,False,False,False,False,0,0.0
2026-07-10,Test,0.0029763178181976,0.0045895885258961,-0.005211235513902,0.0130766114902563,0.1651922938894715,3448.0,-0.3434500842667385,0.0,0.0,68.94083239010335,1.1219274012811715,-1.1438643643290174,False,False,False,False,0,0.0
2026-07-13,Test,-0.0318814981573897,-0.0077248803284811,-0.0216945842428812,-0.0615807344317522,-0.777928042578871,3183.0,-0.582488592331936,0.0,0.0,68.94083239010335,1.1219274012811715,-1.1438643643290174,False,False,False,False,0,0.0
2026-07-14,Test,0.0035970789214421,0.0037762898851669,-0.0033769483209409,-0.031077830352031,-0.3925954433061774,2896.0,-0.9105645147899054,0.0,0.0,68.94083239010335,1.1219274012811715,-1.1438643643290174,False,False,False,False,0,0.0
2026-07-15,Test,-0.0043414641135366,0.0039068330233149,-0.0115102752840399,-0.023260212210148,-0.2938381869196995,2773.0,-1.0418514840139148,0.0,0.0,68.94083239010335,1.1219274012811715,-1.1438643643290174,False,False,False,False,0,0.0
2026-07-16,Test,-0.0086193631043354,-0.0052752568592194,-0.002087541970095,-0.0438805853318592,-0.5543282029586707,3112.0,-0.6170000049886213,0.0,0.0,68.94083239010335,1.1219274012811715,-1.1438643643290174,False,False,False,False,0,0.0
2026-07-17,Test,-0.0261341003541837,-0.0100994458955286,-0.0124040878495051,-0.0510734376674622,-0.64519300977899,2645.0,-1.18534616811741,0.0,0.0,68.94083239010335,1.1219274012811715,-1.1438643643290174,False,False,False,False,0,0.0
2026-07-20,Test,-0.0295924512184714,-0.0014051567860325,-0.0288352215730544,-0.0582140749976355,-0.7353982025602421,2520.0,-1.2441695762392904,0.0,0.0,68.94083239010335,1.1219274012811715,-1.1438643643290174,False,False,False,False,0,0.0
2026-07-21,Test,0.0253266909274678,0.0082965259410365,0.0116080017481641,-0.0432291249285303,-0.5460985298140465,2821.0,-0.8222059213207887,0.0,0.0,68.94083239010335,1.1219274012811715,-1.1438643643290174,False,False,False,False,0,0.0
2026-07-22,Test,-0.0129838835807485,-0.0012211112946849,-0.012501268934374,-0.0442201185788645,-0.5586174086115531,3115.0,-0.4679272946828592,0.0,0.0,68.94083239010335,1.1219274012811715,-1.1438643643290174,False,False,False,False,0,0.0
2026-07-23,Test,-0.1452367741661744,-0.0122557145776143,-0.1282893847090351,-0.1704219613178045,-2.152881481583191,3836.0,0.232341661818888,11.565103596566653,11.565103596566653,68.94083239010335,1.1219274012811715,-1.1438643643290174,False,False,False,True,0,0.0
2026-07-24,Test,-0.0208326929564525,0.0007810514261743,-0.0233375131537442,-0.1813553866220436,-2.290999648313328,3658.0,0.0645310777190328,3.2254346679159918,-8.339668928650662,68.94083239010335,1.1219274012811715,-1.1438643643290174,False,False,False,True,0,0.0
2026-07-27,Test,-0.0121713496260784,0.0002502914075004,-0.0138842207190881,-0.1664043857680773,-2.102128844217753,3571.0,0.0064959366109397,0.3247956884256111,0.3247956884256111,68.94083239010335,1.1219274012811715,-1.1438643643290174,False,False,False,True,0,0.0
2026-07-28,Test,-0.0057564154073798,0.0024289711913449,-0.0107201031456294,-0.188732490661871,-2.384192042956879,3343.0,-0.2096935754753468,0.0,-0.3247956884256111,68.94083239010335,1.1219274012811715,-1.1438643643290174,False,False,False,True,0,0.0
2026-07-29,Test,-0.0296643086285612,-0.0151697849455523,-0.0083688233531475,-0.1846000450806445,-2.331988292356437,3144.0,-0.4016236997673935,0.0,0.0,68.94083239010335,1.1219274012811715,-1.1438643643290174,False,False,False,True,0,0.0
2026-07-30,Test,0.0352976619762974,0.0166410286794151,0.0091281075531332,-0.0471825528184761,-0.5960408120599764,3005.0,-0.556924384566603,0.0,0.0,68.94083239010335,1.1219274012811715,-1.1438643643290174,False,False,False,False,0,0.0
2026-07-31,Test,0.0076412022176599,0.0071283629025766,-0.004334466313112,-0.0281795059778439,-0.3559819175342693,2896.0,-0.6754402667002645,0.0,0.0,68.94083239010335,1.1219274012811715,-1.1438643643290174,False,False,False,False,0,0.0
2026-08-03,Test,0.0349281688109186,0.0141993732663447,0.0124018180001471,-0.0018934672586086,-0.0239195146301645,2933.0,-0.582013092973415,0.0,0.0,68.94083239010335,1.1219274012811715,-1.1438643643290174,False,False,False,False,0,0.0
2026-08-04,Test,0.0163624557593167,0.0180642671075033,-0.0119307183010617,-0.0031040824140408,-0.0392127956680102,2931.0,-0.5679165349701112,0.0,0.0,68.94083239010335,1.1219274012811715,-1.1438643643290174,False,False,False,False,0,0.0
2026-08-05,Test,-0.0177180944017235,-0.0019464652329111,-0.0161531763009537,-0.010888435361847,-0.137549824404509,3474.0,0.0064889734376201,0.3244475334284976,0.3244475334284976,68.94083239010335,1.1219274012811715,-1.1438643643290174,False,False,False,False,0,0.0
2026-08-06,Test,-0.0062820372892454,-0.0016958044280334,-0.0050911311579483,-0.0251076740729286,-0.3171765313534579,3003.0,-0.4762576249662866,0.0,-0.3244475334284976,68.94083239010335,1.1219274012811715,-1.1438643643290174,False,False,False,False,0,0.0
2026-08-07,Test,0.0283228110898585,0.0061013553364026,0.0178795445741337,-0.0028936631856828,-0.036554642595495,2786.0,-0.7156421118746278,0.0,0.0,68.94083239010335,1.1219274012811715,-1.1438643643290174,False,False,False,False,0,0.0
2026-08-10,Test,0.006999873408422,-8.441918185875252e-05,0.0057864252977593,-0.0095090558880706,-0.1201246023133766,2654.0,-0.8053271060818533,0.0,0.0,68.94083239010335,1.1219274012811715,-1.1438643643290174,False,False,False,False,0,0.0
2026-08-11,Test,0.0058329081458543,-0.0031380305738326,0.0091757655623886,0.0115974279753797,0.1465062819904388,2799.0,-0.6121228850627769,0.0,0.0,68.94083239010335,1.1219274012811715,-1.1438643643290174,False,False,False,False,0,0.0
2026-08-12,Test,-0.0159249656916801,0.0024702860481307,-0.0209502994896815,0.006800304786652,0.0859058898929307,2684.0,-0.7624045291025502,0.0,0.0,68.94083239010335,1.1219274012811715,-1.1438643643290174,False,False,False,False,0,0.0
2026-08-13,Test,0.0380140493976433,0.0067308241856227,0.0266315499446697,0.03852298588927,0.4866475088949436,2730.0,-0.7252865522437665,0.0,0.0,68.94083239010335,1.1219274012811715,-1.1438643643290174,False,False,False,False,0,0.0
2026-08-14,Test,0.0067949100384037,-0.0018742944717661,0.0082521418635814,0.0288955831787177,0.3650278722529232,2786.0,-0.6482270817237963,0.0,0.0,68.94083239010335,1.1219274012811715,-1.1438643643290174,False,False,False,False,0,0.0
2026-08-17,Test,-0.0086773638239854,-0.0046803798837918,-0.0030331609565183,0.02007599692444,0.2536131004991111,2824.0,-0.5421326241449916,0.0,0.0,68.94083239010335,1.1219274012811715,-1.1438643643290174,False,False,False,False,0,0.0
2026-08-18,Test,-0.0071617823849259,-0.0068565404469718,0.0017294781887528,0.0126297095508041,0.159546736814019,2688.0,-0.9214191950014788,0.0,0.0,68.94083239010335,1.1219274012811715,-1.1438643643290174,False,False,False,False,0,0.0
2026-08-19,Test,0.0423011850463048,0.0021405566745238,0.0377678417391016,0.0713478507795873,0.9013126331042114,2632.0,-1.086576327666464,0.0,0.0,68.94083239010335,1.1219274012811715,-1.1438643643290174,False,False,False,False,0,0.0
2026-08-20,Test,-0.0170596671157272,-0.008346131194983,-0.0059457823481958,0.0387705184867217,0.4897745022766724,2598.0,-1.1640516454110077,0.0,0.0,68.94083239010335,1.1219274012811715,-1.1438643643290174,False,False,False,False,0,0.0
2026-08-21,Test,0.0513718894848627,0.0038516029292277,0.0442854873542322,0.0748038639773726,0.9449712482033776,2590.0,-1.1524351876660734,0.0,0.0,68.94083239010335,1.1219274012811715,-1.1438643643290174,False,False,False,False,0,0.0
2026-08-24,Test,-0.038334271361044,-0.0026715618992357,-0.0356874336822918,0.0421495912515991,0.5324611555939682,2666.0,-0.7878658564101182,0.0,0.0,68.94083239010335,1.1219274012811715,-1.1438643643290174,False,False,False,False,0,0.0
2026-08-25,Test,0.0037254269880853,0.0031204171780614,-0.002269970017203,0.0381501430456433,0.4819375146701504,2774.0,-0.3970418068451092,0.0,0.0,68.94083239010335,1.1219274012811715,-1.1438643643290174,False,False,False,False,0,0.0
2026-08-26,Test,-0.0126480875825303,0.000255664144183,-0.0143689753570037,-0.013986674050462,-0.1766887983176505,2757.0,-0.4331715614013548,0.0,0.0,68.94083239010335,1.1219274012811715,-1.1438643643290174,False,False,False,False,0,0.0
2026-08-27,Test,0.0259961541957476,0.0064612151577627,0.0150159394300297,0.0069750477277635,0.0881133568123783,2466.0,-1.4621984062875544,0.0,0.0,68.94083239010335,1.1219274012811715,-1.1438643643290174,False,False,False,False,0,0.0
2026-08-28,Test,-0.0170795569467937,-0.0021305252425044,-0.0152400021842502,-0.052550441810719,-0.6638514904328384,2415.0,-1.6054715865013598,0.0,0.0,68.94083239010335,1.1219274012811715,-1.1438643643290174,False,False,False,False,0,0.0
2026-08-31,Test,0.0550537984431003,-0.0033227413867797,0.0586722635876435,0.0418092554592163,0.5281618116639057,2476.0,-1.2287248975634992,0.0,0.0,68.94083239010335,1.1219274012811715,-1.1438643643290174,False,False,False,False,0,0.0
2026-09-01,Test,-0.0322326823635691,-0.0065400066049478,-0.0238137231762912,0.020265502300128,0.2560070561303251,2523.0,-1.0183893820478238,0.0,0.0,68.94083239010335,1.1219274012811715,-1.1438643643290174,False,False,False,False,0,0.0
2026-09-02,Test,0.0025836542368389,0.0044695603425946,-0.0054248045724823,0.0292096730846494,0.3689956610097472,2867.0,0.1558074117160615,7.774648863733309,7.774648863733309,68.94083239010335,1.1219274012811715,-1.1438643643290174,False,False,False,False,0,0.0
2026-09-03,Test,0.0542281303660707,0.010392229052305,0.0373824343599213,0.051576168014541,0.6515438277492015,3004.0,0.5723102839133956,27.859218004975,20.08456914124169,68.94083239010335,1.1219274012811715,-1.1438643643290174,False,False,False,False,0,0.0
2026-09-04,Test,-0.0592236597871772,-0.0038129798643746,-0.0548737078886282,0.0119424623101631,0.1508649809757197,2988.0,0.5122947201519085,25.06885123706881,-2.790366767906196,68.94083239010335,1.1219274012811715,-1.1438643643290174,False,False,False,False,0,0.0
2026-09-08,Test,0.039765074626634,-0.0055648965227349,0.0467290682381056,-7.330393747700947e-07,-9.260231973688611e-06,3044.0,0.7701055771949462,36.70874635224307,18.230388599098536,68.94083239010335,1.1219274012811715,-1.1438643643290174,False,False,False,False,0,0.0
2026-09-09,Test,-0.0009506901891408,-0.0045165859114871,0.0044491150502275,0.028262105187144,0.3570253646740658,,,,,68.94083239010335,1.1219274012811715,-1.1438643643290174,False,False,False,False,0,0.0
