Date,TSLA_Price,VOO_Price,TSLA_Return,VOO_Return,Expected_Return,AR,CAR_5,CAR_Z,Sample,IRX_Annual_Percent,RF_Observation_Date,RF_Daily,TSLA_Excess,Market_Excess,CAPM_Expected_Return,CAPM_AR,Alpha_CAPM,Beta_CAPM
2019-01-03,20.02400016784668,199.84231567382807,-0.0314717126651832,-0.0238708029070866,-0.0342783082811766,0.0028065956159934,,,Train,2.3550000190734863,2019-01-03,9.345238170926534e-05,-0.03156516504689246,-0.023964255288795866,-0.03430679947519075,0.0028350868100075477,0.0013801390623941717,1.493073349791211
2019-01-04,21.179332733154297,206.43849182128903,0.0576973909120706,0.0330069040944605,0.0505891412792328,0.0071082496328377,,,Train,2.3580000400543213,2019-01-04,9.357143016088577e-05,0.057603819481909714,0.03291333266429961,0.05061573034643336,0.007081660565637242,0.0013801390623941717,1.493073349791211
2019-01-07,22.33066749572754,207.98736572265625,0.0543612387169749,0.0075028348042187,0.0125344195230287,0.0418268191939462,,,Train,2.3529999256134033,2019-01-07,9.33730129211668e-05,0.05426786570405374,0.007409461791297534,0.012536382012197934,0.041824856704776966,0.0013801390623941717,1.493073349791211
2019-01-08,22.356666564941406,210.008056640625,0.001164276402344,0.0097154503156853,0.0158358718004712,-0.0146715953981272,,,Train,2.4000000953674316,2019-01-08,9.523809902251713e-05,0.001069038303321483,0.009620212216662783,0.01583905964145172,-0.01467478323910772,0.0013801390623941717,1.493073349791211
2019-01-09,22.568666458129883,210.97833251953125,0.0094826253535007,0.0046201840749691,0.0082332050707967,0.001249420282704,0.0383194893273543,0.4840768074646439,Train,2.390000104904175,2019-01-09,9.484127400413391e-05,0.009387784079496567,0.004525342800964966,0.00823164907118861,0.0012509762823120912,0.0013801390623941717,1.493073349791211
2019-01-10,22.99799919128418,211.85964965820312,0.0190233983895684,0.0041772874405967,0.0075723572666289,0.0114510411229395,0.0469639348343004,0.5932790869511138,Train,2.375,2019-01-10,9.424603174603175e-05,0.018929152357822367,0.004083041408850668,0.007570665407789095,0.011452732981779304,0.0013801390623941717,1.493073349791211
2019-01-11,23.15066719055176,211.76171875,0.0066383165769237,-0.0004622442657726,0.0006496938219946,0.005988622754929,0.0458443079563917,0.5791352292399736,Train,2.369999885559082,2019-01-11,9.404761450631278e-05,0.006544268962417387,-0.0005562918802789128,0.0006436020957507968,0.005994714481172903,0.0013801390623941717,1.493073349791211
2019-01-14,22.293333053588867,210.59555053710935,-0.037032804709524,-0.0055069831307299,-0.0068775808122579,-0.0301552238972661,-0.0261377351348206,-0.3301889352003536,Train,2.359999895095825,2019-01-14,9.365078948792958e-05,-0.037126455499011925,-0.00560063392021783,-0.006888367396331816,-0.030144437313192184,0.0013801390623941717,1.493073349791211
2019-01-15,22.96199989318848,213.06130981445312,0.0299940272722909,0.0117085060489408,0.0188097180722371,0.0111843092000537,-0.0002818305366396,-0.0035602673422162,Train,2.382999897003174,2019-01-15,9.456348797631641e-05,0.029899463784314583,0.011613942560964484,0.018815170674152445,0.011178856598138456,0.0013801390623941717,1.493073349791211
2019-01-16,23.06999969482422,213.5331115722656,0.0047034144298458,0.0022143943366506,0.0046435167722838,5.989765756205749e-05,-0.0014713531617816,-0.0185870937664047,Train,2.36299991607666,2019-01-16,9.376983793955e-05,0.00460964459190625,0.00212062449871105,0.004640156824273537,6.325760557226306e-05,0.0013801390623941717,1.493073349791211
2019-01-17,23.15399932861328,215.12652587890625,0.0036410765019605,0.0074621415615974,0.0124737009762081,-0.0088326244742476,-0.0217550187589688,-0.2748236005237541,Train,2.3550000190734863,2019-01-17,9.345238170926534e-05,0.003547624120251235,0.007368689179888134,0.012475584881489265,-0.008834508379528764,0.0013801390623941717,1.493073349791211
2019-01-18,20.15066719055176,218.0195159912109,-0.1297111611448507,0.0134478540035232,0.0214050059729872,-0.1511161671178379,-0.1788598086317359,-2.2594738778103047,Train,2.3480000495910645,2019-01-18,9.317460514250255e-05,-0.1298043357499932,0.013354679398380698,0.02141282957226462,-0.15112399071711533,0.0013801390623941717,1.493073349791211
2019-01-22,19.92799949645996,215.1175842285156,-0.0110501400269367,-0.0133104220028279,-0.0185211225404345,0.0074709825134978,-0.1412336022209719,-1.7841550727831643,Train,2.3450000286102295,2019-01-22,9.305555669088212e-05,-0.011143195583627582,-0.013403477559518782,-0.01853918051955698,0.00748904049262028,0.0013801390623941717,1.493073349791211
2019-01-23,19.172666549682617,215.4381256103516,-0.0379030994511778,0.0014900752208868,0.0035627573805409,-0.0414658568317188,-0.1938837682527445,-2.44926634468496,Train,2.3529999256134033,2019-01-23,9.33730129211668e-05,-0.037996472464098964,0.001396702207965633,0.0035588909196233674,-0.041461990370801165,0.0013801390623941717,1.493073349791211
2019-01-24,19.43400001525879,215.65171813964844,0.0136305226452966,0.0009914332882898,0.0028187317983875,0.010811790846909,-0.1831318750633975,-2.313441410150027,Train,2.305000066757202,2019-01-24,9.14682566173493e-05,0.01353905438867925,0.0008999650316724507,0.00281532112354566,0.01081520152175094,0.0013801390623941717,1.493073349791211
2019-01-25,19.80266761779785,217.48545837402344,0.0189702378434495,0.008503248896851,0.0140271413119658,0.0049430965314836,-0.1693561540576662,-2.1394175084218348,Train,2.328000068664551,2019-01-25,9.238095510573614e-05,0.01887785688834376,0.008410867941745264,0.014030562789933016,0.004939675053516482,0.0013801390623941717,1.493073349791211
2019-01-28,19.7586669921875,215.80300903320312,-0.0022219544588429,-0.0077359164764335,-0.0102033809941266,0.0079814265352836,-0.0102585604045446,-0.1295928327069393,Train,2.3329999446868896,2019-01-28,9.257936288440038e-05,-0.0023145338217273,-0.007828495839317901,-0.010215800081358363,0.007993845622515464,0.0013801390623941717,1.493073349791211
2019-01-29,19.83066749572754,215.5360107421875,0.0036439960027925,-0.0012372315484004,-0.0005066677401299,0.0041506637429224,-0.0135788791751199,-0.1715372672085151,Train,2.365000009536743,2019-01-29,9.384920672764854e-05,0.0035501467960648517,-0.0013310807551280485,-0.0005134129327798299,0.00415740893557233,0.0013801390623941717,1.493073349791211
2019-01-30,20.584667205810547,218.94532775878903,0.038021902704256,0.0158178533826516,0.0249412913362652,0.0130806113679908,0.0409675890245897,0.5175293317489572,Train,2.365000009536743,2019-01-30,9.384920672764854e-05,0.03792805349752835,0.015724004175923952,0.024951079856199588,0.013070822848056409,0.0013801390623941717,1.493073349791211
2019-01-31,20.468000411987305,220.7701416015625,-0.0056676550879729,0.0083345639820358,0.0137754458893762,-0.0194431009773491,0.0107126972003314,0.1353297852111518,Train,2.3399999141693115,2019-01-31,9.285713945116316e-05,-0.005760512227424064,0.008241706842584637,0.013778469045300324,-0.019446124133273224,0.0013801390623941717,1.493073349791211
2019-02-01,20.81399917602539,220.9571228027344,0.0169043754677398,0.0008469496817613,0.0026031472427543,0.0143012282249855,0.0200708288938333,0.2535478145623496,Train,2.3399999141693115,2019-02-01,9.285713945116316e-05,0.016811518328288637,0.0007540925423101368,0.0025989116800449012,0.0143054637876949,0.0013801390623941717,1.493073349791211
2019-02-04,20.85933303833008,222.53271484375,0.0021780467041099,0.0071307592216534,0.0119792440878592,-0.0098011973837493,0.0022882049748003,0.0289060991800687,Train,2.3350000381469727,2019-02-04,9.265873167249892e-05,0.002085387972437401,0.007038100489980901,0.011981198068809616,-0.009803151364699716,0.0013801390623941717,1.493073349791211
2019-02-05,21.42333221435547,223.52078247070312,0.027038217137097,0.0044401005382372,0.0079645017197661,0.0190737154173309,0.0172112566492088,0.2174238309918223,Train,2.365000009536743,2019-02-05,9.384920672764854e-05,0.02694436793036935,0.004346251331509551,0.007963260303693296,0.019074956833403704,0.0013801390623941717,1.493073349791211
2019-02-06,21.14800071716309,223.2447662353516,-0.0128519454600944,-0.0012348571452757,-0.0005031248839205,-0.0123488205761739,-0.008218175294956,-0.1038173558624977,Train,2.365000009536743,2019-02-06,9.384920672764854e-05,-0.012945794666822049,-0.0013287063520033484,-0.0005098677747526789,-0.01234207768534172,0.0013801390623941717,1.493073349791211
2019-02-07,20.500667572021484,221.05502319335935,-0.0306096615845224,-0.0098087094220327,-0.0132962034729762,-0.0173134581115462,-0.0060885324291531,-0.0769143167663629,Train,2.3550000190734863,2019-02-07,9.345238170926534e-05,-0.030703113966231665,-0.009902161803741965,-0.013311062450384159,-0.01729859913413824,0.0013801390623941717,1.493073349791211
2019-02-08,20.386667251586918,221.33987426757807,-0.0055608101557703,0.0012885980608077,0.0032621325202574,-0.0088229426760277,-0.0292127033301664,-0.3690339410495235,Train,2.365000009536743,2019-02-08,9.384920672764854e-05,-0.005654659362497949,0.0011947488540800515,0.0032578359428423334,-0.008818646098612633,0.0013801390623941717,1.493073349791211
2019-02-11,20.856000900268555,221.45558166503903,0.0230215975416534,0.0005227589373302,0.002119420962259,0.0209021765793944,0.0014906706329773,0.0188311246746669,Train,2.375,2019-02-11,9.424603174603175e-05,0.02292735150990737,0.00042851290558416823,0.0021141862935095223,0.020907411248143878,0.0013801390623941717,1.493073349791211
2019-02-12,20.78733253479004,224.32196044921875,-0.0032924991616025,0.0129433575917503,0.0206522448995077,-0.0239447440611102,-0.0415277888454638,-0.5246061416332011,Train,2.378000020980835,2019-02-12,9.436508019765218e-05,-0.0033868642418001522,0.01284899251155265,0.020658992433257924,-0.023951491594860423,0.0013801390623941717,1.493073349791211
2019-02-13,20.544666290283203,224.9984130859375,-0.0116737558366715,0.0030155435311107,0.0058389146256002,-0.0175126704622718,-0.0466916387315616,-0.5898392648028383,Train,2.372999906539917,2019-02-13,9.416666295793321e-05,-0.011767922499629433,0.002921376868152767,0.005836135671887514,-0.017509891508559014,0.0013801390623941717,1.493073349791211
2019-02-14,20.251333236694336,224.5,-0.0142778203084078,-0.0022151848944247,-0.0019658757610139,-0.0123119445473939,-0.0416901251674093,-0.5266568800392276,Train,2.372999906539917,2019-02-14,9.416666295793321e-05,-0.014371986971365732,-0.002309351557382633,-0.001973725540274733,-0.012304094768133066,0.0013801390623941717,1.493073349791211
2019-02-15,20.525333404541016,226.97467041015625,0.0135299816878331,0.0110230307802059,0.0177869177369022,-0.004256936049069,-0.0371241185404506,-0.4689761032428953,Train,2.369999885559082,2019-02-15,9.404761450631278e-05,0.013435934073326787,0.010928983165699587,0.017791960181923323,-0.004261978494090223,0.0013801390623941717,1.493073349791211
2019-02-19,20.375999450683597,227.36631774902344,-0.0072755921141034,0.0017255112130329,0.00391405234726,-0.0111896444613635,-0.0692159395812086,-0.874380938950015,Train,2.372999906539917,2019-02-19,9.416666295793321e-05,-0.007369758777061333,0.0016313445500749668,0.003910022797396172,-0.011185614911499572,0.0013801390623941717,1.493073349791211
2019-02-20,20.17066764831543,227.89154052734372,-0.0100771401601738,0.0023100289590829,0.0047862135672739,-0.0148633537274477,-0.060134549247546,-0.7596588871370359,Train,2.382999897003174,2019-02-20,9.456348797631641e-05,-0.010171703648150116,0.0022154654711065837,0.004782555002662358,-0.014859695162836157,0.0013801390623941717,1.493073349791211
2019-02-21,19.415332794189453,227.0636749267578,-0.0374471915008256,-0.0036327175579674,-0.0040809818045851,-0.0333662096962405,-0.0759880884815147,-0.959931145304024,Train,2.3949999809265137,2019-02-21,9.503968178279817e-05,-0.037542231182608396,-0.003727757239750198,-0.004090636244985297,-0.0333565552558403,0.0013801390623941717,1.493073349791211
2019-02-22,19.6473331451416,228.42556762695312,0.0119493368159819,0.0059978448804487,0.0102888181586663,0.0016605186573156,-0.0620156252768052,-0.7834218676679905,Train,2.3929998874664307,2019-02-22,9.496031299469963e-05,0.0118543765029872,0.005902884567454,0.010288539009948259,0.0016607978060336412,0.0013801390623941717,1.493073349791211
2019-02-25,19.917999267578125,228.76385498046875,0.0137762270551946,0.0014809522289032,0.0035491449284428,0.0102270821267518,-0.0475316071009843,-0.6004502936494868,Train,2.3929998874664307,2019-02-25,9.496031299469963e-05,0.0136812667421999,0.0013859919159085003,0.0035444869680579145,0.010231740087136685,0.0013801390623941717,1.493073349791211
2019-02-26,19.857332229614254,228.5947265625,-0.0030458399535449,-0.0007393144252757,0.0002362763509689,-0.0032821163045138,-0.0396240789441346,-0.5005572352529054,Train,2.4000000953674316,2019-02-26,9.523809902251713e-05,-0.0031410780525674173,-0.0008345525242982172,0.00022932902838603865,-0.0032751689819309386,0.0013801390623941717,1.493073349791211
2019-02-27,20.982667922973636,228.4789886474609,0.0566710412228035,-0.0005063017716089,0.0005839554448442,0.0560870857779592,0.0313263605612723,0.3957350391713594,Train,2.3929998874664307,2019-02-27,9.496031299469963e-05,0.056576080909808805,-0.0006012620846035996,0.0005773709806273284,0.05609367024217617,0.0013801390623941717,1.493073349791211
2019-02-28,21.32533264160156,227.94488525390625,0.0163308460051807,-0.0023376477492151,-0.002148603066664,0.0184794490718448,0.0831720193293577,1.0506832500662375,Train,2.382999897003174,2019-02-28,9.456348797631641e-05,0.01623628251720438,-0.0024322112371914163,-0.0021567672289427254,0.018487613234123425,0.0013801390623941717,1.493073349791211
2019-03-01,19.652666091918945,229.51158142089844,-0.0784356604323053,0.0068731358689932,0.0115948432735495,-0.0900305037058548,-0.0085190030338127,-0.1076176082661381,Train,2.378000020980835,2019-03-01,9.436508019765218e-05,-0.07853002551250296,0.006778770788795548,0.011595706151685602,-0.09003136658399091,0.0013801390623941717,1.493073349791211
2019-03-04,19.02400016784668,228.6303253173828,-0.0319888365849134,-0.0038397021102803,-0.004389824266408,-0.0275990123185053,-0.0463450974790699,-0.5854615294492193,Train,2.375,2019-03-04,9.424603174603175e-05,-0.03208308261665943,-0.003933948142026332,-0.004399288036179963,-0.02758954854873344,0.0013801390623941717,1.493073349791211
2019-03-05,18.43600082397461,228.3633270263672,-0.0309082915624587,-0.0011678166080767,-0.0004030934355873,-0.0305051981268714,-0.0735681793014275,-0.9293612726148596,Train,2.4000000953674316,2019-03-05,9.523809902251713e-05,-0.031003529661481215,-0.001263054707099217,-0.00041045616108149603,-0.030497835401377203,0.0013801390623941717,1.493073349791211
2019-03-06,18.416000366210938,226.9034118652344,-0.0010848588017886,-0.0063929492539064,-0.0081995343373687,0.00711467553558,-0.1225405895438067,-1.548012732227526,Train,2.4049999713897705,2019-03-06,9.543650680118137e-05,-0.0011802953085897814,-0.006488385760707581,-0.00821206029328191,0.007127201491493309,0.0013801390623941717,1.493073349791211
2019-03-07,18.439332962036133,225.07858276367188,0.001266974118224,-0.0080423167133614,-0.0106605619886428,0.0119275361068669,-0.1290925025087846,-1.6307807744573752,Train,2.3949999809265137,2019-03-07,9.503968178279817e-05,0.0011719344364412019,-0.008137356395144199,-0.010674491227165912,0.011941465345389913,0.0013801390623941717,1.493073349791211
2019-03-08,18.94266700744629,224.62457275390625,0.0272967599449744,-0.0020171177736725,-0.0016703390337763,0.0289670989787508,-0.0100948998241789,-0.1275253654039581,Train,2.3929998874664307,2019-03-08,9.496031299469963e-05,0.0272017996319797,-0.0021120780866671993,-0.0016783881284919355,0.028975148073466336,0.0013801390623941717,1.493073349791211
2019-03-11,19.39466667175293,227.9003753662109,0.0238614585860037,0.0145834561737534,0.0230994424224046,0.000762016163599,0.0182661286579255,0.2307496629177418,Train,2.380000114440918,2019-03-11,9.444444898575071e-05,0.02376701413701795,0.01448901172476765,0.02310774078244289,0.0007537178035608091,0.0013801390623941717,1.493073349791211
2019-03-12,18.89066696166992,228.71041870117188,-0.0259865105501941,0.0035543747291302,0.0066429067682203,-0.0326294173184145,0.0161419094663824,0.2039151392159014,Train,2.3949999809265137,2019-03-12,9.503968178279817e-05,-0.026081550231976898,0.003459335047347402,0.006640219711370093,-0.032626730261564194,0.0013801390623941717,1.493073349791211
2019-03-13,19.263999938964844,230.26828002929688,0.0197628266938607,0.0068115013604188,0.0115028781817169,0.0082599485121437,0.0172871824429461,0.2183829751892462,Train,2.388000011444092,2019-03-13,9.476190521603539e-05,0.019668064788644662,0.006716739455202765,0.011503485645664592,0.008259341048196107,0.0013801390623941717,1.493073349791211
2019-03-14,19.33066749572754,230.1881256103516,0.0034607328163371,-0.0003480914476589,0.0008200216893467,0.0026407111269904,0.0080003574630696,0.1010657387997628,Train,2.388000011444092,2019-03-14,9.476190521603539e-05,0.0033659709111210647,-0.0004428533528749354,0.0008136884285669582,0.002647044387770142,0.0013801390623941717,1.493073349791211
2019-03-15,18.36199951171875,231.3097381591797,-0.0501104260482926,0.0048725908248052,0.0086098221715853,-0.0587202482198779,-0.0796869897355592,-1.0066580809082155,Train,2.388000011444092,2019-03-15,9.476190521603539e-05,-0.05020518795350863,0.004777828919589165,0.008608549997310524,-0.058718976045603125,0.0013801390623941717,1.493073349791211
2019-03-18,17.965999603271484,232.13758850097656,-0.0215662737707043,0.0035789688250269,0.0066796037151092,-0.0282458774858135,-0.1086948833849718,-1.3731047323529593,Train,2.384999990463257,2019-03-18,9.464285676441495e-05,-0.021660916627468715,0.0034843259682624853,0.00667713616435676,-0.02824340993506106,0.0013801390623941717,1.493073349791211
2019-03-19,17.83133316040039,232.20880126953125,-0.0074956276213304,0.000306769657661,0.001797142511452,-0.0092927701327825,-0.0853582361993398,-1.0783009689195735,Train,2.4049999713897705,2019-03-19,9.543650680118137e-05,-0.0075910641281315815,0.00021133315085981863,0.0017911114646715538,-0.009286739086001954,0.0013801390623941717,1.493073349791211
2019-03-20,18.239999771118164,231.3809967041016,0.0229184552294348,-0.0035649146841287,-0.0039798128707637,0.0268982681001985,-0.0667199166112851,-0.8428495471739645,Train,2.4079999923706055,2019-03-20,9.55555552528018e-05,0.022822899674181996,-0.003660470239381502,-0.003989655944477401,0.0269081111739122,0.0013801390623941717,1.493073349791211
2019-03-21,18.26799964904785,234.0261688232422,0.0015350810461096,0.0114321061661055,0.0183973007236548,-0.0168622196775451,-0.0862228474158207,-1.0892233022992468,Train,2.4079999923706055,2019-03-21,9.55555552528018e-05,0.0014395254908567982,0.011336550610852699,0.018401996213270412,-0.016866915167160813,0.0013801390623941717,1.493073349791211
2019-03-22,17.635332107543945,229.5771484375,-0.0346325571304071,-0.0190107816066608,-0.0270266514489983,-0.0076059056814087,-0.0351085048773515,-0.4435135554834544,Train,2.3980000019073486,2019-03-22,9.51587302344186e-05,-0.03472771586064152,-0.01910594033689522,-0.02705127254709057,-0.007581284583316535,0.0013801390623941717,1.493073349791211
2019-03-25,17.3613338470459,229.3712921142578,-0.0155368925760597,-0.0008966760178147,1.4765019316859227e-06,-0.0155383690779914,-0.0224009964695293,-0.2829840127137521,Train,2.390000104904175,2019-03-25,9.484127400413391e-05,-0.015631733850063834,-0.000991517291818834,-5.427707873550481e-06,-0.01553146486818615,0.0013801390623941717,1.493073349791211
2019-03-26,17.851333618164062,231.02735900878903,0.0282236247188771,0.0072200268798516,0.0121124407105591,0.016111184008318,0.0030029576715712,0.037935321898144,Train,2.4049999713897705,2019-03-26,9.543650680118137e-05,0.028128188212075918,0.007124590373050418,0.012113111583375955,0.016110513135501145,0.0013801390623941717,1.493073349791211
2019-03-27,18.32200050354004,229.95315551757807,0.0263659228740795,-0.0046496808681869,-0.0055983967459521,0.0319643196200316,0.0080690091914044,0.1019329922538822,Train,2.378000020980835,2019-03-27,9.436508019765218e-05,0.026271557793881847,-0.004744045948384552,-0.005608704433126121,0.03197462730720562,0.0013801390623941717,1.493073349791211
2019-03-28,18.57466697692871,230.84832763671875,0.0137903321932477,0.0038928455542424,0.0071479404130734,0.0066423917801743,0.0315736206491238,0.3988585900339007,Train,2.369999885559082,2019-03-28,9.404761450631278e-05,0.013696284578741388,0.003798797939736087,0.007146070641962194,0.006644261551285505,0.0013801390623941717,1.493073349791211
2019-03-29,18.65733337402344,232.33432006835935,0.0044504914783884,0.0064370942031648,0.0109442237948154,-0.0064937323164269,0.0326857940141056,0.412908290103449,Train,2.328000068664551,2019-03-29,9.238095510573614e-05,0.004358110523282664,0.006344713248059064,0.010945642280244128,-0.006495150801855728,0.0013801390623941717,1.493073349791211
2019-04-01,19.27866744995117,235.01084899902344,0.0333024051975625,0.0115201616785525,0.0185286886989278,0.0147737164986346,0.0629978795907317,0.7958303454622,Train,2.322999954223633,2019-04-01,9.218253786601717e-05,0.03321022265969648,0.011427979140686483,0.01853513269718904,0.014767272500373463,0.0013801390623941717,1.493073349791211
2019-04-02,19.058666229248047,235.09141540527344,-0.0114116404193528,0.0003428199446671,0.0018509332859999,-0.0132625737053528,0.0336241218770608,0.4247618602899972,Train,2.369999885559082,2019-04-02,9.404761450631278e-05,-0.011505688033859112,0.0002487723301607872,0.001845622013229016,-0.013257262432581816,0.0013801390623941717,1.493073349791211
2019-04-03,19.45400047302246,235.5300750732422,0.0207430173244611,0.00186591104236,0.0041235434829237,0.0166194738415373,0.0182792760985665,0.2309157499717079,Train,2.372999906539917,2019-04-03,9.416666295793321e-05,0.020648850661503165,0.0017717443794020668,0.004119650040879699,0.0166233672835814,0.0013801390623941717,1.493073349791211
2019-04-04,17.851999282836914,236.09405517578125,-0.0823481623950352,0.0023945141713375,0.0049122742836354,-0.0872604366786707,-0.0756235523602784,-0.9553260870198136,Train,2.369999885559082,2019-04-04,9.404761450631278e-05,-0.08244221000954151,0.002300466556831187,0.004908951984991078,-0.08725711438002628,0.0013801390623941717,1.493073349791211
2019-04-05,18.33066749572754,237.23097229003903,0.0268131431839582,0.0048155262249671,0.0085246758584909,0.0182884673254672,-0.0508413527183841,-0.6422611611770793,Train,2.369999885559082,2019-04-05,9.404761450631278e-05,0.026719095569451887,0.004721478610460787,0.008523700561788724,0.01828944262216948,0.0013801390623941717,1.493073349791211
2019-04-08,18.21333312988281,237.43682861328125,-0.0064009870820075,0.0008677464045061,0.0026341781142786,-0.0090351651962862,-0.074650234413305,-0.9430304992473904,Train,2.365000009536743,2019-04-08,9.384920672764854e-05,-0.006494836288735149,0.0007738971977784514,0.0026294735506029237,-0.009030460632610423,0.0013801390623941717,1.493073349791211
2019-04-09,18.15399932861328,236.1746063232422,-0.0032577124047756,-0.005316034152793,-0.006592665093816,0.0033349526890403,-0.0580527080189118,-0.7333597095306649,Train,2.365000009536743,2019-04-09,9.384920672764854e-05,-0.0033515616115032485,-0.005409883359520649,-0.006603364400457406,0.0033456519956818064,0.0013801390623941717,1.493073349791211
2019-04-10,18.40399932861328,236.9892578125,0.0137710702459905,0.003449361055112,0.006486215453596,0.0072848547923945,-0.0673873270680547,-0.8512807118072292,Train,2.36299991607666,2019-04-10,9.376983793955e-05,0.01367730040805095,0.0033555912171724504,0.006484052719487359,0.007287017526503141,0.0013801390623941717,1.493073349791211
2019-04-11,17.89466667175293,236.9445343017578,-0.0276751073375923,-0.0001887153500331,0.0010578273893201,-0.0287329347269125,-0.0088598251162965,-0.1119230953302478,Train,2.365000009536743,2019-04-11,9.384920672764854e-05,-0.027768956544319948,-0.0002825645567607485,0.0010520986598267807,-0.02872720599741908,0.0013801390623941717,1.493073349791211
2019-04-12,17.84666633605957,238.546875,-0.0026823822188948,0.006762513864116,0.0114297837464674,-0.0141121659653622,-0.041260458407126,-0.5212290489996549,Train,2.375,2019-04-12,9.424603174603175e-05,-0.0027766282506408316,0.0066682678323699675,0.011430598083921807,-0.014112980302816608,0.0013801390623941717,1.493073349791211
2019-04-15,17.7586669921875,238.38571166992188,-0.0049308561170477,-0.0006756044491386,0.0003313382560869,-0.0052621943731347,-0.0374874875839746,-0.4735664182394736,Train,2.359999895095825,2019-04-15,9.365078948792958e-05,-0.005024506906535629,-0.0007692552386265296,0.0003252353559015512,-0.005256091472949251,0.0013801390623941717,1.493073349791211
2019-04-16,18.224000930786133,238.55581665039065,0.0262032020085372,0.000713570369957,0.0024041314488045,0.0237990705597327,-0.0170233697132823,-0.2150503205483342,Train,2.378000020980835,2019-04-16,9.436508019765218e-05,0.026108836928339547,0.0006192052897593479,0.002399023058781251,0.02380417894975595,0.0013801390623941717,1.493073349791211
2019-04-17,18.082000732421875,237.9739227294922,-0.0077919332260554,-0.0024392359367669,-0.002300183199505,-0.0054917500265503,-0.0297999745322271,-0.37645273429546,Train,2.380000114440918,2019-04-17,9.444444898575071e-05,-0.007886377675041151,-0.0025336803857526507,-0.002308387149476075,-0.005483546076579325,0.0013801390623941717,1.493073349791211
2019-04-18,18.21733283996582,238.4215545654297,0.0074843547208405,0.0018810121327719,0.004146075879119,0.0033382788417214,0.0022712390364067,0.0286917743694464,Train,2.365000009536743,2019-04-18,9.384920672764854e-05,0.007390505514112851,0.0017871629260442516,0.004142353605733373,0.0033420011151071268,0.0013801390623941717,1.493073349791211
2019-04-22,17.516666412353516,238.6542816162109,-0.038461526380808,0.0009761158180745,0.0027958765410394,-0.0412574029218474,-0.0248739979200784,-0.3142245816266226,Train,2.375,2019-04-22,9.424603174603175e-05,-0.03855577241255403,0.0008818697863284682,0.0027910813700933092,-0.04125260775090131,0.0013801390623941717,1.493073349791211
2019-04-23,17.593332290649414,240.71322631835935,0.004376739071872,0.0086273109713552,0.0142122548196194,-0.0098355157477473,-0.0294473192946909,-0.3719977630910195,Train,2.390000104904175,2019-04-23,9.484127400413391e-05,0.004281897797867866,0.008532469697351067,0.014214583449414262,-0.009837844377542263,0.0013801390623941717,1.493073349791211
2019-04-24,17.243999481201172,240.23870849609372,-0.0198559774622063,-0.0019712993320859,-0.0016019731574906,-0.0182540043047157,-0.0715003941591393,-0.9032396606682428,Train,2.375,2019-04-24,9.424603174603175e-05,-0.019950223493952333,-0.002065545363831932,-0.0016096256413820446,-0.018246351820824257,0.0013801390623941717,1.493073349791211
2019-04-25,16.5086669921875,240.1492156982422,-0.0426428039397303,-0.0003725161461772,0.00078357750095,-0.0434263814406803,-0.1094350255732694,-1.3824546917044584,Train,2.365000009536743,2019-04-25,9.384920672764854e-05,-0.04273665314645795,-0.0004663653529048485,0.0007776705894336177,-0.04342047452916392,0.0013801390623941717,1.493073349791211
2019-04-26,15.675999641418455,241.2502899169922,-0.0504381941414828,0.0045849586289448,0.0081806450447107,-0.0586188391861936,-0.1713921436011844,-2.1651374576058684,Train,2.359999895095825,2019-04-26,9.365078948792958e-05,-0.05053184493097073,0.00449130783945687,0.008179641892683498,-0.0586178360341663,0.0013801390623941717,1.493073349791211
2019-04-29,16.097999572753906,241.5546112060547,0.0269201289224618,0.0012614338791767,0.0032216007383704,0.0236985281840913,-0.1064362124952456,-1.344571727017956,Train,2.359999895095825,2019-04-29,9.365078948792958e-05,0.02682647813297387,0.0011677830896887704,0.003217375661433244,0.023702753261028556,0.0013801390623941717,1.493073349791211
2019-04-30,15.912667274475098,241.70684814453125,-0.0115127533356682,0.0006302381797493,0.0022797911611587,-0.013792544496827,-0.1103932412443252,-1.394559497667418,Train,2.368000030517578,2019-04-30,9.396825517926897e-05,-0.011606721590847469,0.000536269924570031,0.002274797650243497,-0.013787550985911697,0.0013801390623941717,1.493073349791211
2019-05-01,15.600666999816896,239.943359375,-0.0196070381713234,-0.0072959818187556,-0.0095469527669946,-0.0100600854043287,-0.1021993223439383,-1.2910485644177925,Train,2.36299991607666,2019-05-01,9.376983793955e-05,-0.01970080800926295,-0.00738975165669515,-0.009559532359853256,-0.010047505811470145,0.0013801390623941717,1.493073349791211
2019-05-02,16.273332595825195,239.4688720703125,0.0431177459281835,-0.0019774971306705,-0.0016112209170521,0.0447289668452356,-0.0140439740580223,-0.1774126494235592,Train,2.372999906539917,2019-05-02,9.416666295793321e-05,0.04302357926522557,-0.002071663793628433,-0.0016188402746418675,0.04473658620282537,0.0013801390623941717,1.493073349791211
2019-05-03,17.00200080871582,241.74264526367188,0.0447768278931113,0.0094950678712502,0.0155070382912971,0.0292697896018141,0.0738446547299854,0.9328538907355088,Train,2.368000030517578,2019-05-03,9.396825517926897e-05,0.04468285963793203,0.009401099616070932,0.015510638613061335,0.029266189280049964,0.0013801390623941717,1.493073349791211
2019-05-06,17.022666931152344,240.7847137451172,0.0012155112018303,-0.0039626087383541,-0.0045732137279137,0.0057887249297441,0.0559348514756382,0.706605562955853,Train,2.36299991607666,2019-05-06,9.376983793955e-05,0.0011217413638907499,-0.00405637857629365,-0.004582561848594341,0.005798073050424641,0.0013801390623941717,1.493073349791211
2019-05-07,16.470666885375977,236.88180541992188,-0.032427353951582,-0.0162091200246488,-0.0228462812208125,-0.0095810727307694,0.0601463232416958,0.7598076239182189,Train,2.368000030517578,2019-05-07,9.396825517926897e-05,-0.032521322206761266,-0.01630308827982807,-0.022867599312331288,-0.009559754639250712,0.0013801390623941717,1.493073349791211
2019-05-08,16.32266616821289,236.4163360595703,-0.0089857149193207,-0.0019649857004695,-0.0015925525630082,-0.0073931623563125,0.0628132462897121,0.79349793705911,Train,2.369999885559082,2019-05-08,9.404761450631278e-05,-0.009079762533827012,-0.002059033314975813,-0.001600101092022154,-0.007385613827298546,0.0013801390623941717,1.493073349791211
2019-05-09,16.131999969482422,235.6911773681641,-0.0116810695486608,-0.0030672951941169,-0.0032373128791992,-0.0084437566694616,0.0096405227750148,0.1217853778622253,Train,2.369999885559082,2019-05-09,9.404761450631278e-05,-0.011775117163167112,-0.003161342808623213,-0.003245930020208931,-0.008435139528451869,0.0013801390623941717,1.493073349791211
2019-05-10,15.968000411987305,236.7922821044922,-0.0101661020211605,0.0046718114297852,0.0083102384492814,-0.0184763404704419,-0.0381056072972413,-0.4813749100195432,Train,2.369999885559082,2019-05-10,9.404761450631278e-05,-0.010260149635666812,0.004577763815278887,0.008309123831131927,-0.01847522585229243,0.0013801390623941717,1.493073349791211
2019-05-13,15.133999824523926,230.98265075683597,-0.0522294943603137,-0.0245347158109341,-0.0352689353273452,-0.0169605590329685,-0.060854891259954,-0.7687587177394287,Train,2.3499999046325684,2019-05-13,9.325396446954637e-05,-0.052322748324783244,-0.024627969775403647,-0.0352979723042549,-0.016931522056058794,0.0013801390623941717,1.493073349791211
2019-05-14,15.487333297729492,232.98779296875,0.0233469986323777,0.0086809212957943,0.0142922469948512,0.0090547516375265,-0.042219066891658,-0.5333388172389075,Train,2.3529999256134033,2019-05-14,9.33730129211668e-05,0.02325362561945653,0.008587548282873133,0.01429535155651849,0.009051647075859209,0.0013801390623941717,1.493073349791211
2019-05-15,15.463333129882812,234.36639404296875,-0.0015496643215006,0.0059170528062972,0.0101682679881444,-0.011717932309645,-0.0465438368449906,-0.587972134873801,Train,2.3499999046325684,2019-05-15,9.325396446954637e-05,-0.0016429182859701464,0.005823798841827653,0.010168751872141507,-0.011718416193642106,0.0013801390623941717,1.493073349791211
2019-05-16,15.222000122070312,236.51480102539065,-0.0156067909670861,0.0091668730544534,0.0150173375187302,-0.0306241284858164,-0.0687242086613454,-0.86816907292577,Train,2.3380000591278076,2019-05-16,9.277778012411935e-05,-0.015699568747210218,0.009074095274329282,0.01502120667008571,-0.03062799763717181,0.0013801390623941717,1.493073349791211
2019-05-17,14.0686674118042,235.08248901367188,-0.075767487913359,-0.0060559085753156,-0.0076966346197459,-0.068070853293613,-0.1183187214845165,-1.4946793385014454,Train,2.3299999237060547,2019-05-17,9.246031443277995e-05,-0.07585994822779177,-0.00614836888974838,-0.007707366357141731,-0.06806012155621727,0.0013801390623941717,1.493073349791211
2019-05-20,13.690667152404783,233.4801788330078,-0.0268682348039769,-0.0068159486799158,-0.0088306934389471,-0.0180375413650297,-0.1193957038165778,-1.508284482467387,Train,2.319999933242798,2019-05-20,9.206348941439675e-05,-0.026960298293391298,-0.006908012169330197,-0.00884196631825172,-0.01802626848572518,0.0013801390623941717,1.493073349791211
2019-05-21,13.67199993133545,235.45843505859372,-0.0013634997375607,0.0084729086446384,0.0139818705027148,-0.0153453702402756,-0.14379582569438,-1.816522752540654,Train,2.3299999237060547,2019-05-21,9.246031443277995e-05,-0.00145596005199348,0.00838044833020562,0.013985223437959217,-0.015348723175519918,0.0013801390623941717,1.493073349791211
2019-05-22,12.84866714477539,234.8140106201172,-0.060220362104671,-0.0027368925573475,-0.0027443178097972,-0.0574760442948738,-0.1895539376796087,-2.3945690979967016,Train,2.319999933242798,2019-05-22,9.206348941439675e-05,-0.060312425594085395,-0.002828956046761897,-0.002751636329342319,-0.05746872577532868,0.0013801390623941717,1.493073349791211
2019-05-23,13.03266716003418,232.0657196044922,0.0143205527223582,-0.01170411854202,-0.0161243508503395,0.0304449035726977,-0.1284849056210946,-1.6231052138802018,Train,2.302999973297119,2019-05-23,9.138888782925076e-05,0.014229163834528949,-0.01179550742984925,-0.016140029840548718,0.030460582562906915,0.0013801390623941717,1.493073349791211
2019-05-24,12.708666801452637,232.46861267089844,-0.0248606332535766,0.0017361162479874,0.0039298761614841,-0.0287905094150607,-0.0892045617425423,-1.126890264395754,Train,2.2880001068115234,2019-05-24,9.07936550322033e-05,-0.024951426908608805,0.0016453225929551967,0.003927520032777152,-0.028788153286353754,0.0013801390623941717,1.493073349791211
2019-05-28,12.579999923706056,230.3828125,-0.0101243411096335,-0.0089723947974484,-0.0120483351435338,0.0019239940339002,-0.0692430263436122,-0.8747231166172817,Train,2.2980000972747803,2019-05-28,9.119048005058652e-05,-0.010215531589684086,-0.009063585277498986,-0.012061268088948956,0.0019369269793154554,0.0013801390623941717,1.493073349791211
2019-05-29,12.657333374023438,228.7984161376953,0.0061473331308734,-0.0068772333539625,-0.0089221365413095,0.0150694696721829,-0.0388281864311536,-0.4905030014013643,Train,2.2980000972747803,2019-05-29,9.119048005058652e-05,0.006056142650822814,-0.0069684238340130865,-0.008933038374170074,0.015080371505043474,0.0013801390623941717,1.493073349791211
2019-05-30,12.54800033569336,229.43389892578125,-0.0086379204133519,0.0027774789651668,0.0054836975536143,-0.0141216179669663,0.0045262398967538,0.0571784174972198,Train,2.309999942779541,2019-05-30,9.166666439601353e-05,-0.008729587077747913,0.0026858123007707864,0.005481920495612463,-0.014119840908964364,0.0013801390623941717,1.493073349791211
2019-05-31,12.343999862670898,226.36346435546875,-0.0162576081897425,-0.0133826543709905,-0.0186289007400989,0.0023712925503564,-0.0235473711255874,-0.2974657658217416,Train,2.2929999828338623,2019-05-31,9.099206281086755e-05,-0.01634860025255337,-0.013473646433801367,-0.018646011289613174,0.002388403099870675,0.0013801390623941717,1.493073349791211
2019-06-03,11.9313325881958,225.69204711914065,-0.0334305961654318,-0.0029661024946754,-0.0030863228557177,-0.030344273309714,-0.0251011350202407,-0.3170939257706448,Train,2.2799999713897705,2019-06-03,9.047618934086392e-05,-0.03352107235477266,-0.003056578684016264,-0.0030930809229095394,-0.03033751524252226,0.0013801390623941717,1.493073349791211
2019-06-04,12.90666675567627,230.6603240966797,0.0817456189634182,0.0220135225895503,0.0341858736450273,0.0475597453183908,0.0205346162642498,0.2594066794260153,Train,2.2950000762939453,2019-06-04,9.107143159896609e-05,0.08165454753181924,0.021922451157951335,0.03420303808002975,0.04754258088338845,0.0013801390623941717,1.493073349791211
2019-06-05,13.105999946594238,232.61183166503903,0.0154442037352753,0.008460525562868,0.0139633936578672,0.001480810077408,0.0069459566694749,0.087745859570914,Train,2.2850000858306885,2019-06-05,9.067460658058289e-05,0.015353529128694718,0.008369850956287417,0.013967615073531978,0.0014765886617433225,0.0013801390623941717,1.493073349791211
2019-06-06,13.729999542236328,234.12466430664065,0.0476117502048552,0.0065036788144983,0.0110435749543776,0.0365681752504775,0.0576357498869187,0.7280924221809469,Train,2.255000114440918,2019-06-06,8.948413152543324e-05,0.047522266073329766,0.006414194682972867,0.01104648633543888,0.03656526386941632,0.0013801390623941717,1.493073349791211
2019-06-07,13.633333206176758,236.4610595703125,-0.0070405199768728,0.0099792786487964,0.0162295310904336,-0.0232700510673064,0.0319944062692559,0.404174228712706,Train,2.2149999141693115,2019-06-07,8.78968219908457e-05,-0.007128416798863646,0.009891381826805554,0.016236594482597493,-0.023277114459470293,0.0013801390623941717,1.493073349791211
2019-06-10,14.19200038909912,237.57115173339844,0.0409780333593881,0.0046946087660402,0.0083442544440661,0.0326337789153219,0.0949724584942919,1.1997541019464155,Train,2.2200000286102295,2019-06-10,8.809523923056467e-05,0.04088993812015754,0.004606513526809635,0.008346096883956924,0.032631936475431174,0.0013801390623941717,1.493073349791211
2019-06-11,14.473333358764648,237.5263671875,0.0198233485028382,-0.0001885100340326,0.0010581337421293,0.0187652147607089,0.06617792793661,0.8360027923783204,Train,2.2130000591278076,2019-06-11,8.781746266380189e-05,0.019735531040174396,-0.0002763274966964019,0.001055379303926057,0.018767969198912143,0.0013801390623941717,1.493073349791211
2019-06-12,13.95066738128662,237.0787353515625,-0.036112342922131,-0.0018845564020442,-0.0014725436915693,-0.0346397992305617,0.0300573186286402,0.3797036729378644,Train,2.1649999618530273,2019-06-12,8.591269689892965e-05,-0.03619825561902993,-0.0019704690989431296,-0.0014760031389259862,-0.03463633978320502,0.0013801390623941717,1.493073349791211
2019-06-13,14.260666847229004,238.13507080078125,0.0222211208589357,0.0044556313650496,0.007987675327329,0.0142334455316067,0.0077225889097694,0.0975567850831053,Train,2.140000104904175,2019-06-13,8.4920639083499e-05,0.0221362002198522,0.0043707107259661005,0.007990851406064252,0.014230269452871449,0.0013801390623941717,1.493073349791211
2019-06-14,14.32800006866455,237.7769775390625,0.0047216039864665,-0.0015037401274603,-0.0009043262355781,0.0056259302220447,0.0366185701991206,0.4625896865294714,Train,2.125,2019-06-14,8.432539682539683e-05,0.004637278589641103,-0.001588065524285697,-0.0009066338528136127,0.005628237839280113,0.0013801390623941717,1.493073349791211
2019-06-17,15.001999855041504,237.9918212890625,0.047040744217401,0.000903551522202,0.0026876030707378,0.0443531411466631,0.0483379324304618,0.6106363216504579,Train,2.138000011444092,2019-06-17,8.484127029540047e-05,0.0469559029471056,0.0008187102519065996,0.002687374791012165,0.04435336942638884,0.0013801390623941717,1.493073349791211
2019-06-18,14.982666969299316,240.3640899658203,-0.0012886872369679,0.0099678579873401,0.016212490276709,-0.017501177513677,0.0120715401560757,0.1524955765984857,Train,2.1679999828338623,2019-06-18,8.603174535055008e-05,-0.00137471898231845,0.00988182624198955,0.016220462216926752,-0.017509149453894653,0.0013801390623941717,1.493073349791211
2019-06-19,15.095333099365234,240.9996337890625,0.0075197646918789,0.0026440880721099,0.0052846644792321,0.0022351002126468,0.0489464395992844,0.6183233814932082,Train,2.125,2019-06-19,8.432539682539683e-05,0.007435439295053503,0.002559762675284503,0.005286377891477113,0.002233386800401787,0.0013801390623941717,1.493073349791211
2019-06-20,14.641332626342772,243.2465667724609,-0.0300755518300919,0.009323387542427,0.015250873399725,-0.045326425229817,-0.0106134311621393,-0.1340757918072412,Train,2.078000068664551,2019-06-20,8.246032018510122e-05,-0.030158012150277,0.009240927222241898,0.015259981545468773,-0.04533553337556068,0.0013801390623941717,1.493073349791211
2019-06-21,14.790666580200195,242.9600830078125,0.0101994782625687,-0.0011777504959255,-0.0004179158285842,0.010617394091153,-0.005621967293031,-0.0710203613527385,Train,2.055000066757202,2019-06-21,8.154762169671437e-05,0.010117930640871986,-0.0012592981176222145,-0.0004185377747730802,0.010618016037341782,0.0013801390623941717,1.493073349791211
2019-06-24,14.90933322906494,242.6467742919922,0.0080230764598263,-0.0012895481098853,-0.0005847294865866,0.0086078059464129,-0.0413673024932811,-0.5225787732530394,Train,2.058000087738037,2019-06-24,8.16666701483348e-05,0.007941409789677965,-0.0013712147800336348,-0.000585518512365531,0.008608594972191831,0.0013801390623941717,1.493073349791211
2019-06-25,14.650667190551758,240.2476959228516,-0.017349269383082,-0.0098871224484264,-0.0134132038570137,-0.0039360655260682,-0.0278021905056724,-0.3512154221455784,Train,2.0829999446868896,2019-06-25,8.265872796376547e-05,-0.017431928111045766,-0.009969781176390165,-0.013422816787360287,-0.003926452595721714,0.0013801390623941717,1.493073349791211
2019-06-26,14.618000030517578,240.0149383544922,-0.0022297387285711,-0.0009688233115631,-0.0001061747578658,-0.0021235639707052,-0.0321608546890245,-0.4062769138231681,Train,2.0929999351501465,2019-06-26,8.305555298214868e-05,-0.0023127942815532486,-0.0010518788645452488,-0.00010733768448482981,-0.00212240104408627,0.0013801390623941717,1.493073349791211
2019-06-27,14.855999946594238,240.8572235107422,0.0162812912559717,0.0035093030543207,0.0065756551455697,0.0097056361104019,0.0228712066511944,0.2889240147224769,Train,2.0850000381469727,2019-06-27,8.2738096751864e-05,0.016198553159219836,0.003426564957568836,0.006578989978620517,0.009702301277351182,0.0013801390623941717,1.493073349791211
2019-06-28,14.897333145141602,242.1888885498047,0.0027822562396304,0.0055288565551496,0.0095890388401952,-0.0068067826005648,0.0054470299594765,0.0688104387410356,Train,2.0350000858306885,2019-06-28,8.075397165994795e-05,0.002701502267970452,0.005448102583489652,0.009595309808391166,-0.006813053568760766,0.0013801390623941717,1.493073349791211
2019-07-01,15.14466667175293,244.2495574951172,0.0166025371253772,0.0085085197659211,0.0140350059963655,0.0025675311290117,-0.0005932448579246,-0.0074942563669293,Train,2.065000057220459,2019-07-01,8.194444671509758e-05,0.016520592678662103,0.008426575319206002,0.014043578548224118,0.0025589585771530806,0.0013801390623941717,1.493073349791211
2019-07-02,14.970000267028809,244.9603729248047,-0.0115331957123824,0.0029102015044661,0.005681733374735,-0.0172149290871174,-0.0138721084189738,-0.1752415304623246,Train,2.1480000019073486,2019-07-02,8.523809531378367e-05,-0.011618433807696183,0.002824963409152316,0.0056832547380486036,-0.017216450450431003,0.0013801390623941717,1.493073349791211
2019-07-03,15.65999984741211,246.84104919433597,0.0460921555160565,0.0076774714500804,0.0127949955468417,0.0332971599692147,0.0215486155209461,0.2722161800631407,Train,2.1500000953674316,2019-07-03,8.53174641018822e-05,0.046006838051954616,0.0075921539859785175,0.012801099310471693,0.033291056205584806,0.0013801390623941717,1.493073349791211
2019-07-05,15.539999961853027,246.5260772705078,-0.007662828015858,-0.0012760111207441,-0.0005645308920281,-0.0070982971238299,0.0047446822867142,0.0599379243853105,Train,2.1630001068115234,2019-07-05,8.583333757188585e-05,-0.007748661353429886,-0.0013618444583159857,-0.0005673612673063886,-0.007095466748551611,0.0013801390623941717,1.493073349791211
2019-07-08,15.355999946594238,245.2933349609375,-0.0118404128513812,-0.0050004540015361,-0.0061217867131469,-0.0057186261382342,0.0058328387490447,0.0736842272602543,Train,2.177999973297119,2019-07-08,8.64285703689333e-05,-0.011926841421750134,-0.005086882571905033,-0.006128521168865673,-0.005711891682515527,0.0013801390623941717,1.493073349791211
2019-07-09,15.337332725524902,245.59930419921875,-0.0012156304463569,0.0012473605869884,0.0032006019239333,-0.0044162323702902,-0.0011509247502572,-0.0145392328686081,Train,2.194999933242798,2019-07-09,8.710317195407928e-05,-0.0013027336183109794,0.0011602574150343208,0.003199591659633636,-0.004415222105990536,0.0013801390623941717,1.493073349791211
2019-07-10,15.928000450134276,246.74205017089844,0.0385117631063949,0.0046528876594567,0.0082820022173987,0.0302297608889961,0.0462937652258563,0.5848130669124848,Train,2.130000114440918,2019-07-10,8.452381406511579e-05,0.03842723929232978,0.004568363845391584,0.008285565186163158,0.03022619792023174,0.0013801390623941717,1.493073349791211
2019-07-11,15.90666675567627,247.23696899414065,-0.0013393830898483,0.0020058146671773,0.0043322942298935,-0.0056716773197419,0.0073249279368997,0.0925332720462904,Train,2.0980000495910645,2019-07-11,8.325397022186763e-05,-0.0014226370600701676,0.0019225606969554322,0.004333917172596212,-0.005673300262444512,0.0013801390623941717,1.493073349791211
2019-07-12,16.338666915893555,248.4517364501953,0.0271584340611854,0.0049133730323456,0.0086706734633101,0.0184877605978752,0.0329109856586049,0.4157530579813729,Train,2.0899999141693115,2019-07-12,8.293650453052823e-05,0.027075497556654872,0.004830436527815072,0.008675271614463374,0.018483162446722025,0.0013801390623941717,1.493073349791211
2019-07-15,16.899999618530273,248.5147247314453,0.0343560894855305,0.0002535232079676,0.0017176932751545,0.032638396210376,0.0712680080072152,0.9003040070753298,Train,2.0850000381469727,2019-07-15,8.2738096751864e-05,0.034273351388778635,0.00017078511121573596,0.0017178718572433793,0.03263821762828712,0.0013801390623941717,1.493073349791211
2019-07-16,16.825332641601562,247.7048492431641,-0.0044181644150359,-0.0032588631887162,-0.0035231522348294,-0.0008950121802065,0.074789228197299,0.9447863594739828,Train,2.1029999256134033,2019-07-16,8.345237800053189e-05,-0.0045016167930364325,-0.003342315566716732,-0.0035267308588623567,-0.0008914335561735435,0.0013801390623941717,1.493073349791211
2019-07-17,16.99066734313965,246.0312042236328,0.0098265338974212,-0.0067566098307921,-0.0087421537095793,0.0185686876070006,0.0631281549153035,0.7974760684172055,Train,2.072999954223633,2019-07-17,8.226190294538226e-05,0.009744271994475818,-0.006838871733737483,-0.008748536162944296,0.018575070060365496,0.0013801390623941717,1.493073349791211
2019-07-18,16.902666091918945,246.9310607910156,-0.005179387568684,0.003657489586422,0.0067967648509645,-0.0119761524196486,0.0568236798153967,0.7178338228478044,Train,2.013000011444092,2019-07-18,7.9880952835083e-05,-0.005259268521519082,0.003577608633586917,0.00680165212202083,-0.011981039690704829,0.0013801390623941717,1.493073349791211
2019-07-19,17.211999893188477,245.6083526611328,0.0183008881313357,-0.005356588699881,-0.0066531766924877,0.0249540648238235,0.063289984041345,0.7995203995934315,Train,2.013000011444092,2019-07-19,7.9880952835083e-05,0.018221007178500618,-0.005436469652716083,-0.006657027940189809,0.02495791607152551,0.0013801390623941717,1.493073349791211
2019-07-22,17.045333862304688,246.20216369628903,-0.0096831299046048,0.0024177151498407,0.0049468925546009,-0.0146300224592058,0.0160215653717631,0.2023948740416229,Train,2.0250000953674316,2019-07-22,8.035714664156475e-05,-0.009763487051246364,0.0023373580031991353,0.004950343152533565,-0.014633473057138364,0.0013801390623941717,1.493073349791211
2019-07-23,17.344667434692383,247.8937530517578,0.0175610272468562,0.0068707331002804,0.0115912580929348,0.0059697691539213,0.022886346705891,0.2891152737781438,Train,2.0329999923706055,2019-07-23,8.067460287184941e-05,0.01748035264398435,0.006790058497408551,0.011598869051270083,0.005962158195586115,0.0013801390623941717,1.493073349791211
2019-07-24,17.658666610717773,249.0365753173828,0.0181034993728006,0.0046101293459637,0.0082182023702362,0.0098852970025643,0.0142029561014547,0.1794210143934453,Train,2.0399999618530273,2019-07-24,8.09523794386122e-05,0.01802254699336199,0.004529176966525088,0.008223484867039593,0.009880014505761009,0.0013801390623941717,1.493073349791211
2019-07-25,15.254667282104492,247.8218994140625,-0.13613708110635,-0.0048775000289507,-0.0059383266087098,-0.1301987544976401,-0.1040196459765366,-1.3140440810097014,Train,2.059999942779541,2019-07-25,8.174602947537861e-05,-0.1362188271358254,-0.004959246058426079,-0.0059426330330235345,-0.13019444807332647,0.0013801390623941717,1.493073349791211
2019-07-26,15.202667236328123,249.5945587158203,-0.0034087958009657,0.0071529566432546,0.0120123649476376,-0.0154211607486034,-0.1443948715489636,-1.824090290884772,Train,2.062999963760376,2019-07-26,8.186507792699906e-05,-0.003490660878892699,0.0070710915653276005,0.012019662510445228,-0.015428458311410927,0.0013801390623941717,1.493073349791211
2019-07-29,15.718000411987305,249.1446685791016,0.0338975501895972,-0.0018024837521838,-0.0013500827690126,0.0352476329586099,-0.0945172161311478,-1.1940031831935356,Train,2.049999952316284,2019-07-29,8.13492044569954e-05,0.0338162009851402,-0.0018838329566407954,-0.0013512125161675864,0.03524876270576478,0.0013801390623941717,1.493073349791211
2019-07-30,16.150667190551758,248.541748046875,0.0275268333899827,-0.0024199616057011,-0.0022714238945721,0.0297982572845549,-0.0706887280005142,-0.8929861638265232,Train,2.0399999618530273,2019-07-30,8.09523794386122e-05,0.02744588101054409,-0.002500913985139712,-0.0022729565794994524,0.02979978996948215,0.0013801390623941717,1.493073349791211
2019-07-31,16.107332229614258,245.72528076171875,-0.0026831684676686,-0.0113319686020115,-0.0155690644661377,0.012885895998469,-0.0676881290046095,-0.8550806382593471,Train,2.0299999713897705,2019-07-31,8.055555442022898e-05,-0.002763724022088829,-0.011412524156431729,-0.015579041055002237,0.012895872587333638,0.0013801390623941717,1.493073349791211
2019-08-01,15.59000015258789,243.66465759277344,-0.03211780012057,-0.0083858818374634,-0.0111731968569868,-0.0209446032635832,0.0415660222294473,0.5250891307017455,Train,2.0299999713897705,2019-08-01,8.055555442022898e-05,-0.03219835567499023,-0.00846643739188363,-0.011180317420682855,-0.020937482699887145,0.0013801390623941717,1.493073349791211
2019-08-02,15.62266731262207,241.8829803466797,0.0020953918995798,-0.0073120052111594,-0.0095708613336072,0.0116662532331871,0.0686534362112378,0.867275029129626,Train,2.0,2019-08-02,7.936507936507937e-05,0.0020160268202147206,-0.007391370290524479,-0.00957635385746137,0.01167174575704117,0.0013801390623941717,1.493073349791211
2019-08-05,15.221332550048828,234.7473297119141,-0.0256892600054915,-0.0295004246455803,-0.0426782889435968,0.0169890289381053,0.0503948321907332,0.6366204223445198,Train,1.9529999494552612,2019-08-05,7.74999979942564e-05,-0.025766760003485756,-0.029577924643574553,-0.04270437196706544,0.017015111961573938,0.0013801390623941717,1.493073349791211
2019-08-06,15.383333206176758,237.77072143554688,0.010643000906475,0.0128793444736652,0.0205567306751008,-0.0099137297686257,0.0106828451375525,0.1349526744641169,Train,1.9950000047683716,2019-08-06,7.916666685588776e-05,0.010563834239619112,0.012800177806809311,0.020570910085185957,-0.009927909178710956,0.0013801390623941717,1.493073349791211
2019-08-07,15.56133270263672,237.9327545166016,0.011570931609834,0.0006814677605233,0.002356231019436,0.0092147005903979,0.0070116497294814,0.0885757371950363,Train,1.968000054359436,2019-08-07,7.809524025235857e-05,0.011492836369581642,0.0006033725202709414,0.00235911373265943,0.00921181787717457,0.0013801390623941717,1.493073349791211
2019-08-08,15.886667251586914,242.57579040527344,0.0209065994003887,0.0195140677377729,0.0304564272635836,-0.0095498278631948,0.0184064251298698,0.2325219795490307,Train,1.9700000286102295,2019-08-08,7.817460430992973e-05,0.02082842479607877,0.019435893133462973,0.03047752773366766,-0.00957092833327896,0.0013801390623941717,1.493073349791211
2019-08-09,15.667332649230955,240.88414001464844,-0.0138062061024188,-0.0069736983554654,-0.0090660723481657,-0.0047401337542531,0.0020000381424295,0.0252657876132934,Train,1.9500000476837158,2019-08-09,7.738095427316332e-05,-0.013883587056691965,-0.007051079309738563,-0.009070258587967521,-0.004735947514451279,0.0013801390623941717,1.493073349791211
2019-08-12,15.267333030700684,238.05870056152344,-0.025530805242072,-0.0117294540560171,-0.0161621540700821,-0.0093686511719899,-0.0243576419676657,-0.3077016361138586,Train,1.9279999732971191,2019-08-12,7.650793544829838e-05,-0.0256073131775203,-0.011805961991465398,-0.016170520220262486,-0.009360285021809515,0.0013801390623941717,1.493073349791211
2019-08-13,15.666666984558104,241.748046875,0.0261561042163953,0.0154976327467732,0.0244634888703031,0.0016926153460922,-0.0127512968529477,-0.1610827069974185,Train,1.9550000429153442,2019-08-13,7.757936678235493e-05,0.026078524849612945,0.015420053379990844,0.024480989183198743,0.001675115033196558,0.0013801390623941717,1.493073349791211
2019-08-14,14.641332626342772,234.4683837890625,-0.0654468726006595,-0.0301126035144415,-0.0435917234333806,-0.0218551491672788,-0.0438211466106246,-0.5535773342252904,Train,1.9079999923706055,2019-08-14,7.571428541153197e-05,-0.06552258688607103,-0.030188317799853034,-0.04361751943418251,-0.021829353166476988,0.0013801390623941717,1.493073349791211
2019-08-15,14.37600040435791,235.20626831054688,-0.0181221360620874,0.0031470533875825,0.0060351409979207,-0.0241572770600081,-0.0584285958074379,-0.7381081694874307,Train,1.843000054359436,2019-08-15,7.313492279204111e-05,-0.01819527098487944,0.003073918464790459,0.00604285972439596,-0.024164995786483363,0.0013801390623941717,1.493073349791211
2019-08-16,14.662667274475098,238.652587890625,0.0199406554016434,0.0146523288041282,0.0232022075441468,-0.0032615521425033,-0.0569500141956881,-0.7194297612216698,Train,1.8229999542236328,2019-08-16,7.234126802474734e-05,0.019868314133618652,0.014579987536103454,0.02322147116086301,-0.0032808157592196102,0.0013801390623941717,1.493073349791211
2019-08-19,15.121999740600586,241.5860748291016,0.0313266650280674,0.0122918714789759,0.0196801599170085,0.0116465051110589,-0.0359348579126392,-0.453952586540041,Train,1.8530000448226929,2019-08-19,7.353174781042433e-05,0.03125313328025697,0.012218339731165475,0.019696548241502874,0.011630116786564525,0.0013801390623941717,1.493073349791211
2019-08-20,15.057332992553713,239.71441650390625,-0.00427633574634,-0.0077473766918036,-0.0102204808264009,0.0059441450800609,-0.0316833281786704,-0.4002444871737104,Train,1.899999976158142,2019-08-20,7.539682445071991e-05,-0.00435173257079072,-0.00782277351625432,-0.010224438771726917,0.005948103025386917,0.0013801390623941717,1.493073349791211
2019-08-21,14.722000122070312,241.6580352783203,-0.0222704027764565,0.0081080595934137,0.0134374778032846,-0.0357078805797411,-0.0455360595911327,-0.5752412346387923,Train,1.9279999732971191,2019-08-21,7.650793544829838e-05,-0.0223469107119048,0.0080315516579654,0.013448342735822025,-0.03571874551227853,0.0013801390623941717,1.493073349791211
2019-08-22,14.8100004196167,241.5679931640625,0.0059774688776468,-0.0003726013668616,0.0007834503428327,0.005194018534814,-0.0161847639963105,-0.2044565056171025,Train,1.937999963760376,2019-08-22,7.690476046668159e-05,0.0059005641171801185,-0.00044950612732828156,0.0007858982035791414,0.005191570674067659,0.0013801390623941717,1.493073349791211
2019-08-23,14.09333324432373,235.36822509765625,-0.0483907599586359,-0.0256646916886693,-0.0369549767636774,-0.0114357831949584,-0.0243589950487657,-0.3077187291177216,Train,1.909999966621399,2019-08-23,7.579364946910313e-05,-0.048466553608105,-0.025740485338138403,-0.036976499957202584,-0.011414260001433314,0.0013801390623941717,1.493073349791211
2019-08-26,14.333333015441896,237.97772216796875,0.0170293121547258,0.0110868706650177,0.017882173479263,-0.0008528613245372,-0.0368583614843618,-0.4656188866011581,Train,1.9329999685287476,2019-08-26,7.670634795748999e-05,0.01695260580676831,0.011010164317060209,0.017895828328976408,-0.0008665161742506082,0.0013801390623941717,1.493073349791211
2019-08-27,14.272000312805176,237.0419158935547,-0.0042790258602547,-0.0039323272190728,-0.0045280305542997,0.000249004694045,-0.0425535018703777,-0.5375636182382144,Train,1.9429999589920044,2019-08-27,7.710317297587319e-05,-0.004356129033230573,-0.0040094303920486735,-0.004529131430840757,0.00025010557058605717,0.0013801390623941717,1.493073349791211
2019-08-28,14.37266731262207,238.68858337402344,0.0070534611554466,0.006946735450823,0.0117046614980857,-0.004651200342639,-0.0114968216332756,-0.1452353569924465,Train,1.940000057220459,2019-08-28,7.698412925478012e-05,0.00697647702619182,0.00686975132156822,0.011714165809575412,-0.004660704654128813,0.0013801390623941717,1.493073349791211
2019-08-29,14.780667304992676,241.79293823242188,0.0283872146690753,0.0130058791020344,0.0207455334900679,0.0076416811790073,-0.0090491589890823,-0.1143148844248289,Train,1.940000057220459,2019-08-29,7.698412925478012e-05,0.02831023053982052,0.012928894972779619,0.020760911717755764,0.007626302951319535,0.0013801390623941717,1.493073349791211
2019-08-30,15.040666580200195,241.6940155029297,0.0175904964128172,-0.0004091216650715,0.0007289582627253,0.0168615381500919,0.0192481623559681,0.2431553537480687,Train,1.9329999685287476,2019-08-30,7.670634795748999e-05,0.017513790064859713,-0.00048582801302899,0.0007314685515160596,0.01685902786130114,0.0013801390623941717,1.493073349791211
2019-09-03,15.000666618347168,240.3532867431641,-0.0026594540634046,-0.0055472153788159,-0.0069376115073253,0.0042781574439207,0.024379181124426,0.3079737328046821,Train,1.909999966621399,2019-09-03,7.579364946910313e-05,-0.0027352477128737033,-0.005623009028285003,-0.006939632213904437,0.004280178150499837,0.0013801390623941717,1.493073349791211
2019-09-04,14.711999893188477,242.92678833007807,-0.0192435931350961,0.0107071620354584,0.0173156087447545,-0.0365592018798507,-0.0124290254494696,-0.1570115642219982,Train,1.9049999713897705,2019-09-04,7.559523695991153e-05,-0.019319188372056012,0.010631566798498488,0.01732944335271724,-0.03657303648781334,0.0013801390623941717,1.493073349791211
2019-09-05,15.305333137512209,246.1391143798828,0.040329883675328,0.0132234327547273,0.0210701461479955,0.0192597375273324,0.0114819124205018,0.1450470140826625,Train,1.9199999570846558,2019-09-05,7.619047448748633e-05,0.04025369320084051,0.013147242280239814,0.021086126608755956,0.019243757066572043,0.0013801390623941717,1.493073349791211
2019-09-06,15.16333293914795,246.31912231445312,-0.0092778247352373,0.0007313260024675,0.0024306246976701,-0.0117084494329074,-0.0078682181914128,-0.0993964692482336,Train,1.909999966621399,2019-09-06,7.579364946910313e-05,-0.009353618384706403,0.0006555323529983968,0.002434690598051106,-0.011712515333288407,0.0013801390623941717,1.493073349791211
2019-09-09,15.452667236328123,246.3822021484375,0.0190811807892965,0.0002560898780072,0.0017215230135812,0.0173596577757153,-0.0073700985657895,-0.0931038969217257,Train,1.9079999923706055,2019-09-09,7.571428541153197e-05,0.019005466503884967,0.00018037559259566805,0.0017251673380630926,0.01735601345123341,0.0013801390623941717,1.493073349791211
2019-09-10,15.702667236328123,246.4361267089844,0.0161784367822448,0.0002188654865353,0.0016659803531576,0.0145124564290872,0.0028642004193768,0.0361824496956725,Train,1.9129999876022339,2019-09-10,7.591269792072357e-05,0.01610252408432408,0.00014295278861457643,0.001669490759273656,0.014508946022971146,0.0013801390623941717,1.493073349791211
2019-09-11,16.47333335876465,248.20872497558597,0.0490786763062511,0.007192931857328,0.0120720121212473,0.0370066641850038,0.0764300664842314,0.9655144999958613,Train,1.9129999876022339,2019-09-11,7.591269792072357e-05,0.04900276360833038,0.007117019159407276,0.012082283397179346,0.03699639290907176,0.0013801390623941717,1.493073349791211
2019-09-12,16.391332626342773,248.93760681152344,-0.0049777862583134,0.0029365681484774,0.0057210751476134,-0.0106988614059269,0.046471467550972,0.5870579187028145,Train,1.8949999809265137,2019-09-12,7.519841194152831e-05,-0.005052984670254928,0.0028613697365358717,0.005727572371856509,-0.01070535863016991,0.0013801390623941717,1.493073349791211
2019-09-13,16.34666633605957,248.8746337890625,-0.002724994440746,-0.0002529670919051,0.0009619571134255,-0.0036869515541716,0.0544929654297078,0.6883907170355664,Train,1.899999976158142,2019-09-13,7.539682445071991e-05,-0.0028003912651967202,-0.0003283639163558199,0.0009652644743009465,-0.0036902589150469467,0.0013801390623941717,1.493073349791211
2019-09-16,16.187332153320312,248.05581665039065,-0.0097471973467628,-0.0032900787284166,-0.0035697290639719,-0.0061774682827909,0.0309558393712015,0.3910543735900612,Train,1.9450000524520874,2019-09-16,7.718254176397172e-05,-0.009824379888526772,-0.003367261270180572,-0.0035702464601325705,-0.00617695088663023,0.0013801390623941717,1.493073349791211
2019-09-17,16.319332122802734,248.73069763183597,0.008154522822672,0.0027206819439211,0.0053989504955864,0.0027555723270855,0.0191989552691999,0.2425337377013648,Train,1.937999963760376,2019-09-17,7.690476046668159e-05,0.008077618062205319,0.0026437771834544187,0.005404397078262715,0.002750125744409286,0.0013801390623941717,1.493073349791211
2019-09-18,16.232667922973633,248.8836975097656,-0.0053105236891408,0.0006151226181021,0.0022572371723764,-0.0075677608615173,-0.0253754697773212,-0.3205595015315758,Train,1.8799999952316284,2019-09-18,7.46031744139535e-05,-0.005385126863554753,0.0005405194436881465,0.002261777413222868,-0.007572301102363668,0.0013801390623941717,1.493073349791211
2019-09-19,16.440000534057617,248.8297271728516,0.0127725529819131,-0.0002168496267697,0.0010158481247237,0.0117567048571894,-0.0029199035142049,-0.0368861275573448,Train,1.8830000162124634,2019-09-19,7.472222286557394e-05,0.012697830759047526,-0.00029157184963527394,0.0010195231270199879,0.011753029854893113,0.0013801390623941717,1.493073349791211
2019-09-20,16.041332244873047,247.4978485107422,-0.0242498951480371,-0.0053525705197762,-0.0066471811502032,-0.0176027139978338,-0.0168356659578671,-0.2126791241606613,Train,1.850000023841858,2019-09-20,7.341269935880388e-05,-0.024323307847395906,-0.005425983219135003,-0.006647839179151823,-0.017602055968885276,0.0013801390623941717,1.493073349791211
2019-09-23,16.082000732421875,247.66888427734372,0.0025352312967537,0.0006910596097329,0.0023705430552387,0.0001646882415149,-0.0104935094335612,-0.1325608622365526,Train,1.8450000286102295,2019-09-23,7.321428684961228e-05,0.0024620170099040875,0.0006178453228832877,0.002375841735133967,0.00015938956161973316,0.0013801390623941717,1.493073349791211
2019-09-24,14.880666732788086,245.6173095703125,-0.0747005313345035,-0.0082835383742991,-0.011020489774444,-0.0636800415600594,-0.0769291233207063,-0.9718189117817376,Train,1.8799999952316284,2019-09-24,7.46031744139535e-05,-0.07477513450891744,-0.008358141548713054,-0.011024576163357974,-0.06367595517114552,0.0013801390623941717,1.493073349791211
2019-09-25,15.24666690826416,247.1199951171875,0.024595683919836,0.0061179953053953,0.0104680950786825,0.0141275888411535,-0.0552337736180354,-0.6977490897342682,Train,1.8450000286102295,2019-09-25,7.321428684961228e-05,0.024522469632986387,0.006044781018545688,0.010478654793358123,0.014117029126477876,0.0013801390623941717,1.493073349791211
2019-09-26,16.17066764831543,246.63270568847656,0.0606034581597918,-0.0019718737388282,-0.0016028302320422,0.0622062883918341,-0.0047841900833907,-0.06043701266704,Train,1.7699999809265137,2019-09-26,7.023809448121085e-05,0.06053322006531059,-0.0020421118333094107,-0.0015986455987321703,0.06220210375852397,0.0013801390623941717,1.493073349791211
2019-09-27,16.142000198364258,245.2494354248047,-0.0017728055869207,-0.0056086246137164,-0.007029240467426,0.0052564348805053,0.0180749587949484,0.2283346803963714,Train,1.7300000190734863,2019-09-27,6.865079440767803e-05,-0.0018414563813283782,-0.005677275408124078,-0.007027798754493231,0.005254993167572531,0.0013801390623941717,1.493073349791211
2019-09-30,16.058000564575195,246.4608917236328,-0.0052037933810442,0.0049396904695406,0.0087099418145053,-0.0139137351955495,0.0039965353578839,0.050486843925213,Train,1.7699999809265137,2019-09-30,7.023809448121085e-05,-0.00527403147552541,0.00486945237505939,0.008720826726154074,-0.013924620107198273,0.0013801390623941717,1.493073349791211
2019-10-01,16.312667846679688,243.495361328125,0.015859214917846,-0.0120324582726625,-0.0166142678494236,0.0324734827672696,0.100150059685213,1.2651609405766229,Train,1.753000020980835,2019-10-01,6.956349289606488e-05,0.015789651424949935,-0.012102021765558564,-0.01661950362145843,0.03247871853930443,0.0013801390623941717,1.493073349791211
2019-10-02,16.208667755126953,239.20089721679688,-0.0063754189400664,-0.0176367389009151,-0.0249764369419235,0.0186010180018571,0.1046234888459166,1.3216722183766327,Train,1.7350000143051147,2019-10-02,6.884920691686963e-05,-0.006444268146983269,-0.017705588107831967,-0.024986753476873062,0.018611334536806662,0.0013801390623941717,1.493073349791211
2019-10-03,15.535332679748535,241.0995330810547,-0.0415416668137599,0.0079374111316021,0.0131828525645252,-0.0547245193782851,-0.0123073189242026,-0.1554740879342649,Train,1.6649999618530273,2019-10-03,6.607142705765982e-05,-0.04160773824081756,0.007871339704544442,0.013198698029460562,-0.05474036484322046,0.0013801390623941717,1.493073349791211
2019-10-04,15.428667068481444,244.4447021484375,-0.0068660010999401,0.0138746393434872,0.0220418140516169,-0.0289078151515571,-0.046471568956265,-0.5870591997206819,Train,1.6549999713897705,2019-10-04,6.567460203927661e-05,-0.0069316757019793765,0.013808964741447924,0.022063610908095825,-0.028929612008035926,0.0013801390623941717,1.493073349791211
2019-10-07,15.847999572753906,243.3959197998047,0.0271787901321105,-0.0042904687212077,-0.0050624148934415,0.032241205025552,-0.0003166287351633,-0.0039998609052457,Train,1.6729999780654907,2019-10-07,6.638888801847186e-05,0.02711240124409203,-0.004356857609226172,-0.005058580034758004,0.032237370166868506,0.0013801390623941717,1.493073349791211
2019-10-08,16.003332138061523,239.6167755126953,0.0098013988828387,-0.0155267363981194,-0.0218280939369307,0.0316294928197694,-0.0011606186826635,-0.014661692951804,Train,1.6549999713897705,2019-10-08,6.567460203927661e-05,0.009735724280799425,-0.015592411000158676,-0.02183479965889479,0.031636198541733496,0.0013801390623941717,1.493073349791211
2019-10-09,16.302000045776367,241.8498992919922,0.0186628575310578,0.009319563601166,0.0152451676819809,0.0034176898490769,-0.0163439468354437,-0.2064674071693768,Train,1.628000020980835,2019-10-09,6.460317543574742e-05,0.01859825435562205,0.009254960425730253,0.01526307700286008,0.0033997805281977198,0.0013801390623941717,1.493073349791211
2019-10-10,16.31599998474121,243.495361328125,0.0008587865860343,0.0068036498710557,0.0114911629436628,-0.0106323763576284,0.0277481961852129,0.3505333306373658,Train,1.6330000162124634,2019-10-10,6.480158794493902e-05,0.000793984998089361,0.006738848283110761,0.011506535430138047,-0.010647748844103747,0.0013801390623941717,1.493073349791211
2019-10-11,16.525999069213867,246.03594970703125,0.0128707455668697,0.0104338266037136,0.0169077638756559,-0.0040370183087862,0.0526189930279838,0.6647174741654993,Train,1.6230000257492065,2019-10-11,6.440476292655581e-05,0.012806340803943144,0.010369421840787044,0.016926851228542785,-0.004056105661673085,0.0013801390623941717,1.493073349791211
2019-10-14,17.130666732788086,245.80990600585935,0.0365888719369862,-0.0009187425717299,-3.144908965944937e-05,0.0366203210266456,0.0569981090290774,0.720037326557517,Train,1.6180000305175781,2019-10-14,6.420635041736421e-05,0.03652466558656883,-0.0009829489221472643,-2.3269427052540273e-05,0.03661214136403874,0.0013801390623941717,1.493073349791211
2019-10-15,17.19266700744629,248.187744140625,0.0036192563678525,0.0096734837639493,0.0157732533441298,-0.0121539969762773,0.0132146192330306,0.1669356977996036,Train,1.6180000305175781,2019-10-15,6.420635041736421e-05,0.003555050017435136,0.009609277413531936,0.015791701429706685,-0.012172445061854185,0.0013801390623941717,1.493073349791211
2019-10-16,17.316667556762695,247.79898071289065,0.0072124091778604,-0.0015664086439098,-0.0009978341746141,0.0082102433524746,0.0180071727364282,0.227478362648535,Train,1.6150000095367432,2019-10-16,6.408730196574378e-05,0.007148321875894656,-0.001630495945875544,-0.000990223679369472,0.008202632857229872,0.0013801390623941717,1.493073349791211
2019-10-17,17.46466636657715,248.4679718017578,0.0085466103295754,0.002699733013197,0.0053676925139395,0.0031789178156359,0.0318184669096927,0.4019516478542511,Train,1.625,2019-10-17,6.448412698412699e-05,0.008482126202591273,0.0026352488862128732,0.005379243071449711,0.0031673672581256883,0.0013801390623941717,1.493073349791211
2019-10-18,17.1299991607666,247.44639587402344,-0.0191625307226602,-0.0041114994432741,-0.0047953741323313,-0.0143671565903288,0.02148832862815,0.2714545966728352,Train,1.625,2019-10-18,6.448412698412699e-05,-0.019227014849644328,-0.004175983570258227,-0.0047904265885402135,-0.014372104134119986,0.0013801390623941717,1.493073349791211
2019-10-21,16.899999618530273,249.1732482910156,-0.0134267106540847,0.0069786929443551,0.0117523453994487,-0.0251790560535334,-0.0403110484520291,-0.5092354825898224,Train,1.625,2019-10-21,6.448412698412699e-05,-0.013491194781068826,0.006914208817370973,0.011768044109486304,-0.025194754763571005,0.0013801390623941717,1.493073349791211
2019-10-22,17.038667678833008,248.29624938964844,0.0082052108540102,-0.003519635062681,-0.0039122509701191,0.0121174618241293,-0.0160395896516223,-0.2026225685126157,Train,1.6150000095367432,2019-10-22,6.408730196574378e-05,0.008141123552044457,-0.0035837223646467435,-0.003906533991344878,0.012111744845355078,0.0013801390623941717,1.493073349791211
2019-10-23,16.978666305541992,249.02859497070312,-0.0035214826899614,0.002949483058463,0.0057403455354256,-0.009261828225387,-0.033511661229484,-0.4233411839657558,Train,1.6150000095367432,2019-10-23,6.408730196574378e-05,-0.0035855699919271435,0.0028853957564972566,0.005752333871986619,-0.00927381656194802,0.0013801390623941717,1.493073349791211
2019-10-24,19.978666305541992,249.4354553222656,0.1766923235319593,0.0016337896923457,0.003777194306722,0.1729151292252372,0.1362245501801172,1.7208774570600789,Train,1.6230000257492065,2019-10-24,6.440476292655581e-05,0.17662791876903275,0.0015693849294191441,0.0037877506390004124,0.17290457289295888,0.0013801390623941717,1.493073349791211
2019-10-25,21.875333786010746,250.47515869140625,0.0949346393529093,0.0041682260759496,0.0075588367689212,0.0873758025839881,0.2379675093544342,3.006160943965812,Train,1.625,2019-10-25,6.448412698412699e-05,0.09487015522592518,0.004103741948965472,0.007571810927798889,0.08736282842511041,0.0013801390623941717,1.493073349791211
2019-10-28,21.84733390808105,251.9307556152344,-0.001279974888776,0.0058113424558059,0.0100105371598237,-0.0112905120485998,0.2518560533593679,3.1816100994805545,Train,1.6050000190734863,2019-10-28,6.369047694736057e-05,-0.0013436653657233606,0.005747651978858539,0.010025495532849933,-0.011305470421625934,0.0013801390623941717,1.493073349791211
2019-10-29,21.08133316040039,251.76806640625,-0.0350615205911843,-0.0006457695432503,0.0003758550361066,-0.035437375627291,0.2043012159079474,2.580866344877573,Train,1.5950000286102295,2019-10-29,6.329365192897736e-05,-0.03512481424311328,-0.0007090631951792774,0.00038474935428316616,-0.03544626994546747,0.0013801390623941717,1.493073349791211
2019-10-30,21.000667572021484,252.6540985107422,-0.0038263988223681,0.0035192394219785,0.0065904812386995,-0.0104168800610676,0.2031461640722669,2.5662749759713783,Train,1.5950000286102295,2019-10-30,6.329365192897736e-05,-0.003889692474297077,0.0034559457700495226,0.006603413241907756,-0.010429812064275856,0.0013801390623941717,1.493073349791211
2019-10-31,20.994667053222656,251.8402862548828,-0.0002857299073112,-0.0032210530549725,-0.0034667355860661,0.0031810056787549,0.0334120405257845,0.4220827101956001,Train,1.4980000257492065,2019-10-31,5.9444445466238355e-05,-0.00034517435277743835,-0.003280497500438738,-0.003458439884101351,0.003172709976790151,0.0013801390623941717,1.493073349791211
2019-11-01,20.88733291625977,254.23626708984372,-0.0051124476844901,0.0095138902142766,0.0155351231831047,-0.0206475708675948,-0.0746113329257984,-0.9425390702589472,Train,1.4850000143051147,2019-11-01,5.8928571996234715e-05,-0.005171376256486335,0.009454961642280366,0.015556018885777362,-0.02066846657026746,0.0013801390623941717,1.493073349791211
2019-11-04,21.1646671295166,255.24884033203125,0.0132776268932326,0.0039828040813298,0.0072821678839509,0.0059954590092817,-0.0573253618679169,-0.7241713980767335,Train,1.503000020980835,2019-11-04,5.9642857975429956e-05,0.013217984035257169,0.00392316122335437,0.007297349389894296,0.005980277503338303,0.0013801390623941717,1.493073349791211
2019-11-05,21.14800071716309,254.9234313964844,-0.0007874639488315,-0.0012748693985193,-0.0005628273238213,-0.0002246366250102,-0.022112622865636,-0.2793410890741072,Train,1.5180000066757202,2019-11-05,6.023809550300477e-05,-0.0008477020443345048,-0.0013351074940223047,-0.0005530362605340553,-0.0002344276882974447,0.0013801390623941717,1.493073349791211
2019-11-06,21.77199935913086,255.05892944335935,0.0295062710803368,0.0005315244900507,0.0021325000778316,0.0273737710025052,0.0156780281979368,0.1980550881710277,Train,1.5149999856948853,2019-11-06,6.011904705138434e-05,0.029446152033285416,0.00047140544299931566,0.002144101013334354,0.027362170067002447,0.0013801390623941717,1.493073349791211
2019-11-07,22.369333267211918,255.963134765625,0.0274358775337066,0.0035450839703552,0.0066290439906352,0.0208068335430714,0.0333038560622533,0.420716053420086,Train,1.5180000066757202,2019-11-07,6.023809550300477e-05,0.027375639438203595,0.0034848458748521953,0.006643507661768827,0.020792369871937774,0.0013801390623941717,1.493073349791211
2019-11-08,22.47599983215332,256.5869140625,0.0047684284402769,0.002436988816558,0.0049756508682567,-0.0002072224279798,0.0537442045018683,0.6789318801391137,Train,1.5099999904632568,2019-11-08,5.992063454219273e-05,0.004708507805734707,0.0023770681820158074,0.00498919685014081,-0.00022076840986390983,0.0013801390623941717,1.493073349791211
2019-11-11,23.006000518798828,256.08966064453125,0.023580739037349,-0.0019379531484899,-0.0015522171862401,0.0251329562235891,0.0728817017161757,0.9206892395659356,Train,1.5130000114440918,2019-11-11,6.0039682993813164e-05,0.023520699354355187,-0.001997992831483713,-0.0015429711043742293,0.025123710141723227,0.0013801390623941717,1.493073349791211
2019-11-12,23.32866668701172,256.59600830078125,0.0140253047438312,0.0019772280340237,0.0042896400025142,0.009735664741317,0.082842003082503,1.0465142693727798,Train,1.5329999923706055,2019-11-12,6.083333303057958e-05,0.01396447141080062,0.0019163947009931202,0.004302290251158676,0.009723014492672525,0.0013801390623941717,1.493073349791211
2019-11-13,23.073999404907227,256.7045288085937,-0.01091649537975,0.0004229236009209,0.0019704562654784,-0.0128869516452285,0.0425812804347692,0.5379145351998604,Train,1.534999966621399,2019-11-13,6.0912697088150755e-05,-0.010977408076838151,0.00036201090383274927,0.0019815605923288295,-0.01289805597207883,0.0013801390623941717,1.493073349791211
2019-11-14,23.290000915527344,257.0479736328125,0.0093612514601253,0.0013378993577275,0.0033356951786376,0.0060255562814876,0.0278000031731855,0.351187790333524,Train,1.527999997138977,2019-11-14,6.063492052138797e-05,0.009300616539603911,0.001277264437206112,0.0033478234747440754,0.0060134279853812245,0.0013801390623941717,1.493073349791211
2019-11-15,23.47800064086914,258.9647521972656,0.008072121852793,0.0074568903903953,0.0124658656830745,-0.0043937438302815,0.0236134817708838,0.2983009186558814,Train,1.527999997138977,2019-11-15,6.063492052138797e-05,0.00801148693227161,0.007396255469873912,0.012483925913231768,-0.004411804060438769,0.0013801390623941717,1.493073349791211
2019-11-18,23.332666397094727,259.12750244140625,-0.0061902308462086,0.0006284648499832,0.0022771451688637,-0.0084673760150723,-0.0099868504677776,-0.1261604153899193,Train,1.5230000019073486,2019-11-18,6.043650801219637e-05,-0.0062506673542207965,0.0005680283419710035,0.002288683549729362,-0.008478914395937962,0.0013801390623941717,1.493073349791211
2019-11-19,23.968000411987305,259.0008544921875,0.0272293789350919,-0.0004887476166193,0.0006101480683112,0.0266192308667806,0.0068967156576859,0.0871238149611986,Train,1.524999976158142,2019-11-19,6.051587206976755e-05,0.02716886306302213,-0.0005492634886890675,0.0006205642574889462,0.02660881467760295,0.0013801390623941717,1.493073349791211
2019-11-20,23.481332778930664,258.0877990722656,-0.0203048908833145,-0.0035252988709711,-0.0039207019606692,-0.0163841889226452,0.0033994783802692,0.0429444303734778,Train,1.5199999809265137,2019-11-20,6.031745956057594e-05,-0.020365208342875075,-0.003585616330531676,-0.003913131663738252,-0.01639175921957625,0.0013801390623941717,1.493073349791211
2019-11-21,23.655332565307617,257.69000244140625,0.0074101324662916,-0.0015413228842638,-0.0009604036143177,0.0083705360806093,0.0057444581793908,0.0725677462018958,Train,1.5299999713897705,2019-11-21,6.071428457895915e-05,0.0073494181817126405,-0.001602037168842759,-0.0009511056552009552,0.008361238121492556,0.0013801390623941717,1.493073349791211
2019-11-22,22.202667236328125,258.259521484375,-0.0614096345916497,0.0022100936690325,0.0046370997292736,-0.0660467343209233,-0.0559085323112509,-0.7062730820878826,Train,1.5429999828338623,2019-11-22,6.123015804896279e-05,-0.061470864749698664,0.0021488635109835376,0.004649780061031427,-0.06605941465268113,0.0013801390623941717,1.493073349791211
2019-11-25,22.422666549682617,260.2214660644531,0.009908688492819,0.0075967947621122,0.0126746175444962,-0.0027659290516772,-0.0502070853478558,-0.6342486816478919,Train,1.5449999570846558,2019-11-25,6.130952210653396e-05,0.009847378970712466,0.007535485240005666,0.012692480774098194,-0.0027837922812791946,0.0013801390623941717,1.493073349791211
2019-11-26,21.92799949645996,260.74591064453125,-0.0220610270471893,0.0020153778549085,0.0043465634997921,-0.0264075905469815,-0.103233906761618,-1.304118110248236,Train,1.565000057220459,2019-11-26,6.210317687382774e-05,-0.02212313022406313,0.0019532746780346723,0.0043586246058635765,-0.026419651653052878,0.0013801390623941717,1.493073349791211
2019-11-27,22.086000442504883,261.9754943847656,0.0072054427979364,0.0047156395940974,0.0083756346250449,-0.0011701918271084,-0.0880199096660811,-1.1119249659224182,Train,1.565000057220459,2019-11-27,6.210317687382774e-05,0.007143339621062572,0.004653536417223572,0.008390313446107389,-0.0011848706481709884,0.0013801390623941717,1.493073349791211
2019-11-29,21.996000289916992,260.9718933105469,-0.0040749864522633,-0.0038308967660339,-0.0043766857777437,0.0003016993254803,-0.0960887464212101,-1.2138557798486875,Train,1.5399999618530273,2019-11-29,6.111110959734236e-05,-0.004136097561860642,-0.0038920078756312423,-0.004369803064291,0.00029481661202770005,0.0013801390623941717,1.493073349791211
2019-12-02,22.32466697692871,258.84716796875,0.0149421114147911,-0.0081415868768233,-0.0108086833886533,0.0257507948034445,-0.0042912172968422,-0.0542094585720273,Train,1.5379999876022339,2019-12-02,6.103174553977118e-05,0.014881079669251328,-0.008202618622363073,-0.010805940455617459,0.02574805187040856,0.0013801390623941717,1.493073349791211
2019-12-03,22.413333892822266,257.02996826171875,0.0039717016153113,-0.0070203576932726,-0.0091356929289983,0.0131073945443097,0.0115821062991446,0.14631272857292,Train,1.5379999876022339,2019-12-03,6.103174553977118e-05,0.003910669869771529,-0.007081389438812371,-0.009131863042649749,0.013103564657961048,0.0013801390623941717,1.493073349791211
2019-12-04,22.20199966430664,258.6754150390625,-0.0094289510666373,0.0064017701456053,0.0108915166300714,-0.0203204676967087,0.0176692291494175,0.2232092386185718,Train,1.4980000257492065,2019-12-04,5.9444445466238355e-05,-0.009488395512103539,0.0063423257001390615,0.010909140986433925,-0.020338092053071223,0.0013801390623941717,1.493073349791211
2019-12-05,22.024667739868164,259.1546630859375,-0.0079872050770078,0.0018527004075845,0.0041038318429936,-0.0120910369200015,0.0067483840565244,0.0852499933316096,Train,1.4930000305175781,2019-12-05,5.924603295704675e-05,-0.008046451109964848,0.0017934543746274533,0.004117144026173932,-0.012104349103181731,0.0013801390623941717,1.493073349791211
2019-12-06,22.392667770385746,261.46014404296875,0.0167085394823658,0.0088961584930722,0.0146134032605742,0.0020951362217915,0.0085418209528356,0.1079058591167491,Train,1.4800000190734863,2019-12-06,5.873015948704311e-05,0.01664980932287876,0.008837428333585157,0.014633797947446965,0.0020747415349188364,0.0013801390623941717,1.493073349791211
2019-12-09,22.635332107543945,260.66455078125,0.0108367765576875,-0.0030428854257343,-0.0032008909681166,0.0140376675258042,-0.0031713063248046,-0.0400620119983702,Train,1.4980000257492065,2019-12-09,5.9444445466238355e-05,0.01077733211222126,-0.0031023298712005384,-0.0031924225450903135,0.014029199102777813,0.0013801390623941717,1.493073349791211
2019-12-10,23.256000518798828,260.4203491210937,0.0274203359732472,-0.000936842617933,-5.8456239545742967e-05,0.0274787922127929,0.0112000913436785,0.1414868662430225,Train,1.5149999856948853,2019-12-10,6.011904705138434e-05,0.027360216926195814,-0.0009969616649843844,-4.827878330610196e-05,0.0274686147565533,0.0013801390623941717,1.493073349791211
2019-12-11,23.51333236694336,261.09844970703125,0.0110651807019233,0.0026038694296588,0.0052246540851859,0.0058405266167373,0.0373610856571246,0.4719696265733787,Train,1.5199999809265137,2019-12-11,6.031745956057594e-05,0.011004863242362724,0.0025435519700982238,0.005238166182317336,0.0058270145196059634,0.0013801390623941717,1.493073349791211
2019-12-12,23.978666305541992,263.39483642578125,0.0197902165178778,0.0087950990184992,0.0144626120224413,0.0053276044954364,0.0547797270725626,0.6920132773309451,Train,1.5299999713897705,2019-12-12,6.071428457895915e-05,0.01972950223329884,0.00873438473392024,0.01448193042001264,0.005308286097865159,0.0013801390623941717,1.493073349791211
2019-12-13,23.892667770385746,263.494384765625,-0.0035864603168681,0.0003779433993262,0.0019033411303702,-0.0054898014472383,0.0471947894035326,0.5961953925915126,Train,1.5230000019073486,2019-12-13,6.043650801219637e-05,-0.003646896824880296,0.0003175068913140036,0.0019146366482023615,-0.0055010969650704615,0.0013801390623941717,1.493073349791211
2019-12-16,25.433332443237305,265.3569030761719,0.0644827395441027,0.0070685313169143,0.0118863935872834,0.0525963459568192,0.0857534678345476,1.0832937929769615,Train,1.524999976158142,2019-12-16,6.051587206976755e-05,0.06442222367203294,0.007008015444844532,0.011904136030086509,0.05257860351401619,0.0013801390623941717,1.493073349791211
2019-12-17,25.266000747680664,265.4110717773437,-0.0065792281027307,0.0002041352629003,0.0016440013287337,-0.0082232294314644,0.0500514461902902,0.6322825461948018,Train,1.5299999713897705,2019-12-17,6.071428457895915e-05,-0.006639942387309659,0.00014342097832134086,0.0016549913875057078,-0.008234219490236408,0.0013801390623941717,1.493073349791211
2019-12-18,26.209999084472656,265.4291687011719,0.0373623964559823,6.818450981316282e-05,0.0014411486771665,0.0359212477788157,0.0801321673523687,1.0122818552142585,Train,1.5180000066757202,2019-12-18,6.023809550300477e-05,0.037302158360479294,7.946414310158048e-06,0.001452241737330073,0.03591015471865223,0.0013801390623941717,1.493073349791211
2019-12-19,26.93600082397461,266.5322265625,0.0276994187280248,0.0041557522359947,0.0075402245034307,0.020159194224594,0.0949637570815263,1.1996441800193247,Train,1.5329999923706055,2019-12-19,6.083333303057958e-05,0.02763858539499422,0.0040949189029641205,0.007554986678996742,0.020144432049028056,0.0013801390623941717,1.493073349791211
2019-12-20,27.03933334350586,267.8883056640625,0.0038362235064708,0.0050878616783118,0.0089310286558991,-0.0050948051494282,0.0953587533793364,1.204634031141056,Train,1.527999997138977,2019-12-20,6.063492052138797e-05,0.003775588585949412,0.005027226757790412,0.008946792278329698,-0.005110568771858898,0.0013801390623941717,1.493073349791211
2019-12-23,27.947999954223636,268.1508483886719,0.0336053629419828,0.0009800454855934,0.0028017400133475,0.0308036229286352,0.0735660303511524,0.9293341256719634,Train,1.5199999809265137,2019-12-23,6.031745956057594e-05,0.03354504548242222,0.0009197280260328241,0.0028136779266804343,0.030791685015302363,0.0013801390623941717,1.493073349791211
2019-12-24,28.350000381469727,268.1508483886719,0.0143838710428128,0.0,0.0013394103028117,0.013044460740001,0.0948337205226179,1.1980014733080655,Train,1.5379999876022339,2019-12-24,6.103174553977118e-05,0.014322839297273028,-6.103174553977118e-05,0.001350045935177272,0.013033825107635528,0.0013801390623941717,1.493073349791211
2019-12-26,28.72933387756348,269.5226745605469,0.0133803700525412,0.0051158748149346,0.008972827166857,0.0044075428856841,0.0633200156294863,0.799899778222054,Train,1.534999966621399,2019-12-26,6.0912697088150755e-05,0.013319457355453049,0.005054962117846449,0.008988480981842994,0.0043918890706982055,0.0013801390623941717,1.493073349791211
2019-12-27,28.691999435424805,269.5226745605469,-0.0012995234173469,0.0,0.0013394103028117,-0.0026389337201586,0.0405218876847335,0.5118989414314569,Train,1.5180000066757202,2019-12-27,6.023809550300477e-05,-0.0013597615128499048,-6.023809550300477e-05,0.0013504372628594624,-0.0026499606802063624,0.0013801390623941717,1.493073349791211
2019-12-30,27.64666748046875,268.0418395996094,-0.0364328724217604,-0.0054942871257566,-0.0068586370534727,-0.0295742353682876,0.0160424574658742,0.2026587966146023,Train,1.4900000095367432,2019-12-30,5.9126984505426316e-05,-0.03649199940626583,-0.0055534141102620265,-0.006852388561487103,-0.029580483860273298,0.0013801390623941717,1.493073349791211
2019-12-31,27.8886661529541,268.7322998046875,0.0087532673750394,0.0025759418981361,0.0051829833059334,0.0035702840691059,-0.011190881393655,-0.1413705201412728,Train,1.5049999952316284,2019-12-31,5.972222203300113e-05,0.008693545153006398,0.002516219676103099,0.005196761825036983,0.0035565055500024166,0.0013801390623941717,1.493073349791211
2020-01-02,28.68400001525879,271.1126708984375,0.0285181750157113,0.0088577781512682,0.0145561358021291,0.0139620392135821,-0.0102733029200739,-0.1297790697882967,Train,1.4950000047683716,2020-01-02,5.932539701461792e-05,0.028458849618696682,0.008798452754253581,0.014576199786181892,0.013941975229529408,0.0013801390623941717,1.493073349791211
2020-01-03,29.53400039672852,269.1319885253906,0.0296332582979208,-0.0073057536059938,-0.0095615332890351,0.039194791586956,0.0245139457811979,0.3096761679350637,Train,1.4730000495910645,2020-01-03,5.845238292028033e-05,0.02957480591500052,-0.00736420598891408,-0.009556708259105992,0.03918996655702679,0.0013801390623941717,1.493073349791211
2020-01-06,30.1026668548584,270.1404724121094,0.0192546370451349,0.0037471721300925,0.0069305805259037,0.0123240565192312,0.0394769360205878,0.4986984297750177,Train,1.4880000352859497,2020-01-06,5.904762044785515e-05,0.019195589424687045,0.003688124509644645,0.006945827098904225,0.012308809946230676,0.0013801390623941717,1.493073349791211
2020-01-07,31.270666122436523,269.3954467773437,0.0388005246581539,-0.0027579193451214,-0.0027756919622533,0.0415762166204073,0.1106273880092828,1.3975173924736493,Train,1.5,2020-01-07,5.9523809523809524e-05,0.038741000848630094,-0.0028174431546452096,-0.0027669864168344592,0.041567511074988364,0.0013801390623941717,1.493073349791211
2020-01-08,32.80933380126953,270.7855224609375,0.0492048257881216,0.0051599821014891,0.0090386398220121,0.0401661859661095,0.1472232899062863,1.859820718210946,Train,1.4930000305175781,2020-01-08,5.924603295704675e-05,0.04914557975516456,0.005100736068532053,0.009055158183595223,0.04014966760452638,0.0013801390623941717,1.493073349791211
2020-01-09,32.089332580566406,272.6570129394531,-0.0219450119000973,0.0069113387654822,0.0116518459651444,-0.0335968578652417,0.0996643928274623,1.2590256797441275,Train,1.5,2020-01-09,5.9523809523809524e-05,-0.022004535709621107,0.00685181495595839,0.011669925180360294,-0.033614937080457596,0.0013801390623941717,1.493073349791211
2020-01-10,31.87666702270508,271.875732421875,-0.0066272976331742,-0.0028654334218486,-0.0029361141375606,-0.0036911834956136,0.0567784177448926,0.7172620428221966,Train,1.4980000257492065,2020-01-10,5.9444445466238355e-05,-0.006686742078640438,-0.002924877867314838,-0.0029274736872215287,-0.003699823945952671,0.0013801390623941717,1.493073349791211
2020-01-13,34.990665435791016,273.6745300292969,0.0976889588509333,0.0066162492378343,0.0112115417242793,0.0864774171266539,0.1309317783523154,1.6540157077514268,Train,1.5099999904632568,2020-01-13,5.992063454219273e-05,0.09762903821639111,0.006556328603292107,0.011229139206985643,0.08645981964394767,0.0013801390623941717,1.493073349791211
2020-01-14,35.861331939697266,273.31103515625,0.0248828221202008,-0.0013282013236962,-0.0006424040984227,0.0255252262186236,0.1148807879505317,1.4512491175193762,Train,1.5299999713897705,2020-01-14,6.071428457895915e-05,0.024822107835621842,-0.001388915608275159,-0.0006328995328515584,0.025515721653052357,0.0013801390623941717,1.493073349791211
2020-01-15,34.56666564941406,273.9197692871094,-0.0361020135130578,0.002227257785297,0.00466271037443,-0.0407647238874879,0.0339498780969342,0.428877025541312,Train,1.5080000162124634,2020-01-15,5.984127048462156e-05,-0.03616185478354242,0.0021674165148123786,0.004676092169042504,-0.0407781056821003,0.0013801390623941717,1.493073349791211
2020-01-16,34.232666015625,276.20916748046875,-0.0096624776360147,0.0083579151636905,0.0138102882790528,-0.0234727659150676,0.0440739700471083,0.5567711649399897,Train,1.5180000066757202,2020-01-16,6.023809550300477e-05,-0.009722715731517706,0.008297677068187494,0.013829417653581592,-0.02349189528959629,0.0013801390623941717,1.493073349791211
2020-01-17,34.03333282470703,277.1449584960937,-0.0058228941569139,0.0033879795669387,0.0063946278944957,-0.0122175220514096,0.0355476314913123,0.4490608895708946,Train,1.5230000019073486,2020-01-17,6.043650801219637e-05,-0.005883330664926096,0.003327543058926504,0.006408841431972257,-0.012231735588886156,0.0013801390623941717,1.493073349791211
2020-01-21,36.47999954223633,276.5725402832031,0.0718903061927893,-0.0020654108809945,-0.0017423973685059,0.0736327035612952,0.0227029179259536,0.2867980816717806,Train,1.503000020980835,2020-01-21,5.9642857975429956e-05,0.07183066333481387,-0.00212505373896993,-0.0017330791841605692,0.07362338537694987,0.0013801390623941717,1.493073349791211
2020-01-22,37.97066879272461,276.6452941894531,0.0408626444406172,0.000263055421827,0.0017319163288174,0.0391307281117997,0.0363084198191298,0.4586716644363971,Train,1.5130000114440918,2020-01-22,6.0039682993813164e-05,0.04080260475762339,0.00020301573883318682,0.0017432961346279887,0.03911934830598921,0.0013801390623941717,1.493073349791211
2020-01-23,38.14666748046875,276.9178771972656,0.004635122144013,0.0009853159028463,0.0028096040235889,0.0018255181204241,0.0788986618270418,0.9966994080790884,Train,1.5149999856948853,2020-01-23,6.011904705138434e-05,0.004575003096961615,0.0009251968557949156,0.0028216448781435664,0.0018134772658694332,0.0013801390623941717,1.493073349791211
2020-01-24,37.654666900634766,274.3921813964844,-0.0128976031808254,-0.0091207394276753,-0.0122696807477613,-0.000627922433064,0.1017435053090454,1.2852903860361866,Train,1.4900000095367432,2020-01-24,5.9126984505426316e-05,-0.012956730165330827,-0.009179866412180727,-0.012266947847770906,-0.0006306553330544945,0.0013801390623941717,1.493073349791211
2020-01-27,37.20133209228516,270.0314636230469,-0.0120392728355795,-0.0158922814463742,-0.0223735251362577,0.0103342523006781,0.1242952796611332,1.5701791234032778,Train,1.5049999952316284,2020-01-27,5.972222203300113e-05,-0.012098995057612501,-0.0159520036684072,-0.022377650268643252,0.010338377433063753,0.0013801390623941717,1.493073349791211
2020-01-28,37.79333114624024,272.9567565917969,0.0159133832220446,0.0108331559941237,0.0175036048243372,-0.0015902216022926,0.0490723544975453,0.6199140206961915,Train,1.5299999713897705,2020-01-28,6.071428457895915e-05,0.015852668937465644,0.010772441709544741,0.017524898975673657,-0.0016115157536290559,0.0013801390623941717,1.493073349791211
2020-01-29,38.732666015625,272.684326171875,0.0248545137699038,-0.0009980717214093,-0.0001498164248422,0.0250043301947461,0.0349459565804917,0.4414601392719149,Train,1.5199999809265137,2020-01-29,6.031745956057594e-05,0.024794196310343224,-0.0010583891809698759,-0.0001397961578587213,0.02499430992776252,0.0013801390623941717,1.493073349791211
2020-01-30,42.72066879272461,273.5382995605469,0.1029622586653555,0.0031317289140175,0.006012275290847,0.0969499833745085,0.1300704218345761,1.6431344898512066,Train,1.527999997138977,2020-01-30,6.063492052138797e-05,0.10290162374483411,0.003071093993496112,0.0060261425793084675,0.09693611608604702,0.0013801390623941717,1.493073349791211
2020-01-31,43.37133407592773,268.6324157714844,0.0152306904735053,-0.0179349063620855,-0.0254213337794621,0.0406520242529674,0.1713503685206076,2.164609727513632,Train,1.5099999904632568,2020-01-31,5.992063454219273e-05,0.015170769838963108,-0.017994826996627692,-0.02542753692583186,0.04065822739933716,0.0013801390623941717,1.493073349791211
2020-02-03,52.0,270.5855712890625,0.198948593763949,0.0072707365265984,0.0121881047732364,0.1867604889907125,0.347776605210642,4.393341135709827,Train,1.5180000066757202,2020-02-03,6.023809550300477e-05,0.19888835566844598,0.007210498431095396,0.01220618020407705,0.18674241355987195,0.0013801390623941717,1.493073349791211
2020-02-04,59.137332916259766,274.7555847167969,0.1372564022357647,0.0154110709150845,0.0243343296219441,0.1129220726138205,0.4622888994267552,5.839935199791403,Train,1.5379999876022339,2020-02-04,6.103174553977118e-05,0.13719537049022495,0.015350039169544728,0.024359905210232388,0.11289649702553232,0.0013801390623941717,1.493073349791211
2020-02-05,48.97999954223633,277.8626403808594,-0.1717583947927872,0.011308434975999,0.0182127704561432,-0.1899711652489304,0.2473134039830786,3.1242243867243134,Train,1.5199999809265137,2020-02-05,6.031745956057594e-05,-0.1718187122523478,0.011248117516438423,0.01823472102106866,-0.18999311581385586,0.0013801390623941717,1.493073349791211
2020-02-06,49.93066787719727,278.8075256347656,0.0194093169425442,0.0034005480283751,0.0064133813450696,0.0129959355974745,0.1633593562060446,2.0636620427311274,Train,1.5299999713897705,2020-02-06,6.071428457895915e-05,0.01934860265796524,0.003339833743796141,0.0064274701025685554,0.012981846839975643,0.0013801390623941717,1.493073349791211
2020-02-07,49.87133407592773,277.3902587890625,-0.001188323805631,-0.0050833163218116,-0.0062454259060253,0.0050571021003942,0.1277644340534715,1.6140037466517472,Train,1.5180000066757202,2020-02-07,6.023809550300477e-05,-0.001248561901134005,-0.005143554417314605,-0.0062393268657961205,0.00505100306016512,0.0013801390623941717,1.493073349791211
2020-02-10,51.41866683959961,279.3798217773437,0.0310264963298576,0.00717243279186,0.0120414253853124,0.0189850709445452,-0.0400109839926958,-0.5054448724314562,Train,1.5199999809265137,2020-02-10,6.031745956057594e-05,0.030966178870297026,0.007112115332299424,0.012059366385252481,0.01896712994460512,0.0013801390623941717,1.493073349791211
2020-02-11,51.62533187866211,279.8885498046875,0.0040192609370288,0.0018209190059159,0.0040564106889904,-3.714975196158262e-05,-0.152970206358478,-1.932419518919835,Train,1.5379999876022339,2020-02-11,6.103174553977118e-05,0.003958229191489029,0.0017598872603761288,0.0040688115750386064,-4.955063800980621e-05,0.0013801390623941717,1.493073349791211
2020-02-12,51.15266799926758,281.6874694824219,-0.0091556579336954,0.0064272714228206,0.0109295671857615,-0.0200852251194569,0.0169157337709955,0.2136905930513016,Train,1.534999966621399,2020-02-12,6.0912697088150755e-05,-0.00921657063078355,0.006366358725732449,0.010946492308084177,-0.020102150241779575,0.0013801390623941717,1.493073349791211
2020-02-13,53.59999847412109,281.4149169921875,0.04784365255178,-0.0009675705161297,-0.000104305456889,0.0479479580086691,0.05186775618219,0.6552273598569544,Train,1.5449999570846558,2020-02-13,6.130952210653396e-05,0.04778234302967346,-0.0010288800382362339,-9.47447807219772e-05,0.04793839733250197,0.0013801390623941717,1.493073349791211
2020-02-14,53.33533477783203,281.8872985839844,-0.0049377556683485,0.0016785947129092,0.0038440480535269,-0.0087818037218754,0.0380288503599203,0.4804052662737273,Train,1.534999966621399,2020-02-14,6.0912697088150755e-05,-0.004998668365436651,0.0016176820158210494,0.0038563696657412556,-0.008794125334089756,0.0013801390623941717,1.493073349791211
2020-02-18,57.22666549682617,281.11505126953125,0.0729597130158357,-0.0027395605205782,-0.0027482986881913,0.075708011704027,0.0947517911194021,1.196966487596033,Train,1.534999966621399,2020-02-18,6.0912697088150755e-05,0.07289880031874756,-0.002800473217666351,-0.0027402601686193477,0.07569997318445505,0.0013801390623941717,1.493073349791211
2020-02-19,61.16133117675781,282.4687194824219,0.0687558089532556,0.0048153530263761,0.0085244174281943,0.0602313915250612,0.1550203323964249,1.958318049531021,Train,1.5429999828338623,2020-02-19,6.123015804896279e-05,0.06869457879520664,0.004754122868327137,0.008539623376775333,0.06021618557648027,0.0013801390623941717,1.493073349791211
2020-02-20,59.96066665649414,281.3603210449219,-0.0196311050979861,-0.0039239687832726,-0.0045155588994796,-0.0151155461985065,0.1599900113173754,2.021098278297293,Train,1.5379999876022339,2020-02-20,6.103174553977118e-05,-0.019692136843525873,-0.003985000528812371,-0.004508727280539691,-0.01512237781744641,0.0013801390623941717,1.493073349791211
2020-02-21,60.06666564941406,278.4441223144531,0.0017678087791648,-0.010364641039783,-0.0141257112189052,0.0158935199980701,0.1279355733067764,1.6161656894340215,Train,1.5180000066757202,2020-02-21,6.023809550300477e-05,0.0017075706836617952,-0.010424879135286006,-0.014124732053792804,0.015892540832957606,0.0013801390623941717,1.493073349791211
2020-02-24,55.58599853515625,269.1319885253906,-0.0745949032764651,-0.0334434561292197,-0.0485617016758255,-0.0260332016006395,0.1106841754280122,1.3982347682227851,Train,1.503000020980835,2020-02-24,5.9642857975429956e-05,-0.07465454613444053,-0.03350309898719513,-0.04858280231282836,-0.026012100963636743,0.0013801390623941717,1.493073349791211
2020-02-25,53.32733154296875,261.0465087890625,-0.0406337396414488,-0.0300428045756638,-0.0434875761632397,0.0028538365217908,0.037830000245776,0.4778932618052802,Train,1.4900000095367432,2020-02-25,5.9126984505426316e-05,-0.04069286662595423,-0.030101931560169225,-0.04350512574282804,0.002871386101379242,0.0013801390623941717,1.493073349791211
2020-02-26,51.91999816894531,259.8926696777344,-0.0263904705767898,-0.004420051877654,-0.0052557664291017,-0.0211347041476881,-0.0435360954269732,-0.5499763815673051,Train,1.4780000448226929,2020-02-26,5.865079542947194e-05,-0.026449121372219272,-0.004478702673083472,-0.005248241744995947,-0.02114222883179385,0.0013801390623941717,1.493073349791211
2020-02-27,45.26666641235352,248.3730316162109,-0.1281458395846271,-0.0443245978265094,-0.0647974958531344,-0.0633483437314926,-0.0917688929599593,-1.1592845705516834,Train,1.3949999809265137,2020-02-27,5.535714210025848e-05,-0.12820119672672736,-0.044379954968609664,-0.0648270318240707,-0.06331880776055641,0.0013801390623941717,1.493073349791211
2020-02-28,44.53266525268555,246.8739776611328,-0.0162150478009941,-0.0060354940523272,-0.0076661740299762,-0.0085488737710178,-0.1162112867290473,-1.4680568467544242,Train,1.2300000190734863,2020-02-28,4.880952456640819e-05,-0.01626385732556051,-0.006084303576893608,-0.007655362935738605,-0.008559684865255495,0.0013801390623941717,1.493073349791211
2020-03-02,49.574668884277344,257.8939514160156,0.1132203429321523,0.0446380532257197,0.0679440244885699,0.0452763184435823,-0.0449017666848254,-0.5672284325249726,Train,1.1349999904632568,2020-03-02,4.503968216124035e-05,0.11317530324999106,0.044593013543558456,0.06800581885332108,0.045214524078831225,0.0013801390623941717,1.493073349791211
2020-03-03,49.70066833496094,250.78048706054688,0.0025416095259802,-0.0275829049747422,-0.0398171503266424,0.0423587598526227,-0.0053968433539935,-0.0681764487744116,Train,0.9179999828338623,2020-03-03,3.6428570747375486e-05,0.0025051809552328248,-0.027619333545489573,-0.039821123222623336,0.042362732748603533,0.0013801390623941717,1.493073349791211
2020-03-04,49.96666717529297,261.1736145019531,0.0053520173720666,0.0414431264697918,0.0631768617529038,-0.0578248443808371,-0.0420869835871425,-0.5316702547008463,Train,0.675000011920929,2020-03-04,2.6785714758767023e-05,0.005325231657307833,0.04141634075503303,0.06324455940436437,-0.05789254203229777,0.0013801390623941717,1.493073349791211
2020-03-05,48.30266571044922,252.4248962402344,-0.0333022304450705,-0.0334977110088329,-0.048642655594359,0.0153404251492885,0.0366017852936386,0.4623776486447831,Train,0.5950000286102295,2020-03-05,2.3611112246437678e-05,-0.033325841557316944,-0.03352132212107934,-0.04864604253410954,0.015343812089039038,0.0013801390623941717,1.493073349791211
2020-03-06,46.89866638183594,248.19125366210935,-0.0290667048694489,-0.0167718899410611,-0.0236859924189792,-0.0053807124504696,0.0397699466141868,0.5023999308960541,Train,0.41499999165534973,2020-03-06,1.6468253637117056e-05,-0.029083173123086017,-0.016788358194698216,-0.023669642891221504,-0.0053970619782273965,0.0013801390623941717,1.493073349791211
2020-03-09,40.53333282470703,229.04022216796875,-0.1357252572024996,-0.0771623947724325,-0.1137949013903741,-0.0219303558121254,-0.0274367276415209,-0.3465986566398066,Train,0.33000001311302185,2020-03-09,1.3095238615596106e-05,-0.13573835244111518,-0.07717549001104809,-0.11383543309156395,-0.021889824110935638,0.0013801390623941717,1.493073349791211
2020-03-10,43.02199935913086,240.7947540283203,0.0613980238236631,0.0513208193263594,0.0779154059817554,-0.0165173821580923,-0.086312869652236,-1.0903605219639576,Train,0.38999998569488525,2020-03-10,1.5476189908527193e-05,0.06138254763375457,0.051305343136450875,0.07799825579123092,-0.016600231967567818,0.0013801390623941717,1.493073349791211
2020-03-11,42.28200149536133,228.8558807373047,-0.0172004526705585,-0.0495811187382074,-0.0726407713094505,0.0554403186388919,0.026952293367493,0.3404789666096343,Train,0.36800000071525574,2020-03-11,1.4603174631557767e-05,-0.017215055845190057,-0.04959572191283896,-0.0726553084146901,0.0554548557441316,0.0013801390623941717,1.493073349791211
2020-03-12,37.369998931884766,206.7214813232422,-0.116172423011135,-0.0967176344464129,-0.1429733511585425,0.0268009281474074,0.0384127963656119,0.4852555228908299,Train,0.27300000190734863,2020-03-12,1.0833333409021772e-05,-0.11618325634454403,-0.09672846777982193,-0.14303172501238676,0.02685930200125175,0.0013801390623941717,1.493073349791211
2020-03-13,36.44133377075195,226.03546142578125,-0.0248505535904755,0.0934299617964644,0.1407466225164959,-0.1655971761069714,-0.1218036672908898,-1.5387034492020075,Train,0.24300000071525574,2020-03-13,9.642857171240307e-06,-0.02486019644764674,0.09342031893929316,0.14087317045681916,-0.16572372404729466,0.0013801390623941717,1.493073349791211
2020-03-16,29.67133331298828,199.5015563964844,-0.1857780645558401,-0.1173882401545621,-0.1738160429581918,-0.0119620215976483,-0.1118353330764126,-1.412776943212794,Train,0.1850000023841858,2020-03-16,7.3412699358803885e-06,-0.18578540582577596,-0.11739558142449799,-0.17389273367583202,-0.011885330880008066,0.0013801390623941717,1.493073349791211
2020-03-17,28.68000030517578,212.56314086914065,-0.033410463808802,0.0654710905948923,0.099029081206315,-0.132439545015117,-0.2277574959334374,-2.877181388450724,Train,0.16500000655651093,2020-03-17,6.547619307798053e-06,-0.033417011428109794,0.0654645429755845,0.09913005115480862,-0.13254051496361063,0.0013801390623941717,1.493073349791211
2020-03-18,24.08133316040039,200.94371032714844,-0.1603440409986845,-0.05466343080217,-0.0802241090612145,-0.0801199319374699,-0.3633177465097992,-4.589666979203847,Train,0.003000000026077032,2020-03-18,1.1904762008242191e-07,-0.16034416004630458,-0.054663549849790084,-0.08023643137569067,-0.08010760962299382,0.0013801390623941717,1.493073349791211
2020-03-19,28.50933265686035,201.1171417236328,0.1838768421567878,0.0008630844737664,0.0026272220291486,0.1812496201276391,-0.2088690545295676,-2.6385702646265536,Train,-0.02800000086426735,2020-03-19,-1.1111111454074344e-06,0.1838779532679332,0.0008641955849118075,0.0026693353480878117,0.1812075068087,0.0013801390623941717,1.493073349791211
2020-03-20,28.50200080871582,192.3546295166016,-0.0002571736151377,-0.0435691962004528,-0.0636703581259496,0.0634131845108118,0.0201413060882156,0.2544381284954042,Train,-0.032999999821186066,2020-03-20,-1.3095238024280185e-06,-0.000255864091335272,-0.04356788667665037,-0.0636712209650385,0.06341404734990079,0.0013801390623941717,1.493073349791211
2020-03-23,28.952667236328125,186.4491424560547,0.0158117470642444,-0.0307010394051222,-0.0444697309323559,0.0602814779966004,0.0923848056824644,1.167065182183537,Train,-0.03999999910593033,2020-03-23,-1.5873015518226319e-06,0.01581333436579622,-0.030699452103570377,-0.04445798202819031,0.06026972909243471,0.0013801390623941717,1.493073349791211
2020-03-24,33.66666793823242,204.2296600341797,0.1628174932356298,0.0953639010826548,0.1436322609058773,0.0191852323297525,0.244009583027334,3.082488363390882,Train,-0.032999999821186066,2020-03-24,-1.3095238024280185e-06,0.16281880275943222,0.09536521060645722,0.14376608399231916,0.01905140924331064,0.0013801390623941717,1.493073349791211
2020-03-25,35.95000076293945,206.8492889404297,0.0678217645089267,0.0128268778678453,0.0204784450469037,0.047343319462023,0.3714728344268269,4.6926873741194495,Train,-0.07000000029802322,2020-03-25,-2.7777777896040964e-06,0.0678245422867163,0.012829655645634904,0.020532978216100395,0.047288786292826304,0.0013801390623941717,1.493073349791211
2020-03-26,35.21066665649414,219.2810211181641,-0.020565621439638,0.0601004346759663,0.0910155044583395,-0.1115811258979775,0.0786420884012103,0.9934582050506297,Train,-0.10499999672174454,2020-03-26,-4.166666536577164e-06,-0.020561454773101423,0.060104601342502874,0.09111655086017369,-0.11168217229981169,0.0013801390623941717,1.493073349791211
2020-03-27,34.29066848754883,212.5449066162109,-0.026128393930185,-0.0307190949203179,-0.0444966716373516,0.0183682777071665,0.033597181597565,0.4244215330904579,Train,-0.057999998331069946,2020-03-27,-2.3015872353599184e-06,-0.02612609234294964,-0.03071679333308254,-0.04448458804151107,0.01835619411132607,0.0013801390623941717,1.493073349791211
2020-03-30,33.47533416748047,219.4179534912109,-0.0237771485955257,0.0323369163929698,0.0495894500036896,-0.0733665985992153,-0.1000508949982507,-1.2639082275076188,Train,0.013000000268220901,2020-03-30,5.158730265167025e-07,-0.023777664468552215,0.032336400519943284,0.04966127277992266,-0.07343842137544836,0.0013801390623941717,1.493073349791211
2020-03-31,34.93333435058594,216.1593780517578,0.0435544623934431,-0.0148509973208899,-0.0208198210111038,0.064374283404547,-0.0548618439234561,-0.6930506310044248,Train,0.029999999329447746,2020-03-31,1.190476163866974e-06,0.04355327191727923,-0.014852187797053766,-0.020794076247317175,0.06434853864076027,0.0013801390623941717,1.493073349791211
2020-04-01,32.104000091552734,206.42025756835935,-0.0809923905527714,-0.0450552762095127,-0.0658877439324519,-0.0151046466203194,-0.1173098100057986,-1.4819341099974852,Train,0.06300000101327896,2020-04-01,2.5000000402094826e-06,-0.0809948905528116,-0.045057776209552904,-0.0658919257969055,-0.015100464755865892,0.0013801390623941717,1.493073349791211
2020-04-02,30.29800033569336,211.24876403808597,-0.0562546645498724,0.0233916308728929,0.0362421544163703,-0.0924968189662428,-0.098225503074064,-1.2408486849473457,Train,0.06499999761581421,2020-04-02,2.579364984754532e-06,-0.056257243914857154,0.023389051507908147,0.03630428791073052,-0.09255895246060292,0.0013801390623941717,1.493073349791211
2020-04-03,32.000667572021484,208.1271514892578,0.0561973469358718,-0.0147769505920769,-0.0207093355968013,0.0769066825326731,-0.0396870982485574,-0.5013533362508342,Train,0.057999998331069946,2020-04-03,2.3015872353599184e-06,0.05619504534863644,-0.014779252179312261,-0.02068406690914528,0.07688141384501708,0.0013801390623941717,1.493073349791211
2020-04-06,34.41600036621094,222.2840118408203,0.0754775752334993,0.0680202474797873,0.1028326881861904,-0.0273551129526911,0.0063243873979667,0.079893790718968,Train,0.05999999865889549,2020-04-06,2.380952327733948e-06,0.07547519428117155,0.06801786652745956,0.10293818383652743,-0.02746060860302814,0.0013801390623941717,1.493073349791211
2020-04-07,36.36333465576172,222.40269470214844,0.056582237006908,0.0005339244165392,0.002136081017552,0.0544461559893559,-0.0036037400172243,-0.0455247967311827,Train,0.12800000607967377,2020-04-07,5.079365320621975e-06,0.05657715764158738,0.000528845051218578,0.0021748228798582204,0.05440741412704978,0.0013801390623941717,1.493073349791211
2020-04-08,36.589332580566406,229.95118713378903,0.0062149944977303,0.0339406518511382,0.0519823899669803,-0.04576739546925,-0.0342664888661548,-0.4328766594890391,Train,0.1850000023841858,2020-04-08,7.3412699358803885e-06,0.00620765322779442,0.03393331058120232,0.05205240203131133,-0.04583740753358103,0.0013801390623941717,1.493073349791211
2020-04-09,38.20000076293945,233.3648681640625,0.0440201574824166,0.0148452420395086,0.0234900541388194,0.0205301033435972,0.0787604334436851,0.9949532168930656,Train,0.20999999344348907,2020-04-09,8.333333073154328e-06,0.044011824149343445,0.014836908706435444,0.02354106537833128,0.020479092104085318,0.0013801390623941717,1.493073349791211
2020-04-13,43.39666748046875,231.1012725830078,0.1360383930298492,-0.0096998129961161,-0.013133718689025,0.1491721117188742,0.1510258626298862,1.9078572995042768,Train,0.20000000298023224,2020-04-13,7.936508054771122e-06,0.1360304565217944,-0.009707749504170872,-0.013106306500677428,0.14914469953052661,0.0013801390623941717,1.493073349791211
2020-04-14,47.32600021362305,238.15689086914065,0.0905445731500638,0.030530417281015,0.0468939655978118,0.0436506075522519,0.2220315831348293,2.804847919606907,Train,0.16500000655651093,2020-04-14,6.547619307798053e-06,0.090538025530756,0.0305238696617072,0.04696106300609746,0.04358351014396634,0.0013801390623941717,1.493073349791211
2020-04-15,48.65533447265625,232.9724273681641,0.0280888782705652,-0.0217691097748888,-0.0311423637206232,0.0592312419911885,0.2268166691366618,2.8652962501006365,Train,0.11500000208616257,2020-04-15,4.5634921462762925e-06,0.028084314778418922,-0.02177367326703508,-0.03112498872753096,0.05921386699809616,0.0013801390623941717,1.493073349791211
2020-04-16,49.68066787719727,234.1498870849609,0.0210734016250004,0.0050540732656578,0.0088806128329377,0.0121927887920627,0.2847768533979747,3.597487139117788,Train,0.10999999940395355,2020-04-16,4.365079341426728e-06,0.021069036545658976,0.005049708186316373,0.008924088858947085,0.012149312766053315,0.0013801390623941717,1.493073349791211
2020-04-17,50.25933456420898,240.61219787597656,0.0116477235862064,0.0275990344111112,0.0425200377274945,-0.0308723141412881,0.2333744359130893,2.948138241498592,Train,0.10300000011920929,2020-04-17,4.087301592032115e-06,0.011643636284614367,0.027594947109519166,0.04258550648210728,-0.03093778289590088,0.0013801390623941717,1.493073349791211
2020-04-20,49.75733184814453,236.27658081054688,-0.0099882483605731,-0.0180191075253154,-0.0255469706651606,0.0155587223045875,0.0997610464988026,1.260246672024386,Train,0.07000000029802322,2020-04-20,2.7777777896040964e-06,-0.009991026138362705,-0.018021885303105,-0.025525079818876202,0.015536831458303101,0.0013801390623941717,1.493073349791211
2020-04-21,45.78133392333984,229.0566864013672,-0.0799077799617374,-0.0305569616100412,-0.0442547518895742,-0.0356530280721632,0.0204574108743874,0.2584313705349085,Train,0.09799999743700027,2020-04-21,3.88888878718255e-06,-0.07991166885052457,-0.030560850498828382,-0.04424556347557274,-0.035662216486164654,0.0013801390623941717,1.493073349791211
2020-04-22,48.80733489990234,234.0950927734375,0.0660968284941083,0.0219963296039378,0.0341602199238036,0.0319366085703047,-0.0068372225464963,-0.0863722591383951,Train,0.09300000220537186,2020-04-22,3.6904762779909467e-06,0.06609313801783032,0.02199263912765981,0.034220452911756453,0.03187637558235185,0.0013801390623941717,1.493073349791211
2020-04-23,47.04199981689453,234.0494537353516,-0.0361694627790739,-0.0001949593968213,0.0010485106226327,-0.0372179734017067,-0.0562479847402657,-0.710561266795143,Train,0.09300000220537186,2020-04-23,3.6904762779909467e-06,-0.03617315325535189,-0.00019864987309929093,0.0010872307072082054,-0.037256693486282105,0.0013801390623941717,1.493073349791211
2020-04-24,48.34333419799805,237.4449462890625,0.0276632453162877,0.0145075858948611,0.0229862360818809,0.0046770092344068,-0.0206986613645708,-0.2614790042361194,Train,0.10000000149011612,2020-04-24,3.968254027385561e-06,0.027659277062260314,0.014503617640833714,0.02303907229151205,0.004624173024775649,0.0013801390623941717,1.493073349791211
2020-04-27,53.25,240.8768615722656,0.1014962224555282,0.0144535200131197,0.0229055641678126,0.0785906582877155,0.0423332746185572,0.5347815638097935,Train,0.09300000220537186,2020-04-27,3.6904762779909467e-06,0.1014925319792502,0.014449829536841709,0.022958484929156395,0.0785377375263718,0.0013801390623941717,1.493073349791211
2020-04-28,51.27466583251953,239.76333618164065,-0.0370954773235768,-0.0046227993147898,-0.0055582866747606,-0.0315371906488161,0.0464491120419042,0.5867755093166577,Train,0.08500000089406967,2020-04-28,3.3730159084948284e-06,-0.0370988503394853,-0.004626172330698295,-0.005523702540204451,-0.03157177478337235,0.0013801390623941717,1.493073349791211
2020-04-29,53.367332458496094,245.9427795410156,0.0408128769246769,0.0257730954940231,0.0397955471121794,0.0010173298124974,0.0155298332840969,0.1961829932649281,Train,0.09000000357627869,2020-04-29,3.5714287133443927e-06,0.04080930549596356,0.025769524065309756,0.03985950010982478,0.0009533768148521221,0.0013801390623941717,1.493073349791211
2020-04-30,52.12533187866211,243.7977294921875,-0.0232726749233698,-0.0087217443538341,-0.0116743386341429,-0.0115983362892268,0.0411494703965768,0.5198269759878105,Train,0.09000000357627869,2020-04-30,3.5714287133443927e-06,-0.023276246352083144,-0.008725315782547444,-0.01164382597232672,-0.011628848951043082,0.0013801390623941717,1.493073349791211
2020-05-01,46.75466537475586,237.15283203125,-0.1030337133662409,-0.0272557807440549,-0.039329046979806,-0.0637046663864348,-0.0272322052242648,-0.3440149959350801,Train,0.09300000220537186,2020-05-01,3.6904762779909467e-06,-0.10303740384251889,-0.02725947122033289,-0.039316560469807374,-0.06371715289643352,0.0013801390623941717,1.493073349791211
2020-05-04,50.74599838256836,237.90130615234372,0.085367587936316,0.0031560834196369,0.0060486147441439,0.079318973192172,-0.0265038903198084,-0.3348144465549364,Train,0.09000000357627869,2020-05-04,3.5714287133443927e-06,0.08536401650760266,0.0031525119909235557,0.006090642129652709,0.0792769458066633,0.0013801390623941717,1.493073349791211
2020-05-05,51.2140007019043,240.09190368652344,0.0092224477644073,0.0092080096978404,0.0150787176655711,-0.0058562699011638,-0.000822969572156,-0.0103962889412892,Train,0.10999999940395355,2020-05-05,4.365079341426728e-06,0.009218082685065873,0.009203644618498973,0.015126220642565712,-0.005903772878158412,0.0013801390623941717,1.493073349791211
2020-05-06,52.172000885009766,238.4763336181641,0.0187058259455572,-0.0067289652152067,-0.0087009050703057,0.027406731015863,0.0255664316312095,0.3229718563463297,Train,0.1080000028014183,2020-05-06,4.285714396881679e-06,0.01870154023116032,-0.006733250929603581,-0.00866881274365695,0.02737463868921415,0.0013801390623941717,1.493073349791211
2020-05-07,52.00266647338867,241.2967987060547,-0.003245695176505,0.0118270230219432,0.0189865577122048,-0.0222322528887099,0.0149325150317265,0.1886372791198949,Train,0.0949999988079071,2020-05-07,3.7698412225359962e-06,-0.003249465017727536,0.011823253180720663,0.0190368931355849,-0.0222825883120899,0.0013801390623941717,1.493073349791211
2020-05-08,54.62799835205078,245.33111572265625,0.0504845627484422,0.0167193142977255,0.026286364701101,0.0241981980473412,0.1028353794655026,1.2990836532505703,Train,0.0949999988079071,2020-05-08,3.7698412225359962e-06,0.050480792907219664,0.016715544456502963,0.026341442858871494,0.024143119889570706,0.0013801390623941717,1.493073349791211
2020-05-11,54.08599853515625,245.36770629882807,-0.0099216488475673,0.0001491477184378,0.0015619541981068,-0.0114836030456741,0.0120328032276564,0.1520062264278706,Train,0.10499999672174454,2020-05-11,4.166666536577164e-06,-0.009925815514103877,0.00014498105190122285,0.001600773073749161,-0.01152242192131646,0.0013801390623941717,1.493073349791211
2020-05-12,53.96066665649414,240.42965698242188,-0.0023172703112921,-0.0201250987381049,-0.0286893284086121,0.02637205809732,0.0442611312261402,0.5591355071485484,Train,0.12300000339746475,2020-05-12,4.88095251577241e-06,-0.0023221512638078724,-0.020129979690620674,-0.02867051619299411,0.02635324588170201,0.0013801390623941717,1.493073349791211
2020-05-13,52.73066711425781,236.16705322265625,-0.0227943726134135,-0.0177291096833253,-0.0251142637484233,0.0023198911350097,0.019174291345287,0.2422221669117517,Train,0.11500000208616257,2020-05-13,4.5634921462762925e-06,-0.02279893610555978,-0.017733673175471577,-0.025092972257663437,0.0022985996442499365,0.0013801390623941717,1.493073349791211
2020-05-14,53.55533218383789,239.01487731933597,0.0156391928020402,0.0120585156050314,0.0193319687028115,-0.0036927759007713,0.0377137683332256,0.4764249443996838,Train,0.10499999672174454,2020-05-14,4.166666536577164e-06,0.015635026135503625,0.012054348938494823,0.019382332878081342,-0.003743140076041141,0.0013801390623941717,1.493073349791211
2020-05-15,53.27799987792969,240.09190368652344,-0.0051784256506188,0.0045061059766104,0.0080629886930841,-0.013241414343703,0.0002741559421813,0.0034633168543787,Train,0.10300000011920929,2020-05-15,4.087301592032115e-06,-0.005182512952210832,0.004502018675018368,0.008106070467918468,-0.013284496118537267,0.0013801390623941717,1.493073349791211
2020-05-18,54.242000579833984,247.4304656982422,0.0180937855045799,0.0305656371540972,0.046946517308489,-0.0288527318039091,-0.0170949728160536,-0.2159548576912485,Train,0.10499999672174454,2020-05-18,4.166666536577164e-06,0.018089618838043324,0.030561470487560624,0.047014822844338125,-0.028921037339758225,0.0013801390623941717,1.493073349791211
2020-05-19,53.867332458496094,245.0938720703125,-0.0069073433378705,-0.0094434354368443,-0.0127511767279131,0.0058438333900426,-0.037623197523331,-0.4752807947966264,Train,0.11800000071525574,2020-05-19,4.682539710922847e-06,-0.006912025877581422,-0.009448117976555223,-0.01272191155437277,0.005814568216502271,0.0013801390623941717,1.493073349791211
2020-05-20,54.37066650390625,249.09176635742188,0.009343957133908,0.0163116860219274,0.0256781409530031,-0.0163341838190951,-0.056277272477436,-0.7109312486126497,Train,0.11800000071525574,2020-05-20,4.682539710922847e-06,0.009339274594197077,0.016307003482216476,0.025732373916354988,-0.01638841678244699,0.0013801390623941717,1.493073349791211
2020-05-21,55.17333221435547,247.3026885986328,0.014762844784909,-0.007182404239817,-0.0093774832162706,0.0241403280011797,-0.0284441685754849,-0.3593253082623369,Train,0.10999999940395355,2020-05-21,4.365079341426728e-06,0.014758479705567573,-0.007186769319158427,-0.009345869599796974,0.024108714384705972,0.0013801390623941717,1.493073349791211
2020-05-22,54.45866775512695,247.8594970703125,-0.012953077701596,0.0022515261553963,0.0046989213045798,-0.0176519990061759,-0.0328547532379578,-0.4150426933303647,Train,0.10999999940395355,2020-05-22,4.365079341426728e-06,-0.012957442780937427,0.0022471610760548735,0.00473968045708127,-0.01769275815867727,0.0013801390623941717,1.493073349791211
2020-05-26,54.5913314819336,251.0449981689453,0.0024360442933191,0.0128520437436745,0.0205159951488711,-0.018079950855552,-0.0220819722896007,-0.2789538909862786,Train,0.11800000071525574,2020-05-26,4.682539710922847e-06,0.002431361753608177,0.012847361203963577,0.020566874230884637,-0.018130829937565537,0.0013801390623941717,1.493073349791211
2020-05-27,54.68199920654297,254.7051239013672,0.0016608447192643,0.0145795604736913,0.023093629633072,-0.0214327849138077,-0.0493585905934511,-0.6235299419393875,Train,0.13500000536441803,2020-05-27,5.357143070016589e-06,0.0016554875761942832,0.014574203330621283,0.02314585079285313,-0.02148500607358883,0.0013801390623941717,1.493073349791211
2020-05-28,53.72066879272461,254.2032012939453,-0.0175803816204168,-0.001970602710043,-0.0016009337250098,-0.015979447895407,-0.049003854669763,-0.6190486861490243,Train,0.1379999965429306,2020-05-28,5.476190339005182e-06,-0.017585857810755806,-0.0019760789003820055,-0.0015648154905119167,-0.016015566129904884,0.0013801390623941717,1.493073349791211
2020-05-29,55.66666793823242,255.3440704345703,0.0362244028088376,0.0044880203507184,0.0080360030598005,0.0281883997490371,-0.0449557829219056,-0.5679108008982476,Train,0.12800000607967377,2020-05-29,5.079365320621975e-06,0.03621932344351698,0.0044829409853977785,0.008078578141698966,0.02814582466713863,0.0013801390623941717,1.493073349791211
2020-06-01,59.87333297729492,256.4576721191406,0.07556883131087,0.004361180906512,0.0078467454279278,0.0677220858829421,0.0404183019672124,0.5105903790180016,Train,0.12800000607967377,2020-06-01,5.079365320621975e-06,0.07556375194554937,0.004356101541191378,0.007889197547852061,0.06767963376301794,0.0013801390623941717,1.493073349791211
2020-06-02,58.77066802978516,258.566162109375,-0.0184166287841018,0.00822159061498,0.0136068778855709,-0.0320235066696728,0.0264747461530915,0.3344462784131333,Train,0.14499999582767487,2020-06-02,5.753968088399797e-06,-0.0184223827521902,0.0082158366468916,0.013652739774194404,-0.0320693685582962,0.0013801390623941717,1.493073349791211
2020-06-03,58.86399841308594,261.9799194335937,0.001588043601163,0.0132026452973175,0.0210391291013138,-0.0194510855001507,0.0284564455667485,0.3594803992314617,Train,0.14800000190734863,2020-06-03,5.873015948704311e-06,0.0015821705852142956,0.013196772281368795,0.021089761074917984,-0.019501717473754985,0.0013801390623941717,1.493073349791211
2020-06-04,57.62533187866211,261.3136291503906,-0.021042854169221,-0.0025432876101483,-0.0024554391092084,-0.0185874150600125,0.025848478402143,0.3265348553013226,Train,0.14000000059604645,2020-06-04,5.555555579208193e-06,-0.02104840972480021,-0.002548843165727508,-0.002419915185571825,-0.018622938983649175,0.0013801390623941717,1.493073349791211
2020-06-05,59.04399871826172,267.99493408203125,0.0246188055382796,0.0255681456545666,0.039489740653385,-0.0148709351151053,-0.0172108564619994,-0.2174187755657162,Train,0.14499999582767487,2020-06-05,5.753968088399797e-06,0.0246130515701912,0.0255623916864782,0.03955241881448759,-0.014933613276207989,0.0013801390623941717,1.493073349791211
2020-06-08,63.32799911499024,271.244384765625,0.0725560681818036,0.0121250451793955,0.0194312377414959,0.0531248304403076,-0.0318081119046339,-0.4018208366697041,Train,0.15299999713897705,2020-06-08,6.071428457895915e-06,0.07254999675334571,0.012118973750937604,0.01948072722519623,0.053075340956607375,0.0013801390623941717,1.493073349791211
2020-06-09,62.711334228515625,269.3184814453125,-0.009737634144336,-0.0071002513912928,-0.0092549026289734,-0.0004827315153626,-0.0002673367503236,-0.0033771723706737,Train,0.16500000655651093,2020-06-09,6.547619307798053e-06,-0.009744181763643799,-0.007106799010600598,-0.00922428552334833,-0.0005133486209876695,0.0013801390623941717,1.493073349791211
2020-06-10,68.336669921875,267.638916015625,0.0897020572526978,-0.0062363541509443,-0.0079658781704336,0.0976679354231314,0.1168516841729585,1.4761467653728262,Train,0.16500000655651093,2020-06-10,6.547619307798053e-06,0.08969550963339,-0.006242901770252098,-0.007934423576825812,0.09763648082952361,0.0013801390623941717,1.493073349791211
2020-06-11,64.85600280761719,252.2134246826172,-0.0509341048991272,-0.0576354573641572,-0.0846586815438004,0.0337245766446732,0.1691636758776443,2.136985998385371,Train,0.15299999713897705,2020-06-11,6.071428457895915e-06,-0.050940176327585095,-0.057641528792615096,-0.08467681999062429,0.033742715091497094,0.0013801390623941717,1.493073349791211
2020-06-12,62.35200119018555,255.25282287597656,-0.0386086331107897,0.0120508977552804,0.0193206020793384,-0.0579292351901282,0.1261053758026214,1.5930454396500913,Train,0.15000000596046448,2020-06-12,5.9523811889073204e-06,-0.03861458549197861,0.012044945374091494,0.019370078381330015,-0.057978711492119715,0.0013801390623941717,1.493073349791211
2020-06-15,66.05999755859375,257.58038330078125,0.0594687627923617,0.0091186471459145,0.0149453794515685,0.0445233833407932,0.1175039287031071,1.4843863441193836,Train,0.1550000011920929,2020-06-15,6.150793698098924e-06,0.0594626119986636,0.009112496352216401,0.014991915309656203,0.044476847482705494,0.0013801390623941717,1.493073349791211
2020-06-16,65.47533416748047,262.6187744140625,-0.0088504906557814,0.0195604612770445,0.0305256512453794,-0.0393761419011608,0.0786105183173088,0.9930593911391014,Train,0.1599999964237213,2020-06-16,6.3492062072905275e-06,-0.00885683986198869,0.01955411207083721,0.030582211880399127,-0.03943270253618053,0.0013801390623941717,1.493073349791211
2020-06-17,66.11933135986328,261.4139404296875,0.0098357221169047,-0.0045877679044963,-0.0055060161701492,0.015341738287054,-0.0037156788187686,-0.046938880755635,Train,0.16500000655651093,2020-06-17,6.547619307798053e-06,0.0098291744975969,-0.004594315523804098,-0.005472963387421977,0.015308685504326677,0.0013801390623941717,1.493073349791211
2020-06-18,66.9306640625,261.6513366699219,0.012270733625858,0.0009081238737467,0.0026944254944,0.009576308131458,-0.0278639473319837,-0.3519955746957485,Train,0.14000000059604645,2020-06-18,5.555555579208193e-06,0.012265178070278791,0.0009025683181674919,0.0027332953201951366,0.009537438305662864,0.0013801390623941717,1.493073349791211
2020-06-19,66.72666931152344,260.1086730957031,-0.0030478518902198,-0.0058958749985857,-0.0074578478926241,0.0044099960024042,0.0344752838605487,0.4355142941776782,Train,0.14300000667572021,2020-06-19,5.674603439512707e-06,-0.0030535264936593126,-0.0059015496020252125,-0.007425632767421088,0.0043777808772012886,0.0013801390623941717,1.493073349791211
2020-06-22,66.28800201416016,261.8338317871094,-0.0065740925163715,0.0066324535467201,0.0112357202370838,-0.0178098127534554,-0.0278579122336999,-0.3519193353939924,Train,0.14000000059604645,2020-06-22,5.555555579208193e-06,-0.006579648071950709,0.006626897991140891,0.011280139400330758,-0.017854231916702257,0.0013801390623941717,1.493073349791211
2020-06-23,66.78533172607422,263.0204162597656,0.0075025599927995,0.0045318225859407,0.0081013605466671,-0.0005988005538676,0.0109194291135933,0.1379413577119737,Train,0.14000000059604645,2020-06-23,5.555555579208193e-06,0.007497004437220292,0.004526267030361492,0.00814374329504473,-0.0006411833022452297,0.0013801390623941717,1.493073349791211
2020-06-24,64.0566635131836,256.2933654785156,-0.0408572981876094,-0.0255761544176335,-0.0368228699545255,-0.0040344282330838,-0.0084567374065445,-0.1068310282100922,Train,0.13500000536441803,2020-06-24,5.357143070016589e-06,-0.04086265533067942,-0.025581511560703516,-0.036809576953198,-0.004047721234411397,0.0013801390623941717,1.493073349791211
2020-06-25,65.73200225830078,259.0043640136719,0.0261540119830372,0.0105777163996994,0.0171224624042508,0.0090315495787864,-0.0090014959592161,-0.1137127739130051,Train,0.12999999523162842,2020-06-25,5.158729969509064e-06,0.02614885325306769,0.010572557669729891,0.017170901888168052,0.00898311009486915,0.0013801390623941717,1.493073349791211
2020-06-26,63.982666015625,252.93438720703125,-0.0266131592310482,-0.0234358090055973,-0.03362925217572,0.0070160929446718,-0.0063953990169486,-0.080790855852482,Train,0.13300000131130219,2020-06-26,5.277777829813578e-06,-0.02661843700887801,-0.02344108678342711,-0.03361384512625401,0.007000685895205812,0.0013801390623941717,1.493073349791211
2020-06-29,67.29000091552734,256.62548828125,0.0516911080118898,0.0145931168750002,0.0231138571926019,0.0285772508192878,0.0399916645557946,0.5052008166911186,Train,0.125,2020-06-29,4.96031746031746e-06,0.05168614769442948,0.014588156557539884,0.023166287158499183,0.028524820853390618,0.0013801390623941717,1.493073349791211
2020-06-30,71.98733520507812,260.0478515625,0.0698073149894527,0.0133360224823,0.0212381417218244,0.0485691732676282,0.0891596383772904,1.1263227631160293,Train,0.13500000536441803,2020-06-30,5.357143070016589e-06,0.06980195784638268,0.013330665339229983,0.021289157358453888,0.04851815763099881,0.0013801390623941717,1.493073349791211
2020-07-01,74.64199829101562,261.8278503417969,0.0368768072658178,0.0068448893870944,0.0115526965871906,0.0253241106786272,0.1185181772890016,1.4971989944457242,Train,0.12999999523162842,2020-07-01,5.158729969509064e-06,0.036871648535848296,0.0068397306571248906,0.011597517356266782,0.02527928990955102,0.0013801390623941717,1.493073349791211
2020-07-02,80.57733154296875,263.14892578125,0.0795173412803385,0.0050455879224786,0.00886795181912,0.0706493894612184,0.1801360171714336,2.2755957773032343,Train,0.13300000131130219,2020-07-02,5.277777829813578e-06,0.07951206350250868,0.005040310144648787,0.008910969591881373,0.07060637168845713,0.0013801390623941717,1.493073349791211
2020-07-06,91.43866729736328,267.2318115234375,0.1347939370342961,0.0155154946198849,0.0244901406411862,0.1103037963931098,0.2834237206198716,3.5803934824225165,Train,0.12800000607967377,2020-07-06,5.079365320621975e-06,0.13478885766897547,0.015510415254564277,0.024543406088499777,0.11025053094579632,0.0013801390623941717,1.493073349791211
2020-07-07,92.65733337402344,264.4610290527344,0.0133276885225916,-0.0103684604572614,-0.0141314101866957,0.0274590987092874,0.2823055685098712,3.566268254942451,Train,0.14000000059604645,2020-07-07,5.555555579208193e-06,0.01332213296701239,-0.010374016012840609,-0.014103472221106209,0.027431160743697808,0.0013801390623941717,1.493073349791211
2020-07-08,91.05867004394533,266.4244079589844,-0.0172535003098449,0.0074240764822044,0.0124169039220423,-0.0296704042318873,0.2040659910103556,2.577894830396007,Train,0.13500000536441803,2020-07-08,5.357143070016589e-06,-0.017258857452914916,0.007418719339134383,0.0124621883403064,-0.0297156886501513,0.0013801390623941717,1.493073349791211
2020-07-09,92.9520034790039,265.066650390625,0.0207924564914561,-0.0050962206457014,-0.0062646804982823,0.0270571369897384,0.2057990173214668,2.599787550227638,Train,0.12300000339746475,2020-07-09,4.88095251577241e-06,0.020787575538940326,-0.005101101598217172,-0.006231298835965468,0.027023755327421566,0.0013801390623941717,1.493073349791211
2020-07-10,102.97666931152344,267.727294921875,0.1078477650541864,0.0100376434656304,0.0163166174624039,0.0915311475917824,0.2266807754520309,2.863579552353211,Train,0.11999999731779099,2020-07-10,4.761904655467896e-06,0.10784300314953094,0.010032881560974932,0.016364729047352956,0.09148303600683344,0.0013801390623941717,1.493073349791211
2020-07-13,99.8040008544922,265.30517578125,-0.0308095851054702,-0.0090469637820521,-0.0121595998177488,-0.0186499852877214,0.0977269937711996,1.2345511899635142,Train,0.125,2020-07-13,4.96031746031746e-06,-0.030814545422930516,-0.009051924099512417,-0.012130087257460306,-0.018679497848009895,0.0013801390623941717,1.493073349791211
2020-07-14,101.12000274658205,268.8558349609375,0.0131858630999019,0.0133833015855486,0.0213086870571015,-0.0081228239571995,0.0621450711047126,0.785057111879565,Train,0.13300000131130219,2020-07-14,5.277777829813578e-06,0.013180585322072086,0.013378023807718785,0.021359787660401242,-0.008173924560499342,0.0013801390623941717,1.493073349791211
2020-07-15,103.06732940673828,271.2414245605469,0.0192575811636048,0.008873118189739,0.0145790247336597,0.0046785564299451,0.0964940317665451,1.2189756089363342,Train,0.125,2020-07-15,4.96031746031746e-06,0.019252620846144482,0.008868157872278683,0.01462590956069492,0.004631671602909879,0.0013801390623941717,1.493073349791211
2020-07-16,100.04266357421876,270.4523010253906,-0.0293465043668996,-0.0029093031657488,-0.0030015723543902,-0.0263449320125093,0.0430919627642973,0.5443658078041138,Train,0.10300000011920929,2020-07-16,4.087301592032115e-06,-0.029350591668491632,-0.002913390467340832,-0.002965679300336154,-0.026380825066563446,0.0013801390623941717,1.493073349791211
2020-07-17,100.05599975585938,271.16796875,0.0001333049437526,0.0026461883367085,0.0052877982922721,-0.0051544933485195,-0.0535936781760047,-0.6770303333141819,Train,0.10499999672174454,2020-07-17,4.166666536577164e-06,0.00012913827721602284,0.0026420216701719228,0.005329037874235312,-0.0051957329304827115,0.0013801390623941717,1.493073349791211
2020-07-20,109.53333282470705,273.4250183105469,0.0947202875586943,0.0083234372073928,0.0137588435853178,0.0809614439733765,0.0460177510850931,0.5813262760804271,Train,0.10499999672174454,2020-07-20,4.166666536577164e-06,0.09471612089215772,0.008319270540856223,0.013805586863186288,0.08091470069550802,0.0013801390623941717,1.493073349791211
2020-07-21,104.55733489990234,273.993896484375,-0.0454290743875025,0.002080563722161,0.0044438275878284,-0.0498729019753309,0.0042676730669617,0.0539120324884638,Train,0.10999999940395355,2020-07-21,4.365079341426728e-06,-0.04543343946684393,0.002076198642819573,0.004484421004202184,-0.049913495391704685,0.0013801390623941717,1.493073349791211
2020-07-22,106.15533447265624,275.5535888671875,0.0152834765182543,0.0056924347688944,0.009833114534101,0.0054503619841533,0.0050394786211699,0.063661984150734,Train,0.10000000149011612,2020-07-22,3.968254027385561e-06,0.015279508264226914,0.005688466514867014,0.009877405070949186,0.005406071447305113,0.0013801390623941717,1.493073349791211
2020-07-23,100.87133026123048,272.2597045898437,-0.0497761533857429,-0.0119536976124501,-0.0164967487596027,-0.0332794046261401,-0.0018949939924609,-0.0239388013289709,Train,0.10300000011920929,2020-07-23,4.087301592032115e-06,-0.04978024068733493,-0.011957784914042133,-0.016469623613705492,-0.03330652977203741,0.0013801390623941717,1.493073349791211
2020-07-24,94.46666717529295,270.49822998046875,-0.0634933937061312,-0.006469832221513,-0.0083142517146925,-0.0551791419914386,-0.05191964263538,-0.6558828234096205,Train,0.09799999743700027,2020-07-24,3.88888878718255e-06,-0.06349728259491838,-0.006473721110300182,-0.008281712512588617,-0.05521168119354258,0.0013801390623941717,1.493073349791211
2020-07-27,102.63999938964844,272.4707946777344,0.0865208063198523,0.0072923386500829,0.0122203373863614,0.0743004689334909,-0.0585806176752655,-0.7400286089748714,Train,0.09300000220537186,2020-07-27,3.6904762779909467e-06,0.08651711584357431,0.007288648173804909,0.01226631588298465,0.07425449043686766,0.0013801390623941717,1.493073349791211
2020-07-28,98.43267059326172,270.7825622558594,-0.0409911225779979,-0.0061960123978489,-0.0079056840825124,-0.0330854384954855,-0.04179315419542,-0.5279584099873326,Train,0.10300000011920929,2020-07-28,4.087301592032115e-06,-0.040995209879589926,-0.006200099699440933,-0.00787297726329755,-0.03311814531470035,0.0013801390623941717,1.493073349791211
2020-07-29,99.94066619873048,274.05810546875,0.0153200720490456,0.0120965810560416,0.0193887663114688,-0.0040686942624232,-0.0513122104419967,-0.6482093433584565,Train,0.09000000357627869,2020-07-29,3.5714287133443927e-06,0.015316500620332255,0.012093009627328255,0.019439460884439878,-0.004119388835394278,0.0013801390623941717,1.493073349791211
2020-07-30,99.16600036621094,273.0579833984375,-0.0077512574408811,-0.0036493066629132,-0.0041057344730991,-0.003645522967782,-0.0216783287836385,-0.2738548026855233,Train,0.08500000089406967,2020-07-30,3.3730159084948284e-06,-0.007754630456789595,-0.003652679678821695,-0.004070206605469927,-0.0036810508354111733,0.0013801390623941717,1.493073349791211
2020-07-31,95.38400268554688,275.34259033203125,-0.0381380479871881,0.0083667465245289,0.013823465587176,-0.0519615135743642,-0.018460700366564,-0.2332076197745273,Train,0.08299999684095383,2020-07-31,3.2936506682918186e-06,-0.038141341637856395,0.00836345287386061,0.013870681311258454,-0.052008729298446556,0.0013801390623941717,1.493073349791211
2020-08-03,99.0,277.0766906738281,0.0379098927770311,0.0062979735162138,0.0107366412725049,0.0271732515045262,-0.0655879177955287,-0.8285493990664602,Train,0.07800000160932541,2020-08-03,3.0952381591002147e-06,0.037906797538872,0.0062948782780547,0.010781949297696334,0.027127943479334768,0.0013801390623941717,1.493073349791211
2020-08-04,99.13333129882812,278.24188232421875,0.0013467807962437,0.0042053037646616,0.0076141605335816,-0.0062673797373379,-0.0387698590373812,-0.4897661716820568,Train,0.09000000357627869,2020-08-04,3.5714287133443927e-06,0.0013432093675303557,0.004201732335948256,0.007657205064867828,-0.006310424268624128,0.0013801390623941717,1.493073349791211
2020-08-05,99.00133514404295,279.9760131835937,-0.0013315012524623,0.0062324580501302,0.0106388853887608,-0.0119703866412232,-0.0466715514161811,-0.5895855087202124,Train,0.0949999988079071,2020-08-05,3.7698412225359962e-06,-0.001335271093684836,0.006228688208907664,0.010683797272495492,-0.012015298524957791,0.0013801390623941717,1.493073349791211
2020-08-06,99.30533599853516,281.8568725585937,0.003070674289896,0.0067179304170126,0.0113632606102907,-0.0082925863203946,-0.0513186147687938,-0.6482902469958569,Train,0.08799999952316284,2020-08-06,3.492063473141383e-06,0.0030671822264228582,0.006714438353539459,0.011408780090353055,-0.008338105800457055,0.0013801390623941717,1.493073349791211
2020-08-07,96.84733581542967,282.003662109375,-0.0247519446804119,0.00052079464818,0.0021164900387185,-0.0268684347191305,-0.0262255359135601,-0.3312980919613433,Train,0.08799999952316284,2020-08-07,3.492063473141383e-06,-0.02475543674388504,0.0005173025847068586,0.002156001828871234,-0.02690794650928313,0.0013801390623941717,1.493073349791211
2020-08-10,94.5713348388672,282.90283203125,-0.0235009146859761,0.0031885044156847,0.0060969902394274,-0.0295979049254035,-0.0829966923434899,-1.048468405112114,Train,0.08799999952316284,2020-08-10,3.492063473141383e-06,-0.02350440674944924,0.0031850123522115586,0.006139088187710209,-0.02964000287368631,0.0013801390623941717,1.493073349791211
2020-08-11,91.6259994506836,280.6181945800781,-0.0311440606522254,-0.0080756966438551,-0.0107103683137717,-0.0204336923384536,-0.0971630049446057,-1.227426514885226,Train,0.10000000149011612,2020-08-11,3.968254027385561e-06,-0.031148028906252786,-0.008079664897882486,-0.010679425017850307,-0.020464635634375093,0.0013801390623941717,1.493073349791211
2020-08-12,103.65066528320312,284.4626159667969,0.1312363947417745,0.0136998293801711,0.0217809794201508,0.1094554153216236,0.0242627970182412,0.30650349278973,Train,0.10000000149011612,2020-08-12,3.968254027385561e-06,0.13123242648774713,0.013695861126143714,0.02183303256630818,0.10940336217546633,0.0013801390623941717,1.493073349791211
2020-08-13,108.06666564941406,283.97637939453125,0.0426046504780761,-0.0017093162509704,-0.0012110671752638,0.0438157176533399,0.0763711009919758,0.9647696093999084,Train,0.09000000357627869,2020-08-13,3.5714287133443927e-06,0.04260107904936276,-0.0017128876796837444,-0.0011737564546139868,0.043778406932690084,0.0013801390623941717,1.493073349791211
2020-08-14,110.04733276367188,283.97637939453125,0.0183281967881143,0.0,0.0013394103028117,0.0169887864853026,0.120228322196409,1.518802661446807,Train,0.08799999952316284,2020-08-14,3.492063473141383e-06,0.01832470472464116,-3.492063473141383e-06,0.0013784172189597863,0.016949779569154513,0.0013801390623941717,1.493073349791211
2020-08-17,122.3759994506836,284.8939514160156,0.1120305815451947,0.0032311561385518,0.0061606310422992,0.1058699505028954,0.2556961776247081,3.2301210563660465,Train,0.08500000089406967,2020-08-17,3.3730159084948284e-06,0.1120272085292862,0.0032277831226433054,0.006202829037627242,0.10582775250756746,0.0013801390623941717,1.493073349791211
2020-08-18,125.80599975585938,285.490234375,0.0280283741956939,0.0020929997145275,0.0044623833807839,0.02356599081491,0.2996958607780718,3.785953780763336,Train,0.10000000149011612,2020-08-18,3.968254027385561e-06,0.028024405941666514,0.0020890314605001145,0.00450318451696969,0.02352518967872421,0.0013801390623941717,1.493073349791211
2020-08-19,125.23533630371094,284.2790832519531,-0.0045360591168615,-0.004242355699831,-0.0049906252656567,0.0004545661487952,0.1906950116052433,2.4089838888172057,Train,0.0949999988079071,2020-08-19,3.7698412225359962e-06,-0.004539828958084036,-0.004246125541053536,-0.0049558679815981145,0.0004198088647366146,0.0013801390623941717,1.493073349791211
2020-08-20,133.45533752441406,285.1782531738281,0.0656364366744592,0.0031629830502797,0.0060589097100705,0.0595775269643887,0.2064568209162921,2.6080973547086304,Train,0.08799999952316284,2020-08-20,3.492063473141383e-06,0.06563294461098607,0.0031594909868065584,0.006100982917173719,0.059535453757285486,0.0013801390623941717,1.493073349791211
2020-08-21,136.6653289794922,286.1967163085937,0.0240529267290705,0.003571321176951,0.0066681926294387,0.0173847340996318,0.2068527685306213,2.6130992234817323,Train,0.08799999952316284,2020-08-21,3.492063473141383e-06,0.02404943466559736,0.0035678291134778584,0.006710661691810306,0.017342265037260194,0.0013801390623941717,1.493073349791211
2020-08-24,134.27999877929688,289.1051940917969,-0.0174538064482562,0.0101625127664533,0.0165029354356117,-0.0339567418838679,0.0670260761438579,0.8467171542768837,Train,0.08500000089406967,2020-08-24,3.3730159084948284e-06,-0.017457179464164693,0.010159139750544806,0.01655185289664565,-0.03400565934490185,0.0013801390623941717,1.493073349791211
2020-08-25,134.8893280029297,290.11444091796875,0.0045377511853743,0.0034909328742513,0.0065482449278827,-0.0020104937425084,0.0414495915864394,0.5236183028032619,Train,0.0949999988079071,2020-08-25,3.7698412225359962e-06,0.004533981344151764,0.003487163033028764,0.006590499094609044,-0.0020527479092347445,0.0013801390623941717,1.493073349791211
2020-08-26,143.54466247558594,293.0780029296875,0.0641661916535625,0.0102151482095877,0.0165814729866276,0.0475847186669348,0.088579744104579,1.1189971600579318,Train,0.09300000220537186,2020-08-26,3.6904762779909467e-06,0.0641625011772845,0.010211457733309708,0.016630284942796256,0.04753590671076624,0.0013801390623941717,1.493073349791211
2020-08-27,149.25,293.66510009765625,0.0397460792064241,0.0020032113024517,0.0043284097391821,0.035417669467242,0.0644198866074323,0.813794066506503,Train,0.0949999988079071,2020-08-27,3.7698412225359962e-06,0.03974230936520156,0.001999441461229164,0.004369221663845569,0.03537685754257853,0.0013801390623941717,1.493073349791211
2020-08-28,147.55999755859375,295.5736083984375,-0.0113232994399078,0.0064989278608407,0.0110364860378028,-0.0223597854777107,0.0246753670300897,0.311715346540838,Train,0.0949999988079071,2020-08-28,3.7698412225359962e-06,-0.011327069281130336,0.006495158019618164,0.011081656245391248,-0.022404955685299047,0.0013801390623941717,1.493073349791211
2020-08-31,166.10667419433594,294.5367736816406,0.1256890549105465,-0.0035078731230943,-0.0038947009339585,0.129583755844505,0.1882158647584627,2.3776656872468904,Train,0.0949999988079071,2020-08-31,3.7698412225359962e-06,0.12568528506932397,-0.0035116429643168357,-0.0038592316203865684,0.12954828653093306,0.0013801390623941717,1.493073349791211
2020-09-01,158.35000610351562,297.2893371582031,-0.046696908046846,0.0093453983424756,0.0152837158007532,-0.0619806238475992,0.1282457346533718,1.620083850064405,Train,0.10000000149011612,2020-09-01,3.968254027385561e-06,-0.046700876300873384,0.009341430088448214,0.015331547630421341,-0.06202845567726734,0.0013801390623941717,1.493073349791211
2020-09-02,149.1233367919922,301.61993408203125,-0.0582675652408364,0.0145669433193413,0.023074803527611,-0.0813423687684474,-0.0006813527820104,-0.0086072931884649,Train,0.10000000149011612,2020-09-02,3.968254027385561e-06,-0.05827153349486378,0.014562975065313915,0.023127697280115683,-0.08139526252095208,0.0013801390623941717,1.493073349791211
2020-09-03,135.6666717529297,291.1786804199219,-0.0902384920331604,-0.0346172533121423,-0.0503131290533942,-0.0399253629797662,-0.0760243852290188,-0.9603896695161552,Train,0.10000000149011612,2020-09-03,3.968254027385561e-06,-0.09024246028718778,-0.03462122156616968,-0.05030791594124313,-0.03993057609191727,0.0013801390623941717,1.493073349791211
2020-09-04,139.44000244140625,288.84820556640625,0.0278132472752659,-0.0080035902702586,-0.0106027781110933,0.0384160253863592,-0.0152485743649488,-0.1926299469680666,Train,0.10300000011920929,2020-09-04,4.087301592032115e-06,0.027809159973673867,-0.008007677571850632,-0.01057182361226477,0.03838507088753067,0.0013801390623941717,1.493073349791211
2020-09-08,110.06999969482422,280.911865234375,-0.2106282432039079,-0.027475816636869,-0.0396573633979479,-0.1709708798059599,-0.3158032100154138,-3.989432332602088,Train,0.1080000028014183,2020-09-08,4.285714396881679e-06,-0.2106325289183048,-0.02748010235126588,-0.03964538369341883,-0.17098285951048908,0.0013801390623941717,1.493073349791211
2020-09-09,122.09333038330078,286.4535522460937,0.1092334943382573,0.0197274935577929,0.0307748807661999,0.0784586135720573,-0.1753639725957571,-2.215312194619281,Train,0.10499999672174454,2020-09-09,4.166666536577164e-06,0.10922932767172072,0.019723326891256325,0.0308326794794859,0.0784008148587714,0.0013801390623941717,1.493073349791211
2020-09-10,123.77999877929688,281.4439697265625,0.0138145825877706,-0.0174882890445969,-0.0247549343294327,0.0385695169172034,-0.0554520869101062,-0.700506965773531,Train,0.10300000011920929,2020-09-10,4.087301592032115e-06,0.013810495286178568,-0.017492376346188932,-0.024733174583026648,0.038547757170797246,0.0013801390623941717,1.493073349791211
2020-09-11,124.23999786376952,281.6550598144531,0.0037162634432792,0.0007500252646936,0.0024585259401332,0.0012577375031459,-0.0142689864271939,-0.1802551525784982,Train,0.10300000011920929,2020-09-11,4.087301592032115e-06,0.003712176141687168,0.0007459379631015679,0.002497966457290695,0.001218296985988505,0.0013801390623941717,1.493073349791211
2020-09-14,139.8733367919922,285.3158874511719,0.1258317707423399,0.0129975567956435,0.0207331157440811,0.1050986549982588,0.0524136431847056,0.6621233608750459,Train,0.10000000149011612,2020-09-14,3.968254027385561e-06,0.12582780248831252,0.012993588541616113,0.020784488086061023,0.10504728265627887,0.0013801390623941717,1.493073349791211
2020-09-15,149.9199981689453,286.7839050292969,0.0718268514026634,0.0051452360092503,0.0090166371199824,0.062810214282681,0.2861947372733466,3.615398773948884,Train,0.10000000149011612,2020-09-15,3.968254027385561e-06,0.07182288314863601,0.005141267755222914,0.009060397185885773,0.06276645421677762,0.0013801390623941717,1.493073349791211
2020-09-16,147.25332641601562,285.6278381347656,-0.017787298462508,-0.0040311428718886,-0.0046754737771936,-0.0131118246853144,0.1946242990159748,2.4586212127687053,Train,0.10000000149011612,2020-09-16,3.968254027385561e-06,-0.017791266716535387,-0.004035111125915986,-0.004640609569129609,-0.013146688893378392,0.0013801390623941717,1.493073349791211
2020-09-17,141.14332580566406,283.1322021484375,-0.0414931245294233,-0.0087373695877313,-0.0116976531068871,-0.0297954714225361,0.1262593106762352,1.594990045475598,Train,0.08500000089406967,2020-09-17,3.3730159084948284e-06,-0.0414964975453318,-0.008740742603639794,-0.011667057760576551,-0.029826066768846752,0.0013801390623941717,1.493073349791211
2020-09-18,147.38333129882812,279.83837890625,0.0442104184349159,-0.0116335168419332,-0.0160190057769027,0.0602294242118186,0.1852309973849079,2.339958893804204,Train,0.08299999684095383,2020-09-18,3.2936506682918186e-06,0.04420712478424761,-0.011636810492601492,-0.015991178910011557,0.06020159734492746,0.0013801390623941717,1.493073349791211
2020-09-21,149.79666137695312,276.8013916015625,0.016374511668703,-0.0108526475766389,-0.0148538676853858,0.0312283793540889,0.111360721740738,1.4067813429531666,Train,0.07999999821186066,2020-09-21,3.1746031036452638e-06,0.016371337065599356,-0.010855822179742545,-0.01482522512114811,0.03119973678985111,0.0013801390623941717,1.493073349791211
2020-09-22,141.41000366210938,279.5998840332031,-0.0559869468234628,0.0101101096907376,0.0164247446009321,-0.072411691424395,-0.0238611839663379,-0.3014300545103042,Train,0.08799999952316284,2020-09-22,3.492063473141383e-06,-0.055990438886935945,0.01010661762726446,0.01647355256166596,-0.07246049938512876,0.0013801390623941717,1.493073349791211
2020-09-23,126.7866668701172,273.12225341796875,-0.1034109073848393,-0.0231675010797398,-0.0332289088678621,-0.0701819985169771,-0.0809313577980007,-1.0223777507042238,Train,0.08799999952316284,2020-09-23,3.492063473141383e-06,-0.10341439944831243,-0.023170993143212942,-0.033212361224458815,-0.07019854616038049,0.0013801390623941717,1.493073349791211
2020-09-24,129.26333618164062,273.87457275390625,0.0195341463945935,0.0027545149709431,0.0054494328878211,0.0140847135067723,-0.0370511728686922,-0.468054605891991,Train,0.09300000220537186,2020-09-24,3.6904762779909467e-06,0.01953045591831551,0.002750824494665109,0.005491012281609513,0.014043134112983986,0.0013801390623941717,1.493073349791211
2020-09-25,135.77999877929688,278.26025390625,0.0504138512137659,0.0160134659754798,0.0252331656527663,0.0251806855609996,-0.0720999115195113,-0.910813155381318,Train,0.09000000357627869,2020-09-25,3.5714287133443927e-06,0.05041027978505256,0.016009894546766455,0.025287657371852148,0.025126193841913756,0.0013801390623941717,1.493073349791211
2020-09-28,140.39999389648438,282.9211120605469,0.0340255940397897,0.0167499960517796,0.0263321450665883,0.0076934489732014,-0.0956348419003987,-1.208121761593614,Train,0.08799999952316284,2020-09-28,3.492063473141383e-06,0.034022101976316554,0.01674650398830646,0.026387389932979913,0.007638204106809786,0.0013801390623941717,1.493073349791211
2020-09-29,139.69000244140625,281.3077697753906,-0.0050569194155491,-0.0057024457220816,-0.007169231310968,0.0021123118954188,-0.0211108385805848,-0.2666858959337942,Train,0.08500000089406967,2020-09-29,3.3730159084948284e-06,-0.0050602924314575954,-0.005705818737990095,-0.007135693818129665,0.0020787744025805646,0.0013801390623941717,1.493073349791211
2020-09-30,143.00332641601562,283.4731140136719,0.023719120314277,0.0076974206578444,0.0128247618379411,0.0108943584763358,0.0599655184127281,0.7575235792736472,Train,0.08500000089406967,2020-09-30,3.3730159084948284e-06,0.023715747298368506,0.0076940476419359045,0.012871289564501075,0.010847830749775925,0.0013801390623941717,1.493073349791211
2020-10-01,149.3866729736328,285.2698974609375,0.044637748768495,0.0063384615980863,0.0107970536981679,0.033840695070327,0.0797214999762829,1.0070940368003118,Train,0.08299999684095383,2020-10-01,3.2936506682918186e-06,0.04463445511782671,0.006335167947418009,0.01084230314180378,0.03379544562669122,0.0013801390623941717,1.493073349791211
2020-10-02,138.3633270263672,282.6161804199219,-0.0737906918190171,-0.0093024783359029,-0.0125408540850892,-0.0612498377339277,-0.0067090233186444,-0.0847527627926117,Train,0.08500000089406967,2020-10-02,3.3730159084948284e-06,-0.0737940648349256,-0.009305851351811395,-0.012510806572205442,-0.061279885246811654,0.0013801390623941717,1.493073349791211
2020-10-05,141.89332580566406,287.554931640625,0.0255125317897579,0.0174751184216166,0.0274141029968823,-0.0019015712071244,-0.0163040434989703,-0.2059633221706917,Train,0.08500000089406967,2020-10-05,3.3730159084948284e-06,0.025509158773849405,0.017471745405708106,0.02747010951790247,-0.001957577728144571,0.0013801390623941717,1.493073349791211
2020-10-06,137.9933319091797,283.53765869140625,-0.0274853935119243,-0.0139704540148154,-0.0195059588926468,-0.0079794346192774,-0.0263957900136667,-0.3334488529105126,Train,0.08799999952316284,2020-10-06,3.492063473141383e-06,-0.02748888557539744,-0.013973946078288542,-0.019480495355044716,-0.008004898156879582,0.0013801390623941717,1.493073349791211
2020-10-07,141.76666259765625,288.40264892578125,0.0273442972661894,0.0171581801755296,0.0269411981975939,0.0004030990685955,-0.036887049421407,-0.4659812913518826,Train,0.08799999952316284,2020-10-07,3.492063473141383e-06,0.02734080520271626,0.01715468811205646,0.026996838769958915,0.00034745849623048566,0.0013801390623941717,1.493073349791211
2020-10-08,141.97332763671875,290.9549865722656,0.0014577830589765,0.0088499105538424,0.0145443965291715,-0.0130866134701949,-0.083814357961929,-1.0587976910471708,Train,0.08799999952316284,2020-10-08,3.492063473141383e-06,0.0014542909955033586,0.008846418490369259,0.01459198281493785,-0.01313419975596135,0.0013801390623941717,1.493073349791211
2020-10-09,144.6666717529297,293.54412841796875,0.0189707754339791,0.0088987711680275,0.0146173016431158,0.0043534737908632,-0.0182110464371379,-0.2300538283423092,Train,0.09300000220537186,2020-10-09,3.6904762779909467e-06,0.01896708495770111,0.008895080691749508,0.014664837463765722,0.004305937970213379,0.0013801390623941717,1.493073349791211
2020-10-12,147.43333435058594,298.2802124023437,0.0191243951639483,0.0161341465417814,0.0254132335987763,-0.0062888384348279,-0.0225983136648415,-0.2854766523506901,Train,0.09000000357627869,2020-10-12,3.5714287133443927e-06,0.019120823735234955,0.016130575113068056,0.02546784230923478,-0.006343447145286483,0.0013801390623941717,1.493073349791211
2020-10-13,148.88333129882812,296.3730163574219,0.0098349328842701,-0.0063939744093695,-0.0082010639758534,0.0180359968601236,0.0034171178145596,0.0431672632239849,Train,0.09300000220537186,2020-10-13,3.6904762779909467e-06,0.009831242407992108,-0.006397664885647491,-0.008168353402983141,0.018003286287253242,0.0013801390623941717,1.493073349791211
2020-10-14,153.76666259765625,294.5209045410156,0.0327997181163728,-0.0062492592583821,-0.0079851339318256,0.0407848520481984,0.0437988707941625,0.5532959315681589,Train,0.10000000149011612,2020-10-14,3.968254027385561e-06,0.032795749862345416,-0.006253227512409486,-0.007952420032538234,0.04075213814891103,0.0013801390623941717,1.493073349791211
2020-10-15,149.6266632080078,294.17071533203125,-0.0269239074303192,-0.0011890130839102,-0.0004347207802623,-0.0264891866500569,0.0303962976143005,0.3839858767995665,Train,0.0949999988079071,2020-10-15,3.7698412225359962e-06,-0.026927677271541738,-0.001192782925132736,-0.00039700349398498567,-0.026526903936334216,0.0013801390623941717,1.493073349791211
2020-10-16,146.55667114257812,293.92193603515625,-0.0205176804695688,-0.0008456970184615,7.754246668875068e-05,-0.0205952229362575,0.0054476008871797,0.0688176510725327,Train,0.09000000357627869,2020-10-16,3.5714287133443927e-06,-0.020521251898282144,-0.0008492684471748444,0.00011569040581219103,-0.02063337087538099,0.0013801390623941717,1.493073349791211
2020-10-19,143.61000061035156,289.4807434082031,-0.0201060143441705,-0.0151101094626088,-0.0212064432534038,0.0011004289092332,0.0128368682312409,0.1621637005164249,Train,0.09000000357627869,2020-10-19,3.5714287133443927e-06,-0.020109585772883843,-0.015113680891322145,-0.021182123664974257,0.0010761093208037573,0.0013801390623941717,1.493073349791211
2020-10-20,140.64666748046875,290.62335205078125,-0.0206345875446588,0.0039470972373691,0.0072288895621171,-0.0278634771067759,-0.0330626057356586,-0.4176684217854344,Train,0.0949999988079071,2020-10-20,3.7698412225359962e-06,-0.020638357385881337,0.003943327396146564,0.007271585948304711,-0.02790617349296351,0.0013801390623941717,1.493073349791211
2020-10-21,140.8800048828125,290.0981140136719,0.0016590325709362,-0.0018072809132612,-0.0013572406318596,0.0030162732027959,-0.0708311845810612,-0.8947857683599866,Train,0.09000000357627869,2020-10-21,3.5714287133443927e-06,0.0016554611422228557,-0.0018108523419745443,-0.0013200248811016764,0.002979057452037876,0.0013801390623941717,1.493073349791211
2020-10-22,141.92999267578125,291.6921081542969,0.007453064711647,0.0054946725387876,0.0095380327353905,-0.0020849680237434,-0.0464269659547477,-0.5864957454848132,Train,0.08500000089406967,2020-10-22,3.3730159084948284e-06,0.007449691695738505,0.005491299522879105,0.00958242505163465,-0.0021293603399876503,0.0013801390623941717,1.493073349791211
2020-10-23,140.2100067138672,292.6871337890625,-0.0121185517556048,0.0034112189083952,0.0064293034069741,-0.018547855162579,-0.0443795981810692,-0.5606320590686997,Train,0.08299999684095383,2020-10-23,3.2936506682918186e-06,-0.01212184540627309,0.003407925257726908,0.006471715093454854,-0.018590266849059654,0.0013801390623941717,1.493073349791211
2020-10-26,140.0933380126953,287.29693603515625,-0.0008320996760948,-0.0184162442814822,-0.026139539975693,0.0253074402995981,-0.0201725867907043,-0.2548332867519933,Train,0.07999999821186066,2020-10-26,3.1746031036452638e-06,-0.0008352742791984453,-0.018419418884585845,-0.026118229789718263,0.025286130113623462,0.0013801390623941717,1.493073349791211
2020-10-27,141.55999755859375,286.347900390625,0.0104691598237565,-0.003303326717049,-0.0035894964397383,0.0140586562634948,0.0217495465795664,0.2747544723808298,Train,0.09000000357627869,2020-10-27,3.5714287133443927e-06,0.010465588395043154,-0.0033068981457623444,-0.0035537310008042122,0.014022890824560711,0.0013801390623941717,1.493073349791211
2020-10-28,135.33999633789062,276.4888610839844,-0.0439389751905624,-0.0344302832086119,-0.0500341502290502,0.0060951750384877,0.0248284484152583,0.3136491705430734,Train,0.09000000357627869,2020-10-28,3.5714287133443927e-06,-0.04394254661927574,-0.03443385463732524,-0.050028560198467305,0.006089585007904907,0.0013801390623941717,1.493073349791211
2020-10-29,136.94332885742188,279.4004821777344,0.0118467013663008,0.010530699436986,0.0170523082098939,-0.005205606843593,0.0217078095954086,0.2742272235474309,Train,0.08299999684095383,2020-10-29,3.2936506682918186e-06,0.011843407715632508,0.010527405786317709,0.017101621735051222,-0.005254920368750422,0.0013801390623941717,1.493073349791211
2020-10-30,129.34666442871094,276.2585144042969,-0.0554730521894949,-0.0112453913785259,-0.0154398822516183,-0.0400331699378765,0.0002224948201111,0.0028106998315328,Train,0.08299999684095383,2020-10-30,3.2936506682918186e-06,-0.05547634584016319,-0.011248685029194192,-0.015411679124222755,-0.040061373065272146,0.0013801390623941717,1.493073349791211
2020-11-02,133.50332641601562,279.4741516113281,0.0321358266613487,0.0116399569221068,0.0187074356513963,0.0134283910099523,-0.0116565544695346,-0.1472532064674998,Train,0.08299999684095383,2020-11-02,3.2936506682918186e-06,0.032132533010680406,0.011636663271438509,0.01875782452414151,0.013378002137207187,0.0013801390623941717,1.493073349791211
2020-11-03,141.3000030517578,284.4036865234375,0.0584006170111943,0.0176386076625969,0.0276580459341774,0.0307425710770169,0.0050273603439874,0.0635088981615038,Train,0.09000000357627869,2020-11-03,3.5714287133443927e-06,0.058397045582480954,0.017635036233883558,0.027714113114521422,0.030686503896672875,0.0013801390623941717,1.493073349791211
2020-11-04,140.32666015625,290.8075561523437,-0.0068884846035798,0.0225168305910075,0.0349368614868166,-0.0418253460903964,-0.0428931607848968,-0.5418544114051768,Train,0.08299999684095383,2020-11-04,3.2936506682918186e-06,-0.006891778254248092,0.02251353694033921,0.0349977947282229,-0.041886279331802695,0.0013801390623941717,1.493073349791211
2020-11-05,146.02999877929688,296.5019226074219,0.0406433005438622,0.0195812190385282,0.0305566239826533,0.0100866765612088,-0.0276008773800949,-0.3486723033086393,Train,0.08500000089406967,2020-11-05,3.3730159084948284e-06,0.0406399275279537,0.019577846022619704,0.030614672220992005,0.010028628322870194,0.0013801390623941717,1.493073349791211
2020-11-06,143.31666564941406,296.46502685546875,-0.0185806557047475,-0.0001244368050927,0.0011537376581781,-0.0197343933629257,-0.007302100805144,-0.0922449048144244,Train,0.08299999684095383,2020-11-06,3.2936506682918186e-06,-0.018583949355415793,-0.00012773045576099182,0.0011927217736090413,-0.019773377478356544,0.0013801390623941717,1.493073349791211
2020-11-09,140.4199981689453,300.1598815917969,-0.0202116583395449,0.0124630374635366,0.0199355573534904,-0.0401472156930353,-0.0608777075081318,-0.7690469474828325,Train,0.08799999952316284,2020-11-09,3.492063473141383e-06,-0.02021515040301804,0.012459545400063459,0.019986646313215735,-0.040198304652760634,0.0013801390623941717,1.493073349791211
2020-11-10,136.7866668701172,299.77294921875,-0.0258747425310226,-0.0012890875722462,-0.00058404231657,-0.0252907002144525,-0.1169109787996012,-1.4768958138092447,Train,0.09000000357627869,2020-11-10,3.5714287133443927e-06,-0.025878313959735944,-0.0012926590009595443,-0.0005463242135929111,-0.02532841831742969,0.0013801390623941717,1.493073349791211
2020-11-11,139.0433349609375,301.8829345703125,0.0164977197153513,0.0070386115794016,0.0118417502296645,0.0046559694856867,-0.070429663223518,-0.8897134884235823,Train,0.09000000357627869,2020-11-11,3.5714287133443927e-06,0.016494148286637957,0.0070350401506882555,0.011887541454811294,0.004610178260540006,0.0013801390623941717,1.493073349791211
2020-11-12,137.25332641601562,299.0910949707031,-0.01287374576728,-0.009248086857189,-0.0124596963465021,-0.0004140494207778,-0.0809303892055047,-1.0223655148114332,Train,0.08500000089406967,2020-11-12,3.3730159084948284e-06,-0.012877118783188495,-0.009251459873097494,-0.012429596104881981,-0.0004441496623980197,0.0013801390623941717,1.493073349791211
2020-11-13,136.1666717529297,303.1544494628906,-0.0079171462831602,0.0135856752692202,0.0216106496237515,-0.0295277959069117,-0.0907237917494907,-1.146082169728457,Train,0.08299999684095383,2020-11-13,3.2936506682918186e-06,-0.007920439933828492,0.013582381618551909,0.021662924734416333,-0.029580071017576533,0.0013801390623941717,1.493073349791211
2020-11-16,136.02999877929688,306.8309936523437,-0.0010037182511209,0.0121276273396844,0.0194350905929843,-0.0204388088441053,-0.0710153849005607,-0.8971127070578266,Train,0.07500000298023224,2020-11-16,2.9761905944536602e-06,-0.0010066944417153536,0.012124651149089947,0.019486108759210207,-0.020489827010331106,0.0013801390623941717,1.493073349791211
2020-11-17,147.20333862304688,305.3014221191406,0.0821387925017795,-0.0049850620206125,-0.0060988202780789,0.0882376127798585,0.0425129280937503,0.5370510638017809,Train,0.07999999821186066,2020-11-17,3.1746031036452638e-06,0.08213561789867585,-0.004988236623716145,-0.006064489499825247,0.08820328200160474,0.0013801390623941717,1.493073349791211
2020-11-18,162.2133331298828,301.59735107421875,0.1019677586611877,-0.0121325050476718,-0.016763548034568,0.1187313066957558,0.1565882653038194,1.9781252016996291,Train,0.07500000298023224,2020-11-18,2.9761905944536602e-06,0.10196478247059323,-0.012135481238266254,-0.016736048370757966,0.11870380703194566,0.0013801390623941717,1.493073349791211
2020-11-19,166.42333984375,302.8596496582031,0.0259535183245156,0.0041853768923645,0.0075844275693198,0.0183690907551958,0.1753714054797931,2.215406091663254,Train,0.05999999865889549,2020-11-19,2.380952327733948e-06,0.025951137372187866,0.004182995940036766,0.007628039775075636,0.018325478549439965,0.0013801390623941717,1.493073349791211
2020-11-20,163.20333862304688,300.8326110839844,-0.0193482550207578,-0.0066929964969133,-0.0086472360047537,-0.0107010190160041,0.1941981823707007,2.4532382290997505,Train,0.057999998331069946,2020-11-20,2.3015872353599184e-06,-0.01935055660799316,-0.00669529808414866,-0.008614130488720985,-0.010734124532036815,0.0013801390623941717,1.493073349791211
2020-11-23,173.9499969482422,302.6108703613281,0.0658482750160953,0.0059111253628261,0.0101594236265073,0.0556888513895879,0.2703258426043941,3.414932535901822,Train,0.07000000029802322,2020-11-23,2.7777777896040964e-06,0.0658454972383057,0.005908347585036495,0.010204513160705028,0.05564376185539027,0.0013801390623941717,1.493073349791211
2020-11-24,185.1266632080078,307.5128173828125,0.0642521785331859,0.0161988464447138,0.0255097725775457,0.0387424059556402,0.2208306357801758,2.789676768540476,Train,0.07999999821186066,2020-11-24,3.1746031036452638e-06,0.06424900393008226,0.016195671841610155,0.025564639674169883,0.03868753885901602,0.0013801390623941717,1.493073349791211
2020-11-25,191.3333282470703,307.0060119628906,0.0335265862383566,-0.0016480790109342,-0.0011196948493742,0.0346462810877309,0.1367456101721509,1.72745982707254,Train,0.07999999821186066,2020-11-25,3.1746031036452638e-06,0.03352341163525296,-0.0016512536140378452,-0.0010821290993685122,0.03460871533772512,0.0013801390623941717,1.493073349791211
2020-11-27,195.2533264160156,307.8813781738281,0.0204877958527087,0.002851299899115,0.0055938460585141,0.0148939497941946,0.1332704692111497,1.6835595775801704,Train,0.0729999989271164,2020-11-27,2.896825354250651e-06,0.02048489902735445,0.0028484030737607495,0.005635910606643967,0.014851885246064732,0.0013801390623941717,1.493073349791211
2020-11-30,189.1999969482422,306.4992980957031,-0.0310024396453862,-0.0044890018562431,-0.0053586469624176,-0.0256437926829686,0.1183276955441852,1.494792704682223,Train,0.07500000298023224,2020-11-30,2.9761905944536602e-06,-0.031005415835980654,-0.004491978046837554,-0.005323737456591701,-0.0256787021887945,0.0013801390623941717,1.493073349791211
2020-12-01,194.9199981689453,309.8716125488281,0.0302325650790993,0.0110026824664113,0.01775655593813,0.0124760091409692,0.0751148532955664,0.9488998683115638,Train,0.07999999821186066,2020-12-01,3.1746031036452638e-06,0.030229390475995654,0.010999507863307655,0.017806385717021343,0.012426179362077957,0.0013801390623941717,1.493073349791211
2020-12-02,189.60667419433597,310.5258483886719,-0.0272589986893191,0.0021113125996357,0.0044897081084346,-0.0317487067977538,0.0046237405421723,0.0584101093070116,Train,0.07500000298023224,2020-12-02,2.9761905944536602e-06,-0.027261974879913557,0.0021083364090412463,0.004531016157722612,-0.03179001484704171,0.0013801390623941717,1.493073349791211
2020-12-03,197.7933349609375,310.4336853027344,0.043177070645787,-0.0002967968251781,0.0008965585966096,0.0422805120491773,0.0122579715036187,0.1548506990991787,Train,0.07500000298023224,2020-12-03,2.9761905944536602e-06,0.043174094455192547,-0.00029977301577255365,0.0009355321521520852,0.04224153849363491,0.0013801390623941717,1.493073349791211
2020-12-04,199.67999267578125,313.1057434082031,0.0095385302806909,0.0086075005129129,0.0141826955569265,-0.0046441652762356,-0.0072801435668115,-0.0919675266442212,Train,0.07500000298023224,2020-12-04,2.9761905944536602e-06,0.009535554090096446,0.008604524322318447,0.014230301206272578,-0.004691770925581679,0.0013801390623941717,1.493073349791211
2020-12-07,213.9199981689453,312.5252685546875,0.0713141326897253,-0.0018539259203522,-0.0014268398297745,0.0727409725194998,0.0911046216356569,1.1508930614892416,Train,0.07000000029802322,2020-12-07,2.7777777896040964e-06,0.07131135491193569,-0.001856703698141804,-0.0013892779699705372,0.07270341065969584,0.0013801390623941717,1.493073349791211
2020-12-08,216.6266632080078,313.4281921386719,0.012652697560912,0.0028891218561624,0.0056502803488751,0.0070024172120369,0.0856310297067246,1.0817470746080866,Train,0.06800000369548798,2020-12-08,2.6984128450590464e-06,0.012649999148066941,0.0028864234433173407,0.005692479394668935,0.006960218166243065,0.0013801390623941717,1.493073349791211
2020-12-09,201.4933319091797,310.6456298828125,-0.0698590426253157,-0.0088778301558408,-0.0119072348711263,-0.0579518077541893,0.059427928750289,0.7507323956726238,Train,0.07000000029802322,2020-12-09,2.7777777896040964e-06,-0.0698618204031053,-0.008880607933630404,-0.011876482195464175,-0.057982560429851525,0.0013801390623941717,1.493073349791211
2020-12-10,209.02333068847656,310.4981994628906,0.0373709576785941,-0.0004745935746062,0.0006312673698785,0.0367396903087155,0.0538871070098272,0.6807371179187847,Train,0.07000000029802322,2020-12-10,2.7777777896040964e-06,0.037368179900804495,-0.0004773713523958041,0.0006701663959678119,0.03670079128262629,0.0013801390623941717,1.493073349791211
2020-12-11,203.3300018310547,310.1020812988281,-0.0272377673758681,-0.0012757502772889,-0.0005641416864862,-0.0266736256893818,0.031857646596681,0.4024465912401803,Train,0.06499999761581421,2020-12-11,2.579364984754532e-06,-0.027240346740852853,-0.0012783296422736545,-0.0005259214937479995,-0.0267118458821201,0.0013801390623941717,1.493073349791211
2020-12-14,213.27667236328125,308.6830139160156,0.0489188533057269,-0.0045761298243111,-0.0054886509450871,0.0544075042508141,0.0135241783279952,0.1708462503941847,Train,0.05999999865889549,2020-12-14,2.380952327733948e-06,0.04891647235339917,-0.004578510776638834,-0.005453532407609397,0.054372385713336295,0.0013801390623941717,1.493073349791211
2020-12-15,211.0833282470703,312.9491577148437,-0.0102840319661164,0.013820468268425,0.0219609851781825,-0.032245017144299,-0.0257232560283406,-0.3249529645194394,Train,0.07000000029802322,2020-12-15,2.7777777896040964e-06,-0.010286809743906004,0.013817690490635396,0.022013742267414926,-0.03229777423353133,0.0013801390623941717,1.493073349791211
2020-12-16,207.58999633789065,313.4281921386719,-0.0165495396447927,0.0015307100595063,0.0036233887825213,-0.0201729284273141,0.0120556232985345,0.1522945044621216,Train,0.07500000298023224,2020-12-16,2.9761905944536602e-06,-0.016552515835387156,0.0015277338689118464,0.0036641339782343225,-0.020213673623027024,0.0013801390623941717,1.493073349791211
2020-12-17,218.63333129882807,315.1329650878906,0.0531978185642552,0.0054391180882173,0.009455139721938,0.0437426788423172,0.0190586118321362,0.2407608277760251,Train,0.07999999821186066,2020-12-17,3.1746031036452638e-06,0.053194643961151554,0.005435943485113655,0.009499576014092173,0.043698242550163025,0.0013801390623941717,1.493073349791211
2020-12-18,231.6666717529297,313.8706359863281,0.059612778969587,-0.0040057031203016,-0.0046375150241345,0.0642502939937216,0.1099825315152397,1.3893711442227266,Train,0.07999999821186066,2020-12-18,3.1746031036452638e-06,0.059609604366483354,-0.004008877723405245,-0.004602234825890215,0.06421501379547721,0.0013801390623941717,1.493073349791211
2020-12-21,216.6199951171875,312.903076171875,-0.0649496818937741,-0.0030826707041663,-0.0032602547380112,-0.0616894271557628,-0.0061143998913372,-0.0772410914371923,Train,0.07800000160932541,2020-12-21,3.0952381591002147e-06,-0.0649527771319332,-0.0030857659423254003,-0.0032240405916261457,-0.06172564130214796,0.0013801390623941717,1.493073349791211
2020-12-22,213.44667053222656,312.2859802246094,-0.0146492690263622,-0.0019721632488095,-0.0016032622110202,-0.013046006815342,0.0130846104376197,0.1652933418149718,Train,0.07800000160932541,2020-12-22,3.0952381591002147e-06,-0.0146523642645213,-0.0019752584869686006,-0.0015659715052884556,-0.013083297521073744,0.0013801390623941717,1.493073349791211
2020-12-23,215.32666015625,312.5357971191406,0.0088077720741002,0.0007999619270502,0.002533036629772,0.0062747354443281,0.0395322743092621,0.499397499167179,Train,0.07500000298023224,2020-12-23,2.9761905944536602e-06,0.008804795883505747,0.0007969857364557464,0.002573073416254422,0.006234698657845778,0.0013801390623941717,1.493073349791211
2020-12-24,220.58999633789065,313.7847900390625,0.0244434951892225,0.0039963195622221,0.0073023343859668,0.0171411608032557,0.0129307562702005,0.1633497555228067,Train,0.07500000298023224,2020-12-24,2.9761905944536602e-06,0.024440518998628046,0.003993343371627647,0.007345469817731245,0.017098025371491257,0.0013801390623941717,1.493073349791211
2020-12-28,221.22999572753903,316.5140380859375,0.0029013074041133,0.0086978341000378,0.014317482656356,-0.0114161752522427,-0.0627357129757637,-0.7925184856168519,Train,0.07999999821186066,2020-12-28,3.1746031036452638e-06,0.0028981328010096543,0.008694659496934156,0.014365078045879262,-0.011463770641765961,0.0013801390623941717,1.493073349791211
2020-12-29,221.9966735839844,315.84796142578125,0.0034655239852263,-0.002104414275538,-0.0018005944863858,0.0052661184716122,0.0042198326516113,0.053307681127391,Train,0.09000000357627869,2020-12-29,3.5714287133443927e-06,0.003461952556512956,-0.0021079857042513445,-0.001763666785651024,0.005229190770877324,0.0013801390623941717,1.493073349791211
2020-12-30,231.5933380126953,316.2735290527344,0.0432288658824449,0.001347381268608,0.0033498431750285,0.0398790227074163,0.0571448621743696,0.7218912081020111,Train,0.07000000029802322,2020-12-30,2.7777777896040964e-06,0.043226088104655294,0.001344603490818396,0.0033905084783609537,0.039838357404083945,0.0013801390623941717,1.493073349791211
2020-12-31,235.22332763671875,317.975830078125,0.0156739811912225,0.0053823695915657,0.0093704650676472,0.0063035161235753,0.0571736428536168,0.7222547844327816,Train,0.06499999761581421,2020-12-31,2.579364984754532e-06,0.015671401826237746,0.005379790226580946,0.009415139842154158,0.006258841349068341,0.0013801390623941717,1.493073349791211
2021-01-04,243.2566680908203,313.6644897460937,0.0341519718082907,-0.0135587045435874,-0.0188915858926942,0.0530435577009849,0.093076039751346,1.1757973022391182,Train,0.06800000369548798,2021-01-04,2.6984128450590464e-06,0.03414927339544564,-0.01356140295643246,-0.018865331864789812,0.05301730367308051,0.0013801390623941717,1.493073349791211
2021-01-05,245.0366668701172,315.7276611328125,0.0073173689061312,0.0065776377440394,0.0111539293630425,-0.0038365604569113,0.1006556545466774,1.2715479449627574,Train,0.07800000160932541,2021-01-05,3.0952381591002147e-06,0.0073142736679721,0.0065745425058803,0.011199508503152674,-0.0038821395970214745,0.0013801390623941717,1.493073349791211
2021-01-06,251.9933319091797,317.64276123046875,0.0283903022674965,0.0060656709354669,0.0103900216812166,0.0180002805862798,0.1133898166613451,1.43241419475918,Train,0.07800000160932541,2021-01-06,3.0952381591002147e-06,0.028387207029337398,0.0060625756973078,0.010435104505295415,0.017955197762201086,0.0013801390623941717,1.493073349791211
2021-01-07,272.0133361816406,322.3890075683594,0.079446563608581,0.0149420887776723,0.0236345595364433,0.0558120040721377,0.1293227980260665,1.6336900177885392,Train,0.07999999821186066,2021-01-07,3.1746031036452638e-06,0.07944338900547736,0.014938914174568656,0.023688208294364445,0.05575835531421656,0.0013801390623941717,1.493073349791211
2021-01-08,293.3399963378906,324.202392578125,0.0784029947046744,0.0056248351128445,0.0097322488223386,0.0686707458823358,0.191690027784827,2.4215535828304477,Train,0.07999999821186066,2021-01-08,3.1746031036452638e-06,0.07839982010157076,0.005621660509740855,0.009776865154165563,0.06862612955050884,0.0013801390623941717,1.493073349791211
2021-01-11,270.39666748046875,322.0837097167969,-0.0782141172150082,-0.0065350623864306,-0.0084115818994485,-0.0698025353155596,0.0688439347682823,0.8696815312761689,Train,0.07999999821186066,2021-01-11,3.1746031036452638e-06,-0.07821729181811185,-0.006538236989534245,-0.008378753738194881,-0.06983536347681332,0.0013801390623941717,1.493073349791211
2021-01-12,283.14666748046875,322.1114501953125,0.0471529479960064,8.612816382425059e-05,0.0014679224736502,0.0456850255223562,0.1183655207475499,1.4952705373466948,Train,0.07999999821186066,2021-01-12,3.1746031036452638e-06,0.04714977339290276,8.295356072060533e-05,0.0015071694162800398,0.04564577857972636,0.0013801390623941717,1.493073349791211
2021-01-13,284.8033447265625,322.9162902832031,0.0058509508899942,0.0024986385532168,0.0050676386819736,0.0007833122080205,0.1011485523692905,1.2777745520643948,Train,0.07999999821186066,2021-01-13,3.1746031036452638e-06,0.0058477762868905546,0.0024954639501131547,0.005109224384776472,0.0007417265052177277,0.0013801390623941717,1.493073349791211
2021-01-14,281.6666564941406,321.8246765136719,-0.0110135231572978,-0.0033804852910142,-0.00370462505039,-0.0073088981069078,0.038027650190245,0.4803901049468145,Train,0.07500000298023224,2021-01-14,2.9761905944536602e-06,-0.011016499347892254,-0.003383461481608654,-0.0036686409152463413,-0.007344882242051459,0.0013801390623941717,1.493073349791211
2021-01-15,275.3866577148437,319.5300598144531,-0.0222958544595338,-0.0071300209917907,-0.009299321966564,-0.0129965324929698,-0.0436396281850605,-0.5512842749626157,Train,0.07500000298023224,2021-01-15,2.9761905944536602e-06,-0.022298830650128255,-0.007132997182385153,-0.009266972744166446,-0.013028881715367355,0.0013801390623941717,1.493073349791211
2021-01-19,281.51666259765625,322.0559997558594,0.0222596291834877,0.0079051715599873,0.0131347477733494,0.0091248814101383,0.0352877885406374,0.4457783837699859,Train,0.0729999989271164,2021-01-19,2.896825354250651e-06,0.02225673235813345,0.00790227473463305,0.013181711696757444,0.009077917486730256,0.0013801390623941717,1.493073349791211
2021-01-20,283.4833374023437,326.4320373535156,0.0069859978679069,0.0135878157866133,0.0216138434981439,-0.0146278456302369,-0.0250250826119556,-0.316133182095589,Train,0.07500000298023224,2021-01-20,2.9761905944536602e-06,0.006983021677312446,0.013584839596018847,0.021666277214992764,-0.014680279347085864,0.0013801390623941717,1.493073349791211
2021-01-21,281.663330078125,326.7373352050781,-0.0064201562634901,0.0009352570110385,0.0027349109549068,-0.009155067218397,-0.0349634620383732,-0.4416812796449533,Train,0.0729999989271164,2021-01-21,2.896825354250651e-06,-0.006423053088844351,0.0009323601856842494,0.00277511803339996,-0.009195274296890061,0.0013801390623941717,1.493073349791211
2021-01-22,282.2133178710937,325.5715637207031,0.001952642514083,-0.0035679163620627,-0.0039842916861746,0.0059369342002576,-0.0217176297312077,-0.2743512779142797,Train,0.07000000029802322,2021-01-22,2.7777777896040964e-06,0.001949864736293396,-0.0035706941398523043,-0.0039483914202853515,0.005901033934368352,0.0013801390623941717,1.493073349791211
2021-01-25,293.6000061035156,326.89459228515625,0.0403478061146036,0.0040637104461251,0.0074028885879904,0.0329449175266132,0.0242238202883752,0.3060111132906788,Train,0.07000000029802322,2021-01-25,2.7777777896040964e-06,0.04034502833681399,0.004060932668335496,0.007446187182572016,0.032901618932031584,0.0013801390623941717,1.493073349791211
2021-01-26,294.36334228515625,326.40435791015625,0.0025999188207492,-0.0014996711067412,-0.0008982548338137,0.003498173654563,0.0185971125327999,0.2349308673200965,Train,0.06800000369548798,2021-01-26,2.6984128450590464e-06,0.002597220407904141,-0.0015023695195862591,-0.0008603104159936375,0.0034602292367428376,0.0013801390623941717,1.493073349791211
2021-01-27,288.0533447265625,318.484619140625,-0.0214360847706407,-0.0242635815901428,-0.0348643748937384,0.0134282901230977,0.0466532482861346,0.5893542916315965,Train,0.05999999865889549,2021-01-27,2.380952327733948e-06,-0.021438465722968435,-0.024265962542470532,-0.034848341964472625,0.013412257193831923,0.0013801390623941717,1.493073349791211
2021-01-28,278.4766540527344,321.15850830078125,-0.0332462401466606,0.008395661829357,0.0138666102268492,-0.0471128503735099,0.0086954651310216,0.1098467926878222,Train,0.054999999701976776,2021-01-28,2.182539670713364e-06,-0.03324842268633131,0.008393479289686288,0.013914401841519944,-0.04716064198818054,0.0013801390623941717,1.493073349791211
2021-01-29,264.510009765625,314.7284240722656,-0.0501537349140389,-0.0200215285048388,-0.0285347908575918,-0.0216189440564471,-0.0188604131256831,-0.2382570523148281,Train,0.04800000041723251,2021-01-29,1.9047619213187506e-06,-0.05015563967596022,-0.020023433266760118,-0.028514410757606808,-0.02163932415643209,0.0013801390623941717,1.493073349791211
2021-02-01,279.9366760253906,319.9002380371094,0.0583216728676345,0.0164326243493539,0.0258585935053979,0.0324630793622365,-0.0193422512900597,-0.2443439465929194,Train,0.04800000041723251,2021-02-01,1.9047619213187506e-06,0.058319768105713175,0.01643071958743258,0.02591431335820352,0.03240735950943098,0.0013801390623941717,1.493073349791211
2021-02-02,290.92999267578125,324.4983215332031,0.0392707265317158,0.0143734919495757,0.0227861539805128,0.0164845725512029,-0.0063558523934198,-0.0802912770846058,Train,0.05000000074505806,2021-02-02,1.9841270136927804e-06,0.03926874240470211,0.014371507822562007,0.022839838515591113,0.01643088801612469,0.0013801390623941717,1.493073349791211
2021-02-03,284.89666748046875,324.8221435546875,-0.0207380653325632,0.0009979158596393,0.0028284044685078,-0.0235664698010711,-0.0433506123175886,-0.5476332378301206,Train,0.03999999910593033,2021-02-03,1.5873015518226319e-06,-0.02073965263411502,0.0009963285580874774,0.0028693179816623115,-0.02360738331422551,0.0013801390623941717,1.493073349791211
2021-02-04,283.3299865722656,328.4582214355469,-0.0054991198109066,0.0111940578960165,0.0180421079667778,-0.0235412277776845,-0.0197789897217632,-0.2498611116028722,Train,0.029999999329447746,2021-02-04,1.190476163866974e-06,-0.005500310287070467,0.011192867419852632,0.018093101590886316,-0.023592221401792915,0.0013801390623941717,1.493073349791211
2021-02-05,284.07666015625,329.7720642089844,0.0026353496607176,0.0040000301033575,0.0073078708989392,-0.0046725212382215,-0.0028325669035376,-0.0357828344704924,Train,0.023000000044703484,2021-02-05,9.126984144723604e-07,0.0026344369623031274,0.003999117404943028,0.007352027380815265,-0.004716677720097665,0.0013801390623941717,1.493073349791211
2021-02-08,287.8066711425781,332.2052001953125,0.0131302972383458,0.007378235606962,0.0123485045724108,0.0007817926659349,-0.0345138535998392,-0.4360015323060626,Train,0.019999999552965164,2021-02-08,7.936507759113159e-07,0.01312950358756989,0.007377441956186089,0.01239599468758307,0.0007343025507627297,0.0013801390623941717,1.493073349791211
2021-02-09,283.1533203125,331.9369201660156,-0.0161683216431521,-0.000807573238285,0.0001344271085238,-0.016302748751676,-0.0673011749027182,-0.8501923814071037,Train,0.032999999821186066,2021-02-09,1.3095238024280185e-06,-0.016169631166954527,-0.000808882762087428,0.00017372729101835637,-0.016342048934170458,0.0013801390623941717,1.493073349791211
2021-02-10,268.2733459472656,331.807373046875,-0.0525509443039983,-0.0003902763183915,0.0007570774783746,-0.053308021782373,-0.0970427268840201,-1.2259070838959738,Train,0.03500000014901161,2021-02-10,1.3888888948020482e-06,-0.052552333192893104,-0.0003916652072863021,0.0007967430682493458,-0.05334768737224765,0.0013801390623941717,1.493073349791211
2021-02-11,270.5533447265625,332.3439636230469,0.0084987898117356,0.0016171749628242,0.0037524034036782,0.0047463864080574,-0.0687551126982781,-0.868559472897136,Train,0.03500000014901161,2021-02-11,1.3888888948020482e-06,0.008497400922840799,0.001615786073929398,0.003794015077236729,0.0047047747344988716,0.0013801390623941717,1.493073349791211
2021-02-12,272.0400085449219,334.0369873046875,0.0054949009034128,0.0050941911602189,0.0089404729006622,-0.0034455719972494,-0.067528163457306,-0.8530598490264442,Train,0.03500000014901161,2021-02-12,1.3888888948020482e-06,0.005493512014517998,0.005092802271324098,0.008985455298359132,-0.0034905543949463325,0.0013801390623941717,1.493073349791211
2021-02-16,265.4066772460937,333.72235107421875,-0.0243836608236717,-0.0009419203334561,-6.603271878095939e-05,-0.0243176281048907,-0.0926275842281317,-1.1701321192792682,Train,0.03500000014901161,2021-02-16,1.3888888948020482e-06,-0.024385049712566505,-0.000943309222350902,-2.690190921542969e-05,-0.024356758914456274,0.0013801390623941717,1.493073349791211
2021-02-17,266.04998779296875,333.7964782714844,0.0024238672272682,0.000222122363177,0.0016708399515607,0.0007530272757075,-0.0755718082007481,-0.9546724210135582,Train,0.03500000014901161,2021-02-17,1.3888888948020482e-06,0.002422478338373398,0.00022073347428219796,0.0017110992191465473,0.0007127680081216528,0.0013801390623941717,1.493073349791211
2021-02-18,262.4599914550781,332.37164306640625,-0.0134936910453242,-0.0042685747089257,-0.0050297467518975,-0.0084639442934266,-0.0307277307118018,-0.3881727560754344,Train,0.023000000044703484,2021-02-18,9.126984144723604e-07,-0.013494603743738672,-0.004269487407340173,-0.004993606104360141,-0.008500084940964058,0.0013801390623941717,1.493073349791211
2021-02-19,260.4333190917969,331.760986328125,-0.0077218335337335,-0.0018372708713879,-0.0014019887659321,-0.0063198447678014,-0.0417939618876607,-0.5279686132830473,Train,0.023000000044703484,2021-02-19,9.126984144723604e-07,-0.007722746232147973,-0.0018381835698023723,-0.0013634911392873502,-0.00635834239444615,0.0013801390623941717,1.493073349791211
2021-02-22,238.1666717529297,329.15216064453125,-0.0854984585555993,-0.007863569832209,-0.0103938530666417,-0.0751046054889576,-0.1134529953793689,-1.4332123095737956,Train,0.02500000037252903,2021-02-22,9.920635068463902e-07,-0.08549945061910615,-0.007864561895715846,-0.010361236648375757,-0.07513722190722355,0.0013801390623941717,1.493073349791211
2021-02-23,232.94667053222656,329.5683288574219,-0.0219174294299173,0.001264364214033,0.0032259731024956,-0.0251434025324129,-0.1142787698068911,-1.4436440312793235,Train,0.023000000044703484,2021-02-23,9.126984144723604e-07,-0.02191834212833177,0.0012634515156185275,0.0032674775475319815,-0.02518490697744928,0.0013801390623941717,1.493073349791211
2021-02-24,247.33999633789065,333.2135925292969,0.0617880726639226,0.0110607220193539,0.0178431569825732,0.0439449156813494,-0.0710868814012493,-0.8980158975336325,Train,0.02800000086426735,2021-02-24,1.1111111454074344e-06,0.061786961552777186,0.011059610908208494,0.01789406047964585,0.04389401218427674,0.0013801390623941717,1.493073349791211
2021-02-25,227.4066619873047,325.2199401855469,-0.0805908249604526,-0.0239895746241119,-0.0344555280256994,-0.0461352969347532,-0.1087582340425759,-1.37390501922061,Train,0.032999999821186066,2021-02-25,1.3095238024280185e-06,-0.08059213448425502,-0.023990884147914327,-0.03443870117298271,-0.04615212378746989,0.0013801390623941717,1.493073349791211
2021-02-26,225.1666717529297,323.43438720703125,-0.0098501522110203,-0.0054902936686382,-0.0068526784004533,-0.002997473810567,-0.1054358630853415,-1.3319346601573117,Train,0.03500000014901161,2021-02-26,1.3888888948020482e-06,-0.0098515410999151,-0.005491682557533002,-0.00681795692087679,-0.0030321952901435096,0.0013801390623941717,1.493073349791211
2021-03-01,239.47666931152344,331.32623291015625,0.0635529114819255,0.0244001442495767,0.0377469611787874,0.0258059503031381,-0.0045253072932457,-0.0571666362408204,Train,0.02800000086426735,2021-03-01,1.1111111454074344e-06,0.06355180037078009,0.024399033138431295,0.037810796313203957,0.025742115168721547,0.0013801390623941717,1.493073349791211
2021-03-02,228.81333923339844,328.7635192871094,-0.044527636486599,-0.0077347139118374,-0.010201586642779,-0.03432604984382,-0.0137079546046527,-0.1731678323059929,Train,0.03500000014901161,2021-03-02,1.3888888948020482e-06,-0.0445290253754938,-0.007736102800732202,-0.010169040971729425,-0.034358595514869576,0.0013801390623941717,1.493073349791211
2021-03-03,217.73333740234372,324.42437744140625,-0.0484237582833956,-0.0131983677967437,-0.0183539260203177,-0.0300698322630778,-0.08772270254908,-1.1081704515779125,Train,0.03500000014901161,2021-03-03,1.3888888948020482e-06,-0.048425147172290406,-0.0131997566856385,-0.018326676979766233,-0.03009708130362937,0.0013801390623941717,1.493073349791211
2021-03-04,207.14666748046875,320.4275207519531,-0.0486221818311275,-0.0123198408238449,-0.0170430724804955,-0.0315791093506319,-0.0731665149649587,-0.9242871864753184,Train,0.02800000086426735,2021-03-04,1.1111111454074344e-06,-0.04862329294227291,-0.012320951934990308,-0.017014834804652903,-0.031607347026474594,0.0013801390623941717,1.493073349791211
2021-03-05,199.3166656494141,326.302490234375,-0.037799313531283,0.018334784317636,0.028696813849963,-0.0664961273812461,-0.1366651685356379,-1.7264436358008404,Train,0.02800000086426735,2021-03-05,1.1111111454074344e-06,-0.03780042464242841,0.018333673206490594,0.02875476904193186,-0.06655408257321485,0.0013801390623941717,1.493073349791211
2021-03-08,187.6666717529297,324.701904296875,-0.0584496728285431,-0.0049052213372638,-0.0059796896815031,-0.05246998314704,-0.214941101985816,-2.7152763324523668,Train,0.03500000014901161,2021-03-08,1.3888888948020482e-06,-0.058451061717437906,-0.004906610226158602,-0.005944401015201462,-0.05250527181334164,0.0013801390623941717,1.493073349791211
2021-03-09,224.52667236328125,329.2445373535156,0.1964120760817838,0.0139901645063569,0.0222141895999585,0.1741978864818252,-0.0064171656601707,-0.081065826300814,Train,0.03500000014901161,2021-03-09,1.3888888948020482e-06,0.19641068719288898,0.013988775617462099,0.022267796021930727,0.17414428005985305,0.0013801390623941717,1.493073349791211
2021-03-10,222.6866607666016,331.2799987792969,-0.0081950691083265,0.006182217758698,0.0105639216529881,-0.0187589907613146,0.0048936758415924,0.0618201082464286,Train,0.029999999329447746,2021-03-10,1.190476163866974e-06,-0.008196259584490367,0.006181027282534133,0.010610056648442142,-0.01880512575676864,0.0013801390623941717,1.493073349791211
2021-03-11,233.1999969482422,334.7770690917969,0.0472113423653142,0.010556237398533,0.0170904135024193,0.0301209288628948,0.0665937140551192,0.8412552740885184,Train,0.02800000086426735,2021-03-11,1.1111111454074344e-06,0.04721023125416879,0.010555126287387593,0.01714082793691864,0.030070514428395558,0.0013801390623941717,1.493073349791211
2021-03-12,231.2433319091797,335.2490234375,-0.008390501992574,0.0014097570869577,0.0034429143780826,-0.0118334163706567,0.1212564250657087,1.5317903281263985,Train,0.02500000037252903,2021-03-12,9.920635068463902e-07,-0.008391494056080846,0.0014087650234508534,0.003484520638533478,-0.011875022631107478,0.0013801390623941717,1.493073349791211
2021-03-15,235.97999572753903,337.1918640136719,0.0204834612062227,0.0057952162134606,0.0099864751304104,0.0104969860758123,0.1842233942885611,2.327230193640581,Train,0.014999999664723873,2021-03-15,5.95238081933487e-07,0.020482865968140765,0.005794620975378666,0.010032528450955145,0.010450932755267555,0.0013801390623941717,1.493073349791211
2021-03-16,225.6266632080078,336.81256103515625,-0.0438737719594043,-0.0011248876945033,-0.0003390390353761,-0.0435347329240282,-0.0335092251172923,-0.4233104094060448,Train,0.00800000037997961,2021-03-16,3.1746033253887344e-07,-0.043874089419736834,-0.0011252051548358388,-0.00029955730700637344,-0.04357421465239793,0.0013801390623941717,1.493073349791211
2021-03-17,233.9366607666016,337.9135131835937,0.0368307426101173,0.0032687383898446,0.0062167076667643,0.0306140349433529,0.0158638005873753,0.2004018862827207,Train,0.00800000037997961,2021-03-17,3.1746033253887344e-07,0.03683042514978476,0.0032684209295120613,0.0062604487084809875,0.03057029390163631,0.0013801390623941717,1.493073349791211
2021-03-18,217.72000122070312,332.9452819824219,-0.0693207276395116,-0.0147026709715292,-0.0205985026838284,-0.0487222249556832,-0.0629793532312028,-0.7955963083930185,Train,0.003000000026077032,2021-03-18,1.1904762008242191e-07,-0.06932084668713168,-0.014702790019149283,-0.02057208583515375,-0.048748641804357846,0.0013801390623941717,1.493073349791211
2021-03-19,218.2899932861328,332.3531494140625,0.0026180050626212,-0.0017784681159429,-0.0013142489440436,0.0039322540066648,-0.0472136828538812,-0.596434066991597,Train,0.004999999888241291,2021-03-19,1.9841269397782899e-07,0.002617806649927222,-0.001778666528636878,-0.0012753421169852189,0.003893347179606419,0.0013801390623941717,1.493073349791211
2021-03-22,223.3333282470703,334.9807434082031,0.0231038302993886,0.0079060300730504,0.0131360287640559,0.0099678015353327,-0.0477428673943609,-0.603119071604437,Train,0.004999999888241291,2021-03-22,1.9841269397782899e-07,0.02310363188669462,0.007905831660356423,0.013184324035101926,0.009919506264286674,0.0013801390623941717,1.493073349791211
2021-03-23,220.72000122070312,332.5197448730469,-0.0117014645636592,-0.007346686588958,-0.009622609553361,-0.0020788550102982,-0.0062869894806309,-0.079421355810582,Train,0.009999999776482582,2021-03-23,3.9682538795565797e-07,-0.011701861389047155,-0.007347083414345956,-0.009589198556870836,-0.002112266006788363,0.0013801390623941717,1.493073349791211
2021-03-24,210.08999633789065,330.6786193847656,-0.0481605872781022,-0.005536890716021,-0.0069222060374994,-0.0412383812406027,-0.0781394056645866,-0.9871079885267714,Train,0.014999999664723873,2021-03-24,5.95238081933487e-07,-0.048161182516184134,-0.005537485954102934,-0.006887138402438141,-0.04127344887566406,0.0013801390623941717,1.493073349791211
2021-03-25,213.4633331298828,332.5382080078125,0.0160566274015578,0.0056235526400427,0.0097303352396442,0.0063262921619136,-0.0230908885469897,-0.291699179857532,Train,0.014999999664723873,2021-03-25,5.95238081933487e-07,0.016056032163475866,0.005622957401960766,0.009776222144354953,0.006280405257202849,0.0013801390623941717,1.493073349791211
2021-03-26,206.23666381835935,337.9631652832031,-0.0338543824157675,0.0163137863401945,0.0256812748461221,-0.0595356572618896,-0.0865587998155442,-1.093467272351378,Train,0.014999999664723873,2021-03-26,5.95238081933487e-07,-0.033854977653849434,0.016313191102112566,0.02573752518509149,-0.05959190760085899,0.0013801390623941717,1.493073349791211
2021-03-29,203.76333618164065,337.7588195800781,-0.0119926670211126,-0.0006046389787885,0.0004372261125594,-0.012429893133672,-0.108956494484549,-1.376409574565203,Train,0.00800000037997961,2021-03-29,3.1746033253887344e-07,-0.011992984481445139,-0.0006049564391210389,0.0004772121856904982,-0.012469879206803099,0.0013801390623941717,1.493073349791211
2021-03-30,211.8733367919922,336.8953552246094,0.0398010788512124,-0.0025564524311822,-0.0024750823902753,0.0422761612414877,-0.064601478232763,-0.8160880504764216,Train,0.013000000268220901,2021-03-30,5.158730265167025e-07,0.039800562978185884,-0.0025569683042087166,-0.0024370862958541725,0.042238165147066575,0.0013801390623941717,1.493073349791211
2021-03-31,222.6433258056641,338.2323913574219,0.0508322055844401,0.0039686986242986,0.0072611210762254,0.0435710845082147,0.0202079875160543,0.2552804918272739,Train,0.013000000268220901,2021-03-31,5.158730265167025e-07,0.05083168971141358,0.003968182751272083,0.007305442848446202,0.043526762735993894,0.0013801390623941717,1.493073349791211
2021-04-01,220.5833282470703,341.8161315917969,-0.0092524559231199,0.010595496841661,0.0171489926713957,-0.0264014485945157,-0.0125197532403749,-0.1581576969116738,Train,0.00800000037997961,2021-04-01,3.1746033253887344e-07,-0.009252773383452439,0.010595179381328462,0.01719983649324557,-0.02645229241636547,0.0013801390623941717,1.493073349791211
2021-04-05,230.3500061035156,346.7461853027344,0.0442765912277189,0.0144231159833763,0.0228601981958579,0.021416393031861,0.0684322970533757,0.8644814549087166,Train,0.014999999664723873,2021-04-05,5.95238081933487e-07,0.04427599598963697,0.014422520745294367,0.022914615662085996,0.021361975565632907,0.0013801390623941717,1.493073349791211
2021-04-06,230.5399932861328,346.5511474609375,0.0008247761127986,-0.0005624801369525,0.0005001314857128,0.0003246446270858,0.0811868348141336,1.025605103169538,Train,0.014999999664723873,2021-04-06,5.95238081933487e-07,0.0008241808747166666,-0.0005630753750344334,0.0005400214640885013,0.0002847546487100988,0.0013801390623941717,1.493073349791211
2021-04-07,223.6566619873047,346.9875793457031,-0.0298574282089308,0.0012593577830088,0.0032185029871407,-0.0330759311960716,0.0058347423765742,0.0737082751260595,Train,0.009999999776482582,2021-04-07,3.9682538795565797e-07,-0.029857825034318757,0.0012589609576208443,0.003260256942033432,-0.033117685150964235,0.0013801390623941717,1.493073349791211
2021-04-08,227.93333435058597,348.6773986816406,0.0191215961343642,0.0048699706748118,0.0086059126355099,0.0105156834988542,-0.0272206586327861,-0.3438691318529061,Train,0.004999999888241291,2021-04-08,1.9841269397782899e-07,0.019121397721670222,0.004869772262117822,0.00865126465920873,0.010470331475155472,0.0013801390623941717,1.493073349791211
2021-04-09,225.67333984375,351.1841735839844,-0.0099151557330346,0.0071893816800914,0.0120667148878769,-0.0219818706209116,-0.022801080659182,-0.2880381374070559,Train,0.003000000026077032,2021-04-09,1.1904762008242191e-07,-0.009915274780654683,0.007189262632471318,0.012114354551206984,-0.022029510284241584,0.0013801390623941717,1.493073349791211
2021-04-12,233.9933319091797,351.3420104980469,0.0368674123012944,0.0004494419906559,0.0020100244587461,0.0348573878425482,-0.0093600858484948,-0.1182427155129107,Train,0.009999999776482582,2021-04-12,3.9682538795565797e-07,0.03686701547590644,0.0004490451652679443,0.0020509932568962847,0.03481641904439812,0.0013801390623941717,1.493073349791211
2021-04-13,254.10667419433597,352.2982788085937,0.0859569036478478,0.0027217590893593,0.0054005577085168,0.0805563459393309,0.0708716154637502,0.8952965176668963,Train,0.014999999664723873,2021-04-13,5.95238081933487e-07,0.08595630840976587,0.0027211638512773667,0.005443631527233556,0.08051327212061425,0.0013801390623941717,1.493073349791211
2021-04-14,244.07666015625,351.16558837890625,-0.0394716670464749,-0.0032151460788228,-0.0034579217637996,-0.0360137452826752,0.0679338013771466,0.8581841320654376,Train,0.014999999664723873,2021-04-14,5.95238081933487e-07,-0.03947226228455684,-0.0032157413169047336,-0.0034206033596168458,-0.03605106368685806,0.0013801390623941717,1.493073349791211
2021-04-15,246.2833404541016,354.93511962890625,0.0090409312239807,0.0107343412189142,0.0173561629109231,-0.0083152316869424,0.0491028861913499,0.6202997169860646,Train,0.009999999776482582,2021-04-15,3.9682538795565797e-07,0.009040534398592745,0.010733944393526245,0.017407102199896947,-0.008366170975916246,0.0013801390623941717,1.493073349791211
2021-04-16,246.5933380126953,356.17919921875,0.0012587029151958,0.003505090144769,0.0065693690467144,-0.0053106661315186,0.0657740906807428,0.8309012565022692,Train,0.00800000037997961,2021-04-16,3.1746033253887344e-07,0.001258385454863261,0.0035047726844364612,0.006613339214934993,-0.005354636299739193,0.0013801390623941717,1.493073349791211
2021-04-19,238.2100067138672,354.42449951171875,-0.0339965846863086,-0.004926451940147,-0.0060113679472826,-0.0279852167390259,0.0029314860991686,0.0370324463327213,Train,0.014999999664723873,2021-04-19,5.95238081933487e-07,-0.03399717992439053,-0.004927047178228934,-0.005975708534501502,-0.028020876151807095,0.0013801390623941717,1.493073349791211
2021-04-20,239.663330078125,351.8248596191406,0.0061010172675219,-0.0073348199578742,-0.0096049033066072,0.0157059205741292,-0.0619189392660331,-0.782200466854915,Train,0.014999999664723873,2021-04-20,5.95238081933487e-07,0.006100422029439966,-0.007335415195956134,-0.009571578638259472,0.01567259590578137,0.0013801390623941717,1.493073349791211
2021-04-21,248.0399932861328,355.1300048828125,0.0349517934398941,0.0093942914302582,0.0153566693686799,0.0195951240712142,-0.0063100699121435,-0.0797129228903542,Train,0.013000000268220901,2021-04-21,5.158730265167025e-07,0.03495127756686758,0.009393775557231683,0.015406250873843397,0.019545542566050705,0.0013801390623941717,1.493073349791211
2021-04-22,239.89666748046875,351.8712158203125,-0.0328306967669932,-0.0091763270286759,-0.012352623225101,-0.0204780735418921,-0.0184729117670932,-0.2333618821586726,Train,0.014999999664723873,2021-04-22,5.95238081933487e-07,-0.03283129200507513,-0.009176922266757833,-0.012321083769125565,-0.020509612997867632,0.0013801390623941717,1.493073349791211
2021-04-23,243.13333129882807,355.6221618652344,0.0134919082134514,0.0106599968291731,0.017245233355583,-0.0037533251421315,-0.0169155707777062,-0.213688534013655,Train,0.014999999664723873,2021-04-23,5.95238081933487e-07,0.013491312975369466,0.010659401591091166,0.017296002740856357,-0.0038040945274049574,0.0013801390623941717,1.493073349791211
2021-04-26,246.0666656494141,356.3927001953125,0.0120647150060255,0.0021667331586892,0.0045724013418302,0.0074923136641953,0.018561959625515,0.2344867928444112,Train,0.00800000037997961,2021-04-26,3.1746033253887344e-07,0.01206439754569296,0.0021664156983566612,0.004615074066512357,0.007449640939513143,0.0013801390623941717,1.493073349791211
2021-04-27,234.913330078125,356.2813415527344,-0.0453264790736828,-0.000312460503588,0.0008731867606574,-0.0461996658343402,-0.0433436267829543,-0.5475449919958575,Train,0.009999999776482582,2021-04-27,3.9682538795565797e-07,-0.04532687589907076,-0.0003128573289759557,0.0009134169476012663,-0.04623989602128407,0.0013801390623941717,1.493073349791211
2021-04-28,231.46665954589844,356.1141357421875,-0.0146720943042283,-0.000469308355633,0.0006391534658248,-0.0153112477700531,-0.0782499986242218,-0.9885050709975453,Train,0.00800000037997961,2021-04-28,3.1746033253887344e-07,-0.01467241176456084,-0.00046962581596553883,0.0006792707325346128,-0.015351365036762913,0.0013801390623941717,1.493073349791211
2021-04-29,225.6666717529297,358.49102783203125,-0.0250575517197484,0.0066745232813911,0.0112984926530871,-0.0363560443728355,-0.0941279694551651,-1.18908596504858,Train,0.00800000037997961,2021-04-29,3.1746033253887344e-07,-0.02505786918008094,0.0066742058210585604,0.011345535365170616,-0.03640308708491902,0.0013801390623941717,1.493073349791211
2021-04-30,236.47999572753903,356.1234436035156,0.047917239575582,-0.0066043053931741,-0.0085148996612221,0.0564321392368042,-0.0339425050762294,-0.4287838847300222,Train,0.003000000026077032,2021-04-30,1.1904762008242191e-07,0.04791712052796192,-0.006604424440794182,-0.008480632013245261,0.05639787158882726,0.0013801390623941717,1.493073349791211
2021-05-03,228.3000030517578,356.93121337890625,-0.0345906327113006,0.0022682297105101,0.0047238447446379,-0.0393144774559386,-0.0807492961963634,-1.0200778296867592,Train,0.004999999888241291,2021-05-03,1.9841269397782899e-07,-0.034590831123994574,0.0022680312978161222,0.004766674562349775,-0.039357307273650374,0.0013801390623941717,1.493073349791211
2021-05-04,224.5333404541016,354.7586975097656,-0.016498740899282,-0.006086651398667,-0.0077425061069711,-0.0087562347923109,-0.0433058651543341,-0.5470679624490656,Train,0.009999999776482582,2021-05-04,3.9682538795565797e-07,-0.016499137724669957,-0.006087048224054955,-0.007707873594448246,-0.008790867304833755,0.0013801390623941717,1.493073349791211
2021-05-05,223.64666748046875,354.8236999511719,-0.0039489590803735,0.0001832300148312,0.0016128085261476,-0.0055617676065211,-0.033556384990802,-0.4239061637182701,Train,0.00800000037997961,2021-05-05,3.1746033253887344e-07,-0.003949276540706039,0.00018291255449866113,0.001653558383190894,-0.005602517463564394,0.0013801390623941717,1.493073349791211
2021-05-06,221.17999267578125,357.711181640625,-0.0110293385207849,0.0081377926272976,0.0134818425796872,-0.0245111811004721,-0.0217115217184386,-0.2742741175091414,Train,0.00800000037997961,2021-05-06,3.1746033253887344e-07,-0.011029655981117438,0.008137475166965061,0.01353030382911003,-0.02455964234989493,0.0013801390623941717,1.493073349791211
2021-05-07,224.1233367919922,360.2643737792969,0.0133074609534211,0.007137579896054,0.0119894212428673,0.0013180397105537,-0.076825621244689,-0.9705114059823684,Train,0.00800000037997961,2021-05-07,3.1746033253887344e-07,0.01330714349308856,0.007137262435721461,0.01203691285596833,0.0012705480974527696,0.0013801390623941717,1.493073349791211
2021-05-10,209.67999267578125,356.7362976074219,-0.0644437313978407,-0.0097930198727791,-0.0132727930350367,-0.051170938362804,-0.0886820821515544,-1.1202899610824664,Train,0.004999999888241291,2021-05-10,1.9841269397782899e-07,-0.06444392981053468,-0.009793218285473079,-0.013241655755639679,-0.051202075642201014,0.0013801390623941717,1.493073349791211
2021-05-11,205.73333740234372,353.607421875,-0.0188222787642883,-0.0087708364789531,-0.0117475891864593,-0.0070746895778289,-0.0870005369370725,-1.0990475840747749,Train,0.009999999776482582,2021-05-11,3.9682538795565797e-07,-0.018822675589676256,-0.008771233304341056,-0.011715558803730604,-0.007106719960557697,0.0013801390623941717,1.493073349791211
2021-05-12,196.6300048828125,346.05914306640625,-0.0442482129268542,-0.0213464942804907,-0.0305117774849069,-0.0137364354419472,-0.0951752047724986,-1.2023153253030536,Train,0.009999999776482582,2021-05-12,3.9682538795565797e-07,-0.04424860975224216,-0.021346891105878656,-0.030491938323300327,-0.013756274603553872,0.0013801390623941717,1.493073349791211
2021-05-13,190.56333923339844,350.1720886230469,-0.0308532039808964,0.0118850943228838,0.0190732061279602,-0.0499264101088566,-0.1205904337808831,-1.5233770913996894,Train,0.00800000037997961,2021-05-13,3.1746033253887344e-07,-0.03085352144122894,0.011884776862551261,0.0191253001244172,-0.0499785041053136,0.0013801390623941717,1.493073349791211
2021-05-14,196.5800018310547,355.54791259765625,0.0315730329971135,0.0153519487967994,0.0242461132775101,0.0073269197196033,-0.1145815537718335,-1.4474689960080729,Train,0.004999999888241291,2021-05-14,1.9841269397782899e-07,0.03157283458441952,0.015351750384105422,0.02430162684624294,0.007271406150870557,0.0013801390623941717,1.493073349791211
2021-05-17,192.27667236328125,354.6936950683594,-0.0218909829468402,-0.0024025384456792,-0.00224542672921,-0.0196455562176301,-0.0830561716266596,-1.0492197862503418,Train,0.004999999888241291,2021-05-17,1.9841269397782899e-07,-0.02189118135953418,-0.002402736858373178,-0.002207124894709902,-0.0196838580521303,0.0013801390623941717,1.493073349791211
2021-05-18,192.6233367919922,351.6298217773437,0.0018029458511532,-0.0086380821920872,-0.0115495059946701,0.0133524518458233,-0.0626290302030073,-0.7911707991796382,Train,0.009999999776482582,2021-05-18,3.9682538795565797e-07,0.0018025490257652444,-0.008638479017475156,-0.011517346915940592,0.013320292767093792,0.0013801390623941717,1.493073349791211
2021-05-19,187.82000732421875,350.701416015625,-0.0249363838658884,-0.0026402930133344,-0.0026001812515343,-0.0223362026143541,-0.0712287973754141,-0.8998086727743221,Train,0.004999999888241291,2021-05-19,1.9841269397782899e-07,-0.024936582278582378,-0.002640491426028378,-0.0025621099034670125,-0.022374273962421386,0.0013801390623941717,1.493073349791211
2021-05-20,195.5933380126953,354.4430236816406,0.0413871280233637,0.0106689266000823,0.0172585575017585,0.0241285705216051,0.0028261832550476,0.0357021920549678,Train,0.003000000026077032,2021-05-20,1.1904762008242191e-07,0.04138700897574362,0.010668807552462217,0.01730957034064679,0.024077557682716914,0.0013801390623941717,1.493073349791211
2021-05-21,193.6266632080078,354.1737670898437,-0.0100549171289251,-0.0007596611410208,0.0002059169366526,-0.0102608340655777,-0.0147615705301335,-0.1864777965683961,Train,0.003000000026077032,2021-05-21,1.1904762008242191e-07,-0.010055036176545183,-0.0007597801886408824,0.0002458505586552136,-0.010300767687580313,0.0013801390623941717,1.493073349791211
2021-05-24,202.14666748046875,357.7482604980469,0.0440022264046771,0.0100924849335224,0.0163984466316076,0.0276037797730694,0.032487765460566,0.410406664124946,Train,0.003000000026077032,2021-05-24,1.1904762008242191e-07,0.04400210735705702,0.010092365885902317,0.01644890065059697,0.02755332575408013,0.0013801390623941717,1.493073349791211
2021-05-25,201.56333923339844,356.9962463378906,-0.0028856683829658,-0.0021020763570152,-0.0017971060689939,-0.0010885623139719,0.0180467513007707,0.2279783449136236,Train,0.009999999776482582,2021-05-25,3.9682538795565797e-07,-0.0028860652083537554,-0.0021024731824031556,-0.00175861078951474,-0.0011270575934510599,0.0013801390623941717,1.493073349791211
2021-05-26,206.3766632080078,357.6461486816406,0.0238799575007826,0.001820473885697,0.004055746523367,0.0198242109774155,0.0602071648925404,0.7605762153743869,Train,0.004999999888241291,2021-05-26,1.9841269397782899e-07,0.02387975908808862,0.0018202754730030223,0.004098142273107553,0.019781815227675047,0.0013801390623941717,1.493073349791211
2021-05-27,210.2833404541016,357.80401611328125,0.0189298401542434,0.0004414067709732,0.0019980350759619,0.0169318050782815,0.0530103994492168,0.6696619756225264,Train,0.004999999888241291,2021-05-27,1.9841269397782899e-07,0.01892964174154942,0.00044120835827922216,0.0020390939165399885,0.01689074623770341,0.0013801390623941717,1.493073349791211
2021-05-28,208.4066619873047,358.50030517578125,-0.0089245228021593,0.0019460068393406,0.0042430547355498,-0.0131675775377092,0.0501036559770853,0.6329420943086684,Train,0.00800000037997961,2021-05-28,3.1746033253887344e-07,-0.008924840262491839,0.001945689379008061,0.0042855134814954576,-0.013210036283654757,0.0013801390623941717,1.493073349791211
2021-06-01,207.96665954589844,358.2216796875,-0.0021112685996239,-0.0007771973531365,0.0001797510858182,-0.0022910196854422,0.0202088565185737,0.255291469634458,Train,0.009999999776482582,2021-06-01,3.9682538795565797e-07,-0.0021116654250118556,-0.0007775941785244556,0.00021953074287447342,-0.002330799342498373,0.0013801390623941717,1.493073349791211
2021-06-02,201.7066650390625,358.8253173828125,-0.0301009523377681,0.0016850953740128,0.0038537477154402,-0.0339547000532083,-0.0126572812206627,-0.1598950401488459,Train,0.014999999664723873,2021-06-02,5.95238081933487e-07,-0.030101547575850034,0.0016845001359308666,0.0038958165611541543,-0.03399676889892225,0.0013801390623941717,1.493073349791211
2021-06-03,190.94667053222656,357.46051025390625,-0.0533447643128309,-0.0038035418984948,-0.0043358694726657,-0.0490088948401651,-0.0814903870382434,-1.029439773049675,Train,0.014999999664723873,2021-06-03,5.95238081933487e-07,-0.05334535955091284,-0.0038041371365767334,-0.004299121477097663,-0.04904564283573324,0.0013801390623941717,1.493073349791211
2021-06-04,199.68333435058597,360.7007141113281,0.0457544705755152,0.0090645085666116,0.0148645990651837,0.0308898715103315,-0.0675323206061935,-0.8531123648453381,Train,0.014999999664723873,2021-06-04,5.95238081933487e-07,0.04575387533743327,0.009063913328529667,0.0149138217361211,0.0308406488393941,0.0013801390623941717,1.493073349791211
2021-06-07,201.7100067138672,360.3943481445313,0.0101494316983059,-0.0008493633497557,7.207191939389017e-05,0.010077359778912,-0.0442873832895721,-0.5594671403534409,Train,0.017999999225139618,2021-06-07,7.142856835372864e-07,0.010148717412622363,-0.0008500776354392373,0.00011162508534985518,0.010037806612956045,0.0013801390623941717,1.493073349791211
2021-06-08,201.19667053222656,360.4500427246094,-0.0025449217418787,0.0001545378843059,0.0015699968857264,-0.0041149186276051,-0.046111282231735,-0.5825078225900409,Train,0.019999999552965164,2021-06-08,7.936507759113159e-07,-0.002545715392654611,0.00015374423352998868,0.0016104841309377855,-0.004155405872816485,0.0013801390623941717,1.493073349791211
2021-06-09,199.5933380126953,359.8837280273437,-0.007968981371759,-0.0015711322794829,-0.0010048823297678,-0.0069640990419911,-0.0191206812205178,-0.241544928814335,Train,0.019999999552965164,2021-06-09,7.936507759113159e-07,-0.007969775022534912,-0.0015719259302588112,-0.0009660680011451058,-0.007002913370613895,0.0013801390623941717,1.493073349791211
2021-06-10,203.3733367919922,361.5456237792969,0.0189385017402556,0.0046178685573325,0.0082297500778551,0.0107087516624005,0.0405969652820478,0.5128473706578891,Train,0.019999999552965164,2021-06-10,7.936507759113159e-07,0.01893770808947969,0.004617074906556589,0.008274564210139472,0.010663937530116128,0.0013801390623941717,1.493073349791211
2021-06-11,203.29666137695312,362.1769714355469,-0.0003770180312155,0.0017462461574015,0.0039449910390271,-0.0043220090702427,0.0053850847014735,0.068027905798712,Train,0.017999999225139618,2021-06-11,7.142856835372864e-07,-0.00037773231689903727,0.0017455318717179626,0.00398706046695097,-0.004364078498166469,0.0013801390623941717,1.493073349791211
2021-06-14,205.89666748046875,363.08685302734375,0.0127892218490233,0.0025122568897475,0.0050879586552908,0.0077012631937324,0.0030089881162939,0.0380115024130774,Train,0.014999999664723873,2021-06-14,5.95238081933487e-07,0.012788626610941366,0.0025116616516655667,0.005130829376270539,0.0076583924727527605,0.0013801390623941717,1.493073349791211
2021-06-15,199.7866668701172,362.3255615234375,-0.0296750825796204,-0.0020967201030793,-0.0017891139815013,-0.0278859685981191,-0.02076206185422,-0.2622799206146992,Train,0.019999999552965164,2021-06-15,7.936507759113159e-07,-0.02967587623039631,-0.0020975137538552114,-0.001750809173531655,-0.027924273406088745,0.0013801390623941717,1.493073349791211
2021-06-16,201.6233367919922,360.3387145996094,0.009193155632698,-0.0054835957901346,-0.0068426844696844,0.0160358401023825,0.0022378772901536,0.0282703270093401,Train,0.02800000086426735,2021-06-16,1.1111111454074344e-06,0.009192044521552593,-0.005484706901280008,-0.006807819532177534,0.016000975164875534,0.0013801390623941717,1.493073349791211
2021-06-17,205.5333404541016,360.20867919921875,0.0193926145867886,-0.0003608699124519,0.0008009548919412,0.0185916596948474,0.0101207853226005,0.127852367920315,Train,0.02800000086426735,2021-06-17,1.1111111454074344e-06,0.019391503475643192,-0.0003619810235973074,0.0008407859540762959,0.018551828632712302,0.0013801390623941717,1.493073349791211
2021-06-18,207.7700042724609,355.4270935058594,0.0108822433062087,-0.0132744877330255,-0.0184675048756109,0.0293497481818197,0.043792542574663,0.5532159893678311,Train,0.02800000086426735,2021-06-18,1.1111111454074344e-06,0.010881132195063294,-0.013275598844170906,-0.018440192663211005,0.029322435969419705,0.0013801390623941717,1.493073349791211
2021-06-21,206.94332885742188,360.4036560058594,-0.0039788005873793,0.0140016408172831,0.0222313134484752,-0.0262101140358545,0.009881165345076,0.1248253319195504,Train,0.029999999329447746,2021-06-21,1.190476163866974e-06,-0.003979991063543167,0.014000450341119233,0.022285028827958433,-0.026263829415337732,0.0013801390623941717,1.493073349791211
2021-06-22,207.90333557128903,362.3162231445313,0.004638983624974,0.0053067362297811,0.0092576122320684,-0.0046186286070944,0.0331485053361007,0.4187535616209169,Train,0.03799999877810478,2021-06-22,1.5079364594486024e-06,0.004637475688514551,0.005305228293321651,0.009302741978170487,-0.004663758353196487,0.0013801390623941717,1.493073349791211
2021-06-23,218.85667419433597,361.9262390136719,0.052684766182075,-0.0010763639769555,-0.0002666366062247,0.0529514027882998,0.0700640680220179,0.8850950511460214,Train,0.03999999910593033,2021-06-23,1.5873015518226319e-06,0.05268317888052318,-0.0010779512785073228,-0.00022773396236665266,0.052912500144441654,0.0013801390623941717,1.493073349791211
2021-06-24,226.60667419433597,363.9966735839844,0.0354113029841545,0.0057205981416403,0.009875137212967,0.0255361657711874,0.0770085740983579,0.9728225858773828,Train,0.0430000014603138,2021-06-24,1.7063492642981665e-06,0.035409596634890204,0.005718891792376002,0.009920570337194769,0.02549073264695973,0.0013801390623941717,1.493073349791211
2021-06-25,223.9566650390625,365.3428649902344,-0.0116943120263122,0.0036983618366484,0.0068577504957341,-0.0185520625220463,0.0291067633944919,0.3676956386153182,Train,0.0430000014603138,2021-06-25,1.7063492642981665e-06,-0.0116960183755765,0.003696655487384102,0.006901223203231112,-0.01859553522954331,0.0013801390623941717,1.493073349791211
2021-06-28,229.5733337402344,366.1043090820313,0.0250792656704019,0.0020841903996597,0.0044492389675398,0.0206300267028621,0.0759469041332086,0.9594108777275112,Train,0.03999999910593033,2021-06-28,1.5873015518226319e-06,0.025077678368850078,0.0020826030981078774,0.004491205547923477,0.02058806012247842,0.0013801390623941717,1.493073349791211
2021-06-29,226.9199981689453,366.2654113769531,-0.0115576819313489,0.0004400447930421,0.0019960028633523,-0.0135536847947013,0.0670118479456017,0.8465374143871113,Train,0.03999999910593033,2021-06-29,1.5873015518226319e-06,-0.011559269232900722,0.00043845749149027736,0.0020363755595064342,-0.013594057490855333,0.0013801390623941717,1.493073349791211
2021-06-30,226.5666656494141,366.6007995605469,-0.0015570796861552,0.0009156971233861,0.0027057255698718,-0.004262805256027,0.0097976399012748,0.1237701839808101,Train,0.03999999910593033,2021-06-30,1.5873015518226319e-06,-0.0015586669877070227,0.0009141098218342774,0.002746559377709146,-0.004303639063864346,0.0013801390623941717,1.493073349791211
2021-07-01,225.97332763671875,368.6689453125,-0.0026188230779431,0.0056414109146305,0.0097569816411557,-0.0123758047190988,-0.0281143305890114,-0.3551585794703983,Train,0.03999999910593033,2021-07-01,1.5873015518226319e-06,-0.0026204103794949226,0.005639823613078678,0.009802396698156947,-0.012421219776100046,0.0013801390623941717,1.493073349791211
2021-07-02,226.3000030517578,371.4729614257813,0.0014456370513082,0.0076057833157181,0.0126880294005639,-0.0112423923492556,-0.0208046604162208,-0.2628180534619234,Train,0.03799999877810478,2021-07-02,1.5079364594486024e-06,0.0014441291148487513,0.007604275379258651,0.012735387912098165,-0.011289750860789965,0.0013801390623941717,1.493073349791211
2021-07-06,219.8600006103516,370.7743225097656,-0.0284578097859474,-0.0018807261592718,-0.0014668285713152,-0.0269909812146322,-0.0684256683337152,-0.8643977165941621,Train,0.03999999910593033,2021-07-06,1.5873015518226319e-06,-0.028459397087499224,-0.0018823134608236228,-0.0014287057003630193,-0.02702910408558438,0.0013801390623941717,1.493073349791211
2021-07-07,214.88333129882807,372.0505676269531,-0.0226356285713987,0.0034421076102266,0.0064753925600512,-0.02911102113145,-0.0839830046704638,-1.060928146376561,Train,0.0430000014603138,2021-07-07,1.7063492642981665e-06,-0.022637334920663,0.0034404012609623017,0.00651861684698936,-0.029154245418388063,0.0013801390623941717,1.493073349791211
2021-07-08,217.60333251953125,369.0880737304688,0.0126580372905731,-0.0079626108767418,-0.0105416325974001,0.0231996698879732,-0.0565205295264635,-0.7140042304752356,Train,0.0430000014603138,2021-07-08,1.7063492642981665e-06,0.012656330941308802,-0.0079643172260061,-0.010509464387774302,0.023167501678347403,0.0013801390623941717,1.493073349791211
2021-07-09,218.98333740234372,372.9822387695313,0.0063418370795798,0.0105507745067543,0.0170822623001834,-0.0107404252206036,-0.0548851500279683,-0.6933450489328657,Train,0.0430000014603138,2021-07-09,1.7063492642981665e-06,0.006340130730315502,0.010549068157490002,0.017132377942737868,-0.010790540863158067,0.0013801390623941717,1.493073349791211
2021-07-12,228.5666656494141,374.33306884765625,0.0437628194032984,0.0036217008149808,0.0067433642848159,0.0370194551184825,-0.0066233025602301,-0.0836698822063863,Train,0.0430000014603138,2021-07-12,1.7063492642981665e-06,0.04376111305403411,0.003619994465716502,0.006786762674811452,0.03697605672848695,0.0013801390623941717,1.493073349791211
2021-07-13,222.8466644287109,373.0661010742188,-0.0250255268170938,-0.0033846001833012,-0.0037107648973006,-0.0213147619197931,-0.000947083265391,-0.0119641741464031,Train,0.04500000178813934,2021-07-13,1.7857143566721963e-06,-0.025027312531450473,-0.003386385897657872,-0.003674197759150912,-0.02135132905794289,0.0013801390623941717,1.493073349791211
2021-07-14,217.7933349609375,373.578369140625,-0.0226762625356234,0.0013731294934897,0.0033882622022999,-0.0260645247379234,0.0020994131281355,0.026521157313329,Train,0.04500000178813934,2021-07-14,1.7857143566721963e-06,-0.02267804824998007,0.0013713437791330278,0.0034294416267763323,-0.026105704162399733,0.0013801390623941717,1.493073349791211
2021-07-15,216.86666870117188,372.376708984375,-0.0042547962265779,-0.0032166213451123,-0.0034601230144127,-0.0007946732121651,-0.0218949299720029,-0.276591050312958,Train,0.03799999877810478,2021-07-15,1.5079364594486024e-06,-0.004256304163037348,-0.0032181292815717487,-0.003423256067643894,-0.0008315401589340057,0.0013801390623941717,1.493073349791211
2021-07-16,214.7400054931641,369.47943115234375,-0.0098063165757307,-0.0077805022766684,-0.0102699076414199,0.0004635910656892,-0.01069091368571,-0.1350546016322888,Train,0.03799999877810478,2021-07-16,1.5079364594486024e-06,-0.00980782451219015,-0.0077820102131278485,-0.010237465058170593,0.00043114848243989284,0.0013801390623941717,1.493073349791211
2021-07-19,215.4066619873047,363.9551086425781,0.0031044820577776,-0.0149516374769123,-0.0209699865823838,0.0240744686401615,-0.0236359001640309,-0.298584122434784,Train,0.03999999910593033,2021-07-19,1.5873015518226319e-06,0.0031028947562257774,-0.014953224778464122,-0.02094453504621637,0.024049017103993972,0.0013801390623941717,1.493073349791211
2021-07-20,220.1666717529297,369.0974731445313,0.0220977834283766,0.014129117519829,0.022421521936014,-0.0003237385076373,-0.0026448767518751,-0.0334118099343049,Train,0.04500000178813934,2021-07-20,1.7857143566721963e-06,0.02209599771401993,0.014127331805472328,0.02247506739915933,-0.0003772839707827276,0.0013801390623941717,1.493073349791211
2021-07-21,218.42999267578125,372.19964599609375,-0.0078880198502402,0.0084047523412542,0.0138801742152832,-0.0217681940655234,0.0016514539205248,0.020862244136222,Train,0.04500000178813934,2021-07-21,1.7857143566721963e-06,-0.007889805564596872,0.008402966626897528,0.013928170306556489,-0.02181619015679669,0.0013801390623941717,1.493073349791211
2021-07-22,216.4199981689453,372.9915771484375,-0.0092020078479763,0.0021277052809234,0.0045141676924384,-0.0137161755404147,-0.0112700484077247,-0.1423706095500846,Train,0.0430000014603138,2021-07-22,1.7063492642981665e-06,-0.009203714197240599,0.002125998931659102,0.004556117758203261,-0.013758125606179561,0.0013801390623941717,1.493073349791211
2021-07-23,214.4600067138672,376.7178955078125,-0.0090564248759862,0.0099903552457218,0.0162460585241229,-0.0253024834001092,-0.0370361228735232,-0.4678644845270755,Train,0.04500000178813934,2021-07-23,1.7857143566721963e-06,-0.009058210590342872,0.009988569531365128,0.016295591746568604,-0.025352016622554804,0.0013801390623941717,1.493073349791211
2021-07-26,219.2066650390625,377.6773986816406,0.0221330699272443,0.0025470071511595,0.0051398096565541,0.0169932602706902,-0.0441173312429945,-0.5573189318763684,Train,0.03999999910593033,2021-07-26,1.5873015518226319e-06,0.022131482625692478,0.0025454198496076773,0.00518222490542477,0.01695084502181953,0.0013801390623941717,1.493073349791211
2021-07-27,214.9266662597656,376.0006103515625,-0.0195249481968724,-0.0044397370240615,-0.0052851387132162,-0.0142398094836562,-0.0580334022190134,-0.73311582606185,Train,0.04500000178813934,2021-07-27,1.7857143566721963e-06,-0.019526733911229072,-0.004441522738418173,-0.00524959445647301,-0.01427535374039939,0.0013801390623941717,1.493073349791211
2021-07-28,215.66000366210935,375.7956848144531,0.0034120354402995,-0.0005450138416471,0.0005261930134006,0.0028858424268989,-0.033379365726591,-0.4216699407992489,Train,0.04500000178813934,2021-07-28,1.7857143566721963e-06,0.0034102497259428277,-0.0005467995560037722,0.0005655129320039449,0.0028465225082955547,0.0013801390623941717,1.493073349791211
2021-07-29,225.7833404541016,377.4166564941406,0.0469411880742298,0.0043134387785421,0.0077755092116493,0.0391656788625805,0.0195024886764042,0.2463681698740673,Train,0.03999999910593033,2021-07-29,1.5873015518226319e-06,0.046939600772677975,0.004311851476990277,0.007819636892498049,0.039121551181731745,0.0013801390623941717,1.493073349791211
2021-07-30,229.0666656494141,375.5720825195313,0.0145419285085826,-0.0048873676952782,-0.0059530501923153,0.020494978700898,0.0652999507774114,0.8249116116837922,Train,0.03999999910593033,2021-07-30,1.5873015518226319e-06,0.014540341207030778,-0.004888954996830022,-0.005917842050149486,0.020459770558732087,0.0013801390623941717,1.493073349791211
2021-08-02,236.55667114257807,374.8081359863281,0.0326979286660045,-0.0020340876459138,-0.0016956598466644,0.0343935885126689,0.0827002790193901,1.0447239184777952,Train,0.03799999877810478,2021-08-02,1.5079364594486024e-06,0.03269642072954505,-0.0020355955823732484,-0.0016576465161405969,0.0343555751821451,0.0013801390623941717,1.493073349791211
2021-08-03,236.5800018310547,377.8357849121094,9.862621233169833e-05,0.0080778634055362,0.0133924219529927,-0.013293795740661,0.0836462927623853,1.056674581719017,Train,0.04500000178813934,2021-08-03,1.7857143566721963e-06,9.684049797502612e-05,0.008076077691179528,0.013440101148294331,-0.013341474935962633,0.0013801390623941717,1.493073349791211
2021-08-04,236.97332763671875,376.0285949707031,0.0016625488317687,-0.0047830036581278,-0.0057973282034079,0.0074598770351767,0.0882203273706631,1.114456773216734,Train,0.04500000178813934,2021-08-04,1.7857143566721963e-06,0.0016607631174120278,-0.004784789372484472,-0.005762116719669933,0.007424665551438633,0.0013801390623941717,1.493073349791211
2021-08-05,238.2100067138672,378.3761291503906,0.0052186424923073,0.0062429671867652,0.0106545661127264,-0.0054359236204191,0.0436187248876635,0.551020210862413,Train,0.0430000014603138,2021-08-05,1.7063492642981665e-06,0.005216936143043002,0.006241260837500902,0.010700505637226642,-0.005481863144919342,0.0013801390623941717,1.493073349791211
2021-08-06,233.0333404541016,379.02825927734375,-0.0217315230840983,0.0017234970092256,0.0039110469458641,-0.0256425700299624,-0.0025188238431969,-0.0318194272936251,Train,0.0430000014603138,2021-08-06,1.7063492642981665e-06,-0.0217332294333626,0.0017217906599613017,0.003952605159966111,-0.02568412824406441,0.0013801390623941717,1.493073349791211
2021-08-09,237.9199981689453,378.6649475097656,0.020969779282747,-0.0009585347759315,-9.082319352203136e-05,0.021060602476269,-0.0158518098795968,-0.2002504118334899,Train,0.04500000178813934,2021-08-09,1.7857143566721963e-06,0.02096799356839033,-0.0009603204902881721,-5.190415455685535e-05,0.021021683437303856,0.0013801390623941717,1.493073349791211
2021-08-10,236.663330078125,379.1400451660156,-0.0052818934956782,0.00125466499969,0.0032115008667564,-0.0084933943624346,-0.0110514085013704,-0.1396086075059492,Train,0.05000000074505806,2021-08-10,1.9841270136927804e-06,-0.005283877622691893,0.0012526808726763072,0.003252467616194056,-0.008534361111872255,0.0013801390623941717,1.493073349791211
2021-08-11,235.94000244140625,380.0530395507813,-0.0030563570472872,0.0024080663501684,0.0049324955427894,-0.0079888525900767,-0.0265001381266238,-0.3347670464008728,Train,0.04500000178813934,2021-08-11,1.7857143566721963e-06,-0.0030581427616438723,0.0024062806358117277,0.004974678266199985,-0.008031035313487186,0.0013801390623941717,1.493073349791211
2021-08-12,240.75,381.16162109375,0.020386528392057,0.0029169127137598,0.0056917471964279,0.014694781195629,-0.0063694333105757,-0.0804628400969177,Train,0.0430000014603138,2021-08-12,1.7063492642981665e-06,0.0203848220427927,0.002915206364495502,0.005734462343628427,0.014652066048428572,0.0013801390623941717,1.493073349791211
2021-08-13,239.05667114257807,381.9161987304688,-0.0070335570401739,0.001979678947092,0.0042932970195102,-0.0113268540596841,0.0079462826597025,0.1003826305789147,Train,0.04500000178813934,2021-08-13,1.7857143566721963e-06,-0.0070353427545305726,0.0019778932327353276,0.004335064451280347,-0.011368621491454248,0.0013801390623941717,1.493073349791211
2021-08-16,228.72332763671875,382.82916259765625,-0.0432254973537064,0.0023904821796569,0.0049062581330447,-0.0481317554867511,-0.0612460753033176,-0.7737004099740209,Train,0.057999998331069946,2021-08-16,2.3015872353599184e-06,-0.04322779894094176,0.00238818059242154,0.0049481694466627195,-0.04817366680036912,0.0013801390623941717,1.493073349791211
2021-08-17,221.90333557128903,380.3045349121094,-0.0298176497163502,-0.0065946587465182,-0.0085005058619349,-0.0213171438544153,-0.0740698247952982,-0.9356983860110608,Train,0.06300000101327896,2021-08-17,2.5000000402094826e-06,-0.02982014971639041,-0.006597158746558409,-0.008467402846393971,-0.02135024686995623,0.0013801390623941717,1.493073349791211
2021-08-18,229.663330078125,376.21484375,0.0349701571040286,-0.0107537270441818,-0.0147062679711681,0.0496764250751967,-0.0164045471300248,-0.2072329496556464,Train,0.054999999701976776,2021-08-18,2.182539670713364e-06,0.034967974564357886,-0.010755909583852512,-0.014677040350349177,0.049647197454377776,0.0013801390623941717,1.493073349791211
2021-08-19,224.4900054931641,376.7458190917969,-0.0225256882899029,0.0014113620199145,0.0034453091048382,-0.0259709973947412,-0.057070325720395,-0.7209496149515521,Train,0.0430000014603138,2021-08-19,1.7063492642981665e-06,-0.022527394639167198,0.0014096556706502017,0.0034865647258883426,-0.026012253015791242,0.0013801390623941717,1.493073349791211
2021-08-20,226.7533264160156,379.7269287109375,0.0100820565168566,0.0079127875296056,0.0131461115914691,-0.0030640550746124,-0.0488075267353234,-0.6165685435013036,Train,0.0430000014603138,2021-08-20,1.7063492642981665e-06,0.010080350167592301,0.007911081180341301,0.013193669890060863,-0.0031116133732042636,0.0013801390623941717,1.493073349791211
2021-08-23,235.43333435058597,383.0900268554688,0.038279517534598,0.0088566227208273,0.0145544117798393,0.0237251057547586,0.0230493345061863,0.291174242084027,Train,0.03999999910593033,2021-08-23,1.5873015518226319e-06,0.038277930233046174,0.008855035419275478,0.014602943759923452,0.023676573774674546,0.0013801390623941717,1.493073349791211
2021-08-24,236.163330078125,383.6954956054688,0.0031006472789958,0.0015804868504927,0.0036976609274621,-0.0005970136484662,0.0437694647121354,0.5529244547411549,Train,0.04800000041723251,2021-08-24,1.9047619213187506e-06,0.0030987425170744816,0.0015785820885713812,0.003738982671219169,-0.0006383353922233687,0.0013801390623941717,1.493073349791211
2021-08-25,237.0666656494141,384.4035949707031,0.0038250458739306,0.0018454721865237,0.0040930465860163,-0.0002680007120857,-0.006174961075147,-0.0780061398506645,Train,0.04500000178813934,2021-08-25,1.7857143566721963e-06,0.003823260159573928,0.001843686472167028,0.004134683913714009,-0.00030963803978340887,0.0013801390623941717,1.493073349791211
2021-08-26,233.72000122070312,382.1584167480469,-0.014116975997208,-0.0058406795670767,-0.0073754905729201,-0.0067414854242879,0.0130545508953062,0.1649136100509943,Train,0.0430000014603138,2021-08-26,1.7063492642981665e-06,-0.0141186823464723,-0.005842385916340998,-0.007341265299225778,-0.006775710697982222,0.0013801390623941717,1.493073349791211
2021-08-27,237.30667114257807,385.5494079589844,0.0153460119080184,0.0088732605702968,0.014579237180248,0.0007667747277703,0.016885380697689,0.2133071532121793,Train,0.0430000014603138,2021-08-27,1.7063492642981665e-06,0.015344305558754101,0.008871554221032502,0.014627726590309826,0.0007182853177085738,0.0013801390623941717,1.493073349791211
2021-08-30,243.6366729736328,387.3194274902344,0.0266743526449431,0.0045909019563019,0.0081895131067564,0.0184848395381867,0.011645114481117,0.1471086890647938,Train,0.03799999877810478,2021-08-30,1.5079364594486024e-06,0.02667284470848365,0.004589394019842452,0.008233948901571541,0.01844040374337156,0.0013801390623941717,1.493073349791211
2021-08-31,245.2400054931641,386.6580505371094,0.006580834075438,-0.0017075749528253,-0.0012084689774761,0.0077893030529142,0.0200314311824975,0.2530501169505184,Train,0.03999999910593033,2021-08-31,1.5873015518226319e-06,0.006579246773886178,-0.0017091622543771226,-0.0011701782485335538,0.007751012323971554,0.0013801390623941717,1.493073349791211
2021-09-01,244.69667053222656,387.0679016113281,-0.0022155233598404,0.0010599832944107,0.0029210155312157,-0.0051365388910561,0.0151628930035272,0.1915475640703745,Train,0.03999999910593033,2021-09-01,1.5873015518226319e-06,-0.0022171106613922227,0.0010583959928588773,0.002961989214409393,-0.005177512574249793,0.0013801390623941717,1.493073349791211
2021-09-02,244.1300048828125,388.2231750488281,-0.0023157881477566,0.0029846789999654,0.0057928615376987,-0.0081086496854554,0.0137957287423596,0.174276652520066,Train,0.03999999910593033,2021-09-02,1.5873015518226319e-06,-0.0023173754493084225,0.0029830916984135776,0.005835701078830708,-0.008151489226587308,0.0013801390623941717,1.493073349791211
2021-09-03,244.52333068847656,388.0740661621094,0.0016111325842673,-0.0003840803339471,0.0007663225310505,0.0008448100532168,0.0138737640678061,0.1752624456993249,Train,0.03999999910593033,2021-09-03,1.5873015518226319e-06,0.0016095452827154773,-0.0003856676354989226,0.0008058962955055624,0.0008052362887617377,0.0013801390623941717,1.493073349791211
2021-09-07,250.97332763671875,386.6394653320313,0.0263778385893962,-0.003696719145048,-0.004176478823535,0.0305543174129312,0.0259432419425507,0.3277319702135987,Train,0.03500000014901161,2021-09-07,1.3888888948020482e-06,0.026376449700501396,-0.003698108033942802,-0.004140018598839794,0.03051785718823599,0.0013801390623941717,1.493073349791211
2021-09-08,251.2899932861328,386.2667541503906,0.0012617502122473,-0.0009639760424366,-9.894212860247814e-05,0.0013606923408498,0.0195146312304863,0.2465215625449436,Train,0.03999999910593033,2021-09-08,1.5873015518226319e-06,0.0012601629106954774,-0.0009655633439884226,-5.993053249840315e-05,0.0013216807447457032,0.0013801390623941717,1.493073349791211
2021-09-09,251.6199951171875,384.5339965820313,0.0013132310870769,-0.0044859091540783,-0.005354032329395,0.0066672634164719,0.0313184335380144,0.3956348998381187,Train,0.03799999877810478,2021-09-09,1.5079364594486024e-06,0.0013117231506174513,-0.004487417090537749,-0.005318395868425906,0.006631626955502806,0.0013801390623941717,1.493073349791211
2021-09-10,245.42333984375,381.5621948242188,-0.0246270383661343,-0.0077283199514935,-0.0101920461894875,-0.0144349921766467,0.0249920910468231,0.3157164111050838,Train,0.03799999877810478,2021-09-10,1.5079364594486024e-06,-0.02462854630259375,-0.007729827887952949,-0.010159553019121812,-0.014467485347012489,0.0013801390623941717,1.493073349791211
2021-09-13,247.6666717529297,382.4565124511719,0.0091406624594381,0.0023438318551582,0.004836651001005,0.004304011458433,0.0284512924520394,0.3594153017220558,Train,0.03799999877810478,2021-09-13,1.5079364594486024e-06,0.00913915452297865,0.0023423239186987515,0.004878908418441241,0.004261754040996858,0.0013801390623941717,1.493073349791211
2021-09-14,248.163330078125,380.4721984863281,0.0020053498586631,-0.0051883388051787,-0.0064021303651137,0.0084074802237769,0.006304455262885,0.0796419949751917,Train,0.03500000014901161,2021-09-14,1.3888888948020482e-06,0.0020039609697682977,-0.0051897276940735025,-0.006367116161405567,0.008372466020068667,0.0013801390623941717,1.493073349791211
2021-09-15,251.94332885742188,383.6490173339844,0.015231899000174,0.0083496740636896,0.0137979917014389,0.0014339072987351,0.0063776702207703,0.080566894124264,Train,0.03500000014901161,2021-09-15,1.3888888948020482e-06,0.015230510111279199,0.008348285174794799,0.013846130062232148,0.0013857689379418517,0.0013801390623941717,1.493073349791211
2021-09-16,252.3300018310547,382.9875793457031,0.0015347617076681,-0.0017240705915986,-0.0012330821847476,0.0027678438924158,0.0024782506967141,0.0313068808175907,Train,0.029999999329447746,2021-09-16,1.190476163866974e-06,0.0015335712315042332,-0.001725261067762467,-0.0011946117831504294,0.0027293734908185293,0.0013801390623941717,1.493073349791211
2021-09-17,253.163330078125,379.2331237792969,0.0033025333532406,-0.0098030739608327,-0.0132877947792305,0.0165903281324711,0.033503571005832,0.423238982978585,Train,0.02800000086426735,2021-09-17,1.1111111454074344e-06,0.0033014222420951925,-0.009804185071978107,-0.01325711727385176,0.01655965062709236,0.0013801390623941717,1.493073349791211
2021-09-20,243.38999938964844,373.0380859375,-0.0386048433059422,-0.0163356981585875,-0.0230351489506106,-0.0155696943553316,0.0136298651920673,0.1721813558626825,Train,0.02500000037252903,2021-09-20,9.920635068463902e-07,-0.038605835369449046,-0.016336690222094347,-0.02301074566850271,-0.015594097637439491,0.0013801390623941717,1.493073349791211
2021-09-21,246.4600067138672,372.6748046875,0.0126135310896808,-0.0009738449335193,-0.00011366753967,0.0127271986293508,0.0179495835976413,0.2267508590482013,Train,0.019999999552965164,2021-09-21,7.936507759113159e-07,0.012612737438904889,-0.0009746385842952114,-7.42741827193319e-05,0.012687805272400132,0.0013801390623941717,1.493073349791211
2021-09-22,250.64666748046875,376.270751953125,0.0169871810945057,0.0096490216682083,0.0157367533551906,0.001250427739315,0.0177661040382212,0.2244330254622587,Train,0.02500000037252903,2021-09-22,9.920635068463902e-07,0.01698618903099885,0.009648029604701455,0.015786347006677394,0.001200834087828305,0.0013801390623941717,1.493073349791211
2021-09-23,251.2133331298828,380.8169555664063,0.0022608146164888,0.0120822667977329,0.0193674079505389,-0.0171065933340501,-0.0021083331882446,-0.0266338413364157,Train,0.02500000037252903,2021-09-23,9.920635068463902e-07,0.0022598225529819535,0.012081274734226054,0.01941936046307984,-0.017158545846591038,0.0013801390623941717,1.493073349791211
2021-09-24,258.1300048828125,381.4504089355469,0.0275330599166629,0.0016634064210676,0.0038213855437366,0.0237116743729263,0.0050130130522105,0.0633276538046239,Train,0.02500000037252903,2021-09-24,9.920635068463902e-07,0.027532067853156053,0.0016624143575607534,0.0038632376994852564,0.023669822217177644,0.0013801390623941717,1.493073349791211
2021-09-27,263.78668212890625,380.3697509765625,0.0219140632204373,-0.0028330234643082,-0.0028877551128773,0.0248018183333146,0.0453845257408568,0.5733269601076851,Train,0.02500000037252903,2021-09-27,9.920635068463902e-07,0.021913071156930454,-0.0028340155278150465,-0.0028502619315741,0.0247643251520114,0.0013801390623941717,1.493073349791211
2021-09-28,259.1866760253906,372.76800537109375,-0.0174383561231787,-0.0199851475727289,-0.0284805067261884,0.0110421506030096,0.0436994777145155,0.5520403332936478,Train,0.029999999329447746,2021-09-28,1.190476163866974e-06,-0.017439546599342565,-0.019986338048892768,-0.02845973916216182,0.011021383038983121,0.0013801390623941717,1.493073349791211
2021-09-29,260.4366760253906,373.3548889160156,0.0048227787753933,0.0015743935543439,0.0036885690963946,0.0011342096789986,0.0435832596541992,0.5505721908785165,Train,0.029999999329447746,2021-09-29,1.190476163866974e-06,0.004821588299229433,0.0015732030781800332,0.003730237128398145,0.0010925416469951548,0.0013801390623941717,1.493073349791211
2021-09-30,258.49334716796875,368.6255798339844,-0.0074618094773734,-0.0126670608111283,-0.0175611607845183,0.0100993513071449,0.0707892042953943,0.8942554459830755,Train,0.02800000086426735,2021-09-30,1.1111111454074344e-06,-0.007462920588518808,-0.012668171922273708,-0.01753325971418059,0.010071450236807188,0.0013801390623941717,1.493073349791211
2021-10-01,258.4066772460937,373.03704833984375,-0.0003352887910832,0.0119673423310615,0.0191959287033494,-0.0195312174944326,0.0275463124280352,0.3479830032094951,Train,0.02800000086426735,2021-10-01,1.1111111454074344e-06,-0.00033639990222860745,0.011966231219916093,0.01924771110543587,-0.019582999896519068,0.0013801390623941717,1.493073349791211
2021-10-04,260.510009765625,368.4479370117188,0.0081396213981272,-0.0123020256260022,-0.0170164903539642,0.0251561117520915,0.0279006058468121,0.3524586689889138,Train,0.02800000086426735,2021-10-04,1.1111111454074344e-06,0.008138510286981792,-0.012303136737147606,-0.016988235407532706,0.025127856805659904,0.0013801390623941717,1.493073349791211
2021-10-05,260.1966552734375,372.0277404785156,-0.001202850103416,0.0097159004222706,0.0158365434062715,-0.0170393935096875,-0.000180938265885,-0.0022857303068311,Train,0.03500000014901161,2021-10-05,1.3888888948020482e-06,-0.0012042389923108022,0.009714511533375799,0.015886006228011732,-0.017088856331427732,0.0013801390623941717,1.493073349791211
2021-10-06,260.9166564941406,373.6819763183594,0.0027671424905384,0.004446538953563,0.0079741085045104,-0.0052069660139719,-0.0065221139588557,-0.0823916017291412,Train,0.03999999910593033,2021-10-06,1.5873015518226319e-06,0.0027655551889865775,0.004444951652011178,0.0080183652166743,-0.0052512227261358995,0.0013801390623941717,1.493073349791211
2021-10-07,264.53668212890625,376.8971862792969,0.0138742603994963,0.008604134437028,0.0141776730219047,-0.0003034126224083,-0.016924877888409,-0.213806107512541,Train,0.03999999910593033,2021-10-07,1.5873015518226319e-06,0.013872673097944477,0.008602547135476177,0.014225960232248197,-0.0003516998327518974,0.0013801390623941717,1.493073349791211
2021-10-08,261.8299865722656,376.1868286132813,-0.0102318345223733,-0.0018847518418172,-0.0014728353080207,-0.0087589992143525,-0.0061526596083289,-0.0777244131614884,Train,0.03999999910593033,2021-10-08,1.5873015518226319e-06,-0.010233421823925122,-0.0018863391433690227,-0.0014347163396862758,-0.008797118182687023,0.0013801390623941717,1.493073349791211
2021-10-11,263.9800109863281,373.4483337402344,0.0082115285655759,-0.0072796139172167,-0.0095225301569512,0.0177340587225272,-0.0135747126378932,-0.171484632789991,Train,0.03999999910593033,2021-10-11,1.5873015518226319e-06,0.008209941264024077,-0.0072812012187685226,-0.009489641130264572,0.01770116969584047,0.0013801390623941717,1.493073349791211
2021-10-12,268.5733337402344,372.7006530761719,0.0174002673033608,-0.0020020993441695,-0.0016479299762472,0.019048197279608,0.0225128781514023,0.2843973751652242,Train,0.03999999910593033,2021-10-12,1.5873015518226319e-06,0.017398680001808976,-0.0020036866457213225,-0.001609924768113056,0.019010192071473853,0.0013801390623941717,1.493073349791211
2021-10-13,270.3599853515625,373.8970031738281,0.00665237902232,0.0032099490241883,0.006128987823832,0.000523391198488,0.0282432353638623,0.356786988746516,Train,0.04500000178813934,2021-10-13,1.7857143566721963e-06,0.006650593307963327,0.003208163309831628,0.006171947916438411,0.000480431105881589,0.0013801390623941717,1.493073349791211
2021-10-14,272.7733459472656,380.1778259277344,0.0089264710995042,0.0167982698459507,0.0264041745840897,-0.0174777034845854,0.0110689445016852,0.1398301337109455,Train,0.03999999910593033,2021-10-14,1.5873015518226319e-06,0.008924883797952378,0.016796682544398877,0.026460405435891187,-0.01753393433638699,0.0013801390623941717,1.493073349791211
2021-10-15,281.010009765625,383.14068603515625,0.0301959995019152,0.0077933532819587,0.012967903282409,0.0172280962195061,0.0370560399355439,0.4681160898581045,Train,0.03799999877810478,2021-10-15,1.5079364594486024e-06,0.030194491565455752,0.007791845345499251,0.013015443629913243,0.017180555872001957,0.0013801390623941717,1.493073349791211
2021-10-18,290.03668212890625,384.3089904785156,0.0321222449364344,0.0030492831639712,0.0058892576640405,0.0262329872723939,0.0455549684854106,0.5754801041366748,Train,0.0430000014603138,2021-10-18,1.7063492642981665e-06,0.03212053858717011,0.003047576814706902,0.0059321011351389326,0.02619014380129547,0.0013801390623941717,1.493073349791211
2021-10-19,288.0899963378906,387.2998962402344,-0.0067118606402704,0.0077825547562513,0.012951790759874,-0.0196636514001444,0.0068431198056581,0.0864467571663686,Train,0.05000000074505806,2021-10-19,1.9841270136927804e-06,-0.006713844767284093,0.007780570629237607,0.01299908584209077,-0.01971094648236117,0.0013801390623941717,1.493073349791211
2021-10-20,288.6000061035156,388.8045959472656,0.0017703140411262,0.0038851022725239,0.0071363866320699,-0.0053660725909437,0.0009536560162263,0.0120472054262156,Train,0.05000000074505806,2021-10-20,1.9841270136927804e-06,0.0017683299141125072,0.003883118145510207,0.007179903406559824,-0.005409589365433624,0.0013801390623941717,1.493073349791211
2021-10-21,298.0,389.7579650878906,0.0325710107334951,0.0024520521376611,0.0049981269087184,0.0275728838247766,0.0460042433255885,0.5811556372433292,Train,0.05000000074505806,2021-10-21,1.9841270136927804e-06,0.03256902660648141,0.002450068010647407,0.005040254441281477,0.027530756292213625,0.0013801390623941717,1.493073349791211
2021-10-22,303.2266540527344,389.3654174804688,0.0175391075595112,-0.0010071573709425,-0.0001633731581238,0.0177024807176351,0.0464786278237175,0.5871483719429815,Train,0.05000000074505806,2021-10-22,1.9841270136927804e-06,0.017537123432497508,-0.0010091414979561928,-0.00012459908735890893,0.017663706646870107,0.0013801390623941717,1.493073349791211
2021-10-25,341.6199951171875,391.3843383789063,0.1266159836258198,0.005185157201432,0.0090762036873158,0.117539779938504,0.1377854204898276,1.740595389883666,Train,0.05000000074505806,2021-10-25,1.9841270136927804e-06,0.1266139994988061,0.005183173074418307,0.009120980774177216,0.11749500285164258,0.0013801390623941717,1.493073349791211
2021-10-26,339.4766540527344,391.7582092285156,-0.0062740503925067,0.0009552524537848,0.0027647462334045,-0.0090387966259113,0.1484102752640607,1.8748154922172,Train,0.05000000074505806,2021-10-26,1.9841270136927804e-06,-0.006276034519520393,0.0009532683267711072,0.0028054227233098644,-0.009079473115816564,0.0013801390623941717,1.493073349791211
2021-10-27,345.9533386230469,390.0570373535156,0.0190784388057105,-0.0043424026221431,-0.0051399056705923,0.0242183444763029,0.1779946923313075,2.2485451638804443,Train,0.05000000074505806,2021-10-27,1.9841270136927804e-06,0.01907645467869681,-0.004344386749156793,-0.005104364886944218,0.02418280369265472,0.0013801390623941717,1.493073349791211
2021-10-28,359.0133361816406,393.8704223632813,0.0377507487297992,0.009776480474853,0.0159269351401851,0.021823813589614,0.1722456220961448,2.1759191551788906,Train,0.04800000041723251,2021-10-28,1.9047619213187506e-06,0.03774884396787788,0.009774575712931681,0.01597620232681021,0.02177454640298899,0.0013801390623941717,1.493073349791211
2021-10-29,371.3333435058594,394.5714721679688,0.0343162943617936,0.0017798995935798,0.00399520546306,0.0303210888987336,0.1848642302772433,2.3353256522428514,Train,0.04800000041723251,2021-10-29,1.9047619213187506e-06,0.03431438959987228,0.0017779948316584812,0.00403672052353128,0.030279573838262318,0.0013801390623941717,1.493073349791211
2021-11-01,402.86334228515625,395.4032897949219,0.0849102277797451,0.0021081545059067,0.0044849959044029,0.0804252318753421,0.1477496822140815,1.866470449517505,Train,0.03999999910593033,2021-11-01,1.5873015518226319e-06,0.08490864047819328,0.0021065672043548774,0.004526985716312438,0.08038324206343267,0.0013801390623941717,1.493073349791211
2021-11-02,390.6666564941406,396.93603515625,-0.0302749952920325,0.0038764102395887,0.0071234172156572,-0.0373984125076898,0.119390066332303,1.50821326608539,Train,0.04500000178813934,2021-11-02,1.7857143566721963e-06,-0.030276781006389173,0.0038746245252320277,0.007167023395822208,-0.03744201868785471,0.0013801390623941717,1.493073349791211
2021-11-03,404.6199951171875,399.328857421875,0.0357167380197345,0.0060282313866593,0.010334157983689,0.0253825800360454,0.1205543018920455,1.5229206497898655,Train,0.04500000178813934,2021-11-03,1.7857143566721963e-06,0.03571495230537782,0.006026445672302628,0.010379850204030474,0.02533688781570402,0.0013801390623941717,1.493073349791211
2021-11-04,409.9700012207031,401.1980590820313,0.0132222978796836,0.0046808579580852,0.0083237368096175,0.004898561070066,0.1036290493724974,1.3091098096921854,Train,0.03500000014901161,2021-11-04,1.3888888948020482e-06,0.013220908990788798,0.004679469069190398,0.008368318509669442,0.004853979370014158,0.0013801390623941717,1.493073349791211
2021-11-05,407.36334228515625,402.5626220703125,-0.006358169933862,0.0034012203134867,0.0064143844643198,-0.0127725543981818,0.060535406075582,0.7647227723028416,Train,0.03999999910593033,2021-11-05,1.5873015518226319e-06,-0.006359757235413823,0.0033996330119348776,0.006457627813136386,-0.012815797746998387,0.0013801390623941717,1.493073349791211
2021-11-08,387.6466674804688,403.0487365722656,-0.0484007095338631,0.0012075500190582,0.0031412004194792,-0.0515419099533423,-0.0714317357531025,-0.902372322857031,Train,0.03500000014901161,2021-11-08,1.3888888948020482e-06,-0.0484020984227579,0.001206161130163398,0.0031824149902899912,-0.05158312452415309,0.0013801390623941717,1.493073349791211
2021-11-09,341.1666564941406,401.637451171875,-0.1199030325435984,-0.0035015254293883,-0.0038852295152987,-0.1160178030282997,-0.1500511262737124,-1.8955437934607733,Train,0.03999999910593033,2021-11-09,1.5873015518226319e-06,-0.11990461984515022,-0.0035031127309401227,-0.003848677895935012,-0.11605435464766338,0.0013801390623941717,1.493073349791211
2021-11-10,355.9833374023437,398.4036254882813,0.0434294519296247,-0.0080516039382241,-0.0106744194932636,0.0541038714228884,-0.1213298348868694,-1.53271768891559,Train,0.04500000178813934,2021-11-10,1.7857143566721963e-06,0.04342766621526802,-0.008053389652580772,-0.010642376689001806,0.0540718286186265,0.0013801390623941717,1.493073349791211
2021-11-11,354.5033264160156,398.5343017578125,-0.0041575288246016,0.0003279996997294,0.0018288199404375,-0.0059863487650391,-0.1322147447219747,-1.670222976564528,Train,0.03999999910593033,2021-11-11,1.5873015518226319e-06,-0.004159116126153423,0.0003264123981775774,0.0018690840167063724,-0.006026612841307973,0.0013801390623941717,1.493073349791211
2021-11-12,344.47332763671875,401.4972229003906,-0.0282931020159921,0.0074345448547579,0.0124325238217622,-0.0407256258377543,-0.1601678161615472,-2.023344425175273,Train,0.0430000014603138,2021-11-12,1.7063492642981665e-06,-0.0282948083652564,0.0074328385054936025,0.0124796184975129,-0.040772720513505,0.0013801390623941717,1.493073349791211
2021-11-15,337.7966613769531,401.68408203125,-0.0193822444993675,0.000465405786644,0.002033844101313,-0.0214160886006806,-0.1300419948088854,-1.6427753811030583,Train,0.03799999877810478,2021-11-15,1.5079364594486024e-06,-0.019383752435826948,0.0004638978501845514,0.00207428051598961,-0.02145652501535711,0.0013801390623941717,1.493073349791211
2021-11-16,351.57666015625,403.2169799804688,0.0407937684260282,0.0038161779811316,0.0070335444267212,0.033760223999307,0.0197360322187212,0.2493184443780672,Train,0.03999999910593033,2021-11-16,1.5873015518226319e-06,0.04079218112447638,0.0038145906795797775,0.007077190047988505,0.033716578378039694,0.0013801390623941717,1.493073349791211
2021-11-17,363.0033264160156,402.2449035644531,0.0325012082846662,-0.0024108022833332,-0.0022577572337652,0.0347589655184315,0.0003911263142644,0.0049409629629215,Train,0.04500000178813934,2021-11-17,1.7857143566721963e-06,0.03249942257030952,-0.002412587997689872,-0.0022202460666260436,0.034721454351292244,0.0013801390623941717,1.493073349791211
2021-11-18,365.4599914550781,403.6375427246094,0.0067676102677005,0.0034621673209915,0.0065053237331115,0.000262286534589,0.0066397616138925,0.083877803718146,Train,0.04500000178813934,2021-11-18,1.7857143566721963e-06,0.0067658245533438275,0.0034603816066348277,0.006548528333724999,0.00021908193397550142,0.0013801390623941717,1.493073349791211
2021-11-19,379.0199890136719,402.8804321289063,0.0371039180092043,-0.0018757189695302,-0.001459357323875,0.0385632753330794,0.0859286627847263,1.085506969970056,Train,0.04500000178813934,2021-11-19,1.7857143566721963e-06,0.03710213229484762,-0.0018775046838868722,-0.0014213274308688172,0.038525245440073116,0.0013801390623941717,1.493073349791211
2021-11-22,385.6233215332031,401.8150024414063,0.0174221220804611,-0.0026445307404731,-0.0026065043808085,0.0200286264612696,0.1273733778466766,1.609063669332153,Train,0.03999999910593033,2021-11-22,1.5873015518226319e-06,0.01742053477890928,-0.0026461180420249224,-0.002569121965003117,0.019991244045464217,0.0013801390623941717,1.493073349791211
2021-11-23,369.6766662597656,402.33837890625,-0.0413529327272921,0.0013025309201093,0.0032829217942339,-0.044635854521526,0.0489772993258435,0.6187132217070053,Train,0.04500000178813934,2021-11-23,1.7857143566721963e-06,-0.04135471844164877,0.001300745205752628,0.003324032778328778,-0.04467696550562088,0.0013801390623941717,1.493073349791211
2021-11-24,372.0,403.3291015625,0.0062847724844008,0.0024624115127751,0.0050135841729315,0.0012711883114692,0.0154895221188812,0.1956737563073028,Train,0.05000000074505806,2021-11-24,1.9841270136927804e-06,0.006282788357387107,0.002460427385761407,0.005055721748184681,0.001229050736216119,0.0013801390623941717,1.493073349791211
2021-11-26,360.6400146484375,394.5527038574219,-0.030537595031082,-0.021759892036251,-0.031128609896671,0.000591014865589,0.0158182504498812,0.1998264672068208,Train,0.0430000014603138,2021-11-26,1.7063492642981665e-06,-0.030539301380346297,-0.0217615983855153,-0.031109817186613868,0.0005722221555318693,0.0013801390623941717,1.493073349791211
2021-11-29,378.9966735839844,399.3194580078125,0.0509002279002275,0.012081412961532,0.0193661339381968,0.0315340939620306,0.0087890690788324,0.1110292588693325,Train,0.03799999877810478,2021-11-29,1.5079364594486024e-06,0.05089871996376805,0.01207990502507255,0.019417831259798377,0.03148239664042912,0.0013801390623941717,1.493073349791211
2021-11-30,381.586669921875,391.6740112304688,0.0068338234037736,-0.0191461914114743,-0.027228696949526,0.0340625203532997,0.0228229629708626,0.2883145690548732,Train,0.04800000041723251,2021-11-30,1.9047619213187506e-06,0.006831918641852281,-0.019148096173395617,-0.027207468271420572,0.03404129167519417,0.0013801390623941717,1.493073349791211
2021-12-01,365.0,387.1690673828125,-0.0434676345619486,-0.0115017686098285,-0.0158224237233661,-0.0276452108385825,0.0398136066538061,0.5029514730215805,Train,0.05000000074505806,2021-12-01,1.9841270136927804e-06,-0.04346961868896229,-0.011503752736842192,-0.01579382344455892,-0.027673811117389677,0.0013801390623941717,1.493073349791211
2021-12-02,361.5333251953125,393.0759887695313,-0.0094977391909246,0.0152566976144257,0.0241039886149345,-0.0336017278058591,0.0049406905364777,0.0624140285674843,Train,0.0430000014603138,2021-12-02,1.7063492642981665e-06,-0.0094994455401889,0.0152549912651614,0.024158666320968667,-0.033656405511893264,0.0013801390623941717,1.493073349791211
2021-12-03,338.3233337402344,389.59906005859375,-0.0641987607713322,-0.0088454365320597,-0.0118589002181092,-0.0523398605532229,-0.0479901848823342,-0.6062433475827932,Train,0.0430000014603138,2021-12-03,1.7063492642981665e-06,-0.0642004671205965,-0.008847142881323999,-0.011827587846241418,-0.05237117292509078,0.0013801390623941717,1.493073349791211
2021-12-06,336.336669921875,394.2537536621094,-0.005872086315763,0.0119473943361556,0.0191661642219602,-0.0250382505377233,-0.1045625293820882,-1.320902138629935,Train,0.0430000014603138,2021-12-06,1.7063492642981665e-06,-0.005873792665027298,0.011945687986891301,0.019217633789806895,-0.025089720105569896,0.0013801390623941717,1.493073349791211
2021-12-07,350.5833435058594,402.3570251464844,0.042358371411876,0.020553441556627,0.0320072810127267,0.0103510903991493,-0.1282739593362387,-1.6204404026858974,Train,0.057999998331069946,2021-12-07,2.3015872353599184e-06,0.04235606982464064,0.02055113996939164,0.032066800045757154,0.010291571366118843,0.0013801390623941717,1.493073349791211
2021-12-08,356.32000732421875,403.488037109375,0.0163631955842291,0.0028109661126927,0.0055336638576971,0.010829531726532,-0.0897992167711241,-1.1344023349591057,Train,0.05999999865889549,2021-12-08,2.380952327733948e-06,0.016360814631901366,0.0028085851603649663,0.0055759436682819115,0.010787251915947187,0.0013801390623941717,1.493073349791211
2021-12-09,334.6000061035156,400.74017333984375,-0.0609564458190524,-0.0068102732096276,-0.008822225047484,-0.0521342207715684,-0.1083317097368333,-1.3685168857184618,Train,0.05299999937415123,2021-12-09,2.1031745783393345e-06,-0.06095854899363074,-0.00681237638420594,-0.008789135391032389,-0.05216731042802001,0.0013801390623941717,1.493073349791211
2021-12-10,339.010009765625,404.5628356933594,0.0131799270223116,0.0095390045915706,0.0155725964439059,-0.0023926694215942,-0.0583845186052046,-0.7375513574914045,Train,0.05000000074505806,2021-12-10,1.9841270136927804e-06,0.013177942895297907,0.009537020464556907,0.015621594281451177,-0.0024416672591395776,0.0013801390623941717,1.493073349791211
2021-12-13,322.1366577148437,400.9738159179688,-0.0497724302077294,-0.0088713531217952,-0.0118975704632388,-0.0378748597444906,-0.0712211278119719,-0.8997117858415652,Train,0.0430000014603138,2021-12-13,1.7063492642981665e-06,-0.0497741365569937,-0.008873059471059498,-0.011866283215692965,-0.03790614699203644,0.0013801390623941717,1.493073349791211
2021-12-14,319.5033264160156,398.24462890625,-0.0081745781976764,-0.006806397084734,-0.008816441466337,0.0006418632686606,-0.0809303549424607,-1.0223650819782908,Train,0.04800000041723251,2021-12-14,1.9047619213187506e-06,-0.008176482959597718,-0.006808301846655319,-0.008783250220259855,0.0006086720225834553,0.0013801390623941717,1.493073349791211
2021-12-15,325.3299865722656,404.4694213867188,0.0182366181335567,0.015630574849345,0.0246618523026432,-0.0064252341690865,-0.0981851208380793,-1.240338550177366,Train,0.04500000178813934,2021-12-15,1.7857143566721963e-06,0.01823483241920003,0.015628789134988327,0.02471685332370835,-0.006480235190151649,0.0013801390623941717,1.493073349791211
2021-12-16,308.97332763671875,400.8149719238281,-0.0502771327902586,-0.0090351687164913,-0.0121420003541924,-0.0381351324360662,-0.0841860325025771,-1.0634929265059685,Train,0.03500000014901161,2021-12-16,1.3888888948020482e-06,-0.0502785216791534,-0.009036557605386101,-0.012110715383166097,-0.0381664174070925,0.0013801390623941717,1.493073349791211
2021-12-17,310.8566589355469,396.65576171875,0.0060954494461815,-0.0103768833412454,-0.0141439780049033,0.0202394274510849,-0.0615539356298979,-0.7775895026172683,Train,0.029999999329447746,2021-12-17,1.190476163866974e-06,0.006094258970017633,-0.010378073817409267,-0.014113895900381675,0.020209345346563174,0.0013801390623941717,1.493073349791211
2021-12-20,299.9800109863281,392.36566162109375,-0.0349892712173617,-0.0108156757362273,-0.0147987018573892,-0.0201905693599724,-0.0438696452453796,-0.5541900006436254,Train,0.03799999877810478,2021-12-20,1.5079364594486024e-06,-0.03499077915382115,-0.01081718367268675,-0.014769201662631579,-0.020220069554730123,0.0013801390623941717,1.493073349791211
2021-12-21,312.84332275390625,399.32904052734375,0.0428805630257957,0.0177471669602282,0.0278200276876927,0.015060535338103,-0.0294509731759372,-0.372043921304493,Train,0.06499999761581421,2021-12-21,2.579364984754532e-06,0.04287798366081095,0.017744587595243447,0.02787668926887263,0.015003873756923074,0.0013801390623941717,1.493073349791211
2021-12-22,336.2900085449219,403.3626708984375,0.0749470552371662,0.0101010193642991,0.016411180889222,0.0585358743479442,0.0355101353410935,0.4485872137205962,Train,0.06499999761581421,2021-12-22,2.579364984754532e-06,0.07494447587218145,0.010098439999314346,0.01646043006482075,0.05848662517234545,0.0013801390623941717,1.493073349791211
2021-12-23,355.6666564941406,405.84869384765625,0.0576188630553096,0.0061632449618638,0.010535612268464,0.0470832507868455,0.1207285185640053,1.5251214685337946,Train,0.057999998331069946,2021-12-23,2.3015872353599184e-06,0.05761656146807424,0.006160943374628441,0.010581181011859984,0.047037682043449616,0.0013801390623941717,1.493073349791211
2021-12-27,364.6466674804688,411.6365051269531,0.0252483914990666,0.0142610075307263,0.0226183155382428,0.0026300759608238,0.1031191670737442,1.3026686435990082,Train,0.0430000014603138,2021-12-27,1.7063492642981665e-06,0.0252466851498023,0.014259301181462002,0.022672027992345713,0.0025763635067208857,0.0013801390623941717,1.493073349791211
2021-12-28,362.8233337402344,411.3269653320313,-0.0050002753427934,-0.0007519736249494,0.0002173875095155,-0.0052176628523089,0.1180920735814077,1.491816174213993,Train,0.05000000074505806,2021-12-28,1.9841270136927804e-06,-0.005002259469807093,-0.0007539577519630928,0.00025640896308327856,-0.005256684305876678,0.0013801390623941717,1.493073349791211
2021-12-29,362.0633239746094,411.82415771484375,-0.002094710276184,0.0012087522207817,0.0031429942293831,-0.0052377045055671,0.0977938337377375,1.2353955560597396,Train,0.04500000178813934,2021-12-29,1.7857143566721963e-06,-0.0020964959905406724,0.0012069665064250279,0.0031840143015846555,-0.005278724577768656,0.0013801390623941717,1.493073349791211
2021-12-30,356.7799987792969,410.6609191894531,-0.0145922683836461,-0.0028246000230905,-0.0028751864632191,-0.0117170819204269,0.0275408774693662,0.3479143452631769,Train,0.02500000037252903,2021-12-30,9.920635068463902e-07,-0.014593260447152945,-0.0028255920865973465,-0.0028376851159784195,-0.01175458326766768,0.0013801390623941717,1.493073349791211
2021-12-31,352.260009765625,409.5353393554688,-0.0126688408238599,-0.0027408983455401,-0.0027502948620608,-0.0099185459617991,-0.0294609192792783,-0.3721695669755756,Train,0.032999999821186066,2021-12-31,1.3095238024280185e-06,-0.012670150347662328,-0.002742207869342528,-0.0027128689031064683,-0.009955971920753431,0.0013801390623941717,1.493073349791211
2022-01-03,399.9266662597656,412.0492858886719,0.1353166841897706,0.0061385338250896,0.0104987406844231,0.1248179435053474,0.0927269482652452,1.1713873506695354,Train,0.05299999937415123,2022-01-03,2.1031745783393345e-06,0.13531458101519228,0.00613643065051126,0.01054438330409282,0.12477230088567778,0.0013801390623941717,1.493073349791211
2022-01-04,383.1966552734375,411.8804016113281,-0.041832696836128,-0.0004098642641243,0.0007278502277678,-0.0425605470638958,0.0553840640536583,0.6996476566396695,Train,0.07999999821186066,2022-01-04,3.1746031036452638e-06,-0.04183587143923165,-0.00041303886722794523,0.0007666163404118216,-0.042599313176539824,0.0013801390623941717,1.493073349791211
2022-01-05,362.7066650390625,403.9912109375,-0.0534712136768363,-0.0191540812404877,-0.0272404693943228,-0.0262307442825135,0.0343910242767119,0.4344498721026977,Train,0.08500000089406967,2022-01-05,3.3730159084948284e-06,-0.0534745866927448,-0.019157454256396193,-0.02721997232176669,-0.026251241355069607,0.0013801390623941717,1.493073349791211
2022-01-06,354.8999938964844,403.4471130371094,-0.0215233738308541,-0.0013468062810771,-0.0006701646282566,-0.0208532092025974,0.0252548969945414,0.3190363474191455,Train,0.09000000357627869,2022-01-06,3.5714287133443927e-06,-0.021526945259567443,-0.0013503777097904443,-0.0006325024795326866,-0.02089087135132141,0.0013801390623941717,1.493073349791211
2022-01-07,342.32000732421875,402.0493774414063,-0.0354465674517168,-0.0034644828294373,-0.0038299581067161,-0.0316166093450006,0.0035568336113398,0.0449322443874858,Train,0.08799999952316284,2022-01-07,3.492063473141383e-06,-0.035450059515189945,-0.0034679748929104417,-0.003794309764482297,-0.0316522576872345,0.0013801390623941717,1.493073349791211
2022-01-10,352.7066650390625,401.5241088867188,0.0303419534138018,-0.0013064777217919,-0.0006099902268713,0.0309519436406732,-0.0903091662533343,-1.1408443497575742,Train,0.09000000357627869,2022-01-10,3.5714287133443927e-06,0.030338381985088456,-0.0013100491505052443,-0.0005722889824284795,0.03091424239623028,0.0013801390623941717,1.493073349791211
2022-01-11,354.79998779296875,405.0419006347656,0.0059350246575986,0.0087610972048488,0.0144118777830167,-0.008476853125418,-0.0562254723148566,-0.7102768751393135,Train,0.11800000071525574,2022-01-11,4.682539710922847e-06,0.005930342117887678,0.008756414665137878,0.01445879097834339,-0.00852376632074479,0.0013801390623941717,1.493073349791211
2022-01-12,368.739990234375,406.251953125,0.0392897489318417,0.002987474847264,0.0057970332324118,0.0334927156994299,0.0034979876670869,0.0441888639999541,Train,0.11500000208616257,2022-01-12,4.5634921462762925e-06,0.039285185439695426,0.0029829113551177234,0.005838408003656308,0.03345134092818539,0.0013801390623941717,1.493073349791211
2022-01-13,343.85333251953125,400.6516418457031,-0.0674910733143576,-0.0137853153350224,-0.0192297127428401,-0.0482613605715174,-0.023910163701833,-0.3020487985072917,Train,0.10999999940395355,2022-01-13,4.365079341426728e-06,-0.06749543839369902,-0.013789680414363827,-0.019204500187088854,-0.048286573127268737,0.0013801390623941717,1.493073349791211
2022-01-14,349.8699951171875,400.7736206054688,0.017497758575059,0.0003044509170202,0.0017936827094531,0.0157040758656059,0.0234105215087736,0.2957369921148667,Train,0.11800000071525574,2022-01-14,4.682539710922847e-06,0.017493076035348075,0.00029976837730927715,0.0018323977773757327,0.015665360797683266,0.0013801390623941717,1.493073349791211
2022-01-18,343.5033264160156,393.7474060058594,-0.0181972412325309,-0.0175316294245976,-0.0248196026803129,0.0066223614477819,-0.0009190606841176,-0.0116101746041895,Train,0.12999999523162842,2022-01-18,5.158729969509064e-06,-0.01820239996250041,-0.01753678815456711,-0.024798413242154663,0.0066011720096237625,0.0013801390623941717,1.493073349791211
2022-01-19,331.8833312988281,389.6105651855469,-0.0338278969185718,-0.0105063316156829,-0.0143371282825896,-0.0194907686359821,-0.0119329761946817,-0.1507451461716011,Train,0.16500000655651093,2022-01-19,6.547619307798053e-06,-0.03383444453787959,-0.010512879234990698,-0.014309813133636056,-0.01951808378493574,0.0013801390623941717,1.493073349791211
2022-01-20,332.0899963378906,385.3235778808594,0.0006227038828787,-0.0110032624568224,-0.0150786007384725,0.0157013046213512,-0.0297243872727604,-0.3754978666839665,Train,0.1679999977350235,2022-01-20,6.666666576786647e-06,0.0006160372163019134,-0.011009929123399188,-0.01505182602826648,0.01567452991114518,0.0013801390623941717,1.493073349791211
2022-01-21,314.6333312988281,377.7532958984375,-0.052566067125072,-0.0196465578983141,-0.027975295745825,-0.024590771379247,-0.00605379808049,-0.0764755297964594,Train,0.15800000727176666,2022-01-21,6.269841558403438e-06,-0.052572336966630405,-0.0196528277398725,-0.027956704442488496,-0.024609362682583506,0.0013801390623941717,1.493073349791211
2022-01-24,310.0,379.3292236328125,-0.0147261298721956,0.004171843770752,0.0075642347455161,-0.0222903646177118,-0.0440482385638078,-0.5564461080431958,Train,0.1550000011920929,2022-01-24,6.150793698098924e-06,-0.014732280665893698,0.004165692977053901,0.0076059750235438605,-0.02233210489573946,0.0013801390623941717,1.493073349791211
2022-01-25,306.1333312988281,374.7232360839844,-0.0124731248424899,-0.0121424537364057,-0.0167783925120238,0.0043052676695338,-0.0463653323420558,-0.5857171494495288,Train,0.1850000023841858,2022-01-25,7.3412699358803885e-06,-0.01248046611242578,-0.01214979500634158,-0.016753054797064897,0.004279929954574997,0.0013801390623941717,1.493073349791211
2022-01-26,312.4700012207031,373.8790588378906,0.0206990525827113,-0.0022528019743738,-0.0020220043534535,0.0227210569361648,-0.0041535067699088,-0.0524698092864456,Train,0.17800000309944153,2022-01-26,7.063492186485775e-06,0.020691989090524814,-0.002259865466560286,-0.001986942347653986,0.022685994930365286,0.0013801390623941717,1.493073349791211
2022-01-27,276.3666687011719,371.9840698242188,-0.1155417556197044,-0.0050684545413214,-0.0062232505851021,-0.1093185050346023,-0.1291733164258624,-1.6318016686202266,Train,0.1850000023841858,2022-01-27,7.3412699358803885e-06,-0.11554909688964028,-0.00507579581125728,-0.006191055122440052,-0.10935070049726434,0.0013801390623941717,1.493073349791211
2022-01-28,282.1166687011719,381.1022033691406,0.0208056927668702,0.024512161365487,0.0379141023565104,-0.0171084095896401,-0.1216909546362556,-1.537279589360085,Train,0.17299999296665192,2022-01-28,6.865079085978251e-06,0.02079882768778422,0.02450529628640102,0.03797520895544305,-0.017169516188572848,0.0013801390623941717,1.493073349791211
2022-01-31,312.239990234375,388.0721130371094,0.1067761138393095,0.018288820180915,0.0286282305813962,0.0781478832579133,-0.0212527067606304,-0.2684780674079657,Train,0.17299999296665192,2022-01-31,6.865079085978251e-06,0.10676924876022352,0.01828195510182902,0.028683304086100526,0.07809280975320898,0.0013801390623941717,1.493073349791211
2022-02-01,310.4166564941406,390.6048889160156,-0.0058395266373975,0.006526559868176,0.011077715864257,-0.0169172425016545,-0.0424752169318189,-0.5365746717831507,Train,0.2029999941587448,2022-02-01,8.055555323759714e-06,-0.0058475821927212596,0.00651850431285224,0.01112079968773668,-0.01696032632513418,0.0013801390623941717,1.493073349791211
2022-02-02,301.8866577148437,394.3291015625,-0.0274791915989143,0.0095344752514991,0.0155658381978316,-0.0430450297967459,-0.1082413036647297,-1.3673748171907352,Train,0.1850000023841858,2022-02-02,7.3412699358803885e-06,-0.02748653286885018,0.00952713398156322,0.015612190180092326,-0.04309138177900663,0.0013801390623941717,1.493073349791211
2022-02-03,297.0466613769531,385.16400146484375,-0.0160324950248791,-0.0232422615052761,-0.0333404591918432,0.017307964166964,0.0183851655368366,0.2322534144897315,Train,0.19300000369548798,2022-02-03,7.658730305376506e-06,-0.016040153755184475,-0.023249920235581475,-0.03332603849581855,0.01729354347093945,0.0013801390623941717,1.493073349791211
2022-02-04,307.7733459472656,386.9744873046875,0.0361111096842132,0.0047005582893473,0.008353131751113,0.0277579779331002,0.063251553059577,0.7990349143406646,Train,0.22300000488758087,2022-02-04,8.849206543157971e-06,0.036102260477670046,0.0046917090828041425,0.00839405406544556,0.027717055618767642,0.0013801390623941717,1.493073349791211
2022-02-07,302.4466552734375,385.6987915039063,-0.0173071864213375,-0.0032965889034871,-0.0035794429217124,-0.013727743499625,-0.0286240736979613,-0.3615979872271039,Train,0.2029999941587448,2022-02-07,8.055555323759714e-06,-0.017315241976661257,-0.0033046444588108593,-0.003545881954267762,-0.013761304467069736,0.0013801390623941717,1.493073349791211
2022-02-08,307.3333435058594,388.8225402832031,0.0161571905234128,0.008098933281893,0.0134238603980921,0.0027333301253206,-0.0089735010709861,-0.1133591242073955,Train,0.2750000059604645,2022-02-08,1.0912698649224782e-05,0.016146277824763577,0.008088020583243774,0.013467059746447442,0.002690130776965359,0.0013801390623941717,1.493073349791211
2022-02-09,310.6666564941406,394.5260314941406,0.010845920427172,0.0146686228807191,0.0232265199996958,-0.0123805995725238,0.0216909291532359,0.2740139787808909,Train,0.27000001072883606,2022-02-09,1.0714286140033178e-05,0.010835206141031966,0.014657908594579066,0.023276186034775753,-0.012430265607603753,0.0013801390623941717,1.493073349791211
2022-02-10,301.51666259765625,387.5936584472656,-0.0294527710174682,-0.0175713957850154,-0.0248789382225644,-0.0045738327949038,-0.0001908678086319,-0.0024111667736749,Train,0.3700000047683716,2022-02-10,1.4682539871760777e-05,-0.02946745355733996,-0.01758607832488716,-0.02486248327196395,-0.0045902877455042505,0.0013801390623941717,1.493073349791211
2022-02-11,286.6666564941406,379.8639221191406,-0.0492510296962641,-0.0199428864731456,-0.0284174487738494,-0.0208335809224146,-0.0487824266641468,-0.6162514630147004,Train,0.33799999952316284,2022-02-11,1.3412698393776302e-05,-0.049264442394657874,-0.019956299171539377,-0.02840266669269792,-0.020848363003566177,0.0013801390623941717,1.493073349791211
2022-02-14,291.9200134277344,378.6257019042969,0.018325664372135,-0.0032596415261973,-0.0035243135952358,0.0218499779673708,-0.0132047051971508,-0.1668104572256285,Train,0.36000001430511475,2022-02-14,1.428571485337757e-05,0.01831137865728162,-0.0032739272410506775,-0.003493788735520683,0.021819453107655682,0.0013801390623941717,1.493073349791211
2022-02-15,307.4766540527344,384.704345703125,0.0532907642827684,0.0160544933116151,0.0252943827018285,0.0279963815809399,0.0120583462584684,0.1523289026697905,Train,0.4000000059604645,2022-02-15,1.5873016109542244e-05,0.05327489126665886,0.016038620295505557,0.025342848609143497,0.027947915673624906,0.0013801390623941717,1.493073349791211
2022-02-16,307.7966613769531,385.16400146484375,0.0010407532409399,0.0011948286180096,0.0031222187671106,-0.0020814655261706,0.0223574803048216,0.2824342881100437,Train,0.37299999594688416,2022-02-16,1.4801587140749371e-05,0.0010259516537991507,0.0011800270308688508,0.003156807561358453,-0.002116054320418553,0.0013801390623941717,1.493073349791211
2022-02-17,292.1166687011719,376.97467041015625,-0.0509426990066609,-0.021261932640491,-0.0303856027304073,-0.0205570962762536,0.0063742168234719,0.0805232685549138,Train,0.3449999988079071,2022-02-17,1.3690476143170916e-05,-0.05095638948280407,-0.02127562311663417,-0.030372236337110965,-0.020570462669549937,0.0013801390623941717,1.493073349791211
2022-02-18,285.6600036621094,374.5638122558594,-0.0221030352967207,-0.0063952788967858,-0.0082030104066405,-0.0139000248900802,0.0133077728558063,0.1681124751812597,Train,0.3179999887943268,2022-02-18,1.2619047174378047e-05,-0.022115654343895078,-0.006407897943960178,-0.008174703538740287,-0.013928331757980413,0.0013801390623941717,1.493073349791211
2022-02-22,273.84332275390625,370.4644775390625,-0.0413662422345285,-0.0109442892844028,-0.0149906066367481,-0.0263756355977804,-0.0349178407093449,-0.4411049612311127,Train,0.33000001311302185,2022-02-22,1.3095238615596106e-05,-0.041379337473144095,-0.010957384523018395,-0.01496694451372368,-0.02639929772080482,0.0013801390623941717,1.493073349791211
2022-02-23,254.67999267578125,363.7947387695313,-0.0699791759952694,-0.018003720124092,-0.0255240110634811,-0.0444551649317883,-0.1073693872220731,-1.3563601994245256,Train,0.3400000035762787,2022-02-23,1.3492063633979314e-05,-0.06999266805890338,-0.018017212187725982,-0.025507388228998912,-0.04447178776627049,0.0013801390623941717,1.493073349791211
2022-02-24,266.92333984375,369.3857116699219,0.0480734550026278,0.0153684820162629,0.0242707825590768,0.0238026724435509,-0.0814852492523515,-1.029374869183897,Train,0.28299999237060547,2022-02-24,1.1230158427404978e-05,0.0480622248442004,0.015357251857835494,0.024320872695787317,0.023752582306840485,0.0013801390623941717,1.493073349791211
2022-02-25,269.9566650390625,377.45306396484375,0.0113640313248295,0.0218399143227574,0.0339268320696537,-0.0225628007448242,-0.0834909537209222,-1.054712237528474,Train,0.2980000078678131,2022-02-25,1.1825397137611633e-05,0.01135220592769189,0.021828088925619788,0.03398290231124736,-0.022618870986417856,0.0013801390623941717,1.493073349791211
2022-02-28,290.1433410644531,376.5055847167969,0.0747774685335871,-0.0025101909045176,-0.0024060553850078,0.077183523918595,0.0075925950877529,0.0959146182521677,Train,0.2879999876022339,2022-02-28,1.1428570936596582e-05,0.07476603996265051,-0.0025216194754541965,-0.002373395203784385,0.07715086373737148,0.0013801390623941717,1.493073349791211
2022-03-01,288.1233215332031,370.8583984375,-0.0069621433455585,-0.0149989442614633,-0.0210405732210407,0.0140784298754821,0.0480466605610155,0.6069567852281095,Train,0.31299999356269836,2022-03-01,1.2420634665186443e-05,-0.0069745639802236865,-0.015011364896128487,-0.021020509173341393,0.014058365827782894,0.0013801390623941717,1.493073349791211
2022-03-02,293.2966613769531,377.6688232421875,0.0179552971145164,0.0183639492414926,0.0287403309471672,-0.0107850338326507,0.0817167916601531,1.032299864050184,Train,0.32499998807907104,2022-03-02,1.2896824923772659e-05,0.017942400289592625,0.018351052416568828,0.028792503191118462,-0.010837206076602064,0.0013801390623941717,1.493073349791211
2022-03-03,279.7633361816406,375.77392578125,-0.0461421044882577,-0.005017352093483,-0.0061470004223764,-0.0399951040658813,0.0179190151507208,0.2263646984689715,Train,0.33500000834465027,2022-03-03,1.329365112478771e-05,-0.04615539813938249,-0.005030645744607788,-0.006117690379995492,-0.04002441410826221,0.0013801390623941717,1.493073349791211
2022-03-04,279.42999267578125,372.7345581054688,-0.0011915196265851,-0.008088287843448,-0.010729155692038,0.0095376360654529,0.050019451960998,0.6318783742017781,Train,0.3050000071525574,2022-03-04,1.2103174887006245e-05,-0.0012036228014721062,-0.008100391018335007,-0.01070223571508291,0.00951071608849781,0.0013801390623941717,1.493073349791211
2022-03-07,268.1933288574219,361.7309265136719,-0.0402128050420025,-0.0295213613884529,-0.0427095287397028,0.0024967236977002,-0.0246673482598966,-0.3116140482004111,Train,0.3050000071525574,2022-03-07,1.2103174887006245e-05,-0.04022490821688951,-0.02953346456333991,-0.04270338662924476,0.0024905815872422604,0.0013801390623941717,1.493073349791211
2022-03-08,274.79998779296875,359.0010986328125,0.0246339421032322,-0.0075465703393657,-0.0099208568808282,0.0345547989840604,-0.0041909791513184,-0.052943184873627,Train,0.36000001430511475,2022-03-08,1.428571485337757e-05,0.024619656388378822,-0.0075608560542190775,-0.009894487898914487,0.034528430002146684,0.0013801390623941717,1.493073349791211
2022-03-09,286.3233337402344,368.5695190429688,0.0419335751788576,0.0266529000791244,0.0411083069821768,0.0008252681966808,0.0074193228780131,0.0937257305716284,Train,0.3700000047683716,2022-03-09,1.4682539871760777e-05,0.04191889263898584,0.02663821753925264,0.04116763429606486,0.0007659408827927414,0.0013801390623941717,1.493073349791211
2022-03-10,279.4333190917969,366.9278869628906,-0.0240637553301487,-0.0044540636033625,-0.0053065154583471,-0.0187572398718016,0.0286571870720928,0.3620162969884118,Train,0.36000001430511475,2022-03-10,1.428571485337757e-05,-0.024078041045002076,-0.004468349318215877,-0.005277148507338304,-0.018786606822810394,0.0013801390623941717,1.493073349791211
2022-03-11,265.1166687011719,362.2468566894531,-0.0512345859010529,-0.0127573576164596,-0.0176958930016894,-0.0335386928993634,-0.0144191418927235,-0.1821520144535607,Train,0.36500000953674316,2022-03-11,1.4484127362569173e-05,-0.051249070028415465,-0.01277184174382217,-0.017674673345695044,-0.033559912555357854,0.0013801390623941717,1.493073349791211
2022-03-14,255.4566650390625,359.6015319824219,-0.0364368023686874,-0.0073025470288594,-0.0095567487427241,-0.0268800536259632,-0.043795919216387,-0.5532586453106533,Train,0.3779999911785126,2022-03-14,1.4999999649940975e-05,-0.03645180236833734,-0.0073175470285093405,-0.00953049539206705,-0.026906306976620345,0.0013801390623941717,1.493073349791211
2022-03-15,267.2966613769531,367.4907531738281,0.0463483555462533,0.0219387863781177,0.0340743594510054,0.0122739960952479,-0.0660767221051995,-0.8347242942400104,Train,0.4480000138282776,2022-03-15,1.777777832651895e-05,0.04633057776792678,0.02192100859979118,0.034127590581612854,0.012220764964640446,0.0013801390623941717,1.493073349791211
2022-03-16,280.07666015625,375.7083129882813,0.0478120404252786,0.0223612696196633,0.034704748351722,0.0131072920735565,-0.0537946982283237,-0.6795697498583765,Train,0.43299999833106995,2022-03-16,1.71825396163123e-05,0.04779485788566228,0.02234408708004699,0.03475868254664276,0.01305335787863584,0.0013801390623941717,1.493073349791211
2022-03-17,290.5333251953125,380.3048400878906,0.0373350104690226,0.0122342970349786,0.0195942528634458,0.0177407576055767,-0.0172967007509453,-0.2185032166702686,Train,0.36000001430511475,2022-03-17,1.428571485337757e-05,0.03732072475416922,0.012220011320125223,0.019639798013473434,0.017695212455549166,0.0013801390623941717,1.493073349791211
2022-03-18,301.7966613769531,384.5073852539063,0.0387677942765043,0.0110504645826867,0.017827851821116,0.0209399424553882,0.0371819346038063,0.4697064735025379,Train,0.382999986410141,2022-03-18,1.5198412159132579e-05,0.038752595864345166,0.011035266170527568,0.017871799301620528,0.020895994974883772,0.0013801390623941717,1.493073349791211
2022-03-21,307.0533447265625,384.5261535644531,0.017417963888751,4.881131355771728e-05,0.0014122418550967,0.0160057220336542,0.0800677102634238,1.0114675911835365,Train,0.45500001311302185,2022-03-21,1.8055556075913566e-05,0.017399908332675088,3.075575748180371e-05,0.001444115220318808,0.015973848668432194,0.0013801390623941717,1.493073349791211
2022-03-22,331.32666015625,388.991455078125,0.0790524377817913,0.011612478038957,0.0186664343021396,0.0603860034796517,0.1281797176478276,1.619249880148752,Train,0.5199999809265137,2022-03-22,2.0634919878036257e-05,0.07903180286191326,0.011591843119078963,0.018708246018329634,0.06034419176346167,0.0013801390623941717,1.493073349791211
2022-03-23,333.03668212890625,383.9820861816406,0.0051611360578402,-0.0128778378832982,-0.0178756620800853,0.0230367981379256,0.1381092237121967,1.744685883595421,Train,0.47999998927116394,2022-03-23,1.9047618621871583e-05,0.005142088439218328,-0.012896885501920072,-0.01785680935720946,0.02301794541504966,0.0013801390623941717,1.493073349791211
2022-03-24,337.97332763671875,389.6897277832031,0.0148231284201352,0.0148643434341426,0.0235185554046245,-0.0086954269844892,0.1116730391221306,1.4107267400227546,Train,0.4830000102519989,2022-03-24,1.916666707349202e-05,0.01480396175306171,0.01484517676706911,0.023564243533318197,-0.008741115113182997,0.0013801390623941717,1.493073349791211
2022-03-25,336.8800048828125,391.666259765625,-0.0032349379803172,0.0050720659065497,0.0089074597229382,-0.0121423977032554,0.0785906989634869,0.9928090201218324,Train,0.5199999809265137,2022-03-25,2.0634919878036257e-05,-0.0032555729001952365,0.005051430986671664,0.00894293096678119,-0.01217786894709839,0.0013801390623941717,1.493073349791211
2022-03-28,363.9466552734375,394.3677368164063,0.0803450783611821,0.0068973953804389,0.0116310409856675,0.0687140373755145,0.1312990143053472,1.6586548720735614,Train,0.5080000162124634,2022-03-28,2.015873080208188e-05,0.08032491963038002,0.0068772366496368175,0.011668516554976381,0.06867656180620571,0.0013801390623941717,1.493073349791211
2022-03-29,366.5233459472656,399.356201171875,0.0070798580959405,0.0126492709462973,0.0202134370630965,-0.0131335789671559,0.0577794318585395,0.7299075066544956,Train,0.5550000071525574,2022-03-29,2.2023809807641167e-05,0.0070578342861328585,0.01262724713648966,0.020255569052921904,-0.013175710956981404,0.0013801390623941717,1.493073349791211
2022-03-30,364.663330078125,396.8713684082031,-0.0050747541451513,-0.0062220963550343,-0.00794460405727,0.0028698499121186,0.0376124836327325,0.4751454499356294,Train,0.5249999761581421,2022-03-30,2.083333238722786e-05,-0.005095587477538527,-0.006242929687421527,-0.007920179546128059,0.002845425400976759,0.0013801390623941717,1.493073349791211
2022-03-31,359.20001220703125,390.772216796875,-0.0149818131423394,-0.0153680816930457,-0.0215913646296118,0.0066095514872723,0.0529174621044941,0.668487930406441,Train,0.49300000071525574,2022-03-31,1.956349209187523e-05,-0.015001376634431275,-0.015387645185137574,-0.02157518038748591,0.00659336724514651,0.0013801390623941717,1.493073349791211
2022-04-01,361.5299987792969,391.8546752929688,0.0064865993682725,0.0027700497874862,0.005472612448477,0.0010139869197955,0.0660738467275451,0.834687970592185,Train,0.5,2022-04-01,1.984126984126984e-05,0.006466758098431231,0.00275020851764493,0.0055062433762998785,0.0009803559919726217,0.0013801390623941717,1.493073349791211
2022-04-04,381.8166809082031,395.1771545410156,0.0561134129875917,0.0084788557022137,0.0139907441306336,0.0421226688569581,0.0394824782089887,0.4987684423173194,Train,0.5379999876022339,2022-04-04,2.1349205857231504e-05,0.056092063781734466,0.00845750649635647,0.014029165823647285,0.04208424716394441,0.0013801390623941717,1.493073349791211
2022-04-05,363.7533264160156,390.2921142578125,-0.0473089715442011,-0.0123616464845416,-0.0171054508706866,-0.0302035206735145,0.0224125365026302,0.2831297939462157,Train,0.6679999828338623,2022-04-05,2.650793582674057e-05,-0.04733547948002784,-0.012388154420368341,-0.017089776219929242,-0.030219195324271857,0.0013801390623941717,1.493073349791211
2022-04-06,348.586669921875,386.33892822265625,-0.0416948942943683,-0.0101287878764184,-0.0137737937893759,-0.0279211005049924,-0.0083784139144808,-0.1058415947219843,Train,0.6629999876022339,2022-04-06,2.6309523317548965e-05,-0.04172120381768585,-0.01015509739973595,-0.013755856706368048,-0.02793903758800025,0.0013801390623941717,1.493073349791211
2022-04-07,352.4200134277344,388.2872619628906,0.0109968161052127,0.005043068657869,0.0088641928145213,0.0021326232906914,-0.0128553421110618,-0.1623970746276708,Train,0.6600000262260437,2022-04-07,2.619047723119221e-05,0.010970625627981507,0.005016878180637808,0.008896896650284692,0.002099919454928007,0.0013801390623941717,1.493073349791211
2022-04-08,341.8299865722656,387.3460388183594,-0.0300494479654184,-0.0024240381715668,-0.0022775065544793,-0.027771941410939,-0.0416412704417963,-0.5260397152486889,Train,0.6679999828338623,2022-04-08,2.650793582674057e-05,-0.030075955901245142,-0.0024505461073935407,-0.0022521980871629743,-0.027797249878255426,0.0013801390623941717,1.493073349791211
2022-04-11,325.3099975585937,380.6350402832031,-0.0483280860738044,-0.0173255896862373,-0.024512169979092,-0.0238159160947123,-0.1075798553934669,-1.3590189707774234,Train,0.6800000071525574,2022-04-11,2.6984127267958627e-05,-0.04835507020107236,-0.017352573813505256,-0.024501542321567413,-0.023826543752236987,0.0013801390623941717,1.493073349791211
2022-04-12,328.9833374023437,379.2420043945313,0.0112918135664994,-0.0036597678648697,-0.004121343673543,0.0154131572400425,-0.0619631774799099,-0.7827593128551443,Train,0.7379999756813049,2022-04-12,2.9285713320686706e-05,0.011262527853178715,-0.003689053578190387,-0.004098602807833116,0.015390416374332517,0.0013801390623941717,1.493073349791211
2022-04-13,340.7900085449219,383.5246887207031,0.0358883560359126,0.0112927478405491,0.0181893636198495,0.0176989924160631,-0.0163430845588543,-0.2064565143285316,Train,0.7400000095367432,2022-04-13,2.9365079743521554e-05,0.03585899095616908,0.011263382760805579,0.018226560770794258,0.017661795265118345,0.0013801390623941717,1.493073349791211
2022-04-14,328.3333435058594,378.8655090332031,-0.0365523188084326,-0.0121483174995625,-0.0167871418560142,-0.0197651769524183,-0.0382408848019641,-0.4830838237800734,Train,0.7480000257492065,2022-04-14,2.9682540704333593e-05,-0.03658200134913693,-0.012178000040266833,-0.0167728257107802,-0.0197794930976524,0.0013801390623941717,1.493073349791211
2022-04-18,334.7633361816406,378.931396484375,0.019583733431163,0.0001739072298769,0.0015988979621748,0.0179848354689881,0.007515892077963,0.0949456557541327,Train,0.7549999952316284,2022-04-18,2.9960317271096366e-05,0.019553773113891903,0.00014394691260580364,0.001625022678661718,0.017958710752501283,0.0013801390623941717,1.493073349791211
2022-04-19,342.7166748046875,384.9836120605469,0.0237580934452494,0.0159717976191013,0.0251709921348867,-0.0014128986896372,0.0299189094830381,0.3779551982451412,Train,0.8330000042915344,2022-04-19,3.3055555725854536e-05,0.023725037889523546,0.015938742063375446,0.025210905622142083,-0.0014528121768926823,0.0013801390623941717,1.493073349791211
2022-04-20,325.7333374023437,384.6917419433594,-0.0495550367137007,-0.000758136471382,0.000208191902197,-0.0497632286158978,-0.0352574763729021,-0.4453954606767452,Train,0.7950000166893005,2022-04-20,3.154761970989288e-05,-0.049586584333410594,-0.000789684091091893,0.00023263041094066404,-0.04978766712464136,0.0013801390623941717,1.493073349791211
2022-04-21,336.260009765625,378.9878845214844,0.0323168406624549,-0.0148270856895982,-0.0207841423723272,0.0531009830347822,0.0001445142458169,0.0018255983045756,Train,0.800000011920929,2022-04-21,3.174603221908449e-05,0.032285094630235815,-0.014858831721817284,-0.020773440558264383,0.053090281220719286,0.0013801390623941717,1.493073349791211
2022-04-22,335.01666259765625,368.6437377929688,-0.0036975766723952,-0.0272941356465162,-0.0393862764801081,0.0356886998077128,0.0555983910059482,0.7023551746321927,Train,0.7799999713897705,2022-04-22,3.0952379817054386e-05,-0.0037285290522122544,-0.027325088026333252,-0.03938726927060587,0.035689692598210664,0.0013801390623941717,1.493073349791211
2022-04-25,332.67333984375,370.657958984375,-0.0069946453878937,0.0054638692724449,0.009492071060941,-0.0164867164488347,0.0211268390881253,0.2668880247915622,Train,0.7979999780654907,2022-04-25,3.166666579624963e-05,-0.007026312053689949,0.00543220260664865,0.00952248267084387,-0.01651712805873757,0.0013801390623941717,1.493073349791211
2022-04-26,292.1400146484375,360.05963134765625,-0.1218412188194887,-0.0285932822426335,-0.0413247382084362,-0.0805164806110524,-0.0579767428332898,-0.7324000677092357,Train,0.8330000042915344,2022-04-26,3.3055555725854536e-05,-0.12187427437521456,-0.028626337798359356,-0.041328027450731136,-0.08051319136875756,0.0013801390623941717,1.493073349791211
2022-04-27,293.836669921875,360.9915161132813,0.0058076784704732,0.0025881400870657,0.0052011842714485,0.0006064941990247,-0.0076070200183673,-0.0960968433935325,Train,0.8080000281333923,2022-04-27,3.206349317989652e-05,0.005775614977293303,0.002556076593885804,0.005228612397930054,0.0005790660725431456,0.0013801390623941717,1.493073349791211
2022-04-28,292.5033264160156,370.0367736816406,-0.004537702888526,0.0250567040071958,0.0387266165666465,-0.0432643194551725,-0.1039723225083221,-1.3134462600623569,Train,0.7850000262260437,2022-04-28,3.115079469150967e-05,-0.00456885368321751,0.025025553212504287,0.03877627642245766,-0.04331397931098366,0.0013801390623941717,1.493073349791211
2022-04-29,290.2533264160156,356.4453430175781,-0.0076922202135913,-0.0367299458614235,-0.0534654858872921,0.0457732656737007,-0.0938877566423343,-1.1860514399651716,Train,0.8080000281333923,2022-04-29,3.206349317989652e-05,-0.0077242837067711964,-0.0367620093546034,-0.05347617389655947,0.04578395368296817,0.0013801390623941717,1.493073349791211
2022-05-02,300.9800109863281,358.6854553222656,0.0369562847143329,0.0062845885030318,0.0107166694418707,0.0262396152724621,-0.0511614249210373,-0.6463045222118506,Train,0.7649999856948853,2022-05-02,3.0357142289479574e-05,0.03692592757204342,0.00625423136074232,0.01074852237283643,0.026207762341496466,0.0013801390623941717,1.493073349791211
2022-05-03,303.0833435058594,360.23846435546875,0.0069882797619633,0.0043297240246549,0.0077998084912073,-0.000811528729244,0.028543526960771,0.3605804682550295,Train,0.8949999809265137,2022-05-03,3.551587225898864e-05,0.006952763889704311,0.004294208152395911,0.00782722268545165,-0.0008389429234883505,0.0013801390623941717,1.493073349791211
2022-05-04,317.5400085449219,371.1662292480469,0.0476986457646855,0.0303348086721662,0.046602097225822,0.0010965485388635,0.0290335813006098,0.3667711546257902,Train,0.8330000042915344,2022-05-04,3.3055555725854536e-05,0.04766559020895965,0.030301753116440344,0.046655934648229876,0.0010427111164556246,0.0013801390623941717,1.493073349791211
2022-05-05,291.09332275390625,358.1301574707031,-0.0832861531754801,-0.0351219231441227,-0.0510661488878451,-0.0322200042876349,0.0400778964681474,0.5062901545076205,Train,0.8029999732971191,2022-05-05,3.186507830544124e-05,-0.08331801825378554,-0.035153788222428144,-0.05107518019841199,-0.03221097297706811,0.0013801390623941717,1.493073349791211
2022-05-06,288.54998779296875,355.880615234375,-0.0087371806981902,-0.0062813538301703,-0.0080330223681918,-0.0007041583299984,-0.0063995275355517,-0.0808430099949313,Train,0.8149999976158142,2022-05-06,3.2341269746659296e-05,-0.00876952196793686,-0.006313695099916959,-0.008014329560252536,-0.0007228511379376648,0.0013801390623941717,1.493073349791211
2022-05-09,262.3699951171875,344.39752197265625,-0.0907294880724968,-0.0322667006017066,-0.0468058601406976,-0.0439236279317991,-0.076562770739813,-0.9671909067931996,Train,0.800000011920929,2022-05-09,3.174603221908449e-05,-0.09076123410471588,-0.032298446633925684,-0.04681206481415483,-0.04391742325834197,0.0013801390623941717,1.493073349791211
2022-05-10,266.67999267578125,345.28228759765625,0.0164271739863726,0.0025690243644385,0.0051726616267885,0.011254512359584,-0.064496729650985,-0.8147647980024545,Train,0.878000020980835,2022-05-10,3.4841270673842654e-05,0.01639233271569876,0.0025341830937646572,0.005198701573859465,0.011228472412513136,0.0013801390623941717,1.493073349791211
2022-05-11,244.6666717529297,339.7196350097656,-0.0825458284364604,-0.0161104487189118,-0.0226990533787608,-0.0598467750576995,-0.1254400532475481,-1.5846406507542166,Train,0.8830000162124634,2022-05-11,3.503968318303426e-05,-0.08258086811964344,-0.016145488402094836,-0.022691219706953675,-0.05985460872950672,0.0013801390623941717,1.493073349791211
2022-05-12,242.6666717529297,339.4560546875,-0.0081743867510473,-0.0007758760315931,0.0001817226348723,-0.0083561093859196,-0.1015761583458327,-1.283176349938292,Train,0.9049999713897705,2022-05-12,3.5912697277371846e-05,-0.008210299448324672,-0.0008117887288704718,0.00020399164293415897,-0.008378378393981459,0.0013801390623941717,1.493073349791211
2022-05-13,256.5299987792969,347.4659118652344,0.057129093691457,0.0235961535142101,0.0365473234511466,0.0205817702403103,-0.0802902297755239,-1.0142786029403947,Train,0.9430000185966492,2022-05-13,3.742063565859719e-05,0.0570916730557984,0.0235587328785515,0.036592475913867994,0.020536617777589007,0.0013801390623941717,1.493073349791211
2022-05-16,241.4566650390625,346.2234802246094,-0.0587585616183726,-0.0035756936096421,-0.0039958961477723,-0.0547626654706003,-0.0911292673143251,-1.1512044017930114,Train,0.9800000190734863,2022-05-16,3.888888964577327e-05,-0.05879745050801837,-0.003614582499287873,-0.003977808848268487,-0.05478075277010411,0.0013801390623941717,1.493073349791211
2022-05-17,253.8699951171875,353.1510314941406,0.0514101777895292,0.0200089007973609,0.0311947696113906,0.0202154081781385,-0.0821683714957705,-1.0380045153641322,Train,1.0379999876022339,2022-05-17,4.1190475698501346e-05,0.0513689873138307,0.019967710321662398,0.03123458567571769,0.02017559211381151,0.0013801390623941717,1.493073349791211
2022-05-18,236.60333251953125,339.164306640625,-0.068013798124059,-0.0396055047449229,-0.0577561185686823,-0.0102576795553767,-0.0325792759934477,-0.4115626849223085,Train,1.003000020980835,2022-05-18,3.980158813416012e-05,-0.06805359971219316,-0.03964530633305706,-0.05777340967966788,-0.010240388444391117,0.0013801390623941717,1.493073349791211
2022-05-19,236.47332763671875,336.8959045410156,-0.0005494634476534,-0.0066882099772749,-0.0086400940200395,0.008090630572386,-0.016132536035142,-0.2037967279126851,Train,1.0,2022-05-19,3.968253968253968e-05,-0.0005891459873359397,-0.0067278925169574405,-0.008625415415252156,0.008075951967598756,0.0013801390623941717,1.493073349791211
2022-05-20,221.3000030517578,336.9806213378906,-0.0641650571614186,0.0002514628279333,0.0017146189740292,-0.0658796761354478,-0.1025939824109002,-1.2960341680519285,Train,0.9779999852180481,2022-05-20,3.880952322293842e-05,-0.06420386668464154,0.00021265330471036156,0.0017364555676251808,-0.06590151272904378,0.0013801390623941717,1.493073349791211
2022-05-23,224.96665954589844,343.3716735839844,0.0165687141598596,0.0189656373138604,0.0296381120783824,-0.0130693979185228,-0.0609007148588227,-0.7693375913579519,Train,0.9929999709129333,2022-05-23,3.940476075051323e-05,0.016529309399109085,0.018926232553109885,0.029677797260143926,-0.013109083100284327,0.0013801390623941717,1.493073349791211
2022-05-24,209.3866729736328,340.8961486816406,-0.0692546469050758,-0.0072094616207131,-0.0094178556403623,-0.0598367912647134,-0.1409529143016748,-1.7806092397292188,Train,1.0429999828338623,2022-05-24,4.1388888207692946e-05,-0.06929603579328349,-0.007250850508920793,-0.009404523707587811,-0.05985012319748798,0.0013801390623941717,1.493073349791211
2022-05-25,219.6000061035156,343.7386169433594,0.0487773791179582,0.0083382234522493,0.0137809061992258,0.0349964729187323,-0.0956987618275657,-1.2089292398460518,Train,1.0449999570846558,2022-05-25,4.1468252265264115e-05,0.048735910865692934,0.008296755199984036,0.013809271393497248,0.034968107724460955,0.0013801390623941717,1.493073349791211
2022-05-26,235.91000366210935,350.572021484375,0.0742713893682931,0.0198796533301395,0.0310019189589386,0.0432694704093545,-0.0605199219905973,-0.7645271672319629,Train,1.027999997138977,2022-05-26,4.079365068011814e-05,0.07423059571761298,0.01983885967945938,0.031041805390722498,0.043229583977570596,0.0013801390623941717,1.493073349791211
2022-05-27,253.2100067138672,359.3631286621094,0.0733330625374257,0.0250764654307309,0.038756102664162,0.0345769598732637,0.0399367140181142,0.5045066456226702,Train,1.024999976158142,2022-05-27,4.06746022284977e-05,0.07329238793519721,0.025035790828502404,0.03880108574160683,0.034531976795818875,0.0013801390623941717,1.493073349791211
2022-05-31,252.7533264160156,357.3677062988281,-0.0018035633890551,-0.0055526630422828,-0.0069457399873374,0.0051421765982823,0.0581482885349194,0.7345671450121115,Train,1.0299999713897705,2022-05-31,4.0873014737689306e-05,-0.0018444364037927892,-0.0055935360570204895,-0.006930547540701644,0.005126984151646544,0.0013801390623941717,1.493073349791211
2022-06-01,246.7899932861328,354.3746032714844,-0.0235934902002735,-0.008375415502264,-0.0111575799972109,-0.0124359102030626,0.1055491695965703,1.333366021983458,Train,1.1030000448226929,2022-06-01,4.376984304851956e-05,-0.02363726004332202,-0.008419185345312519,-0.011146552360596146,-0.012446937839677355,0.0013801390623941717,1.493073349791211
2022-06-02,258.3333435058594,361.10443115234375,0.0467739800387407,0.0189907172205106,0.0296755339054007,0.01709844613334,0.0876511428111779,1.1072664622483386,Train,1.1130000352859497,2022-06-02,4.4166668066902766e-05,0.04672981337067379,0.018946550552443698,0.029712895430786705,0.017061084607953993,0.0013801390623941717,1.493073349791211
2022-06-03,234.51666259765625,355.2594299316406,-0.0921935998852696,-0.0161864566492601,-0.0228124651095615,-0.0693811347757081,-0.0249994623738846,-0.3158095305211652,Train,1.1349999904632568,2022-06-03,4.503968216124035e-05,-0.09223863956743084,-0.01623149633142134,-0.0228096358551236,-0.06938396403014599,0.0013801390623941717,1.493073349791211
2022-06-06,238.27999877929688,356.22882080078125,0.0160472016783606,0.0027286844133234,0.0054108910115488,0.0106363106668117,-0.0489401115803366,-0.6182434418263805,Train,1.159999966621399,2022-06-06,4.6031744707198374e-05,0.016001169933653404,0.0026826526686162017,0.0054315680133584935,0.010615633665002108,0.0013801390623941717,1.493073349791211
2022-06-07,238.8866729736328,359.71142578125,0.0025460558898939,0.0097763144841567,0.0159266874648165,-0.0133806315749225,-0.0674629197535414,-0.8522356479637503,Train,1.225000023841858,2022-06-07,4.861111205721658e-05,0.0024974447778366837,0.009727703372099484,0.015952924834007225,-0.013406868944113325,0.0013801390623941717,1.493073349791211
2022-06-08,241.86666870117188,355.7771301269531,0.0124745164326014,-0.0109373663784854,-0.014980276941693,0.0274547933742945,-0.0275722161761843,-0.3483102362683249,Train,1.2330000400543213,2022-06-08,4.892857301802862e-05,0.012425587859583372,-0.010986294951503429,-0.014974276569623295,0.027448793002224695,0.0013801390623941717,1.493073349791211
2022-06-09,239.7066650390625,347.4095153808594,-0.0089305553084624,-0.0235192597767819,-0.0337537693985063,0.0248232140900438,-0.0198474482194805,-0.2507259240416734,Train,1.2380000352859497,2022-06-09,4.9126985527220226e-05,-0.00897968229398962,-0.02356838676230912,-0.033760064124454314,0.024829508815991913,0.0013801390623941717,1.493073349791211
2022-06-10,232.22999572753903,337.21588134765625,-0.0311909112343832,-0.0293418389016432,-0.0424416625334601,0.0112507512990769,0.0607844378553045,0.7678687043338112,Train,1.2879999876022339,2022-06-10,5.1111110619136266e-05,-0.031242022345002333,-0.029392950012262335,-0.04245458016204083,0.011263668927657632,0.0013801390623941717,1.493073349791211
2022-06-13,215.73666381835935,324.21746826171875,-0.0710215399070596,-0.0385462660714269,-0.0561756243920638,-0.0148459155149957,0.035302211673497,0.4459605862009381,Train,1.4980000257492065,2022-06-13,5.9444445466238355e-05,-0.07108098435252584,-0.03860571051689314,-0.056201574014667015,-0.014819965892392588,0.0013801390623941717,1.493073349791211
2022-06-14,220.88999938964844,323.4080505371094,0.0238871570556404,-0.002496527188831,-0.0023856677012743,0.0262728247569147,0.0749556680053344,0.946888935795408,Train,1.7430000305175781,2022-06-14,6.916666787768168e-05,0.02381799038776272,-0.002565693856708682,-0.0023814633909029093,0.02626862044654331,0.0013801390623941717,1.493073349791211
2022-06-15,233.0,328.03887939453125,0.0548236708036273,0.0143188422481477,0.0227046109468018,0.0321190598568255,0.0796199344878654,1.005810995239874,Train,1.6950000524520874,2022-06-15,6.72619068433368e-05,0.054756408896783966,0.014251580341304363,0.022726055769247383,0.03209761503437992,0.0013801390623941717,1.493073349791211
2022-06-16,213.1000061035156,317.2618408203125,-0.0854076991265423,-0.0328529307078178,-0.0476805763798707,-0.0377271227466715,0.0170695976511499,0.2156343020410795,Train,1.4830000400543213,2022-06-16,5.884920793866354e-05,-0.08546654833448096,-0.032911779915756466,-0.04770071321607677,-0.03770698591046552,0.0013801390623941717,1.493073349791211
2022-06-17,216.75999450683597,318.0900573730469,0.0171749802838692,0.0026105142383117,0.0052345688302225,0.0119404114536466,0.0177592578057196,0.2243465393834851,Train,1.5099999904632568,2022-06-17,5.992063454219273e-05,0.017115059649327007,0.0025505936037695074,0.005248283032872539,0.01192669725099666,0.0013801390623941717,1.493073349791211
2022-06-21,237.0366668701172,325.8835144042969,0.0935443480214786,0.0245007879077152,0.0378971319755886,0.0556472160458899,0.0882523893666053,1.1148618012823233,Train,1.4880000352859497,2022-06-21,5.904762044785515e-05,0.09348530040103074,0.024441740287267345,0.03793249772827908,0.05561185029319952,0.0013801390623941717,1.493073349791211
2022-06-22,236.086669921875,325.1963806152344,-0.0040078058841535,-0.0021085257728319,-0.0018067292676138,-0.0022010766165396,0.0597784879931508,0.7551608889038903,Train,1.5449999570846558,2022-06-22,6.130952210653396e-05,-0.004069115406260034,-0.002169835294938434,-0.0017982746678082222,-0.002209531216345278,0.0013801390623941717,1.493073349791211
2022-06-23,235.07000732421875,328.613037109375,-0.0043063108899484,0.0105064407164578,0.017016111677907,-0.0213224225678555,0.0063370055684698,0.0800531916869974,Train,1.559999942779541,2022-06-23,6.190475963410877e-05,-0.004368215649582509,0.010444535956823691,0.01703650211009778,-0.02134281300004618,0.0013801390623941717,1.493073349791211
2022-06-24,245.7066650390625,338.84423828125,0.0452488934505932,0.0311344956422701,0.0477953132884449,-0.0025464198378517,0.0415177084772896,0.5244787998410877,Train,1.5980000495910645,2022-06-24,6.341270038059779e-05,0.0451854807502126,0.031071082941889504,0.04783495765246228,-0.002586064201869083,0.0013801390623941717,1.493073349791211
2022-06-27,244.9199981689453,337.5736694335937,-0.0032016505127857,-0.0037497135973185,-0.00425555205349,0.0010539015407042,0.0306311985643472,0.3869532989642413,Train,1.6330000162124634,2022-06-27,6.480158794493902e-05,-0.003266452100730639,-0.003814515185263439,-0.004250410315151613,0.0010487598023659127,0.0013801390623941717,1.493073349791211
2022-06-28,232.663330078125,330.279052734375,-0.0500435578248114,-0.0216089623087553,-0.0309034070586757,-0.0191401507661356,-0.0441561682476783,-0.5578095462756941,Train,1.7380000352859497,2022-06-28,6.896825536849007e-05,-0.050112526080179895,-0.02167793056412379,-0.030917633086154923,-0.01912592473865648,0.0013801390623941717,1.493073349791211
2022-06-29,228.4900054931641,330.441650390625,-0.0179371823809089,0.0004923038712381,0.0020739788387683,-0.0200111612196772,-0.0619662528508159,-0.7827981629482975,Train,1.7050000429153442,2022-06-29,6.765873186172e-05,-0.01800484111277062,0.00042464513937638004,0.002081824134977139,-0.02001900651588604,0.0013801390623941717,1.493073349791211
2022-06-30,224.47332763671875,327.83306884765625,-0.0175792277993773,-0.0078942274373858,-0.0104395973994946,-0.0071396303998827,-0.0477834606828431,-0.603631872527359,Train,1.600000023841858,2022-06-30,6.349206443816897e-05,-0.017642719863815468,-0.007957719501823968,-0.010437827786454818,-0.007141400012922482,0.0013801390623941717,1.493073349791211
2022-07-01,227.26333618164065,331.1976623535156,0.0124291316669797,0.0102631303110636,0.016653067268315,-0.0042239356013353,-0.0494609764463266,-0.6248233468792642,Train,1.6030000448226929,2022-07-01,6.36111128897894e-05,0.01236552055408991,0.010199519198173811,0.0166723804707611,-0.004243248803781401,0.0013801390623941717,1.493073349791211
2022-07-05,233.0666656494141,331.7836303710937,0.0255357048139746,0.0017692395937043,0.0039792996354618,0.0215564051785127,-0.0289584728085181,-0.3658223351163595,Train,1.6299999952316284,2022-07-05,6.468253949331859e-05,0.02547102227448128,0.0017045570542109814,0.003989850312728519,0.02154585450124608,0.0013801390623941717,1.493073349791211
2022-07-06,231.73333740234372,332.9838256835937,-0.0057208020003853,0.0036174036409137,0.0067369524545468,-0.0124577544549322,-0.0222760764973147,-0.2814059420661604,Train,1.840000033378601,2022-07-06,7.301587434042068e-05,-0.00579381787472572,0.0035443877665732792,0.006745185852331147,-0.012465987852716447,0.0013801390623941717,1.493073349791211
2022-07-07,244.5433349609375,337.8699645996094,0.0552790448805928,0.0146738025667905,0.0232342486295858,0.032044796251007,0.0297798809733695,0.3761988993411543,Train,1.8530000448226929,2022-07-07,7.353174781042433e-05,0.05520551313278237,0.014600270818980075,0.023252946069758043,0.032026098810834756,0.0013801390623941717,1.493073349791211
2022-07-08,250.76333618164065,337.67156982421875,0.0254351696876002,-0.0005871926959406,0.0004632577795809,0.0249719119080193,0.0618914232812715,0.7818528669705893,Train,1.843000054359436,2022-07-08,7.313492279204111e-05,0.02536203476480816,-0.0006603276187326411,0.0004673564155254146,0.024967813272074785,0.0013801390623941717,1.493073349791211
2022-07-11,234.3433380126953,333.8533935546875,-0.0654800594814685,-0.0113073667158857,-0.0155323558954174,-0.049947703586051,0.0161676552965558,0.2042403773517597,Train,1.9529999494552612,2022-07-11,7.74999979942564e-05,-0.06555755947946275,-0.011384866713879957,-0.015540802021030775,-0.04993925746043772,0.0013801390623941717,1.493073349791211
2022-07-12,233.07000732421875,330.7723693847656,-0.0054336116369887,-0.0092286741108629,-0.0124307305116168,0.0069971188746281,0.0016083689926711,0.0203179671980024,Train,2.11299991607666,2022-07-12,8.384920301891509e-05,-0.005517460840007616,-0.009312523313881814,-0.012440292113853182,0.007006680476864482,0.0013801390623941717,1.493073349791211
2022-07-13,237.0399932861328,329.2318725585937,0.0170334484796728,-0.0046572717940049,-0.0056097231961193,0.0226431716757921,0.0367092951233955,0.4637357830060008,Train,2.322999954223633,2022-07-13,9.218253786601717e-05,0.016941265941806782,-0.004749454331870917,-0.005618962088706699,0.0226524105683795,0.0013801390623941717,1.493073349791211
2022-07-14,238.31333923339844,328.3624267578125,0.0053718612189148,-0.0026408311990708,-0.0026009842805811,0.007972845499496,0.0126373443718845,0.1596431848585785,Train,2.2730000019073486,2022-07-14,9.019841277410113e-05,0.005281662806140699,-0.002731029611844901,-0.0026072900557679844,0.007979151274682784,0.0013801390623941717,1.493073349791211
2022-07-15,240.0666656494141,334.5716857910156,0.00735723154086,0.018909773248152,0.0295547570869686,-0.0221975255461085,-0.0345320930822433,-0.4362319453561042,Train,2.240000009536743,2022-07-15,8.888888926733108e-05,0.007268342651592668,0.018820884358884668,0.029569988807414443,-0.022212757266554445,0.0013801390623941717,1.493073349791211
2022-07-18,240.54666137695312,331.802490234375,0.0019994268102179,-0.0082768377428398,-0.011010491735979,0.0130099185461969,0.0284255290500047,0.3590898416069741,Train,2.259999990463257,2022-07-18,8.96825393040975e-05,0.0019097442709138026,-0.008366520282143897,-0.011022006862058427,0.013021433672276327,0.0013801390623941717,1.493073349791211
2022-07-19,245.52999877929688,340.8092346191406,0.0207167182193168,0.0271448968885179,0.0418424173499514,-0.0211256991306346,0.000302711044742,0.0038240435531689,Train,2.450000047683716,2022-07-19,9.722222411443316e-05,0.020619495995202367,0.027047674664403467,0.04186152350175236,-0.02114480528243556,0.0013801390623941717,1.493073349791211
2022-07-20,247.5,342.992431640625,0.0080234644666532,0.0064059209660916,0.0108977100855888,-0.0028742456189355,-0.0252147062499857,-0.3185286316939187,Train,2.378000020980835,2022-07-20,9.436508019765218e-05,0.007929099386455548,0.0063115558858939476,0.010898120031537934,-0.0028746555648847347,0.0013801390623941717,1.493073349791211
2022-07-21,271.7066650390625,346.4609069824219,0.0978047072285352,0.0101123961400728,0.0164281562209474,0.0813765510075878,0.048188999258106,0.6087549005807865,Train,2.359999895095825,2022-07-21,9.365078948792958e-05,0.09771105643904726,0.010018745350584871,0.016432511533184976,0.08137219569535022,0.0013801390623941717,1.493073349791211
2022-07-22,272.24334716796875,343.3043212890625,0.0019752262198982,-0.0091109433409164,-0.0122550639683107,0.0142302901882089,0.0846168149924236,1.068934852169829,Train,2.3550000190734863,2022-07-22,9.345238170926534e-05,0.0018817738381889347,-0.009204395722625667,-0.012269246510281162,0.014244472730179362,0.0013801390623941717,1.493073349791211
2022-07-25,268.4333190917969,343.6445007324219,-0.0139949354715402,0.000990897644638,0.002817932562395,-0.0168128680339353,0.0547940284122912,0.6921939411915508,Train,2.3929998874664307,2022-07-25,9.496031299469963e-05,-0.014089895784534899,0.0008959373316433004,0.002812799528348533,-0.016807734999888732,0.0013801390623941717,1.493073349791211
2022-07-26,258.8599853515625,339.52392578125,-0.0356637312112531,-0.011990807192868,-0.0165521201100026,-0.0191116111012504,0.0568081164416754,0.7176372161498382,Train,2.4749999046325684,2022-07-26,9.821428192986383e-05,-0.03576194549318296,-0.012089021474797864,-0.016571442444750298,-0.019092288766502805,0.0013801390623941717,1.493073349791211
2022-07-27,274.82000732421875,348.417236328125,0.0616550369922206,0.0261934723051147,0.040422792999759,0.0212322439924616,0.0809146060530726,1.0221661317253017,Train,2.382999897003174,2022-07-27,9.456348797631641e-05,0.06156047350424428,0.026098908817138382,0.04044228776387066,0.02121274922834994,0.0013801390623941717,1.493073349791211
2022-07-28,280.8999938964844,352.82135009765625,0.0221235223427265,0.0126403441343632,0.0202001173320192,0.0019234050107072,0.001461460056192,0.0184621175975202,Train,2.308000087738037,2022-07-28,9.158730506896972e-05,0.02203193503765753,0.012548756829294232,0.020207940762292816,0.0019155815804336833,0.0013801390623941717,1.493073349791211
2022-07-29,297.1499938964844,357.990966796875,0.0578497698579101,0.0146522218618228,0.0232020479751136,0.0346477218827964,0.0218788917507795,0.2763884450313245,Train,2.2980000972747803,2022-07-29,9.119048005058652e-05,0.05775857937785951,0.014561031381772215,0.023212017444042346,0.03463775241386775,0.0013801390623941717,1.493073349791211
2022-08-01,297.27667236328125,356.9136047363281,0.0004263115241422,-0.0030094671666901,-0.0031510274528073,0.0035773389769496,0.0422690987616644,0.5339708524859662,Train,2.265000104904175,2022-08-01,8.988095654381647e-05,0.0003364305675983835,-0.0030993481232339166,-0.0031575340655879787,0.0035838455897301788,0.0013801390623941717,1.493073349791211
2022-08-02,300.586669921875,354.6076354980469,0.0111344005982036,-0.0064608611374867,-0.008300865925053,0.0194352665232566,0.0808159763861716,1.0209201773790193,Train,2.4630000591278076,2022-08-02,9.773809758443682e-05,0.011036662500619163,-0.006558599235071137,-0.008314592569867127,0.01944899316807073,0.0013801390623941717,1.493073349791211
2022-08-03,307.39666748046875,360.14581298828125,0.0226556871612562,0.0156177615365107,0.0246427335083388,-0.0019870463470826,0.0575966860466273,0.7275989422461274,Train,2.427999973297119,2022-08-03,9.634920528956822e-05,0.02255933795596663,0.015521412331221132,0.024651095370550685,-0.001995408209294485,0.0013801390623941717,1.493073349791211
2022-08-04,308.6333312988281,359.8622436523437,0.0040230228534861,-0.0007873736850766,0.0001645669410422,0.0038584559124438,0.0595317369483639,0.7520437686056884,Train,2.378000020980835,2022-08-04,9.436508019765218e-05,0.0039286577732884475,-0.0008817387652742521,0.0001580034906830301,0.0038650193628030696,0.0013801390623941717,1.493073349791211
2022-08-05,288.1700134277344,359.1156921386719,-0.0663030068235908,-0.0020745480439817,-0.001756030965214,-0.0645469758583767,-0.0396629607928092,-0.5010484161508019,Train,2.4100000858306885,2022-08-05,9.563492404090033e-05,-0.0663986417476317,-0.0021701829680226005,-0.0017644683672902648,-0.06453853845630055,0.0013801390623941717,1.493073349791211
2022-08-08,290.42333984375,358.7943725585937,0.0078194340528796,-0.0008947522681744,4.346936310424716e-06,0.0078150871165692,-0.0354252126531896,-0.4475144148821077,Train,2.4600000381469727,2022-08-08,9.761904913281637e-05,0.007721815003746784,-0.0009923713173072162,-3.9250554416138655e-06,0.007823359108321213,0.0013801390623941717,1.493073349791211
2022-08-09,283.3333435058594,357.3767395019531,-0.024412625864385,-0.0039511017035506,-0.0045560440361792,-0.0198565818282057,-0.0747170610046521,-0.9438746963794736,Train,2.569999933242798,2022-08-09,0.00010198412433503166,-0.024514609988720033,-0.004053085827885631,-0.00456943124730328,-0.01984319461708172,0.0013801390623941717,1.493073349791211
2022-08-10,294.3566589355469,364.8618469238281,0.038905817766766,0.0209445847883282,0.0325909073619111,0.0063149104048548,-0.0664151042527145,-0.8389989584525939,Train,2.5350000858306885,2022-08-10,0.0001005952415012178,0.03880522252526478,0.020843989546826983,0.03260233959958934,0.006303478167176663,0.0013801390623941717,1.493073349791211
2022-08-11,286.6300048828125,364.8618469238281,-0.0262492925442064,0.0,0.0013394103028117,-0.0275887028470182,-0.0978622630121766,-1.2362599993310115,Train,2.490000009536743,2022-08-11,9.880952418796599e-05,-0.026348102068394365,-9.880952418796599e-05,0.0013314187193115357,-0.027580711263517934,0.0013801390623941717,1.493073349791211
2022-08-12,300.0299987792969,371.1088562011719,0.0467501436284136,0.0171215744534887,0.0268865786562533,0.0198635649721603,-0.0134517221816395,-0.1699309370477719,Train,2.5,2022-08-12,9.92063492063492e-05,0.04665093727920725,0.01702236810428235,0.026894989578440436,0.019855154049973164,0.0013801390623941717,1.493073349791211
2022-08-15,309.32000732421875,372.6966552734375,0.0309635989158392,0.0042785264909035,0.0077234164504181,0.0232401824654211,0.0019733731672123,0.0249289382371442,Train,2.513000011444092,2022-08-15,9.972222267635285e-05,0.03086387669316285,0.004178804268227147,0.00771912257195424,0.023244476343884962,0.0013801390623941717,1.493073349791211
2022-08-16,306.5633239746094,373.34869384765625,-0.0089120757931442,0.0017495154973696,0.0039498692340083,-0.0128619450271526,0.0089680099682654,0.1132897570127608,Train,2.5980000495910645,2022-08-16,0.00010309524006313749,-0.009015171033207337,0.0016464202573064626,0.003941460511197977,-0.012853536304342177,0.0013801390623941717,1.493073349791211
2022-08-17,303.9966735839844,370.7969970703125,-0.0083723335112244,-0.0068346208769246,-0.0088585542972933,0.0004862207860688,0.0031393203494794,0.0396579442748469,Train,2.568000078201294,2022-08-17,0.00010190476500798786,-0.008474238276232388,-0.0069365256419325885,-0.008874697748710761,0.0005023642374863604,0.0013801390623941717,1.493073349791211
2022-08-18,302.8699951171875,371.9405212402344,-0.0037062197211366,0.0030839628663579,0.0059410033839056,-0.0096472231050422,0.0210808000914554,0.2663064301273838,Train,2.565000057220459,2022-08-18,0.00010178571655636741,-0.003808005437692967,0.0029821771498015326,0.00593453400567552,-0.00964075372681212,0.0013801390623941717,1.493073349791211
2022-08-19,296.6666564941406,366.8087158203125,-0.0204818526861555,-0.0137973819115214,-0.0192477173289316,-0.0012341353572238,-1.690023792880538e-05,-0.0002134948394557,Train,2.5799999237060547,2022-08-19,0.00010238094935341486,-0.020584233635508913,-0.013899762860874814,-0.01927084548424224,-0.0012110072019132605,0.0013801390623941717,1.493073349791211
2022-08-22,289.913330078125,359.07794189453125,-0.0227640224075839,-0.0210757639945728,-0.0301078197641081,0.0073437973565242,-0.0159132853468257,-0.2010270100720346,Train,2.6480000019073486,2022-08-22,0.00010507936515505352,-0.022869101772738952,-0.021180843359727853,-0.030139334318962565,0.007375311911378666,0.0013801390623941717,1.493073349791211
2022-08-23,296.4533386230469,358.227294921875,0.0225584954757323,-0.0023689758501125,-0.0021953478488097,0.024753843324542,0.0217025030048689,0.274160187231131,Train,2.703000068664551,2022-08-23,0.00010726190748668851,0.02245123356824561,-0.0024762377575991887,-0.002209803633737237,0.024768299109469535,0.0013801390623941717,1.493073349791211
2022-08-24,297.0966796875,359.3141174316406,0.0021701258870663,0.0030338908429705,0.0058662907215421,-0.0036961648344758,0.0175201173843241,0.2213255614488383,Train,2.7130000591278076,2022-08-24,0.00010765873250507173,0.002062467154561228,0.002926232110465428,0.005856876974338465,-0.0036867510872721655,0.0013801390623941717,1.493073349791211
2022-08-25,296.07000732421875,364.5499572753906,-0.0034556844067095,0.0145717621149303,0.0230819936713976,-0.0265376780781071,0.0006296624112593,0.0079543066771851,Train,2.7300000190734863,2022-08-25,0.00010833333409021771,-0.0035640177407997176,0.014463428780840082,0.0230834324557599,-0.0265391168624694,0.0013801390623941717,1.493073349791211
2022-08-26,288.0899963378906,352.0558166503906,-0.0269531218594168,-0.0342727803848338,-0.0497991396483274,0.0228460177889105,0.0247098155573937,0.3121505228287243,Train,2.755000114440918,2022-08-26,0.0001093254013667031,-0.027062447260783506,-0.034382105786200504,-0.04984554139531729,0.02289241953590049,0.0013801390623941717,1.493073349791211
2022-08-29,284.82000732421875,349.7309265136719,-0.0113505816072718,-0.0066037543672442,-0.0085140774732723,-0.0028365041339995,0.01452951406687,0.1835463078178942,Train,2.7980000972747803,2022-08-29,0.00011103174989185636,-0.011461613357163657,-0.006714786117136056,-0.008534497388757821,-0.0028160842185139794,0.0013801390623941717,1.493073349791211
2022-08-30,277.70001220703125,345.9316101074219,-0.0249982267189629,-0.0108635414206111,-0.0148701224326774,-0.0101281042862854,-0.0203524335439574,-0.2571052283586224,Train,2.872999906539917,2022-08-30,0.00011400793279920305,-0.025112234651762103,-0.010977549353410304,-0.01489613939040129,-0.010102087328561611,0.0013801390623941717,1.493073349791211
2022-08-31,275.6099853515625,343.2098388671875,-0.0075262036859782,-0.0078679460353137,-0.0104003828164475,0.0028741791304693,-0.0137820895790121,-0.174104353703833,Train,2.859999895095825,2022-08-31,0.00011349205932919941,-0.007639695745307399,-0.0079814380946429,-0.010423241390396283,0.0028970377044180828,0.0013801390623941717,1.493073349791211
2022-09-01,277.1600036621094,344.2682189941406,0.005623955563764,0.0030837697731698,0.0059407152688028,-0.0003167597050387,0.0124388287940561,0.1571354064712881,Train,2.86299991607666,2022-09-01,0.00011361110778081984,0.00551034445598318,0.00297015866538898,0.005928414918118709,-0.00030445935435470875,0.0013801390623941717,1.493073349791211
2022-09-02,270.2099914550781,340.65802001953125,-0.0250758122211028,-0.0104865880015222,-0.0143076687585114,-0.0107681434625914,-0.0211753324574457,-0.26750062469349,Train,2.819999933242798,2022-09-02,0.00011190475925566658,-0.025187716980358467,-0.010598492760777867,-0.01433228326742267,-0.010743528953680128,0.0013801390623941717,1.493073349791211
2022-09-06,274.4200134277344,339.5144958496094,0.0155805562554711,-0.0033568097702684,-0.0036692987130843,0.0192498549685555,0.0009110266451092,0.0115086833781187,Train,2.8450000286102295,2022-09-06,0.00011289682653215196,0.015467659428938949,-0.003469706596800552,-0.00368749056235134,0.01926804681782244,0.0013801390623941717,1.493073349791211
2022-09-07,283.70001220703125,345.6008605957031,0.033816771099826,0.0179266712334713,0.0280878667174012,0.0057289043824248,0.0167680353138195,0.2118247697099103,Train,2.933000087738037,2022-09-07,0.00011638889237055703,0.03370038220745544,0.01781028234110074,0.028088585870519267,0.00572818522930673,0.0013801390623941717,1.493073349791211
2022-09-08,289.260009765625,347.85968017578125,0.0195981576290391,0.0065359200095296,0.0110916821678596,0.0085064754611795,0.0224003316445297,0.2829756142103019,Train,2.950000047683716,2022-09-08,0.00011706349395570301,0.019481094135083397,0.006418856515573897,0.011081026155886934,0.008517131473152166,0.0013801390623941717,1.493073349791211
2022-09-09,299.67999267578125,353.2277526855469,0.0360228948294618,0.015431718062447,0.0243651373114543,0.0116577575180075,0.034374848867576,0.4342455337737854,Train,2.9679999351501465,2022-09-09,0.00011777777520437089,0.035905117054257425,0.015313940287242629,0.024362752960774472,0.011660141868687326,0.0013801390623941717,1.493073349791211
2022-09-12,304.4200134277344,357.112060546875,0.0158169409630266,0.0109966100675731,0.0177474952880216,-0.0019305543249949,0.0432124380051725,0.5458877297035208,Train,2.994999885559082,2022-09-12,0.00011884920180790008,0.0156980917612187,0.010877760865765201,0.017740283118277866,-0.0019233421552512647,0.0013801390623941717,1.493073349791211
2022-09-13,292.1300048828125,341.5370178222656,-0.0403718809632054,-0.0436138804742635,-0.0637370317060513,0.0233651507428459,0.0473277337794628,0.5978748327458665,Train,3.1530001163482666,2022-09-13,0.00012511905223604232,-0.040497000015441445,-0.04373899952649954,-0.06380027642491665,0.023428395461711243,0.0013801390623941717,1.493073349791211
2022-09-14,302.6099853515625,342.8128356933594,0.0358743720041836,0.003735518566124,0.0069131921974279,0.0289611798067557,0.0705600092037937,0.8913601039475704,Train,3.128000020980835,2022-09-14,0.00012412698495955693,0.035750245019224046,0.0036113915811644428,0.006896338572850701,0.0289780334313329,0.0013801390623941717,1.493073349791211
2022-09-15,303.75,338.9852905273437,0.0037672737306175,-0.0111651162602304,-0.0153201034329554,0.019087377163573,0.0811409109061872,1.0250249623812535,Train,3.0950000286102295,2022-09-15,0.0001228174614527869,0.003644456269164713,-0.011287933721683187,-0.015350756490207729,0.019118030220825227,0.0013801390623941717,1.493073349791211
2022-09-16,303.3500061035156,336.320068359375,-0.0013168523341049,-0.0078623534485009,-0.010392038095743,0.009075185761638,0.0785583391498177,0.992400229828274,Train,3.069999933242798,2022-09-16,0.00012182539417630151,-0.0014386777282812016,-0.007984178842677202,-0.01041900019339769,0.00910214785929279,0.0013801390623941717,1.493073349791211
2022-09-19,309.07000732421875,338.90020751953125,0.018856110452001,0.0076716776752057,0.0127863506326413,0.0060697598193597,0.0865586532941724,1.093465421397748,Train,3.0350000858306885,2022-09-19,0.00012043651134248764,0.018735673940658514,0.007551241163863213,0.01277513251334719,0.006080977938653812,0.0013801390623941717,1.493073349791211
2022-09-20,308.7300109863281,335.0819702148437,-0.0011000625419275,-0.0112665534572369,-0.0154714582722119,0.0143713957302844,0.077564898281611,0.9798504361768452,Train,3.243000030517578,2022-09-20,0.00012869047740149119,-0.0012287530193289913,-0.01139524393463839,-0.015505105493382857,0.014405042951455357,0.0013801390623941717,1.493073349791211
2022-09-21,300.79998779296875,329.18463134765625,-0.0256859485996343,-0.0175996901994049,-0.0249211564291806,-0.0007647921704537,0.0478389263044015,0.6043325504716466,Train,3.190000057220459,2022-09-21,0.00012658730385795472,-0.025812535903492254,-0.017726277503262854,-0.024959906164873126,-0.0007260424347611746,0.0013801390623941717,1.493073349791211
2022-09-22,288.5899963378906,326.4060363769531,-0.0405917285591177,-0.0084408405074312,-0.0112552009038671,-0.0293365276552506,-0.000584978514422,-0.0073898305188194,Train,3.130000114440918,2022-09-22,0.00012420635374765549,-0.040715934912865355,-0.008565046861178855,-0.011283897791997184,-0.029307830767120513,0.0013801390623941717,1.493073349791211
2022-09-23,275.3299865722656,320.981201171875,-0.0459475724518868,-0.0166198985327992,-0.0234592054429512,-0.0224883670089355,-0.0321485312849957,-0.4061212365376903,Train,3.1080000400543213,2022-09-23,0.00012333333492279053,-0.046070905786809585,-0.016743231867721992,-0.023495400893753664,-0.022452171558133133,0.0013801390623941717,1.493073349791211
2022-09-26,276.010009765625,317.8719177246094,0.0024698479153155,-0.0096868085604823,-0.0131143147196424,0.0155841626349579,-0.0226341284693975,-0.2859290883448484,Train,3.1649999618530273,2022-09-26,0.00012559523658146933,0.0023442526787340306,-0.009812403797063768,-0.013144904307810358,0.015614752223125857,0.0013801390623941717,1.493073349791211
2022-09-27,282.94000244140625,316.9740600585937,0.0251077585253733,-0.002824589452389,-0.0028751706906339,0.0279829292160073,-0.0090225949836746,-0.1139793105652347,Train,3.25,2022-09-27,0.00012896825396825398,0.02497879027140505,-0.0029535577063572543,-0.0029007709820700455,0.02800852950744335,0.0013801390623941717,1.493073349791211
2022-09-28,287.8099975585937,323.2000732421875,0.0172121123742339,0.0196420274341782,0.0306473564281531,-0.0134352440539192,-0.02169304686714,-0.2740407311255547,Train,3.2300000190734863,2022-09-28,0.00012817460393148755,0.017083937770302413,0.019513852830246713,0.030643927278914823,-0.013431814904680924,0.0013801390623941717,1.493073349791211
2022-09-29,268.2099914550781,316.46051025390625,-0.068100504741936,-0.0208526035302938,-0.0297748411606358,-0.0383256635813002,-0.0306821827931896,-0.3875973650298995,Train,3.2179999351501465,2022-09-29,0.00012769841012500582,-0.068228203152061,-0.020980301940418805,-0.02981729222529297,-0.03828321251664303,0.0013801390623941717,1.493073349791211
2022-09-30,265.25,311.6382751464844,-0.0110360968993725,-0.0152380311323926,-0.0213973156783025,0.0103612187789299,0.0021674029946758,0.0273800496971403,Train,3.180000066757202,2022-09-30,0.00012619047883957152,-0.011162287378212073,-0.015364221611232172,-0.02143358028678319,0.010397483387410691,0.0013801390623941717,1.493073349791211
2022-10-03,242.3999938964844,319.8778381347656,-0.0861451690990221,0.0264395090250331,0.0407899053539387,-0.1269350744529609,-0.140351834093243,-1.7730160020990884,Train,3.1500000953674316,2022-10-03,0.0001250000037844219,-0.08627016910280652,0.02631450902124868,0.0407946311986454,-0.1269398002976675,0.0013801390623941717,1.493073349791211
2022-10-04,249.44000244140625,329.5886535644531,0.0290429402730441,0.0303578875182852,0.0466365332625783,-0.0175935929895342,-0.1859283562987846,-2.3487683869005926,Train,3.315000057220459,2022-10-04,0.00013154762131827217,0.028911392651725827,0.030226339896966926,0.04664182924560458,-0.01759888897256048,0.0013801390623941717,1.493073349791211
2022-10-05,240.80999755859372,329.0190124511719,-0.0345975176328813,-0.0017283395745595,-0.0012394519509567,-0.0333580656819246,-0.20585117792679,-2.6004464770490414,Train,3.2929999828338623,2022-10-05,0.00013067460249340722,-0.034728192235374704,-0.0018590141770529073,-0.0012648308597541567,-0.03333268677312714,0.0013801390623941717,1.493073349791211
2022-10-06,238.1300048828125,325.5543212890625,-0.0111290756320412,-0.010530367641364,-0.0143729925307223,0.0032439168986811,-0.1642815974468086,-2.075312396203416,Train,3.2880001068115234,2022-10-06,0.000130476194714743,-0.011259551826755943,-0.010660843836078744,-0.014406806560826161,0.0032777309287849617,0.0013801390623941717,1.493073349791211
2022-10-07,223.07000732421875,316.4130859375,-0.0632427550068921,-0.0280789863742767,-0.0405573553273768,-0.0226853996795152,-0.1973282159052539,-2.492778856265211,Train,3.2929999828338623,2022-10-07,0.00013067460249340722,-0.06337342960938551,-0.028209660976770107,-0.04060827934617296,-0.022634475660719133,0.0013801390623941717,1.493073349791211
2022-10-10,222.9600067138672,314.0494079589844,-0.0004931214719139,-0.0074702282666732,-0.0098069465749257,0.0093138251030118,-0.0610793163492811,-0.7715938019919436,Train,3.2850000858306885,2022-10-10,0.00013035714626312257,-0.0006234786181770226,-0.007600585412936322,-0.009837735314209754,0.009344613842295854,0.0013801390623941717,1.493073349791211
2022-10-11,216.5,311.98004150390625,-0.0289738362008463,-0.006589302200972,-0.0084925133393295,-0.0204813228615168,-0.0639670462212636,-0.8080734910949957,Train,3.3399999141693115,2022-10-11,0.00013253967913370285,-0.029106375879980002,-0.006721841880105703,-0.008523524231168398,-0.020450311969677903,0.0013801390623941717,1.493073349791211
2022-10-12,217.2400054931641,311.01190185546875,0.0034180392293952,-0.0031032102046354,-0.0032909018071698,0.006708941036565,-0.023900039502774,-0.3019209030148241,Train,3.5329999923706055,2022-10-12,0.00014019841239565895,0.003277840816999541,-0.003243408617031059,-0.0033223094937824115,0.006740348723177612,0.0013801390623941717,1.493073349791211
2022-10-13,221.72000122070312,319.15643310546875,0.0206223329693298,0.0261872012016597,0.040413435861713,-0.0197911028923832,-0.0469350592938384,-0.5929143122715442,Train,3.5829999446868896,2022-10-13,0.00014218253748757498,0.020480150431842224,0.026045018664172123,0.04040944486217183,-0.01978711189284203,0.0013801390623941717,1.493073349791211
2022-10-14,204.9900054931641,311.9705505371094,-0.0754555098116105,-0.0225152364890126,-0.0322556623153583,-0.0431998474962522,-0.0674495071105754,-0.8520662107008676,Train,3.628000020980835,2022-10-14,0.0001439682548008268,-0.07559947806641133,-0.022659204743813426,-0.032307747413255414,-0.04314776239835509,0.0013801390623941717,1.493073349791211
2022-10-17,219.3500061035156,319.8967590332031,0.0700521987684439,0.0254069125513529,0.0392491641080949,0.030803034660349,-0.0459602975532382,-0.5806004855553936,Train,3.687999963760376,2022-10-17,0.00014634920491112604,0.06990584956353278,0.025260563346441774,0.0392423622005902,0.0308098365678537,0.0013801390623941717,1.493073349791211
2022-10-18,220.19000244140625,323.6653137207031,0.0038294794370519,0.0117805341288526,0.0189171914526018,-0.0150877120155499,-0.0405666867072713,-0.5124648719328359,Train,3.8329999446868896,2022-10-18,0.00015210317240820992,0.00367737626464369,0.01162843095644439,0.018894342595756623,-0.015064863158704722,0.0013801390623941717,1.493073349791211
2022-10-19,222.0399932861328,321.4250793457031,0.0084017931069275,-0.0069214533656614,-0.0089881173940945,0.017389910501022,-0.0298857172428142,-0.3775358921958636,Train,3.8929998874664307,2022-10-19,0.00015448412251850915,0.00824730898440899,-0.007075937488179909,-0.009030270503477303,0.0174320636104048,0.0013801390623941717,1.493073349791211
2022-10-20,207.27999877929688,318.7861328125,-0.0664744863679374,-0.0082101450782091,-0.0109109793496686,-0.0555635070182688,-0.0656581213686998,-0.8294362564377303,Train,3.890000104904175,2022-10-20,0.00015436508352794344,-0.06662885145146534,-0.008364510161737043,-0.010954323060625234,-0.055520163307312166,0.0013801390623941717,1.493073349791211
2022-10-21,214.44000244140625,326.4465637207031,0.0345426654972775,0.0240300004288729,0.0371946681330635,-0.0026520026357859,-0.0251102765082335,-0.3172094070153253,Train,3.884999990463257,2022-10-21,0.00015416666628822448,0.034388498830989274,0.023875833762584675,0.03718267682364279,-0.0026400113263652936,0.0013801390623941717,1.493073349791211
2022-10-24,211.25,330.42401123046875,-0.0148759671940308,0.0121840691610666,0.0195193076559036,-0.0343952748499344,-0.090308586018517,-1.1408370198525344,Train,3.9130001068115234,2022-10-24,0.0001552777820163303,-0.015031244976047131,0.012028791379050269,0.019495284682668725,-0.034371251876699524,0.0013801390623941717,1.493073349791211
2022-10-25,222.4199981689453,335.7967224121094,0.0528757309772558,0.01626005071978,0.0256010957162743,0.0272746352609814,-0.0479462387419856,-0.6056881912460623,Train,3.9649999141693115,2022-10-25,0.00015734126643529014,0.05271838971082051,0.016102709453344712,0.025580006673049452,0.027295724304206348,0.0013801390623941717,1.493073349791211
2022-10-26,224.63999938964844,333.2906188964844,0.0099811223764909,-0.0074631565716992,-0.0097963948711362,0.0197775172476272,-0.0455586319953805,-0.5755263839864703,Train,3.930000066757202,2022-10-26,0.00015595238360147627,0.009825169992889423,-0.007619108955300676,-0.009839797084319346,0.019820919460810243,0.0013801390623941717,1.493073349791211
2022-10-27,225.08999633789065,331.5061340332031,0.0020031915485436,-0.0053541406871565,-0.0066495240031059,0.0086527155516496,0.0186575905745379,0.2356948654286343,Train,3.930000066757202,2022-10-27,0.00015595238360147627,0.0018472391649421236,-0.0055100930707579765,-0.006690881672822304,0.008694073221365905,0.0013801390623941717,1.493073349791211
2022-10-28,228.5200042724609,339.2424621582031,0.0152383846033805,0.0233369079204583,0.0361605020845453,-0.0209221174811647,0.0003874757291591,0.0048948463884543,Train,3.9700000286102295,2022-10-28,0.0001575396836750091,0.015080844919705492,0.02317936823678329,0.0361461757254072,-0.020907791122026703,0.0013801390623941717,1.493073349791211
2022-10-31,227.5399932861328,336.9358215332031,-0.0042885129004271,-0.0067993865223284,-0.0088059809786923,0.0045174680782651,0.0393002186573588,0.4964660206663085,Train,3.9749999046325684,2022-10-31,0.00015773809145367334,-0.0044462509918807725,-0.006957124613782074,-0.008849620198166642,0.004561107297739542,0.0013801390623941717,1.493073349791211
2022-11-01,227.82000732421875,335.57843017578125,0.0012306146011606,-0.0040286347448755,-0.0046717313910463,0.005902345992207,0.0179279293885843,0.2264773089416495,Train,4.050000190734863,2022-11-01,0.0001607142932831295,0.0010699003078774704,-0.00418934903815863,-0.004714152046170793,0.005944766647331393,0.0013801390623941717,1.493073349791211
2022-11-02,214.97999572753903,327.01617431640625,-0.0563603335259602,-0.0255149171980152,-0.0367314976591017,-0.0196288358668584,-0.0214784237259013,-0.2713294714808523,Train,4.025000095367432,2022-11-02,0.0001597222260066441,-0.05652005575196684,-0.025674639424021845,-0.03679425860110497,-0.01956607492485523,0.0013801390623941717,1.493073349791211
2022-11-03,215.30999755859372,323.53240966796875,0.0015350350619269,-0.010653187585354,-0.0145562526505668,0.0160912877124938,-0.0140398515650571,-0.177360571400903,Train,4.025000095367432,2022-11-03,0.0001597222260066441,0.0013753128359202558,-0.010812909811360643,-0.01460460618463767,0.01613964124656457,0.0013801390623941717,1.493073349791211
2022-11-04,207.47000122070312,328.2691955566406,-0.0364125977743187,0.0146408388993644,0.0231850634122117,-0.0595976611865304,-0.0527153952704228,-0.6659352902317224,Train,4.013000011444092,2022-11-04,0.0001592460322001624,-0.03657184380651886,0.014481592867164238,0.02316146546708375,-0.05957406324140245,0.0013801390623941717,1.493073349791211
2022-11-07,197.0800018310547,331.4206237792969,-0.0500795263340059,0.009600133869742,0.0156638076794736,-0.0657433340134795,-0.1229761973621676,-1.553515614591573,Train,3.9830000400543213,2022-11-07,0.00015805555714501276,-0.05023758189115091,0.009442078312596986,0.01563591011471931,-0.06571543644872521,0.0013801390623941717,1.493073349791211
2022-11-08,191.3000030517578,333.2242431640625,-0.0293281851308877,0.005442085541323,0.0094595674703485,-0.0387877526012362,-0.1676662959556109,-2.118070117590943,Train,4.090000152587891,2022-11-08,0.00016230159335666234,-0.029490486724244362,0.005279783947966337,0.009425545361114798,-0.038753730492002494,0.0013801390623941717,1.493073349791211
2022-11-09,177.58999633789062,326.4180908203125,-0.0716675718513074,-0.0204251415777062,-0.0291370235056583,-0.042530548345649,-0.1905680084344015,-2.4073795018444613,Train,4.0929999351501465,2022-11-09,0.00016242063234722803,-0.07182999248365463,-0.020587562210053426,-0.029196180778258016,-0.04247139107304938,0.0013801390623941717,1.493073349791211
2022-11-10,190.72000122070312,344.2829895019531,0.0739343721694254,0.0547301120374328,0.0830024249993438,-0.0090680528299184,-0.2157273489768137,-2.725208717772783,Train,4.054999828338623,2022-11-10,0.000160912691600739,0.07377345947782467,0.054569199345832056,0.08301686901670073,-0.009082496847275329,0.0013801390623941717,1.493073349791211
2022-11-11,195.97000122070312,347.5768737792969,0.0275272649244828,0.0095673744500381,0.0156149272209265,0.0119123377035562,-0.144217350086727,-1.8218477238724136,Train,4.063000202178955,2022-11-11,0.00016123016675313314,0.027366034757729665,0.009406144283284967,0.015585432582811039,0.01194183234167176,0.0013801390623941717,1.493073349791211
2022-11-14,190.9499969482422,344.7860717773437,-0.0256161873816971,-0.0080293086579897,-0.0106411526182352,-0.0149750347634619,-0.0934490508367093,-1.1805094218033705,Train,4.067999839782715,2022-11-14,0.00016142856507074264,-0.02577761594676784,-0.008190737223060442,-0.0106878038354295,-0.014928383546267599,0.0013801390623941717,1.493073349791211
2022-11-15,194.4199981689453,347.6337585449219,0.018172303095892,0.0082592859766594,0.0136631232824872,0.0045091798134048,-0.0501521184220683,-0.6335543035541742,Train,4.130000114440918,2022-11-15,0.00016388889343019517,0.018008414202461805,0.008095397083229205,0.013631049596771395,0.0045412534991206045,0.0013801390623941717,1.493073349791211
2022-11-16,186.9199981689453,344.99493408203125,-0.0385762785239958,-0.0075908176292655,-0.0099868784355235,-0.0285894000884722,-0.0362109701648914,-0.4574406167804841,Train,4.125,2022-11-16,0.0001636904761904762,-0.038739969000186274,-0.007754508105455976,-0.010034219854411603,-0.028542058669584196,0.0013801390623941717,1.493073349791211
2022-11-17,183.1699981689453,343.99822998046875,-0.0200620588312364,-0.0028890398179746,-0.0029713373337501,-0.0170907214974863,-0.0442336388324594,-0.5587882052821562,Train,4.11299991607666,2022-11-17,0.00016321428238399446,-0.020225273113620393,-0.003052254100358594,-0.003013885909258199,-0.017048172921978202,0.0013801390623941717,1.493073349791211
2022-11-18,180.19000244140625,345.5169982910156,-0.0162690165274254,0.0044150468757735,0.0079271190518012,-0.0241961355792266,-0.0803421121152423,-1.0149340145290031,Train,4.135000228881836,2022-11-18,0.00016408731066991413,-0.016433103838095313,0.004250959565103586,0.007891220810760286,-0.024160237338185685,0.0013801390623941717,1.493073349791211
2022-11-21,167.8699951171875,344.3019104003906,-0.0683723134319005,-0.00351672391412,-0.0039079072339404,-0.06446440619796,-0.1298314835497405,-1.6401160654375573,Train,4.0980000495910645,2022-11-21,0.00016261904958694698,-0.06853493248148745,-0.003679342963706947,-0.0039507708118715346,-0.06442154262002897,0.0013801390623941717,1.493073349791211
2022-11-22,169.91000366210938,348.8868713378906,0.0121523119333968,0.0133166874739909,0.021209291880139,-0.0090569799467422,-0.1433976433098875,-1.811492652691798,Train,4.197999954223633,2022-11-22,0.00016658729977077908,0.011985724633626021,0.01315010017422012,0.02118079047937777,-0.009028478545980972,0.0013801390623941717,1.493073349791211
2022-11-23,183.1999969482422,351.0700988769531,0.0782178388540435,0.0062576947383843,0.0106765411502248,0.0675412977038186,-0.0472669455175966,-0.59710691573413,Train,4.199999809265137,2022-11-23,0.0001666666590978229,0.07805117219494567,0.006091028079286478,0.010641157419504582,0.06757668143453892,0.0013801390623941717,1.493073349791211
2022-11-25,182.8600006103516,351.0321044921875,-0.0018558752377418,-0.0001082244967235,0.0011779281070432,-0.0030338033447851,-0.0332100273648954,-0.419530748055561,Train,4.175000190734863,2022-11-25,0.00016567461074344696,-0.002021549848485247,-0.000273899107466947,0.0011368622152471211,-0.002992737452988921,0.0013801390623941717,1.493073349791211
2022-11-28,182.9199981689453,345.4790954589844,0.0003281065208,-0.0158190916504239,-0.0222643183548384,0.0225924248756385,0.0135785330899697,0.1715328952349428,Train,4.183000087738037,2022-11-28,0.00016599206697373163,0.00016211445382626838,-0.01598508371739763,-0.022320771363259922,0.02264887788405992,0.0013801390623941717,1.493073349791211
2022-11-29,180.8300018310547,344.8714904785156,-0.0114257399891306,-0.0017587315367417,-0.0012847999168561,-0.0101409400722745,0.0679019992156553,0.8577823863982738,Train,4.252999782562256,2022-11-29,0.00016876983264135935,-0.011594509821771959,-0.0019275013693830594,-0.00132899203127638,-0.01009674795785422,0.0013801390623941717,1.493073349791211
2022-11-30,194.6999969482422,355.4841003417969,0.0767018469100382,0.0307726505561711,0.0472554028171535,0.0294464440928847,0.1064054232552822,1.344182777236856,Train,4.252999782562256,2022-11-30,0.00016876983264135935,0.07653307707739684,0.030603880723529743,0.04724274760352676,0.029459099306511444,0.0013801390623941717,1.493073349791211
2022-12-01,194.6999969482422,355.5316162109375,0.0,0.0001336652443666,0.0015388527378585,-0.0015388527378585,0.037325272813605,0.4715172153523135,Train,4.192999839782715,2022-12-01,0.00016638888253106012,-0.00016638888253106012,-3.2723638164460124e-05,0.0014976691528736658,-0.0014976691528736658,0.0013801390623941717,1.493073349791211
2022-12-02,194.8600006103516,355.0189208984375,0.0008217959148295,-0.0014420526589562,-0.0008122821220269,0.0016340780368565,0.0419931541952467,0.5304849405624646,Train,4.208000183105469,2022-12-02,0.00016698413425021702,0.000654811780579283,-0.001609036793206417,-0.0008552867581256246,0.0016770826729551247,0.0013801390623941717,1.493073349791211
2022-12-05,182.4499969482422,348.6969299316406,-0.0636867680552091,-0.0178074761502794,-0.0252311946609384,-0.0384555733942706,-0.0190548440746624,-0.2407132310036983,Train,4.1579999923706055,2022-12-05,0.00016499999969724625,-0.06385176805490635,-0.017972476149976647,-0.025289086107196858,-0.03839768194801225,0.0013801390623941717,1.493073349791211
2022-12-06,179.82000732421875,343.65643310546875,-0.0144148515648894,-0.0144552371802069,-0.0202293057539308,0.0058144541890413,-0.0030994498133465,-0.0391542736314769,Train,4.21999979019165,2022-12-06,0.0001674603091345893,-0.01458231187402399,-0.01462269748934149,-0.02028516055186587,0.005870308986976469,0.0013801390623941717,1.493073349791211
2022-12-07,174.0399932861328,342.99200439453125,-0.0321433311236856,-0.001933409786435,-0.0015454380179094,-0.0305978931057762,-0.0631437870120074,-0.7976735432687565,Train,4.183000087738037,2022-12-07,0.00016599206697373163,-0.03230932319065933,-0.0020994018534087316,-0.0015884298284589485,-0.03055490129522665,0.0013801390623941717,1.493073349791211
2022-12-08,173.44000244140625,345.6973876953125,-0.0034474308657329,0.0078875987373436,0.0131085272958025,-0.0165559581615355,-0.0781608924356845,-0.987379423447705,Train,4.150000095367432,2022-12-08,0.00016468254346696157,-0.0036121134091998616,0.0077229161938766385,0.013075701957609315,-0.016523132823342217,0.0013801390623941717,1.493073349791211
2022-12-09,179.0500030517578,343.17236328125,0.0323454827685834,-0.0073041466436766,-0.0095591355342628,0.0419046183028462,-0.0378903521696947,-0.4786556667111844,Train,4.172999858856201,2022-12-09,0.0001655952324942937,0.03217988753608911,-0.007469741876170894,-0.009607138230241695,0.041952620998825095,0.0013801390623941717,1.493073349791211
2022-12-12,167.82000732421875,348.0705261230469,-0.0627198857086465,0.014273185623,0.0226364865174588,-0.0853563722261053,-0.0847911510015295,-1.0711371784585009,Train,4.168000221252441,2022-12-12,0.0001653968341766842,-0.06288528254282319,0.014107788788823315,0.022609499361646176,-0.08532938507029268,0.0013801390623941717,1.493073349791211
2022-12-13,160.9499969482422,350.6429748535156,-0.040936777953442,0.0073905962654228,0.0123669479593501,-0.0533037259127922,-0.1439093311033631,-1.817956626973091,Train,4.248000144958496,2022-12-13,0.00016857143432374985,-0.04110534938776575,0.00722202483109905,0.012331723303562286,-0.05326850125700429,0.0013801390623941717,1.493073349791211
2022-12-14,156.8000030517578,348.526123046875,-0.025784367661833,-0.0060370575156253,-0.0076685068796915,-0.0181158607821414,-0.1314272987797283,-1.6602754453091595,Train,4.21999979019165,2022-12-14,0.0001674603091345893,-0.02595182797096759,-0.0062045178247598885,-0.007716200840924763,-0.018068166820908237,0.0013801390623941717,1.493073349791211
2022-12-15,157.6699981689453,339.9543762207031,0.0055484381393815,-0.0245942735977325,-0.0353578017344756,0.0409062398738572,-0.0739651007443355,-0.9343754434263694,Train,4.2129998207092285,2022-12-15,0.00016718253256782652,0.005381255606813674,-0.024761456130300324,-0.03542334865521362,0.04097178679459512,0.0013801390623941717,1.493073349791211
2022-12-16,150.22999572753906,335.90118408203125,-0.0471871790943652,-0.0119227532345119,-0.0164505765319886,-0.0307366025623765,-0.1466063216095584,-1.85202677187634,Train,4.163000106811523,2022-12-16,0.00016519841693696523,-0.04735237751130216,-0.012087951651448867,-0.016502860985011823,-0.030684318109353376,0.0013801390623941717,1.493073349791211
2022-12-19,149.8699951171875,333.0058898925781,-0.0023963297649589,-0.0086194819389087,-0.011521752483995,0.009125422719036,-0.052124526664417,-0.6584710522304549,Train,4.163000106811523,2022-12-19,0.00016519841693696523,-0.002561528181895865,-0.008784680355845667,-0.0115708346464164,0.0091745048814575,0.0013801390623941717,1.493073349791211
2022-12-20,137.8000030517578,333.51336669921875,-0.0805364146171608,0.0015239274200355,0.0036132683795812,-0.084149682996742,-0.0829704837483668,-1.048137321027278,Train,4.230000019073486,2022-12-20,0.00016785714361402723,-0.08070427176077483,0.001356070276421473,0.003572708596177101,-0.0841091232133379,0.0013801390623941717,1.493073349791211
2022-12-21,137.57000732421875,338.5016784667969,-0.0016690545895901,0.0149568571027525,0.0236565954121828,-0.0253256500017729,-0.0901802729679983,-1.1392160856245093,Train,4.204999923706055,2022-12-21,0.00016686507633754187,-0.001835919665927642,0.014789992026414957,0.023629547076996396,-0.025298601666586495,0.0013801390623941717,1.493073349791211
2022-12-22,125.3499984741211,333.7422180175781,-0.0888275655993685,-0.0140603747395763,-0.0196401299585246,-0.0691874356408439,-0.2002739484826995,-2.529991273412862,Train,4.208000183105469,2022-12-22,0.00016698413425021702,-0.08899454973361871,-0.014227358873826517,-0.019695367175781478,-0.06913219842358702,0.0013801390623941717,1.493073349791211
2022-12-23,123.1500015258789,335.6117248535156,-0.0175508334664749,0.0056016492220922,0.0096976530638655,-0.0272484865303404,-0.1967858324506634,-2.4859271143519286,Train,4.192999839782715,2022-12-23,0.00016638888253106012,-0.017717222349005957,0.0054352603395611395,0.009661770307101098,-0.027212603773575997,0.0013801390623941717,1.493073349791211
2022-12-27,109.0999984741211,334.2763671875,-0.1140885333144338,-0.0039788766813747,-0.0045974871894601,-0.1094910461249736,-0.315402301294673,-3.984367791893755,Train,4.195000171661377,2022-12-27,0.00016646826078021336,-0.11425500157521402,-0.004145344942154914,-0.0046426967356489055,-0.1094458365787849,0.0013801390623941717,1.493073349791211
2022-12-28,112.70999908447266,330.175048828125,0.0330889153147684,-0.0122692441403567,-0.0169675769707391,0.0500564922855076,-0.1811961260124233,-2.288987764313485,Train,4.3379998207092285,2022-12-28,0.00017214285002814398,0.03291677246474026,-0.012441386990384844,-0.017023621437360373,0.050112536752128775,0.0013801390623941717,1.493073349791211
2022-12-29,121.81999969482422,336.0313415527344,0.0808269069678893,0.0177369330159709,0.0278047575793523,0.0530221493885369,-0.1028483266221134,-1.2992472101859038,Train,4.295000076293945,2022-12-29,0.00017043651096404543,0.08065647045692526,0.017566496505006857,0.027778643354184406,0.05304826361370489,0.0013801390623941717,1.493073349791211
2022-12-30,123.18000030517578,335.10614013671875,0.0111640175156668,-0.0027533188176449,-0.0027688274971729,0.0139328450128398,-0.0197280459684297,-0.2492175568502687,Train,4.260000228881836,2022-12-30,0.00016904762813023158,0.010994969887536567,-0.0029223664457751317,-0.0028141207679865075,0.013978138283653307,0.0013801390623941717,1.493073349791211
2023-01-03,108.0999984741211,333.8185119628906,-0.1224224857419573,-0.0038424487635553,-0.0043939225585256,-0.1180285631834316,-0.1105081226215209,-1.3960107542286664,Train,4.255000114440918,2023-01-03,0.00016884921089051262,-0.12259133495284781,-0.004011297974445813,-0.004440173830431824,-0.11798231191152547,0.0013801390623941717,1.493073349791211
2023-01-04,113.63999938964844,336.2220764160156,0.0512488528559378,0.0072002131906698,0.0120828766272672,0.0391659762286705,0.0381488997321232,0.4819218083220224,Train,4.400000095367432,2023-01-04,0.0001746031783875965,0.0510742496775502,0.007025610012282204,0.01204449331614663,0.039204359539791164,0.0013801390623941717,1.493073349791211
2023-01-05,110.33999633789062,332.54998779296875,-0.0290390977603121,-0.010921616635617,-0.014956776688625,-0.014082321071687,-0.0259899136250714,-0.3283215573785171,Train,4.498000144958496,2023-01-05,0.00017849206924438476,-0.029217589829556485,-0.011100108704861385,-0.015014645355375413,-0.014024452404936688,0.0013801390623941717,1.493073349791211
2023-01-06,113.05999755859376,340.1136169433594,0.0246510903659427,0.0227443374771656,0.0352763254034113,-0.0106252350374686,-0.089637298051077,-1.1323568719729062,Train,4.493000030517578,2023-01-06,0.00017829365200466577,0.024472796713938035,0.022566043825160934,0.03525119135996715,-0.010600100994024447,0.0013801390623941717,1.493073349791211
2023-01-09,119.7699966430664,339.8655700683594,0.0593490114042782,-0.0007293059220304,0.0002512100778915,0.0590978013263867,-0.0444723417375301,-0.5618036562249396,Train,4.482999801635742,2023-01-09,0.00017789681752522789,0.059171114586752976,-0.0009072027395556279,0.00020351564663131472,0.05914549575764689,0.0013801390623941717,1.493073349791211
2023-01-10,118.8499984741211,342.28826904296875,-0.0076813742567518,0.007128403663019,0.0119757293495878,-0.0196571036063396,0.0538991178395619,0.6808888465617027,Train,4.565000057220459,2023-01-10,0.0001811507959214468,-0.007862525052673246,0.006947252867097554,0.011934047968439557,-0.01961542222519136,0.0013801390623941717,1.493073349791211
2023-01-11,123.22000122070312,346.6566467285156,0.036769060182475,0.0127622769479094,0.0203820537610513,0.0163870064214237,0.031120148032315,0.3931300278721718,Train,4.554999828338623,2023-01-11,0.00018075396144200885,0.03658830622103299,0.012581522986467392,0.020346029694716168,0.01642303048775883,0.0013801390623941717,1.493073349791211
2023-01-12,123.55999755859376,347.95379638671875,0.0027592625752506,0.0037418860144313,0.0069226930920057,-0.004163430516755,0.041039038587247,0.5184319292729075,Train,4.474999904632568,2023-01-12,0.00017757936129494318,0.0025816832139556566,0.003564306653136357,0.006879489697970515,-0.004120227122719915,0.0013801390623941717,1.493073349791211
2023-01-13,122.4000015258789,349.30816650390625,-0.0093881195826728,0.0038923849409082,0.0071472531301121,-0.0165353727127849,0.0351289009119307,0.4437712115085573,Train,4.48799991607666,2023-01-13,0.00017809523476494682,-0.009566214817437746,0.003714289706143253,0.007103941270805438,-0.016492060853478235,0.0013801390623941717,1.493073349791211
2023-01-17,131.49000549316406,348.7740478515625,0.0742647373690046,-0.0015290757662196,-0.0009421296414789,0.0752068670104835,0.0512379665960275,0.6472714466233613,Train,4.493000030517578,2023-01-17,0.00017829365200466577,0.07408644371699993,-0.0017073694182242658,-0.000990795062200338,0.07525553243120495,0.0013801390623941717,1.493073349791211
2023-01-18,128.77999877929688,343.10845947265625,-0.0206099825131429,-0.0162442945907417,-0.0228987653287535,0.0022887828156105,0.0731838530179777,0.9245062120808376,Train,4.53000020980835,2023-01-18,0.00017976191308763294,-0.020789744426230532,-0.016424056503829335,-0.022962420085850786,0.002352437572707887,0.0013801390623941717,1.493073349791211
2023-01-19,127.16999816894533,340.63824462890625,-0.0125019461532281,-0.0071995160001202,-0.0094030157408919,-0.0030989304123362,0.0536979161842178,0.6783471358895297,Train,4.525000095367432,2023-01-19,0.00017956349584791396,-0.012681509649076014,-0.007379079495968114,-0.009457804383178666,-0.003044141770049434,0.0013801390623941717,1.493073349791211
2023-01-20,133.4199981689453,346.9045715332031,0.0491468120625187,0.0183958407580553,0.0287879164040355,0.0203588956584831,0.0782202423594561,0.988129170433558,Train,4.538000106811523,2023-01-20,0.0001800793693179176,0.04896673269320078,0.018215761388737383,0.028757686307391613,0.020389125755127083,0.0013801390623941717,1.493073349791211
2023-01-23,143.75,351.12994384765625,0.0774246887484899,0.0121802151403724,0.0195135570565192,0.0579111316919706,0.1526667467642117,1.9285860192003572,Train,4.534999847412109,2023-01-23,0.00017996031140524242,0.07724472843708466,0.012000254828967159,0.019477360049633564,0.05794732869885634,0.0013801390623941717,1.493073349791211
2023-01-24,143.88999938964844,350.7579040527344,0.0009739087975544,-0.0010595501791874,-0.0002415486726699,0.0012154574702244,0.0786753372239525,0.9938782258872212,Train,4.572999954223633,2023-01-24,0.00018146825215173144,0.0007924405454026686,-0.0012410184313391315,-0.00029132423188624776,0.0012652330294406478,0.0013801390623941717,1.493073349791211
2023-01-25,144.42999267578125,350.88189697265625,0.0037528201294276,0.0003535000023926,0.0018668690419948,0.0018859510874328,0.0782725054957748,0.9887893924934388,Train,4.545000076293945,2023-01-25,0.00018035714588468036,0.0035724629835429196,0.00017314285650791962,0.0018190111930375505,0.0019338089363900497,0.0013801390623941717,1.493073349791211
2023-01-26,160.27000427246094,354.6303405761719,0.1096725915664733,0.010682921050805,0.0172794386765359,0.0923931528899374,0.1737645887980485,2.195107734270359,Train,4.543000221252441,2023-01-26,0.00018027778655763655,0.10949231377991567,0.010502643264247364,0.01724163360916372,0.09243095795730957,0.0013801390623941717,1.493073349791211
2023-01-27,177.89999389648438,355.6413269042969,0.1100018041682475,0.0028508173510546,0.0055931260466617,0.1044086781215858,0.2578143712611512,3.25687946132186,Train,4.547999858856201,2023-01-27,0.00018047618487524608,0.10982132798337224,0.0026703411661793543,0.005547630477342195,0.1044541736909053,0.0013801390623941717,1.493073349791211
2023-01-30,166.66000366210938,351.1967163085937,-0.0631815099494341,-0.0124974525159703,-0.0173080875824999,-0.0458734223669342,0.1540298172022463,1.9458052149040483,Train,4.534999847412109,2023-01-30,0.00017996031140524242,-0.06336147026083934,-0.012677412827375542,-0.017368207863056255,-0.04581330208637784,0.0013801390623941717,1.493073349791211
2023-01-31,173.22000122070312,356.18505859375,0.0393615589490423,0.0142038409059981,0.0225330169934099,0.0168285419556323,0.1696429016876542,2.143039891697531,Train,4.570000171661377,2023-01-31,0.00018134921316116578,0.039180209735881134,0.014022491692836933,0.02249809691979881,0.016863462029243492,0.0013801390623941717,1.493073349791211
2023-02-01,181.41000366210935,360.0860595703125,0.0472809282051165,0.0109521746699987,0.0176811930571275,0.0295997351479889,0.1973566857482103,2.493138505909016,Train,4.519999980926514,2023-02-01,0.000179365078608195,0.0471015631265083,0.010772809591390504,0.01764409904428267,0.02963682916083383,0.0013801390623941717,1.493073349791211
2023-02-02,188.2700042724609,365.24609375,0.0378148970391338,0.0143300026272745,0.0227212633922423,0.0150936336468915,0.1200571665051644,1.516640511009746,Train,4.510000228881836,2023-02-02,0.0001789682630508665,0.03763592877608293,0.014151034364223634,0.02268763960664696,0.01512725743248684,0.0013801390623941717,1.493073349791211
2023-02-03,189.97999572753903,361.3450622558594,0.0090826547844735,-0.0106805563725228,-0.0145970897251788,0.0236797445096523,0.0393282328932309,0.4968199147839655,Train,4.5229997634887695,2023-02-03,0.0001794841175987607,0.00890317066687474,-0.010860040490121561,-0.014655213853461052,0.023737868637934555,0.0013801390623941717,1.493073349791211
2023-02-06,194.75999450683597,359.2562561035156,0.025160537355481,-0.0057806411946061,-0.0072859070820245,0.0324464444375055,0.1176480996976708,1.4862076062500242,Train,4.5329999923706055,2023-02-06,0.0001798809520781986,0.0249806564034028,-0.005960522146684299,-0.007339476753582255,0.03250001410906325,0.0013801390623941717,1.493073349791211
2023-02-07,196.80999755859372,363.8917236328125,0.010525791279409,0.0129029556216306,0.0205919609615286,-0.0100661696821196,0.0907533880599188,1.1464560496448186,Train,4.570000171661377,2023-02-07,0.00018134921316116578,0.010344442066247834,0.012721606408469434,0.020555779770574132,-0.010029988491165131,0.0013801390623941717,1.493073349791211
2023-02-08,201.2899932861328,359.90484619140625,0.0227630495559825,-0.0109562190686953,-0.0150084071146521,0.0377714566706347,0.0989251095825645,1.249686571126447,Train,4.585000038146973,2023-02-08,0.0001819444459582132,0.022581105110024285,-0.011138163514653514,-0.015068011600993586,0.037831061156976084,0.0013801390623941717,1.493073349791211
2023-02-09,207.32000732421875,356.8240966796875,0.0299568495166786,-0.0085599000522497,-0.0114328501173681,0.0413896996340468,0.1252211755697198,1.5818756450255853,Train,4.61299991607666,2023-02-09,0.00018305555222526427,0.029773793964453336,-0.008742955604474963,-0.01149067939682984,0.04144752891350844,0.0013801390623941717,1.493073349791211
2023-02-10,196.88999938964844,357.6919860839844,-0.0503087380189952,0.0024322611964067,0.0049685967676981,-0.0552773347866933,0.0462640962733741,0.5844382693342669,Train,4.635000228881836,2023-02-10,0.00018392858051118397,-0.05049266659950638,0.002248332615895516,0.00492099315316531,-0.05522973117216051,0.0013801390623941717,1.493073349791211
2023-02-13,194.63999938964844,361.8219909667969,-0.0114277007820352,0.0115462605914877,0.0185676309892184,-0.0299953317712536,-0.0161776799353851,-0.2043670151344042,Train,4.644999980926514,2023-02-13,0.00018432539606851245,-0.011612026178103712,0.011361935195419188,0.01852866710079787,-0.029956367882833068,0.0013801390623941717,1.493073349791211
2023-02-14,209.25,361.6883850097656,0.0750616556523096,-0.0003692588078304,0.0007884377882651,0.0742732178640444,0.068161707610779,0.86106319240561,Train,4.659999847412109,2023-02-14,0.0001849206288655599,0.07487673502344404,-0.0005541794366959599,0.0007376291433266885,0.07432402650898291,0.0013801390623941717,1.493073349791211
2023-02-15,214.2400054931641,362.8997497558594,0.0238470991310111,0.0033491944897845,0.0063367565288482,0.0175103426021629,0.0479005935423071,0.6051115712825844,Train,4.64300012588501,2023-02-15,0.00018424603674146864,0.02366285309426963,0.0031649484530430314,0.00628988528783711,0.01755721384317399,0.0013801390623941717,1.493073349791211
2023-02-16,202.0399932861328,357.8541564941406,-0.0569455372209675,-0.0139035457178274,-0.0194061247604508,-0.0375394124605166,-0.0310285185522563,-0.3919725044564088,Train,4.664999961853027,2023-02-16,0.00018511904610527886,-0.057130656267072776,-0.014088664763932678,-0.019470151784670917,-0.03747538543629658,0.0013801390623941717,1.493073349791211
2023-02-17,208.30999755859372,356.9290466308594,0.0310334808989092,-0.0025851589159797,-0.0025179154487624,0.0335513963476716,0.0578002125821087,0.7301700223220776,Train,4.679999828338623,2023-02-17,0.00018571427890232633,0.030847766620006874,-0.002770873194882026,-0.0025712635816326837,0.03360474448054188,0.0013801390623941717,1.493073349791211
2023-02-21,197.3699951171875,349.8423156738281,-0.0525178943383599,-0.0198547331015075,-0.0282859147824936,-0.0242319795558662,0.063563564797496,0.802976450322344,Train,4.688000202178955,2023-02-21,0.00018603175405472046,-0.052703926092414616,-0.02004076485556222,-0.028356161098823367,-0.02416173323953653,0.0013801390623941717,1.493073349791211
2023-02-22,200.8600006103516,349.4034729003906,0.0176825534757292,-0.0012544016368981,-0.0005322872964788,0.0182148407722081,0.0075051877056596,0.0948104311344556,Train,4.695000171661377,2023-02-22,0.0001863095306214832,0.017496243945107716,-0.0014407111675195832,-0.0005846388559544158,0.018267192331683616,0.0013801390623941717,1.493073349791211
2023-02-23,202.07000732421875,351.1585693359375,0.0060241297928425,0.0050231224692125,0.0088344310282439,-0.0028103012354014,-0.0128154561319046,-0.1618932088979356,Train,4.690000057220459,2023-02-23,0.00018611111338176424,0.0058380186794607354,0.004837011355830736,0.00878826292380426,-0.0027641331309617607,0.0013801390623941717,1.493073349791211
2023-02-24,196.8800048828125,347.4005432128906,-0.0256841800034132,-0.0107017924413849,-0.0146287761467668,-0.0110554038566463,0.0136685524719656,0.1726700788407646,Train,4.703000068664551,2023-02-24,0.00018662698685176788,-0.02587080699026497,-0.010888419428236668,-0.014690442820403085,-0.010993737183010116,0.0013801390623941717,1.493073349791211
2023-02-27,207.6300048828125,348.60235595703125,0.0546017865369246,0.0034594440556303,0.0065012603381917,0.0481005261987328,0.0282176823230269,0.356464186051445,Train,4.664999961853027,2023-02-27,0.00018511904610527886,0.054416667490819325,0.003274325009525021,0.0064540655187761125,0.04814772101814849,0.0013801390623941717,1.493073349791211
2023-02-28,205.7100067138672,347.2860717773437,-0.0092472095737269,-0.0037758900856359,-0.0042946100943122,-0.0049525994794146,0.0474970623994785,0.6000139024262934,Train,4.710000038146973,2023-02-28,0.00018690476341853067,-0.009434114337145432,-0.0039627948490544304,-0.004349699554000352,-0.004897510019726548,0.0013801390623941717,1.493073349791211
2023-03-01,202.7700042724609,346.0176696777344,-0.0142919758176648,-0.0036523264325515,-0.0041102402832128,-0.0101817355344519,0.0191004860928185,0.2412898107761082,Train,4.724999904632568,2023-03-01,0.0001874999962155781,-0.014479475813880378,-0.003839826428767078,-0.004165503450006334,-0.010126472367658467,0.0013801390623941717,1.493073349791211
2023-03-02,190.8999938964844,348.60235595703125,-0.0585392815794731,0.0074698100871672,0.0124851432132693,-0.0710244247927425,-0.0491136374645225,-0.620435534088144,Train,4.7230000495910645,2023-03-02,0.0001874206368885343,-0.058726702216361636,0.007282389450278665,0.012440701310294448,-0.07097998288976755,0.0013801390623941717,1.493073349791211
2023-03-03,197.7899932861328,354.12481689453125,0.0360921928231414,0.0158417200662313,0.0249769029083846,0.0111152899147568,-0.0269429436931193,-0.3403608554186693,Train,4.7179999351501465,2023-03-03,0.00018722221964881535,0.035904970603492584,0.015654497846582485,0.024940674821139194,0.011151518002002203,0.0013801390623941717,1.493073349791211
2023-03-06,193.80999755859372,354.5540466308594,-0.020122331071529,0.0012120860099336,0.003147968589244,-0.0232702996607731,-0.0983137695526253,-1.241963724732535,Train,4.728000164031982,2023-03-06,0.0001876190541282533,-0.020309950125657256,0.0010244669558053467,0.0030973624259771184,-0.02321969349750612,0.0013801390623941717,1.493073349791211
2023-03-07,187.7100067138672,349.0697631835937,-0.0314740773002816,-0.0154681169186472,-0.0217406275818397,-0.0097334497184419,-0.1030946197916526,-1.3023585463050351,Train,4.84499979019165,2023-03-07,0.00019226189643617659,-0.031666339196717776,-0.01566037881508338,-0.021809693297605508,-0.009664384002676094,0.0013801390623941717,1.493073349791211
2023-03-08,182.0,349.6133728027344,-0.0304192984371427,0.0015573093876215,0.0036630777442634,-0.0340823761814061,-0.1269952604386068,-1.604287043365623,Train,4.882999897003174,2023-03-08,0.0001937698371826656,-0.030613068274325368,0.0013635395504388345,0.00360977346372335,-0.03402907190086605,0.0013801390623941717,1.493073349791211
2023-03-09,172.9199981689453,343.2134094238281,-0.0498901199508499,-0.0183058311745911,-0.0259747921461148,-0.023915327804735,-0.0798861634505993,-1.0091741733144548,Train,4.8480000495910645,2023-03-09,0.00019238095434885176,-0.05008250090519875,-0.018498212128939952,-0.02604666753176176,-0.023843452419088144,0.0013801390623941717,1.493073349791211
2023-03-10,173.44000244140625,338.29180908203125,0.0030071956856769,-0.0143397670564767,-0.0200570123297051,0.023064208015382,-0.0679372453499741,-0.8582276385787184,Train,4.802999973297119,2023-03-10,0.00019059523703559997,0.0028166004486413,-0.0145303622935123,-0.020124162403824537,0.02313135808950144,0.0013801390623941717,1.493073349791211
2023-03-13,174.47999572753906,337.71954345703125,0.0059962711686663,-0.0016916331097488,-0.0011846820909344,0.0071809532596007,-0.0374859924296002,-0.4735475304732502,Train,4.6579999923706055,2023-03-13,0.0001848412695385161,0.005811429899127783,-0.0018764743792873161,-0.0012367335553472088,0.007233004724013508,0.0013801390623941717,1.493073349791211
2023-03-14,183.25999450683597,343.3279113769531,0.0503209479269324,0.0166065838610121,0.0261181591746116,0.0242027887523207,-0.0035497539588376,-0.0448428095948672,Train,4.679999828338623,2023-03-14,0.00018571427890232633,0.05013523364803007,0.016420869582109775,0.02608341609474174,0.024237531832190656,0.0013801390623941717,1.493073349791211
2023-03-15,180.4499969482422,341.2104187011719,-0.0153333932272323,-0.0061675517941108,-0.0078632179041179,-0.0074701753231144,0.0230624468994541,0.2913398863966909,Train,4.558000087738037,2023-03-15,0.00018087301935468402,-0.015514266246586984,-0.006348424813465484,-0.007917651820389698,-0.007415741406842601,0.0013801390623941717,1.493073349791211
2023-03-16,184.1300048828125,347.0477294921875,0.0203935051083754,0.0171076569503227,0.026865812295227,-0.0064723071868516,0.0405054675173375,0.5116915111564031,Train,4.53000020980835,2023-03-16,0.00017976191308763294,0.020213743195287768,0.016927895037235068,0.026834489923640386,-0.006440984815264984,0.0013801390623941717,1.493073349791211
2023-03-17,180.1300048828125,343.2515869140625,-0.0217237815343879,-0.0109383875920457,-0.0149818006984493,-0.0067419808359385,0.0106992786660168,0.1351602735249087,Train,4.293000221252441,2023-03-17,0.00017035715163700164,-0.0218941386860249,-0.0111087447436827,-0.015035674512394664,-0.006688107021993236,0.0013801390623941717,1.493073349791211
2023-03-20,183.25,346.3514099121094,0.0173207962727657,0.0090307608652744,0.0148142439877377,0.002506552285028,0.0060248776914441,0.0761101885602973,Train,4.465000152587891,2023-03-20,0.0001771825457376147,0.017143613727028082,0.008853578319536785,0.014776363447321415,0.0025444328254442834,0.0013801390623941717,1.493073349791211
2023-03-21,197.5800018310547,350.88189697265625,0.0781991914382247,0.0130806081075187,0.0208570369320662,0.0573421545061584,0.0391642434452819,0.4947482930109579,Train,4.605000019073486,2023-03-21,0.00018273809599497962,0.07801645334222972,0.01289787001152372,0.020820343141666475,0.05737884829655822,0.0013801390623941717,1.493073349791211
2023-03-22,191.1499938964844,345.0638122558594,-0.0325438195919668,-0.0165813191475371,-0.0234016409909822,-0.0091421786009846,0.0374922401674117,0.4736264559763488,Train,4.563000202178955,2023-03-22,0.00018107143659440298,-0.0327248910285612,-0.016762390584131506,-0.023466268160969306,-0.00907755143099749,0.0013801390623941717,1.493073349791211
2023-03-23,192.22000122070312,345.884033203125,0.0055977366381618,0.0023770123615787,0.0048861597646925,0.0007115768734693,0.0446761242277326,0.5643779696880374,Train,4.502999782562256,2023-03-23,0.0001786904675619943,0.005419046170599806,0.0021983218940167058,0.004841085364175048,0.0007566512739867522,0.0013801390623941717,1.493073349791211
2023-03-24,190.41000366210935,348.1893005371094,-0.0094162810690836,0.006664856173429,0.0112840683234047,-0.0207003493924883,0.0307177556711828,0.3880467448497649,Train,4.502999782562256,2023-03-24,0.0001786904675619943,-0.009594971536645595,0.006486165705867006,0.011243150687715892,-0.02065943175679949,0.0013801390623941717,1.493073349791211
2023-03-27,191.80999755859372,348.763916015625,0.0073525228168616,0.001650296197009,0.0038018237270306,0.0035506990898309,0.0317619024759857,0.4012370889975035,Train,4.583000183105469,2023-03-27,0.00018186508663116938,0.007170657730230431,0.0014684311103778306,0.0037544795059347965,0.003598043310926804,0.0013801390623941717,1.493073349791211
2023-03-28,189.19000244140625,348.15093994140625,-0.013659325116185,-0.0017575673573733,-0.0012830628402572,-0.0123762622759278,-0.0379565143061005,-0.4794914700146352,Train,4.627999782562256,2023-03-28,0.00018365078502231174,-0.013842975901207312,-0.0019412181423956118,-0.0013345912271256046,-0.012324733889059396,0.0013801390623941717,1.493073349791211
2023-03-29,193.8800048828125,353.1024475097656,0.024789906342217,0.014222301307567,0.0225605618309502,0.0022293445112668,-0.0265849911938491,-0.3358389657454939,Train,4.630000114440918,2023-03-29,0.000183730163271465,0.024606176178945536,0.014038571144295534,0.022524485670361204,0.0022654206718557973,0.0013801390623941717,1.493073349791211
2023-03-30,195.27999877929688,355.2093811035156,0.007220929756684,0.0059669186906208,0.0102426730696028,-0.0030217433129187,-0.0303183113802372,-0.3830007037747103,Train,4.664999961853027,2023-03-30,0.00018511904610527886,0.007035810710578722,0.0057817996445155215,0.010197909071557874,-0.0029769793148738738,0.0013801390623941717,1.493073349791211
2023-03-31,207.4600067138672,360.1703796386719,0.0623720197189063,0.0139664062918161,0.0221787398749171,0.0401932798439892,0.0305753178562403,0.3862473773756693,Train,4.585000038146973,2023-03-31,0.0001819444459582132,0.06219007527294809,0.013784461845857887,0.022143296131616558,0.040228723587289746,0.0013801390623941717,1.493073349791211
2023-04-03,194.7700042724609,361.5973510742188,-0.0611684277968261,0.0039619344516292,0.007251028227672,-0.0684194560244981,-0.0413948372580887,-0.5229266103791675,Train,4.570000171661377,2023-04-03,0.00018134921316116578,-0.06134977700998727,0.003780585238468034,0.007206179341726009,-0.06837460713855212,0.0013801390623941717,1.493073349791211
2023-04-04,192.5800018310547,359.5574645996094,-0.0112440437098449,-0.0056413202932746,-0.007078025819052,-0.0041660178907929,-0.0331845928729538,-0.419209442947516,Train,4.728000164031982,2023-04-04,0.0001876190541282533,-0.011431662763973154,-0.005828939347402853,-0.007135275880634148,-0.004108767829210752,0.0013801390623941717,1.493073349791211
2023-04-05,185.5200042724609,358.6859130859375,-0.0366600762876059,-0.0024239561112781,-0.0022773841120008,-0.034382692175605,-0.0697966295598257,-0.8817165938846186,Train,4.704999923706055,2023-04-05,0.0001867063461788117,-0.03684678263378471,-0.002610662457456912,-0.0023310651319563627,-0.034329011155649534,0.0013801390623941717,1.493073349791211
2023-04-06,185.05999755859372,360.0554504394531,-0.002479553165553,0.003818207806749,0.0070365731374811,-0.0095161263030342,-0.0762910125499412,-0.9637578799114556,Train,4.710000038146973,2023-04-06,0.00018690476341853067,-0.0026664579289715305,0.0036313030433304696,0.006988845624825146,-0.009468398790378146,0.0013801390623941717,1.493073349791211
2023-04-10,184.50999450683597,360.4481506347656,-0.0029720256079851,0.0010906658816947,0.0029667971399686,-0.0059388227479537,-0.1224231151418842,-1.5465287188849774,Train,4.8379998207092285,2023-04-10,0.00019198411986941384,-0.003164009727854514,0.0008986817618252863,0.002913920970788333,-0.005885946578773433,0.0013801390623941717,1.493073349791211
2023-04-11,186.7899932861328,360.4960021972656,0.0123570475701921,0.0001327557442469,0.0015374956691649,0.0108195519010271,-0.0431841072163589,-0.5455298366824348,Train,4.880000114440918,2023-04-11,0.00019365079819209992,0.012163396772,-6.0895053945199916e-05,0.0014828690784065956,0.010874178491785505,0.0013801390623941717,1.493073349791211
2023-04-12,180.5399932861328,359.0593566894531,-0.0334600365364646,-0.0039851912338998,-0.004606909158034,-0.0288531273784306,-0.0678712167039965,-0.857393521613511,Train,4.860000133514404,2023-04-12,0.0001928571481553335,-0.03365289368461993,-0.004178048382055133,-0.004665136482835302,-0.028794900053629297,0.0013801390623941717,1.493073349791211
2023-04-13,185.8999938964844,363.7139892578125,0.0296887161276042,0.0129634069733632,0.0206821606603998,0.0090065554672043,-0.0244819690611871,-0.3092722171307149,Train,4.855000019073486,2023-04-13,0.00019265873091561453,0.029496057396688584,0.012770748242447585,0.02064046165100122,0.009048254476602978,0.0013801390623941717,1.493073349791211
2023-04-14,185.0,362.9669494628906,-0.0048412798603184,-0.0020539209845799,-0.0017252532490287,-0.0031160266112897,-0.0180818693694426,-0.2284219792852036,Train,4.9029998779296875,2023-04-14,0.00019456348721943204,-0.005035843347537833,-0.002248484471799332,-0.001782449692649347,-0.0030588301676690534,0.0013801390623941717,1.493073349791211
2023-04-17,187.0399932861328,364.2023620605469,0.0110269907358531,0.0034036503860319,0.0064180103850896,0.0046089803507634,-0.0075340662707253,-0.0951752440227934,Train,4.922999858856201,2023-04-17,0.00019535713725619844,0.010831633598596901,0.0032082932487757015,0.006365713347712434,0.004661277388140666,0.0013801390623941717,1.493073349791211
2023-04-18,184.30999755859372,364.451416015625,-0.0145957860646558,0.00068383399182,0.0023597616824287,-0.0169555477470845,-0.035309165918837,-0.4460484367684074,Train,5.03000020980835,2023-04-18,0.00019960318292890276,-0.014795389247584702,0.0004842308088910972,0.002302734361226213,-0.01689852042588201,0.0013801390623941717,1.493073349791211
2023-04-19,180.58999633789065,364.4322814941406,-0.0201833935759263,-5.250225583852686e-05,0.001261071481082,-0.0214444650570084,-0.0279005035974148,-0.3524573773077704,Train,4.994999885559082,2023-04-19,0.00019821428117297945,-0.02038160785709928,-0.00025071653701150634,0.001204015163803329,-0.02138740873972963,0.0013801390623941717,1.493073349791211
2023-04-20,162.99000549316406,362.37310791015625,-0.0974582823059385,-0.0056503599942956,-0.0070915139923782,-0.0903667683135603,-0.1272738273781795,-1.6078060828189302,Train,4.945000171661377,2023-04-20,0.00019623016554211814,-0.09765451247148062,-0.005846590159837718,-0.007153018726868943,-0.09030526357906957,0.0013801390623941717,1.493073349791211
2023-04-21,165.0800018310547,362.5838623046875,0.0128228496684006,0.0005815950188652,0.002207210510137,0.0106156391582636,-0.1135421616086262,-1.4343387155972112,Train,4.949999809265137,2023-04-21,0.00019642856385972766,0.012626421104540871,0.00038516645500547226,0.0021516493954561256,0.010671200272944475,0.0013801390623941717,1.493073349791211
2023-04-24,162.5500030517578,363.062744140625,-0.0153258950280732,0.0013207477930583,0.0033101032617657,-0.018635998289839,-0.1367871402492287,-1.7279844621206186,Train,4.873000144958496,2023-04-24,0.00019337302162533715,-0.015519268049698538,0.0011273747714329629,0.003256765310473023,-0.018582660338546223,0.0013801390623941717,1.493073349791211
2023-04-25,160.6699981689453,357.3259582519531,-0.0115657019225886,-0.015801086675117,-0.0222374530606089,0.0106717511380203,-0.1091598413641238,-1.3789783851104465,Train,4.953000068664551,2023-04-25,0.0001965476217724028,-0.011762249544361003,-0.015997634296889402,-0.022308954744224847,0.010743252821636247,0.0013801390623941717,1.493073349791211
2023-04-26,153.75,355.7361145019531,-0.0430696349524377,-0.0044492814285801,-0.0052993799566096,-0.0377702549958281,-0.1254856313029435,-1.585216422507274,Train,4.985000133514404,2023-04-26,0.00019781746561565097,-0.043267452418053354,-0.004647098894195751,-0.0053605029847580594,-0.03770913196767964,0.0013801390623941717,1.493073349791211
2023-04-27,160.19000244140625,362.7945556640625,0.0418861947408537,0.0198417896703895,0.0309454224438115,0.0109407722970421,-0.024178090692341,-0.3054334271773336,Train,5.0,2023-04-27,0.0001984126984126984,0.041687782042441,0.0196433769719768,0.030907554417567807,0.010978640323285892,0.0013801390623941717,1.493073349791211
2023-04-28,164.30999755859375,365.8975524902344,0.0257194272700913,0.0085530413224976,0.0141014367854444,0.0116179904846469,-0.0231757393659577,-0.2927710708006999,Train,4.922999858856201,2023-04-28,0.00019535713725619844,0.0255240701328351,0.008357684185241403,0.014054131722605778,0.011665295547485521,0.0013801390623941717,1.493073349791211
2023-05-01,161.8300018310547,365.6485900878906,-0.0150933951943775,-0.0006804155989821,0.0003241595205472,-0.0154175547149247,-0.0199572957910435,-0.2521135902836663,Train,4.864999771118164,2023-05-01,0.00019305554647294302,-0.015286450740850442,-0.000873471145455043,0.0002690381197765876,-0.015362433314154086,0.0013801390623941717,1.493073349791211
2023-05-02,160.30999755859375,361.5495300292969,-0.0093925987472197,-0.0112103811411072,-0.0153876433391364,0.0059950445919166,-0.0246340023371472,-0.3111928007331332,Train,5.039999961853027,2023-05-02,0.00019999999848623124,-0.00959259874570593,-0.011410381139593431,-0.015456396929606816,0.006063798182387116,0.0013801390623941717,1.493073349791211
2023-05-03,160.61000061035156,359.0306396484375,0.0018713932775662,-0.0069669303142373,-0.0090559737273205,0.0109273670048867,0.0240636196635677,0.3039873544052667,Train,5.09499979019165,2023-05-03,0.00020218253135681152,0.0016692107462093883,-0.007169112845594111,-0.009121689737651416,0.010993083015217616,0.0013801390623941717,1.493073349791211
2023-05-04,161.1999969482422,356.4065856933594,0.0036734719858571,-0.0073087187145018,-0.0095659575390623,0.0132394295249194,0.026362276891445,0.3330254932703392,Train,5.054999828338623,2023-05-04,0.0002005952312832787,0.0034728767545738216,-0.007509313945785079,-0.009631222233989732,0.013304694219846832,0.0013801390623941717,1.493073349791211
2023-05-05,170.05999755859375,362.9478149414063,0.0549627839831554,0.0183532782799775,0.0287244087636636,0.0262383752194918,0.0409826616262899,0.5177197386943343,Train,5.079999923706055,2023-05-05,0.00020158729855976408,0.054761196684595635,0.018151690981417737,0.02868353241895423,0.02627925156420117,0.0013801390623941717,1.493073349791211
2023-05-08,171.7899932861328,363.14892578125,0.0101728551827304,0.0005541040104517,0.0021661910687268,0.0080066641140036,0.0644068804552184,0.813629764300194,Train,5.083000183105469,2023-05-08,0.00020170635647243925,0.00997114882625796,0.0003523976539792607,0.00210800096455199,0.00806485421817841,0.0013801390623941717,1.493073349791211
2023-05-09,169.14999389648438,361.5782470703125,-0.0153675970244161,-0.0043251641390883,-0.0051141840624566,-0.0102534129619594,0.0481584229013422,0.608368640079252,Train,5.123000144958496,2023-05-09,0.00020329365654597208,-0.015570890680962072,-0.0045284577956342725,-0.005177886931375643,-0.010189710093040457,0.0013801390623941717,1.493073349791211
2023-05-10,168.5399932861328,363.1584777832031,-0.0036062703657255,0.0043703699702468,0.0078604564659449,-0.0114667268316705,0.0257643290647849,0.3254718259318392,Train,5.065000057220459,2023-05-10,0.00020099206576271663,-0.0038072624314882167,0.004169377904484083,0.007806318162550398,-0.011412588528275898,0.0013801390623941717,1.493073349791211
2023-05-11,172.0800018310547,362.6509094238281,0.0210039675207056,-0.0013976497601634,-0.0007460283826922,0.0217499959033979,0.0342748954432634,0.4329828568596154,Train,5.014999866485596,2023-05-11,0.00019900793120974586,0.020804959589495853,-0.0015966576913731458,-0.0008047800541244867,0.021808747574830086,0.0013801390623941717,1.493073349791211
2023-05-12,167.97999572753906,362.1624450683594,-0.0238261625981439,-0.0013469271488794,-0.0006703449755781,-0.0231558176225658,-0.0151192973987942,-0.1909968359284013,Train,5.0279998779296875,2023-05-12,0.00019952380467974952,-0.02402568640282365,-0.0015464509535591496,-0.0007293018384444505,-0.02309686075969945,0.0013801390623941717,1.493073349791211
2023-05-15,166.35000610351562,363.41705322265625,-0.0097034746129369,0.003464213839345,0.0065083773511684,-0.0162118519641054,-0.0393378134769033,-0.4969409429719495,Train,5.0,2023-05-15,0.0001984126984126984,-0.009901887311349597,0.0032658011409323015,0.00645463241005062,-0.01615810702298752,0.0013801390623941717,1.493073349791211
2023-05-16,166.52000427246094,361.0132141113281,0.001021930644472,-0.0066145468133972,-0.0085301809244803,0.0095521115689524,-0.0195322889459914,-0.2467446263356898,Train,5.058000087738037,2023-05-16,0.00020071428919595384,0.0008212163552760462,-0.006815261102593154,-0.008594831372560377,0.009616762017032376,0.0013801390623941717,1.493073349791211
2023-05-17,173.86000061035156,365.3229370117188,0.044078766211661,0.0119378536073795,0.0191519284631566,0.0249268377485044,0.0168612756341835,0.213002642312104,Train,5.0879998207092285,2023-05-17,0.00020190475479004875,0.043876861456870954,0.011735948852589452,0.019104676283498274,0.024974089928162725,0.0013801390623941717,1.493073349791211
2023-05-18,176.88999938964844,368.8952026367188,0.0174278084013561,0.0097783776026234,0.0159297658519675,0.0014980425493885,-0.0033906777198258,-0.0428332546849241,Train,5.125,2023-05-18,0.00020337301587301587,0.017224435385483086,0.009575004586750384,0.015879696250872793,0.0015481121504833072,0.0013801390623941717,1.493073349791211
2023-05-19,180.13999938964844,368.3110961914063,0.0183730002329922,-0.0015833939859817,-0.0010231780700969,0.0193961783030891,0.0391613182058292,0.4947113394763416,Train,5.085000038146973,2023-05-19,0.00020178571579948303,0.018171214517192717,-0.0017851797017811829,-0.0010834794591240513,0.019456479692116252,0.0013801390623941717,1.493073349791211
2023-05-22,188.8699951171875,368.5121154785156,0.0484622835412351,0.0005457866710725,0.0021537807340376,0.0463085028071975,0.1016816729771321,1.2845092796499562,Train,5.09499979019165,2023-05-22,0.00020218253135681152,0.048260101009878285,0.0003436041397156885,0.0020953477776384137,0.046366935763596684,0.0013801390623941717,1.493073349791211
2023-05-23,185.7700042724609,364.3939514160156,-0.0164133579968757,-0.0111751117250311,-0.0153350177051638,-0.0010783402917119,0.0910512211164678,1.1502184712663606,Train,5.1529998779296875,2023-05-23,0.00020448412214006697,-0.016617842119015767,-0.011379595847171168,-0.015405948106271768,-0.0010074098906039317,0.0013801390623941717,1.493073349791211
2023-05-24,182.8999938964844,361.66448974609375,-0.0154492668890034,-0.0074904143148242,-0.0098370662564951,-0.0056122006325083,0.060512182735455,0.7644293999081494,Train,5.184999942779541,2023-05-24,0.00020575396598331513,-0.015655020854986716,-0.007696168280807515,-0.009905050727204654,-0.005544216161798746,0.0013801390623941717,1.493073349791211
2023-05-25,184.47000122070312,364.81536865234375,0.0085839659738169,0.0087121600145541,0.0143388584095589,-0.005754892435742,0.0532592477503243,0.6728055898318406,Train,5.163000106811523,2023-05-25,0.00020488095661950491,0.008379085017197394,0.008507279057934594,0.0142870116596527,-0.0057030456858358,0.0013801390623941717,1.493073349791211
2023-05-26,193.1699981689453,369.5560302734375,0.0471621233299248,0.0129946872540105,0.0207288340897628,0.026433289240162,0.0602963586873971,0.7617029696244518,Train,5.114999771118164,2023-05-26,0.00020297618139357795,0.04695914714853122,0.012791711072616922,0.020682078144541222,0.02648004518538358,0.0013801390623941717,1.493073349791211
2023-05-30,201.16000366210935,369.6709899902344,0.041362559242642,0.0003110752020791,0.0018035668311547,0.0395589924114873,0.053546848291687,0.6764387476408762,Train,5.14300012588501,2023-05-30,0.00020408730658273848,0.04115847193605926,0.00010698789549636151,0.0017439671444927746,0.03961859209814922,0.0013801390623941717,1.493073349791211
2023-05-31,203.92999267578125,367.6597595214844,0.0137700783617236,-0.0054405958898834,-0.0067785241499729,0.0205486025116966,0.0751737910950955,0.9496444090749157,Train,5.248000144958496,2023-05-31,0.0002082539740062895,0.013561824387717311,-0.00564884986388969,-0.006845754152344945,0.020615832514068545,0.0013801390623941717,1.493073349791211
2023-06-01,207.5200042724609,371.1841735839844,0.0176041373295554,0.0095860750904235,0.0156428305197464,0.001961306809809,0.0827472985374129,1.0453178997278731,Train,5.203000068664551,2023-06-01,0.00020646825669303775,0.017397669072862363,0.009379606833730462,0.015591048314049685,0.002013089015505714,0.0013801390623941717,1.493073349791211
2023-06-02,213.97000122070312,376.6336669921875,0.0310813262116829,0.0146813732805073,0.0232455449211975,0.0078357812904853,0.0963379722636403,1.217004163406481,Train,5.215000152587891,2023-06-02,0.00020694445049951947,0.03087438176118338,0.01447442883000778,0.023198467452427887,0.007882858759255013,0.0013801390623941717,1.493073349791211
2023-06-05,217.6100006103516,375.9057312011719,0.0170117276668793,-0.0019327422235748,-0.001544441944749,0.0185561696116283,0.0884608526351066,1.1174952453929088,Train,5.14300012588501,2023-06-05,0.00020408730658273848,0.016807640360296562,-0.0021368295301575383,-0.0016062168555481852,0.018617944522427484,0.0013801390623941717,1.493073349791211
2023-06-06,221.30999755859372,376.6814575195313,0.0170028810158744,0.0020636192906147,0.0044185447351011,0.0125843362807733,0.0614861965043926,0.7767337777579175,Train,5.1579999923706055,2023-06-06,0.00020468253937978596,0.016798198476494615,0.001858936751234914,0.004360350523990262,0.012642530491884138,0.0013801390623941717,1.493073349791211
2023-06-07,224.57000732421875,375.4460754394531,0.014730512862447,-0.0032796466494878,-0.0035541633181116,0.0182846761805587,0.0592222701732547,0.7481343822557949,Train,5.1529998779296875,2023-06-07,0.00020448412214006697,0.014526028740306934,-0.0034841307716278673,-0.003617439617770817,0.018347952480217818,0.0013801390623941717,1.493073349791211
2023-06-08,234.8600006103516,377.6966857910156,0.0458208707776226,0.0059944969432113,0.0102838226883914,0.0355370480892311,0.0927980114526768,1.172285067249375,Train,5.099999904632568,2023-06-08,0.00020238094859653048,0.04561848982902607,0.0057921159946147695,0.010230574041449428,0.03559029673617317,0.0013801390623941717,1.493073349791211
2023-06-09,244.3999938964844,378.3287658691406,0.0406199151040636,0.0016735123762106,0.0038364646790176,0.0367834504250459,0.1217456805872374,1.537970923302728,Train,5.09499979019165,2023-06-09,0.00020218253135681152,0.04041773257270678,0.0014713298448537884,0.0037791249738546116,0.03684079013020899,0.0013801390623941717,1.493073349791211
2023-06-12,249.8300018310547,381.8052978515625,0.0222177089614421,0.0091891822564302,0.0150506251664452,0.0071670837949968,0.1103565947706059,1.3940965554854037,Train,5.09499979019165,2023-06-12,0.00020218253135681152,0.022015526430085287,0.00898699972507339,0.015000571377839,0.007217137583603098,0.0013801390623941717,1.493073349791211
2023-06-13,258.7099914550781,384.3240966796875,0.035544128242966,0.006597076683583,0.0111829342809303,0.0243611939620357,0.1221334524518683,1.5428695106678043,Train,5.099999904632568,2023-06-13,0.00020238094859653048,0.03534174729436947,0.00639469573498647,0.011130269792922521,0.024413858450043482,0.0013801390623941717,1.493073349791211
2023-06-14,256.7900085449219,384.6210021972656,-0.0074213713175806,0.0007725394273823,0.0024921194105296,-0.0099134907281103,0.0939352855431993,1.1866518560718806,Train,5.079999923706055,2023-06-14,0.00020158729855976408,-0.007622958616140364,0.000570952128822536,0.0024341997685054227,-0.009855571086086022,0.0013801390623941717,1.493073349791211
2023-06-15,255.8999938964844,389.5532836914063,-0.0034659239799892,0.012823744584834,0.020473769863041,-0.0239396938430303,0.0344585436109378,0.4353028204151082,Train,5.054999828338623,2023-06-15,0.0002005952312832787,-0.0036665192112724787,0.012623149353550722,0.020428022183898185,-0.023893946163887386,0.0013801390623941717,1.493073349791211
2023-06-16,260.5400085449219,388.1167297363281,0.0181321405201535,-0.003687695663775,-0.0041630148517581,0.0222951553719117,0.0199702485578036,0.2522772180900675,Train,5.065000057220459,2023-06-16,0.00020099206576271663,0.017931148454390786,-0.0038886877295377167,-0.004224964886475969,0.022357105406629472,0.0013801390623941717,1.493073349791211
2023-06-20,274.45001220703125,386.3257751464844,0.0533891272200177,-0.004614474081188,-0.0055458645610711,0.0589349917810889,0.0717381565438956,0.9062432303443612,Train,5.074999809265137,2023-06-20,0.00020138888132004512,0.05318773833869765,-0.004815862962508045,-0.005608908701853095,0.05899803592187079,0.0013801390623941717,1.493073349791211
2023-06-21,259.4599914550781,384.2091674804688,-0.0546184007477668,-0.0054788155546003,-0.0068355518615066,-0.0477828488862601,-0.0004058863044001,-0.0051274207949167,Train,5.135000228881836,2023-06-21,0.0002037698503524538,-0.05482217059811925,-0.005682585404952754,-0.006900607913300829,-0.04771779283446597,0.0013801390623941717,1.493073349791211
2023-06-22,264.6099853515625,385.6075134277344,0.0198488941111987,0.0036395434196314,0.0067699873051527,0.0130789068060459,0.0225865112297561,0.2853275562850398,Train,5.135000228881836,2023-06-22,0.0002037698503524538,0.019645124260846244,0.003435773569278946,0.006713770864954047,0.013135123246244652,0.0013801390623941717,1.493073349791211
2023-06-23,256.6000061035156,382.7151489257813,-0.0302708880672237,-0.0075007991318487,-0.0098525614826827,-0.020418326584541,0.0261078784882454,0.3298117665478105,Train,5.138000011444092,2023-06-23,0.0002038888893430195,-0.03047477695656672,-0.00770468802119172,-0.009919636401159747,-0.020351251666063955,0.0013801390623941717,1.493073349791211
2023-06-26,241.0500030517578,381.1349487304688,-0.0606001663362577,-0.0041289199023029,-0.0048213672675311,-0.0557787990687266,-0.0519660759523929,-0.6564693993858183,Train,5.15500020980835,2023-06-26,0.00020456350038922024,-0.06080472983664692,-0.00433348340269212,-0.004885506017538748,-0.05571466031871895,0.0013801390623941717,1.493073349791211
2023-06-27,250.2100067138672,385.3584899902344,0.0380004295629174,0.0110814851113336,0.0178741376735012,0.0201262918894162,-0.0907747758440655,-1.146726234097958,Train,5.179999828338623,2023-06-27,0.00020555554874359614,0.03779487401417381,0.010875929562590005,0.017824255195247288,0.020176174367670115,0.0013801390623941717,1.493073349791211
2023-06-28,256.239990234375,385.5308227539063,0.0240996896954786,0.0004472011598246,0.0020066809062793,0.0220930087891992,-0.0208989181686061,-0.2640087789296798,Train,5.170000076293945,2023-06-28,0.00020515873318626766,0.02389453096229233,0.00024204242663833234,0.0019466848923129277,0.02215300480316567,0.0013801390623941717,1.493073349791211
2023-06-29,257.5,387.0077209472656,0.0049173033626503,0.0038308174241676,0.0070553879970574,-0.002138084634407,-0.0361159096090592,-0.4562397497754467,Train,5.175000190734863,2023-06-29,0.00020535715042598664,0.0047119462122243135,0.0036254602737416136,0.00699857432827051,-0.00208127096562021,0.0013801390623941717,1.493073349791211
2023-06-30,261.7699890136719,391.5940246582031,0.0165824816064927,0.0118506775516307,0.01902185272867,-0.0024393711221772,-0.0181369541466954,-0.2291178461555753,Train,5.1529998779296875,2023-06-30,0.00020448412214006697,0.016377997484352633,0.011646193429490633,0.01897324422062021,-0.0023907626141275104,0.0013801390623941717,1.493073349791211
2023-07-03,279.82000732421875,392.3439025878906,0.0689537344542736,0.0019149371095281,0.0041966954699127,0.0647570389843609,0.1023988839063921,1.2935695563657803,Train,5.144999980926514,2023-07-03,0.0002041666659097823,0.06874956778836382,0.0017107704436183176,0.004138611485280951,0.06481512296899264,0.0013801390623941717,1.493073349791211
2023-07-05,282.4800109863281,391.4689636230469,0.009506123909958,-0.0022300307436222,-0.0019880273107928,0.0114941512207508,0.0937667432377267,1.1845227196301364,Train,5.192999839782715,2023-07-05,0.0002060714222135998,0.0093000524877444,-0.0024361021658358,-0.0020510687365703105,0.011557192646528311,0.0013801390623941717,1.493073349791211
2023-07-06,276.5400085449219,388.27685546875,-0.021028045208104,-0.0081541793882046,-0.0108274727242442,-0.0102005724838598,0.0614731619646676,0.7765691169420347,Train,5.2129998207092285,2023-07-06,0.0002068650722503662,-0.021234910280354367,-0.008361044460454966,-0.010896648525680206,-0.010131396682423795,0.0013801390623941717,1.493073349791211
2023-07-07,274.42999267578125,387.373046875,-0.0076300564256251,-0.0023277426429625,-0.0021338236187995,-0.0054962328068256,0.0581150137922489,0.7341467967380648,Train,5.2129998207092285,2023-07-07,0.0002068650722503662,-0.007836921497875467,-0.0025346077152128663,-0.0021973510971149838,-0.005432705328510116,0.0013801390623941717,1.493073349791211
2023-07-10,269.6099853515625,388.4114990234375,-0.0175637045981094,0.0026807547835732,0.0053393750231289,-0.0229030796212383,0.0376513052931879,0.4756358704966451,Train,5.224999904632568,2023-07-10,0.00020734126605684796,-0.017771045864166248,0.002473413517516352,0.005280468134468022,-0.022844172732577425,0.0013801390623941717,1.493073349791211
2023-07-11,269.7900085449219,390.9017028808594,0.0006677170844566,0.006411251633082,0.0109056639946999,-0.0102379469102432,-0.0373436806014162,-0.4717497545461424,Train,5.243000030517578,2023-07-11,0.00020805555676657055,0.00045966152769002947,0.006203196076315429,0.010850021364236717,-0.010182304279780117,0.0013801390623941717,1.493073349791211
2023-07-12,271.989990234375,393.97845458984375,0.0081544224017726,0.0078709089428605,0.0130836243880354,-0.0049292019862627,-0.0537670338084298,-0.6792202748445476,Train,5.230000019073486,2023-07-12,0.00020753968329656692,0.007946882718476033,0.007663369259563934,0.013029651156754854,-0.004875228754982254,0.0013801390623941717,1.493073349791211
2023-07-13,277.8999938964844,397.1898498535156,0.0217287542714961,0.0081511951383614,0.0135018405189793,0.0082269137525167,-0.0353395475720533,-0.4464322376476095,Train,5.2230000495910645,2023-07-13,0.00020726190672980415,0.021521492364766297,0.007943933231631596,0.013448275969793883,0.008280478301702216,0.0013801390623941717,1.493073349791211
2023-07-14,281.3800048828125,396.8725280761719,0.0125225299127729,-0.0007989171361271,0.000147342912483,0.0123751870002899,-0.0174681277649377,-0.220668794633422,Train,5.215000152587891,2023-07-14,0.00020694445049951947,0.01231558546227338,-0.0010058615866266195,8.52583843227821e-05,0.012437271528450118,0.0013801390623941717,1.493073349791211
2023-07-17,290.3800048828125,398.257080078125,0.0319852151674682,0.0034886566945429,0.0065448486312178,0.0254403665362504,0.0308753183925509,0.3900371800166785,Train,5.232999801635742,2023-07-17,0.00020765872228713263,0.03177755644518107,0.003280997972255767,0.006486568417775393,0.02549864674969281,0.0013801390623941717,1.493073349791211
2023-07-18,293.3399963378906,401.2761535644531,0.0101935099018704,0.0075807151645261,0.0126506251139108,-0.0024571152120404,0.0386561500907538,0.4883297260292109,Train,5.248000144958496,2023-07-18,0.0002082539740062895,0.00998525592786411,0.00737246119051981,0.012596018362335573,-0.002402508460465174,0.0013801390623941717,1.493073349791211
2023-07-19,291.260009765625,402.1415710449219,-0.0070907022507415,0.0021566631178588,0.0045573757944358,-0.0116480780451774,0.0319372740318391,0.4034524969887841,Train,5.244999885559082,2023-07-19,0.00020813491609361436,-0.007298837166835115,0.0019485282017651857,0.004497569507859976,-0.011588271758601477,0.0013801390623941717,1.493073349791211
2023-07-20,262.8999938964844,399.5166015625,-0.0973700986000849,-0.0065274760716759,-0.0084002623294669,-0.0889698362706179,-0.0652594759912955,-0.8244003077601298,Train,5.243000030517578,2023-07-20,0.00020805555676657055,-0.09757815415685148,-0.006735531628442471,-0.008468448151942507,-0.0889016504481424,0.0013801390623941717,1.493073349791211
2023-07-21,260.0199890136719,399.564697265625,-0.0109547544681438,0.0001203847423032,0.0015190368486741,-0.012473791316818,-0.0901084543084034,-1.1383088254270657,Train,5.248000144958496,2023-07-21,0.0002082539740062895,-0.01116300844215009,-8.78692317030895e-05,0.0014571978282779492,-0.012411952296421749,0.0013801390623941717,1.493073349791211
2023-07-24,269.0599975585937,401.25689697265625,0.0347665907502463,0.0042351081529765,0.0076586317782105,0.0271079589720358,-0.088440861872618,-1.1172427090294512,Train,5.25,2023-07-24,0.00020833333333333332,0.03455825741691297,0.004026774819643167,0.007600742564547028,0.027165848185699275,0.0013801390623941717,1.493073349791211
2023-07-25,265.2799987792969,402.4396057128906,-0.014048906614123,0.0029475100594096,0.0057374016158043,-0.0197863082299274,-0.105770054890505,-1.336156389229492,Train,5.264999866485596,2023-07-25,0.0002089285661303808,-0.014257835180253382,0.002738581493279219,0.005677970672371173,-0.019726877286494172,0.0013801390623941717,1.493073349791211
2023-07-26,264.3500061035156,402.5357360839844,-0.0035057022016762,0.0002388690619141,0.0016958277663882,-0.0052015299680645,-0.0993235068133921,-1.2547193850544784,Train,5.26800012588501,2023-07-26,0.00020904762404305594,-0.003714749825719256,2.9821437871044054e-05,0.001633712280574938,-0.005139414482251138,0.0013801390623941717,1.493073349791211
2023-07-27,255.7100067138672,399.8050842285156,-0.0326839386803915,-0.0067836259260694,-0.0087824645312374,-0.0239014741491541,-0.0342551446919283,-0.4327333524737494,Train,5.26800012588501,2023-07-27,0.00020904762404305594,-0.03289298630443456,-0.006992673550112456,-0.008851387835025577,-0.023832550845365924,0.0013801390623941717,1.493073349791211
2023-07-28,266.44000244140625,403.6990966796875,0.0419615793117773,0.0097397772184062,0.0158721700673752,0.0260894092444021,0.0043080558692918,0.0544221744128887,Train,5.255000114440918,2023-07-28,0.0002085317505730523,0.041753047561204244,0.009531245467833146,0.01581951941130716,0.026142059900470138,0.0013801390623941717,1.493073349791211
2023-07-31,267.42999267578125,404.4779052734375,0.0037156216232685,0.0019291809175583,0.0042179487117059,-0.0005023270884374,-0.0233022301911814,-0.2943689854890909,Train,5.248000144958496,2023-07-31,0.0002082539740062895,0.0035073676492622104,0.0017209269435520104,0.004157863192755611,-0.00044224156948711145,0.0013801390623941717,1.493073349791211
2023-08-01,261.07000732421875,403.22796630859375,-0.0237818701183342,-0.0030902527642363,-0.0032715679595611,-0.0205103021587731,-0.024026224120027,-0.3035149494842115,Train,5.260000228881836,2023-08-01,0.00020873016781277126,-0.02399060028614697,-0.0032989829320490714,-0.0033367542670515947,-0.020445115851282607,0.0013801390623941717,1.493073349791211
2023-08-02,254.1100006103516,397.6417236328125,-0.0266595415735506,-0.0138538076287745,-0.0193319103628166,-0.0073276312107339,-0.0261523253626965,-0.3303732484846459,Train,5.260000228881836,2023-08-02,0.00020873016781277126,-0.026868271741363373,-0.014062537796587272,-0.01940753118430913,-0.007252010389241472,0.0013801390623941717,1.493073349791211
2023-08-03,259.32000732421875,396.5168151855469,0.0205029581730478,-0.0028289497314029,-0.0028816766800415,0.0233846348530893,0.0211337836395469,0.2669757528991245,Train,5.257999897003174,2023-08-03,0.00020865078956361802,0.020294307383484183,-0.003037600520966518,-0.0029465705332092167,0.023449528706257015,0.0013801390623941717,1.493073349791211
2023-08-04,253.8600006103516,394.5746154785156,-0.0210550923941658,-0.0048981521909037,-0.0059691417805102,-0.0150859506136556,-0.0200415762185108,-0.2531782756689954,Train,5.252999782562256,2023-08-04,0.00020845237232389904,-0.0212635447664897,-0.005106604563227599,-0.006035943746559244,-0.015019148647606558,0.0013801390623941717,1.493073349791211
2023-08-07,251.4499969482422,398.1320495605469,-0.0094934359738243,0.0090158716310653,0.0147920277030129,-0.0242854636768373,-0.0438247128069107,-0.5536223847450982,Train,5.260000228881836,2023-08-07,0.00020873016781277126,-0.009702166141637072,0.00880714146325253,0.014738577436830465,-0.024232013410654764,0.0013801390623941717,1.493073349791211
2023-08-08,249.6999969482422,396.4110107421875,-0.0069596342065584,-0.0043227839111646,-0.005110632515042,-0.0018490016915163,-0.025163412339654,-0.3178806535295013,Train,5.275000095367432,2023-08-08,0.00020932540060981873,-0.007168959607168218,-0.004532109311774418,-0.00517730716874698,-0.00178232703781142,0.0013801390623941717,1.493073349791211
2023-08-09,242.19000244140625,393.7765808105469,-0.0300760696780969,-0.0066457032227945,-0.0085766695250657,-0.0214994001530311,-0.0393351812819512,-0.4969076913667893,Train,5.28000020980835,2023-08-09,0.0002095238178495377,-0.030285593495946436,-0.006855227040644038,-0.008645693920909974,-0.021430375757186926,0.0013801390623941717,1.493073349791211
2023-08-10,245.33999633789065,394.00732421875,0.0130062920216802,0.0005859754476209,0.0022137465650533,0.0107925454566268,-0.0519272706784136,-0.6559791858294688,Train,5.26800012588501,2023-08-10,0.00020904762404305594,0.012797244397637145,0.00037692782357784404,0.0021519675746161098,0.010854324447064091,0.0013801390623941717,1.493073349791211
2023-08-11,242.6499938964844,393.64202880859375,-0.0109643860828199,-0.0009271284763058,-4.396173074729614e-05,-0.0109204243520726,-0.0477617444168307,-0.6033575384768305,Train,5.264999866485596,2023-08-11,0.0002089285661303808,-0.01117331464895028,-0.0011360570424361807,-0.00010714886537953176,-0.010857237217440368,0.0013801390623941717,1.493073349791211
2023-08-14,239.75999450683597,395.8630065917969,-0.0119101564489687,0.0056421256386802,0.0097580480837118,-0.0216682045326805,-0.0451444852726739,-0.5702946121943908,Train,5.269999980926514,2023-08-14,0.00020912698337009975,-0.0121192834323388,0.005432998655310101,0.009701131547459269,-0.021611287996427968,0.0013801390623941717,1.493073349791211
2023-08-15,232.9600067138672,391.3247680664063,-0.0283616447646142,-0.0114641642432387,-0.0157663141005796,-0.0125953306640345,-0.055890814245192,-0.7060492559095386,Train,5.28000020980835,2023-08-15,0.0002095238178495377,-0.028571168582463738,-0.011673688061088238,-0.015840009657542974,-0.012521635107071227,0.0013801390623941717,1.493073349791211
2023-08-16,225.6000061035156,388.4306945800781,-0.0315934083028743,-0.0073955796374152,-0.0096955630626099,-0.0218978452402644,-0.0562892593324254,-0.7110826743909323,Train,5.284999847412109,2023-08-16,0.0002097222161671472,-0.03180313051904145,-0.007605301853582347,-0.009765412236140181,-0.021827996066734117,0.0013801390623941717,1.493073349791211
2023-08-17,219.22000122070312,385.2866821289063,-0.0282801627225358,-0.0080941400745139,-0.0107378878289504,-0.0175422748935854,-0.0846240796826376,-1.0690266244796325,Train,5.2779998779296875,2023-08-17,0.00020944443960038442,-0.028489607162136183,-0.008303584514114285,-0.010808277243768484,-0.017471885478767317,0.0013801390623941717,1.493073349791211
2023-08-18,215.4900054931641,385.6423645019531,-0.0170148513218181,0.0009231629058175,0.0027168652931012,-0.0197317166149194,-0.0934353719454844,-1.1803366211186528,Train,5.2779998779296875,2023-08-18,0.00020944443960038442,-0.017224295761418484,0.0007137184662171156,0.00265521752315719,-0.01967006884497529,0.0013801390623941717,1.493073349791211
2023-08-21,231.27999877929688,388.1903076171875,0.073274828918382,0.0066070104059365,0.0111977564269913,0.0620770724913906,-0.0096900949214132,-0.1224116055805205,Train,5.28000020980835,2023-08-21,0.0002095238178495377,0.07306530510053245,0.006397486588086962,0.011141579610563055,0.06213324930781894,0.0013801390623941717,1.493073349791211
2023-08-22,233.19000244140625,387.1038208007813,0.0082584039786857,-0.0027988509632694,-0.0028367661901315,0.0110951701688172,0.0140004059114386,0.1768622681508539,Train,5.295000076293945,2023-08-22,0.00021011905064658514,0.008048284928039114,-0.003008970013915985,-0.002902354825058089,0.011160758803743788,0.0013801390623941717,1.493073349791211
2023-08-23,236.8600006103516,391.2766723632813,0.0157382311871088,0.0107796703061928,0.0174237986197279,-0.001685567432619,0.0342126837190839,0.4321969577425794,Train,5.295000076293945,2023-08-23,0.00021011905064658514,0.015528112136462213,0.010569551255546214,0.017371373411949043,-0.0016331422248402443,0.0013801390623941717,1.493073349791211
2023-08-24,230.0399932861328,386.0751037597656,-0.0287934109036758,-0.0132938377647165,-0.0184963771337434,-0.0102970337699324,0.041457924842737,0.5237235739374844,Train,5.302999973297119,2023-08-24,0.0002104365068768698,-0.029003847410552668,-0.01350427427159337,-0.018572296453916136,-0.010221114449759663,0.0013801390623941717,1.493073349791211
2023-08-25,238.58999633789065,388.6326293945313,0.0371674634902419,0.0066244251697644,0.0112237410643594,0.0259437224258824,0.0871333638835388,1.1007255407834728,Train,5.315000057220459,2023-08-25,0.00021091270068335157,0.03695655078955855,0.006413512469081049,0.011166896309216065,0.026000567181025835,0.0013801390623941717,1.493073349791211
2023-08-28,238.82000732421875,391.1901245117188,0.0009640428763089,0.0065807524220802,0.0111585767863558,-0.0101945339100469,0.0148617574821012,0.1877434235563714,Train,5.322999954223633,2023-08-28,0.00021123015691363621,0.0007528127193952638,0.006369522265166564,0.011101533164329751,-0.010137490288020851,0.0013801390623941717,1.493073349791211
2023-08-29,257.17999267578125,396.7476196289063,0.0768779197240256,0.0142066344955009,0.0225371853192572,0.0543407344047684,0.0581073217180524,0.7340496254347615,Train,5.320000171661377,2023-08-29,0.00021111111792307052,0.07666680860610253,0.01399552337757783,0.022487593151758575,0.05439032657226703,0.0013801390623941717,1.493073349791211
2023-08-30,256.8999938964844,398.4013366699219,-0.0010887269121663,0.0041681839012983,0.0075587738399586,-0.0086475007521249,0.0511453883985465,0.6461019383897154,Train,5.315000057220459,2023-08-30,0.00021091270068335157,-0.0012996396128496517,0.003957271200614948,0.007499547930611972,-0.008588274842778272,0.0013801390623941717,1.493073349791211
2023-08-31,258.0799865722656,397.8917236328125,0.0045931985356788,-0.0012791448978787,-0.000569206813174,0.0051624053488529,0.0666048275173318,0.8413956665990184,Train,5.297999858856201,2023-08-31,0.00021023808963715085,0.004382960446041649,-0.0014893829875158508,-0.0006333808942610101,0.00522657942993981,0.0013801390623941717,1.493073349791211
2023-09-01,245.00999450683597,398.7378234863281,-0.0506431832976321,0.0021264575342019,0.0045123059246645,-0.0551554892222967,-0.0144943841308472,-0.1831025235301895,Train,5.26800012588501,2023-09-01,0.00020904762404305594,-0.05085223092167516,0.0019174099101588443,0.004452020323920959,-0.05509520362155306,0.0013801390623941717,1.493073349791211
2023-09-05,256.489990234375,396.9975280761719,0.0468552140113565,-0.0043645104819506,-0.0051728928948672,0.0520281069062237,0.0477282566854234,0.602934499590003,Train,5.2779998779296875,2023-09-05,0.00020944443960038442,0.04664576957175611,-0.004573954921550985,-0.005239666694519569,0.05209488070587607,0.0013801390623941717,1.493073349791211
2023-09-06,251.9199981689453,394.2573547363281,-0.0178174285135015,-0.0069022428253456,-0.0089594532715899,-0.0088579752419116,-0.0154704529612566,-0.1954328622581909,Train,5.300000190734863,2023-09-06,0.0002103174678863041,-0.018027745981387806,-0.0071125602932319044,-0.00902911769232724,-0.008788310821174261,0.0013801390623941717,1.493073349791211
2023-09-07,251.4900054931641,393.0843200683594,-0.0017068620153485,-0.0029753019287446,-0.0031000493673514,0.0013931873520028,-0.0054297648571287,-0.0685923346960241,Train,5.2829999923706055,2023-09-07,0.00020964285684010338,-0.0019165048721886033,-0.0031849447855847035,-0.0031655742606787286,0.0014587122453302286,0.0013801390623941717,1.493073349791211
2023-09-08,248.5,393.6227722167969,-0.0118891623040874,0.0013698133477924,0.0033833141683066,-0.015272476472394,-0.0258646466783757,-0.3267391035227445,Train,5.293000221252441,2023-09-08,0.00021003969131954133,-0.012099201995406941,0.0011597736564728587,0.0033218058919832457,-0.015210968196070644,0.0013801390623941717,1.493073349791211
2023-09-11,273.5799865722656,396.2091369628906,0.1009254992847712,0.0065706684893456,0.0111435305107966,0.0897819687739746,0.1190728113178956,1.5042054936118443,Train,5.293000221252441,2023-09-11,0.00021003969131954133,0.10071545959345166,0.0063606287980260585,0.011087064099960924,0.08983843518481027,0.0013801390623941717,1.493073349791211
2023-09-12,267.4800109863281,394.0842895507813,-0.0222968633867017,-0.0053629439956817,-0.0066626594542626,-0.0156342039324391,0.0514105004792327,0.6494510072810711,Train,5.304999828338623,2023-09-12,0.00021051586620391362,-0.02250737925290561,-0.0055734598618856135,-0.006730929457314328,-0.01556593392938737,0.0013801390623941717,1.493073349791211
2023-09-13,271.29998779296875,394.5457458496094,0.0142813543058957,0.0011709583737888,0.0030866018821446,0.011194752423751,0.0714632281448954,0.90277015531112,Train,5.304999828338623,2023-09-13,0.00021051586620391362,0.014070838439691787,0.0009604425075848864,0.0030246660406797223,0.011256688265215978,0.0013801390623941717,1.493073349791211
2023-09-14,276.0400085449219,397.9590148925781,0.0174715111140006,0.0086511363482544,0.0142478047578789,0.0032237063561217,0.0732937471490143,0.925894466492498,Train,5.295000076293945,2023-09-14,0.00021011905064658514,0.017261392063354013,0.008441017297607814,0.01419331608522561,0.0032781950287749887,0.0013801390623941717,1.493073349791211
2023-09-15,274.3900146484375,392.9977722167969,-0.0059773722844812,-0.0124667176521191,-0.0172622279716762,0.0112848556871949,0.0998510793086033,1.2613840252590045,Train,5.297999858856201,2023-09-15,0.00021023808963715085,-0.0061876103741183505,-0.012676955741756252,-0.017337247622467612,0.011359875337986412,0.0013801390623941717,1.493073349791211
2023-09-18,265.2799987792969,393.4304809570313,-0.0332009744626197,0.0011010462929434,0.002982285792281,-0.0361832602549007,-0.026114149720272,-0.3298909888451742,Train,5.300000190734863,2023-09-18,0.0002103174678863041,-0.033411291930506,0.0008907288250570959,0.0029203800008640634,-0.03612135446348377,0.0013801390623941717,1.493073349791211
2023-09-19,266.5,392.6419982910156,0.0045989189773711,-0.0020041219584654,-0.0016509479269662,0.0062498669043374,-0.0042300788834955,-0.0534371182181799,Train,5.309999942779541,2023-09-19,0.00021071428344363258,0.004388204693927467,-0.0022148362419090327,-0.0017160596211082922,0.0063149785984793925,0.0013801390623941717,1.493073349791211
2023-09-20,262.5899963378906,388.9690856933594,-0.0146716835351196,-0.0093543548923515,-0.0126182592983067,-0.0020534242368128,-0.0174782555440594,-0.2207967353515791,Train,5.315000057220459,2023-09-20,0.00021091270068335157,-0.014882596235802951,-0.009565267593034853,-0.012690594363704339,-0.0019810891714152606,0.0013801390623941717,1.493073349791211
2023-09-21,255.6999969482422,382.5945129394531,-0.0262386209898972,-0.0163883788927421,-0.0231137540805351,-0.003124866909362,-0.0238268288095433,-0.3009960577396521,Train,5.304999828338623,2023-09-21,0.00021051586620391362,-0.02644913685610111,-0.016598894758946013,-0.023192712471973215,-0.003045908517923985,0.0013801390623941717,1.493073349791211
2023-09-22,244.8800048828125,381.6714782714844,-0.0423151826146475,-0.0024125664032061,-0.0022603894839425,-0.0400547931307049,-0.0751664776274432,-0.9495520205766664,Train,5.304999828338623,2023-09-22,0.00021051586620391362,-0.042525698480851415,-0.002623082269410014,-0.0023257993021678558,-0.03998938331247964,0.0013801390623941717,1.493073349791211
2023-09-25,246.9900054931641,383.25787353515625,0.008616467528091,0.0041564417410919,0.0075412533166889,0.001075214211402,-0.0379080031611404,-0.4788786455592214,Train,5.313000202178955,2023-09-25,0.00021083334135630776,0.008405634186734692,0.0039456083997355925,0.00748205515410804,0.0011344123739829605,0.0013801390623941717,1.493073349791211
2023-09-26,244.1199951171875,377.6332702636719,-0.011619945391094,-0.014675767048445,-0.0205583592347393,0.0089384138436453,-0.0352194562218325,-0.4449151653055854,Train,5.324999809265137,2023-09-26,0.00021130951624068002,-0.01183125490733468,-0.014887076564685681,-0.020636048696398634,0.009016103305304633,0.0013801390623941717,1.493073349791211
2023-09-27,240.5,377.7197570800781,-0.014828753029631,0.0002290232964534,0.0016811368611519,-0.016509889890783,-0.0496759218758026,-0.6275386778793977,Train,5.329999923706055,2023-09-27,0.00021150793348039898,-0.0150402609631114,1.7515362973001005e-05,0.0016177987175414782,-0.01644655174717248,0.0013801390623941717,1.493073349791211
2023-09-28,246.3800048828125,379.9232482910156,0.024449084751819,0.0058336668115306,0.0100438474185052,0.0144052373333137,-0.0321458176331268,-0.4060869559155751,Train,5.308000087738037,2023-09-28,0.00021063492411658877,0.02423844982770241,0.005623031887414011,0.009986373042634793,0.014462711709184206,0.0013801390623941717,1.493073349791211
2023-09-29,250.22000122070312,379.0160217285156,0.0155856654833539,-0.0023879206302349,-0.0022236154294881,0.0178092809128421,0.0257182564104202,0.3248898060816854,Train,5.300000190734863,2023-09-29,0.0002103174678863041,0.015375348015467596,-0.002598238098121204,-0.002288903530436495,0.017874569013790396,0.0013801390623941717,1.493073349791211
2023-10-02,251.6000061035156,378.9870300292969,0.0055151661581014,-7.649201499859704e-05,0.0012252762674067,0.0042898898906946,0.0289329320897128,0.3654996880812176,Train,5.315000057220459,2023-10-02,0.00021091270068335157,0.005304253457418049,-0.0002874047156819486,0.0011619354414884858,0.0043532307166129144,0.0013801390623941717,1.493073349791211
2023-10-03,246.52999877929688,373.89105224609375,-0.0201510620080541,-0.0134463118244684,-0.0187238842759513,-0.0014271777321028,0.0185673405139646,0.2345547677404164,Train,5.340000152587891,2023-10-03,0.00021190476795983693,-0.020362966776013937,-0.013658216592428237,-0.01880067536947672,-0.0013503866385773805,0.0013801390623941717,1.493073349791211
2023-10-04,261.1600036621094,376.6416931152344,0.0593437105230745,0.0073567977960866,0.0123165171307739,0.0470271933923005,0.0821044237970482,1.037196686283276,Train,5.335000038146973,2023-10-04,0.00021170635072011797,0.05913200417235438,0.0071450914453664825,0.012259991032012148,0.047083719491062354,0.0013801390623941717,1.493073349791211
2023-10-05,260.04998779296875,376.3232116699219,-0.004250328739376,-0.0008455820243327,7.771404987920341e-05,-0.0043280427892552,0.0633711436744792,0.800545661067221,Train,5.324999809265137,2023-10-05,0.00021130951624068002,-0.00446163825561668,-0.00105689154057338,1.3431985784961636e-05,-0.004263760725160962,0.0013801390623941717,1.493073349791211
2023-10-06,260.5299987792969,380.8111267089844,0.0018458412184594,0.0119256928615896,0.019133783366697,-0.0172879421482376,0.0282739206133995,0.3571746248526583,Train,5.3480000495910645,2023-10-06,0.0002122222241901216,0.0016336189942692785,0.011713470637399479,0.019081432128847324,-0.017235590910387923,0.0013801390623941717,1.493073349791211
2023-10-09,259.6700134277344,383.34954833984375,-0.0033009072106549,0.0066658284194496,0.0112855190155029,-0.0145864262261578,0.009397604496547,0.1187166755705288,Train,5.3480000495910645,2023-10-09,0.0002122222241901216,-0.0035131294348450214,0.0064536061952594785,0.011228068706773675,-0.014528975917428575,0.0013801390623941717,1.493073349791211
2023-10-10,263.6199951171875,385.32806396484375,0.0152115434405073,0.0051611267929445,0.0090403478206196,0.0061711956198877,0.0169959778485375,0.214704288629097,Train,5.322999954223633,2023-10-10,0.00021123015691363621,0.015000313283593664,0.004949896636030864,0.008981927970786657,0.0062296154697206434,0.0013801390623941717,1.493073349791211
2023-10-11,262.989990234375,386.9591369628906,-0.0023898220714724,0.0042329462880639,0.0076554060511005,-0.0100452281225729,-0.0400764436663359,-0.5062718017666228,Train,5.335000038146973,2023-10-11,0.00021170635072011797,-0.0026015284221925176,0.004021239937343782,0.00759585159667837,-0.00998567366815077,0.0013801390623941717,1.493073349791211
2023-10-12,258.8699951171875,384.6331787109375,-0.0156659769199419,-0.0060108627236683,-0.0076294215279369,-0.008036555392005,-0.0437849562690857,-0.5531201542027822,Train,5.335000038146973,2023-10-12,0.00021170635072011797,-0.015877683270662017,-0.006222569074388418,-0.00769890663909002,-0.00796707028085188,0.0013801390623941717,1.493073349791211
2023-10-13,251.1199951171875,382.6063537597656,-0.0299378071857716,-0.0052695010814318,-0.0065232329156425,-0.0234145742701291,-0.0499115883909772,-0.6305157711625956,Train,5.328000068664551,2023-10-13,0.00021142857415335517,-0.030149235759924956,-0.0054809296555851554,-0.00659186236428699,-0.02334594482148461,0.0013801390623941717,1.493073349791211
2023-10-16,253.9199981689453,386.6116943359375,0.01115006015531,0.0104685678552185,0.0169596014332016,-0.0058095412778916,-0.041134703442711,-0.5196404301854318,Train,5.328000068664551,2023-10-16,0.00021142857415335517,0.010938631581156646,0.010257139281065145,0.016906228942202478,-0.005756168786892477,0.0013801390623941717,1.493073349791211
2023-10-17,254.8500061035156,386.621337890625,0.0036626021631882,2.4943773891950016e-05,0.0013766290056079,0.0022859731575803,-0.0450199259050184,-0.5687210969390234,Train,5.340000152587891,2023-10-17,0.00021190476795983693,0.003450697395228363,-0.0001869609940678869,0.001312897352660774,0.0023497048105274258,0.0013801390623941717,1.493073349791211
2023-10-18,242.67999267578125,381.4481506347656,-0.0477536320826734,-0.0133805011489636,-0.0186256879090726,-0.0291279441736008,-0.0641026419560463,-0.8097864249454101,Train,5.329999923706055,2023-10-18,0.00021150793348039898,-0.0479651400161538,-0.013592009082443998,-0.018702219535242655,-0.029051412547430745,0.0013801390623941717,1.493073349791211
2023-10-19,220.1100006103516,378.21490478515625,-0.0930031018073378,-0.0084762394161014,-0.0113080197542469,-0.0816950820530909,-0.1377611686171322,-1.7402890243940543,Train,5.309999942779541,2023-10-19,0.00021071428344363258,-0.09321381609078143,-0.008686953699545032,-0.01137940571382305,-0.08162369609351475,0.0013801390623941717,1.493073349791211
2023-10-20,211.9900054931641,373.5049743652344,-0.0368906233004917,-0.0124530534369007,-0.0172418395425892,-0.0196487837579025,-0.1339953781049055,-1.6927171000094046,Train,5.300000190734863,2023-10-20,0.0002103174678863041,-0.037100940768378,-0.012663370904787004,-0.017316885086178416,-0.019573738214313283,0.0013801390623941717,1.493073349791211
2023-10-23,212.0800018310547,372.8486022949219,0.0004245310418349,-0.0017573315360203,-0.001282710970292,0.0017072420121269,-0.126478594814887,-1.5977601858827253,Train,5.293000221252441,2023-10-23,0.00021003969131954133,0.00021449135051535866,-0.0019673712273398413,-0.0013472507949734297,0.0017717818368083297,0.0013801390623941717,1.493073349791211
2023-10-24,216.5200042724609,375.637939453125,0.0209355073702008,0.0074811522452664,0.0125020668918269,0.0084334404783739,-0.1203311274940933,-1.5201013650873574,Train,5.308000087738037,2023-10-24,0.00021063492411658877,0.02072487244608421,0.0072705173211498105,0.012446189637914929,0.00848931773228587,0.0013801390623941717,1.493073349791211
2023-10-25,212.4199981689453,370.3392639160156,-0.0189359228829328,-0.0141058050334944,-0.0197079166781528,0.0007719937952199,-0.0904311895252725,-1.1423858273960577,Train,5.315000057220459,2023-10-25,0.00021091270068335157,-0.019146835583616153,-0.014316717734177753,-0.01978485794230649,0.0008489350593736886,0.0013801390623941717,1.493073349791211
2023-10-26,205.75999450683597,365.79339599609375,-0.0313529974555993,-0.0122748743188968,-0.0169759777822073,-0.014377019673392,-0.0231131271455736,-0.2919801123541267,Train,5.300000190734863,2023-10-26,0.0002103174678863041,-0.0315633149234856,-0.012485191786783104,-0.017050850593597486,-0.014302146862001815,0.0013801390623941717,1.493073349791211
2023-10-27,207.3000030517578,364.1719055175781,0.0074844896288657,-0.0044328041355151,-0.0052747941230413,0.012759283751907,0.009294940364236,0.1174197552231387,Train,5.304999828338623,2023-10-27,0.00021051586620391362,0.007273973762661787,-0.004643320001719014,-0.005342162420521055,0.012826652049386756,0.0013801390623941717,1.493073349791211
2023-10-30,197.3600006103516,368.5537414550781,-0.0479498422338395,0.0120323283348076,0.0192928945742644,-0.0672427368081039,-0.0596550384559949,-0.7536013937519868,Train,5.313000202178955,2023-10-30,0.00021083334135630776,-0.04816067557519581,0.011821494993451292,0.01924133153316283,-0.06719117376700233,0.0013801390623941717,1.493073349791211
2023-10-31,200.83999633789065,370.7831726074219,0.0176327306281764,0.0060491344994675,0.010365347600244,0.0072673830279324,-0.0608210959064365,-0.768331792769261,Train,5.320000171661377,2023-10-31,0.00021111111792307052,0.01742161951025333,0.005838023381544429,0.010307847306759196,0.007324883321417203,0.0013801390623941717,1.493073349791211
2023-11-01,205.66000366210935,374.8657836914063,0.0239992402514768,0.0110107776878725,0.0177686348498031,0.0062306054016737,-0.0553624842999827,-0.6993750471021076,Train,5.300000190734863,2023-11-01,0.0002103174678863041,0.023788922783590495,0.010800460219986196,0.017716335850221986,0.006282904401254813,0.0013801390623941717,1.493073349791211
2023-11-02,218.50999450683597,381.9885864257813,0.0624817203924519,0.0190009412548535,0.0296907892271189,0.0327909311653329,-0.0081945334612578,-0.1035186967837849,Train,5.269999980926514,2023-11-02,0.00020912698337009975,0.062272593409081804,0.0187918142714834,0.029646823128742276,0.032834897263709625,0.0013801390623941717,1.493073349791211
2023-11-03,219.9600067138672,385.5210876464844,0.0066359079377757,0.0092476617004615,0.015137882574106,-0.0085019746363302,-0.0294557918494951,-0.3721047939349234,Train,5.252999782562256,2023-11-03,0.00020845237232389904,0.006427455565451801,0.009039209328137602,0.015084793985744442,-0.008448886047968743,0.0013801390623941717,1.493073349791211
2023-11-06,219.2700042724609,386.2643127441406,-0.0031369449915676,0.0019278455095503,0.0042159561441829,-0.0073529011357505,0.0304340438228582,0.3844627115500616,Train,5.260000228881836,2023-11-06,0.00020873016781277126,-0.0033456751593803715,0.0017191153417375287,0.004155634532172457,-0.007292579523740057,0.0013801390623941717,1.493073349791211
2023-11-07,222.17999267578125,387.35491943359375,0.0132712561983827,0.0028234725639164,0.0055523247825895,0.0077189314157931,0.030885592210719,0.3901669655954153,Train,5.2729997634887695,2023-11-07,0.00020924602236066547,0.013062010176022034,0.0026142265415557346,0.0054926170642685505,0.007778639134114149,0.0013801390623941717,1.493073349791211
2023-11-08,222.1100006103516,387.6734008789063,-0.0003150241594067,0.000822195431978,0.0025662113296234,-0.0028812354890302,0.0217737513200151,0.2750602424651286,Train,5.26800012588501,2023-11-08,0.00020904762404305594,-0.0005240717834497559,0.0006131478079349441,0.0025046613379477926,-0.0028196854973544924,0.0013801390623941717,1.493073349791211
2023-11-09,209.97999572753903,384.74896240234375,-0.0546126011862573,-0.0075435623644346,-0.0099163686696431,-0.0446962325166142,-0.055713412361932,-0.703808199496884,Train,5.263000011444092,2023-11-09,0.00020884920680333698,-0.05482145039306063,-0.007752411571237937,-0.009985930844430863,-0.044626670341826435,0.0013801390623941717,1.493073349791211
2023-11-10,214.6499938964844,390.7522277832031,0.0222402050860355,0.015603071008627,0.0246208137141011,-0.0023806086280656,-0.0495920463536674,-0.6264791075225806,Train,5.25,2023-11-10,0.00020833333333333332,0.022031871752702166,0.015394737675293667,0.024573944945735178,-0.0023337398596996774,0.0013801390623941717,1.493073349791211
2023-11-13,223.7100067138672,390.3564758300781,0.0422083068949539,-0.0010127951294613,-0.000171785279708,0.0423800921746619,0.0001409469567451,0.001780533979985,Train,5.260000228881836,2023-11-13,0.00020873016781277126,0.04199957672714113,-0.0012215252972740712,-0.00023495763724875923,0.04244326453220266,0.0013801390623941717,1.493073349791211
2023-11-14,237.41000366210935,397.8557739257813,0.0612399827324887,0.0192114094681179,0.0300048296731025,0.0312351530593862,0.0236571686003381,0.298852799208094,Train,5.252999782562256,2023-11-14,0.00020845237232389904,0.0610315303601648,0.019002957095794002,0.029961400241673885,0.03127858249081482,0.0013801390623941717,1.493073349791211
2023-11-15,242.83999633789065,398.7244262695313,0.0228717939093645,0.0021833347677191,0.0045971726677371,0.0182746212416274,0.0448130253309958,0.5661073938053554,Train,5.255000114440918,2023-11-15,0.0002085317505730523,0.022663262158791445,0.001974803017146048,0.004537196568955264,0.018334597340409233,0.0013801390623941717,1.493073349791211
2023-11-16,233.58999633789065,399.2842712402344,-0.0380909246396521,0.001404089977484,0.0034344584618235,-0.0415253831014757,0.0479838747461343,0.6061636338225119,Train,5.243000030517578,2023-11-16,0.00020805555676657055,-0.03829898019641867,0.0011960344207174295,0.003373961738166905,-0.041464886377819005,0.0013801390623941717,1.493073349791211
2023-11-17,234.3000030517578,399.87298583984375,0.0030395424675642,0.0014744247194629,0.003539405206021,-0.0004998627384568,0.0498646206357431,0.629922443813859,Train,5.232999801635742,2023-11-17,0.00020765872228713263,0.0028318837452770674,0.0012667659971757675,0.003479172335486131,-0.0004396298679219309,0.0013801390623941717,1.493073349791211
2023-11-20,235.6000061035156,402.88421630859375,0.005548455120893,0.0075304673618439,0.0125756501705724,-0.0070271950496794,0.0004573334114017,0.0057773342396871,Train,5.23799991607666,2023-11-20,0.00020785713952685162,0.005340597981366149,0.007322610222317049,0.012521190375771303,-0.006972735254878302,0.0013801390623941717,1.493073349791211
2023-11-21,241.1999969482422,401.8322143554688,0.0237690606946168,-0.0026111768854186,-0.0025567369629447,0.0263257976575615,-0.0044520219904229,-0.0562408484485701,Train,5.255000114440918,2023-11-21,0.0002085317505730523,0.023560528944043747,-0.0028197086359916523,-0.0026213610056080383,0.026390421700224837,0.0013801390623941717,1.493073349791211
2023-11-22,234.2100067138672,403.5694885253906,-0.0289800593814889,0.0043233820183092,0.0077903455586803,-0.0367704049401692,-0.0594970481722196,-0.7516055573375967,Train,5.264999866485596,2023-11-22,0.0002089285661303808,-0.029188987947619278,0.004114453452178819,0.007732248426929194,-0.036712307808418096,0.0013801390623941717,1.493073349791211
2023-11-24,235.4499969482422,403.7914733886719,0.0052943520721977,0.0005500536328759,0.0021601474844697,0.0031342045877279,-0.0148374604830159,-0.1874364880007414,Train,5.252999782562256,2023-11-24,0.00020845237232389904,0.005085899699873801,0.00034160126055200095,0.0020986271731033472,0.0031957248990943524,0.0013801390623941717,1.493073349791211
2023-11-27,236.0800018310547,403.0869140625,0.0026757481035388,-0.0017448593459864,-0.0012641011666553,0.0039398492701942,-0.0103977484743649,-0.131351147278936,Train,5.257999897003174,2023-11-27,0.00020865078956361802,0.002467097313975182,-0.001953510135550018,-0.0013279440699789586,0.004003692173517759,0.0013801390623941717,1.493073349791211
2023-11-28,246.72000122070312,403.4825744628906,0.0450694650420355,0.0009815758998548,0.0028040235504656,0.0422654414915699,0.0388948880668844,0.4913456200125214,Train,5.260000228881836,2023-11-28,0.00020873016781277126,0.044860734874222735,0.0007728457320420288,0.0027427845962187756,0.04232668044581673,0.0013801390623941717,1.493073349791211
2023-11-29,244.13999938964844,403.2220458984375,-0.0104572058134303,-0.0006456996681949,0.0003759592969507,-0.010833165110381,0.0017359252989418,0.0219293417386174,Train,5.239999771118164,2023-11-29,0.00020793649885389538,-0.010665142312284194,-0.0008536361670487954,0.0003135341498095923,-0.010770739963239892,0.0013801390623941717,1.493073349791211
2023-11-30,240.0800018310547,404.78558349609375,-0.0166297926138435,0.0038776094054393,0.0071252064957233,-0.0237549991095669,0.0147513311295441,0.186348445774984,Train,5.23799991607666,2023-11-30,0.00020785713952685162,-0.016837649753370352,0.0036697522659124484,0.007067205510490809,-0.02369699812433431,0.0013801390623941717,1.493073349791211
2023-12-01,238.8300018310547,407.1598815917969,-0.0052065977610231,0.0058655698041332,0.0100914499988176,-0.0152980477598408,-0.0036809212180246,-0.0464998000502652,Train,5.215000152587891,2023-12-01,0.00020694445049951947,-0.005413542211522619,0.005658625353633681,0.010035826224857006,-0.015242423985880105,0.0013801390623941717,1.493073349791211
2023-12-04,235.5800018310547,405.11370849609375,-0.0136080055900975,-0.0050254781677006,-0.0061591253695681,-0.0074488802205294,-0.0150696507087483,-0.1903696665260816,Train,5.2230000495910645,2023-12-04,0.00020726190672980415,-0.013815267496827304,-0.005232740074430404,-0.006225463782392539,-0.0073825418077049605,0.0013801390623941717,1.493073349791211
2023-12-05,238.72000122070312,404.9882507324219,0.0133288028068709,-0.0003096853082005,0.000877327640573,0.0124514751662979,-0.0448836170340202,-0.5669991542863378,Train,5.243000030517578,2023-12-05,0.00020805555676657055,0.01312074725010433,-0.0005177408649670706,0.0008151695315805591,0.012513633275290342,0.0013801390623941717,1.493073349791211
2023-12-06,239.3699951171875,403.2992858886719,0.0027228296462826,-0.0041704045504913,-0.0048832666737003,0.007606096319983,-0.0264443556036562,-0.3340623651510829,Train,5.243000030517578,2023-12-06,0.00020805555676657055,0.002514774089516029,-0.004378460107257871,-0.004949167480109952,0.007671997126392552,0.0013801390623941717,1.493073349791211
2023-12-07,242.63999938964844,406.4552917480469,0.0136608778842981,0.0078254685039194,0.0130158225309785,0.0006450553533196,-0.0020443011407696,-0.0258249467070453,Train,5.232999801635742,2023-12-07,0.00020765872228713263,0.013453219162010968,0.007617809781632267,0.012961746553415247,0.0006991313308828528,0.0013801390623941717,1.493073349791211
2023-12-08,243.83999633789065,408.1829528808594,0.0049455858525417,0.0042505563782484,0.007681682135691,-0.0027360962831492,0.0105176503359218,0.1328658258764438,Train,5.232999801635742,2023-12-08,0.00020765872228713263,0.004737927130254568,0.004042897655961267,0.007624140530730429,-0.002678554678188729,0.0013801390623941717,1.493073349791211
2023-12-11,239.7400054931641,409.7658081054688,-0.0168142671682343,0.0038778082559254,0.007125503201313,-0.0239397703695473,-0.005973239813096,-0.0754578651673245,Train,5.232999801635742,2023-12-11,0.00020765872228713263,-0.01702192589052143,0.0036701495336382674,0.007067600243105243,-0.02388186741133954,0.0013801390623941717,1.493073349791211
2023-12-12,237.00999450683597,411.80224609375,-0.0113873818460639,0.0049697606486411,0.0087548096466071,-0.0201421914926711,-0.0385669064720651,-0.4872023423719716,Train,5.248000144958496,2023-12-12,0.0002082539740062895,-0.011595635820070189,0.00476150667463481,0.008697671757150667,-0.020085053603214567,0.0013801390623941717,1.493073349791211
2023-12-13,239.2899932861328,417.4098205566406,0.0096198423363582,0.0136171536607259,0.0216576186551028,-0.0120377763187445,-0.0582107791107927,-0.7353565667658032,Train,5.2230000495910645,2023-12-13,0.00020726190672980415,0.009412580429628396,0.013409891753996095,0.021609352970600463,-0.011989510634242263,0.0013801390623941717,1.493073349791211
2023-12-14,251.0500030517578,418.6355285644531,0.0491454306305356,0.0029364618354641,0.0057209165175496,0.043424514112986,-0.0154313203511262,-0.1949385135778671,Train,5.215000152587891,2023-12-14,0.00020694445049951947,0.04893848618003608,0.0027295173849645805,0.005662453178176104,0.043482977452359496,0.0013801390623941717,1.493073349791211
2023-12-15,253.5,417.99853515625,0.0097589998743679,-0.0015215942382803,-0.0009309664243153,0.0106899662986833,-0.0020052577692936,-0.0253317253476662,Train,5.224999904632568,2023-12-15,0.00020734126605684796,0.009551658608311052,-0.001728935504337148,-0.0009939471965826026,0.010752947070950503,0.0013801390623941717,1.493073349791211
2023-12-18,252.0800018310547,420.3631896972656,-0.0056015706861748,0.0056570881047028,0.0097803736379125,-0.0153819443240873,0.0065525682761663,0.0827763205486248,Train,5.224999904632568,2023-12-18,0.00020734126605684796,-0.0058089119522316485,0.005449746838645951,0.009724352096342193,-0.015325922782516994,0.0013801390623941717,1.493073349791211
2023-12-19,257.2200012207031,422.9208679199219,0.0203903496997484,0.0060844486038329,0.0104180399137883,0.00997230978596,0.0366670695547974,0.4632023620549615,Train,5.23799991607666,2023-12-19,0.00020785713952685162,0.02018249256022155,0.005876591464306048,0.010362178304886891,0.010028171394861509,0.0013801390623941717,1.493073349791211
2023-12-20,247.13999938964844,416.8162536621094,-0.0391882504595967,-0.0144344124891193,-0.0201982331507325,-0.0189900173088641,0.0297148285646779,0.3753771148427154,Train,5.230000019073486,2023-12-20,0.00020753968329656692,-0.03939579014289327,-0.014641952172415866,-0.02027382983186092,-0.01891442062773578,0.0013801390623941717,1.493073349791211
2023-12-21,254.5,420.87689208984375,0.0297806936494628,0.0097420347504637,0.0158755385398071,0.0139051551096557,0.0001954695613476,0.0024692991184031,Train,5.210000038146973,2023-12-21,0.0002067460332598005,0.029573947616202998,0.0095352887172039,0.015823770561875936,0.013956923087586864,0.0013801390623941717,1.493073349791211
2023-12-22,252.5399932861328,421.8557739257813,-0.0077014016261971,0.0023258151120555,0.0048097681480012,-0.0125111697741984,-0.023005666511534,-0.2906225994653297,Train,5.208000183105469,2023-12-22,0.00020666667393275668,-0.007908068300129857,0.0021191484381227433,0.004750849793539666,-0.012452251419736767,0.0013801390623941717,1.493073349791211
2023-12-26,256.6099853515625,423.60986328125,0.0161162278198776,0.0041580309287823,0.0075436245498708,0.0085726032700067,0.00094888108256,0.0119868853466526,Train,5.203000068664551,2023-12-26,0.00020646825669303775,0.015909759563184564,0.003951562672089262,0.007486580234813433,0.008629647585064168,0.0013801390623941717,1.493073349791211
2023-12-27,261.44000244140625,424.3851623535156,0.0188224050721428,0.0018302195946529,0.0040702881339003,0.0147521169382425,0.0057286882348424,0.0723685299663748,Train,5.235000133514404,2023-12-27,0.0002077381005362859,0.018614666971606512,0.001622481494116614,0.0040103610423254,0.014812044029817398,0.0013801390623941717,1.493073349791211
2023-12-28,253.17999267578125,424.4530029296875,-0.0315942843042017,0.0001598561452893,0.0015779322837856,-0.0331722165879874,-0.0084535110442807,-0.1067902706955276,Train,5.2179999351501465,2023-12-28,0.0002070634894900852,-0.03180134779369179,-4.720734420078518e-05,0.0015167185243436438,-0.033111002828545344,0.0013801390623941717,1.493073349791211
2023-12-29,248.47999572753903,423.3191223144531,-0.0185638560873999,-0.0026713926098014,-0.0026465850813236,-0.0159172710060762,-0.0382759371600128,-0.4835266280521594,Train,5.179999828338623,2023-12-29,0.00020555554874359614,-0.018769411636143495,-0.0028769481585449964,-0.0027098000131166662,-0.015854056074283234,0.0013801390623941717,1.493073349791211
2024-01-02,248.4199981689453,420.615234375,-0.0002414583049958,-0.0063873512839909,-0.0081911815845154,0.0079497232795195,-0.0178150441062948,-0.2250512683544797,Train,5.2129998207092285,2024-01-02,0.0002068650722503662,-0.0004483233772461662,-0.006594216356241266,-0.008258644569616601,0.008017186264620802,0.0013801390623941717,1.493073349791211
2024-01-03,238.4499969482422,417.4946594238281,-0.0401336498437727,-0.0074190725778365,-0.0097306169710978,-0.0304030328726749,-0.0567906802489765,-0.7174169507798094,Train,5.235000133514404,2024-01-03,0.0002077381005362859,-0.040341387944308985,-0.007626810678372785,-0.009799510604850976,-0.030334139238921722,0.0013801390623941717,1.493073349791211
2024-01-04,237.92999267578125,416.1766052246094,-0.0021807686270334,-0.0031570564304649,-0.0033712459717909,0.0011904773447575,-0.0703523198424615,-0.8887364363376192,Train,5.228000164031982,2024-01-04,0.0002074603239695231,-0.002388228951002923,-0.003364516754434423,-0.0034358709146083627,0.0012551022875749627,0.0013801390623941717,1.493073349791211
2024-01-05,237.4900054931641,416.7096252441406,-0.0018492295892126,0.001280754402914,0.0032504289675695,-0.0050996585567821,-0.0422797618112563,-0.5341055550901727,Train,5.21999979019165,2024-01-05,0.00020714284881712897,-0.0020563724380297287,0.001073611554096871,0.0031902627106612635,-0.005039492299873863,0.0013801390623941717,1.493073349791211
2024-01-08,240.4499969482422,422.6697998046875,0.0124636464129574,0.0143029443033741,0.0226808895610901,-0.0102172431481326,-0.0365797339533126,-0.4620990817167607,Train,5.21999979019165,2024-01-08,0.00020714284881712897,0.012256503564140271,0.014095801454556972,0.022633347406958503,-0.010169700994001104,0.0013801390623941717,1.493073349791211
2024-01-09,234.9600067138672,421.642578125,-0.0228321493202461,-0.0024303171888839,-0.00228687550083,-0.020545273819416,-0.0650747310522483,-0.8220664890725884,Train,5.230000019073486,2024-01-09,0.00020753968329656692,-0.023039689003542668,-0.002637856872180467,-0.0023508350507255174,-0.020481314269520583,0.0013801390623941717,1.493073349791211
2024-01-10,233.94000244140625,424.4239501953125,-0.0043411825132567,0.0065965161362047,0.01118209788599,-0.0155232803992467,-0.0501949785788201,-0.6340957410370861,Train,5.224999904632568,2024-01-10,0.00020734126605684796,-0.004548523779313548,0.006389174870147851,0.011126987054224498,-0.015468169567481198,0.0013801390623941717,1.493073349791211
2024-01-11,227.22000122070312,424.278564453125,-0.0287253191013634,-0.0003425483932294,0.000828292502588,-0.0295536116039514,-0.0809390675275291,-1.0224751450412053,Train,5.2179999351501465,2024-01-11,0.0002070634894900852,-0.028932382590853484,-0.0005496118827194852,0.000766591697067221,-0.02949191079843062,0.0013801390623941717,1.493073349791211
2024-01-12,218.88999938964844,424.4723815917969,-0.0366605130987724,0.0004568157689552,0.0020210269022494,-0.0386815400010219,-0.1145209489717689,-1.4467033966055938,Train,5.197999954223633,2024-01-12,0.0002062698394533188,-0.03686678293822572,0.0002505459295018812,0.0019604923520854167,-0.038621005450857816,0.0013801390623941717,1.493073349791211
2024-01-16,219.91000366210935,423.0284423828125,0.004659894354722,-0.0034017271125379,-0.0037363200555471,0.0083962144102691,-0.0959074914133671,-1.2115660482506467,Train,5.203000068664551,2024-01-16,0.00020646825669303775,0.0044534260980289625,-0.0036081953692309377,-0.0038006930275515625,0.008460587382273562,0.0013801390623941717,1.493073349791211
2024-01-17,215.5500030517578,420.6734008789063,-0.019826295019533,-0.0055670996745299,-0.0069672809429006,-0.0128590140766324,-0.0882212316705835,-1.114468196923733,Train,5.215000152587891,2024-01-17,0.00020694445049951947,-0.02003323947003252,-0.005774044125029419,-0.007033987890706244,-0.012792307128826758,0.0013801390623941717,1.493073349791211
2024-01-18,211.8800048828125,424.4142456054688,-0.017026203279914,0.0088925154733976,0.0146079674966382,-0.0316341707765522,-0.1043321220478889,-1.3179914827544663,Train,5.199999809265137,2024-01-18,0.00020634919878036254,-0.01723255247869436,0.008686166274617239,0.014555571637660738,-0.03158177491757474,0.0013801390623941717,1.493073349791211
2024-01-19,212.19000244140625,429.6088562011719,0.001463080760099,0.0122394821792386,0.0196019896375203,-0.0181389088774213,-0.0929174193213588,-1.1737935054063642,Train,5.197999954223633,2024-01-19,0.0002062698394533188,0.0012568109206456814,0.012033212339785281,0.019552877558759636,-0.018089796798660636,0.0013801390623941717,1.493073349791211
2024-01-22,208.8000030517578,430.5876770019531,-0.015976244642273,0.0022783999599926,0.0047390198137552,-0.0207152644560283,-0.0749511437763651,-0.94683178278126,Train,5.199999809265137,2024-01-22,0.00020634919878036254,-0.01618259384105336,0.0020720507612122375,0.004680212032155118,-0.020656456674428118,0.0013801390623941717,1.493073349791211
2024-01-23,209.13999938964844,431.866943359375,0.0016283349277841,0.0029709776330084,0.0057724176743569,-0.0041440827465728,-0.0874914409332071,-1.1052490038585938,Train,5.210000038146973,2024-01-23,0.0002067460332598005,0.0014215888945242994,0.0027642315997485995,0.0057140856298893315,-0.0040857507021052316,0.0013801390623941717,1.493073349791211
2024-01-24,207.8300018310547,432.2254638671875,-0.0062637351172268,0.000830164274727,0.0025781016711246,-0.0088418367883515,-0.0834742636449263,-1.0545013975917668,Train,5.210000038146973,2024-01-24,0.0002067460332598005,-0.0064704811504866,0.0006234182414671996,0.00251769425776235,-0.00878142937498915,0.0013801390623941717,1.493073349791211
2024-01-25,182.6300048828125,434.6580505371094,-0.1212529313680481,0.0056280503424235,0.0097370462789962,-0.1309899776470444,-0.1828300705154184,-2.309628818055808,Train,5.195000171661377,2024-01-25,0.00020615080046275307,-0.12145908216851085,0.005421899541960747,0.009681583574203689,-0.13093451494225178,0.0013801390623941717,1.493073349791211
2024-01-26,183.25,434.3963928222656,0.0033948152034783,-0.0006019852031279,0.0004411858216246,0.0029536293818537,-0.1617375322561434,-2.043174103728834,Train,5.199999809265137,2024-01-26,0.00020634919878036254,0.0031884660046979374,-0.0008083344019082625,0.0003795857079658897,0.00301522949551241,0.0013801390623941717,1.493073349791211
2024-01-29,190.92999267578125,437.55572509765625,0.0419099191038541,0.0072729247470599,0.0121913698255642,0.0297185492782898,-0.1113037185218252,-1.4060612410752216,Train,5.199999809265137,2024-01-29,0.00020634919878036254,0.04170356990507374,0.0070665755482795375,0.012137403886596926,0.029772515217257177,0.0013801390623941717,1.493073349791211
2024-01-30,191.58999633789065,437.24560546875,0.0034567835721344,-0.0007087545908285,0.0002818747997329,0.0031749087724014,-0.1039847270028509,-1.3136029617359724,Train,5.203000068664551,2024-01-30,0.00020646825669303775,0.003250315315441362,-0.0009152228475215377,0.00022011247633277635,0.0032366710958016236,0.0013801390623941717,1.493073349791211
2024-01-31,187.2899932861328,430.1224670410156,-0.022443776470324,-0.0162909320039889,-0.0229683531958641,0.0005245767255401,-0.0946183134889592,-1.1952803110225203,Train,5.188000202178955,2024-01-31,0.00020587302389599027,-0.022649649494219992,-0.016496805027884892,-0.023044927857546423,0.000601151387222422,0.0013801390623941717,1.493073349791211
2024-02-01,188.8600006103516,435.78228759765625,0.0083827613887528,0.0131586257178724,0.0209734473142803,-0.0125906859255275,0.0237809782325576,0.3004168433159418,Train,5.199999809265137,2024-02-01,0.00020634919878036254,0.008176412189972438,0.012952276519092039,0.02092518715095733,-0.012542425762204532,0.0013801390623941717,1.493073349791211
2024-02-02,187.91000366210935,440.2596435546875,-0.0050301649114266,0.0102742954095578,0.016669726755542,-0.0216998916669686,-0.0008725428162647,-0.0110225305265777,Train,5.210000038146973,2024-02-02,0.0002067460332598005,-0.0052369109446864,0.010067549376298,0.016618474767111646,-0.021648639678538247,0.0013801390623941717,1.493073349791211
2024-02-05,181.05999755859372,438.65087890625,-0.036453653185133,-0.0036541269952617,-0.0041129269098905,-0.0323407262752425,-0.0629318183697971,-0.7949958169888667,Train,5.228000164031982,2024-02-05,0.0002074603239695231,-0.036661113509102526,-0.003861587319231223,-0.00417803372787213,-0.03227561945726087,0.0013801390623941717,1.493073349791211
2024-02-06,185.1000061035156,440.0173645019531,0.0223130928940527,0.0031152008611274,0.0059876137183448,0.0163254791757078,-0.0497812479664906,-0.6288692258229629,Train,5.2230000495910645,2024-02-06,0.00020726190672980415,0.022105830987322897,0.0029079389543975958,0.0059291671247547455,0.016383925769297952,0.0013801390623941717,1.493073349791211
2024-02-07,187.5800018310547,443.6322937011719,0.0133981396313522,0.0082154239601666,0.0135976765957523,-0.0001995369644,-0.0505053616564309,-0.6380167027184205,Train,5.2230000495910645,2024-02-07,0.00020726190672980415,0.013190877724622395,0.008008162053436796,0.013544174311919717,-0.00014603468056751702,0.0013801390623941717,1.493073349791211
2024-02-08,189.55999755859372,443.9327087402344,0.0105554734417923,0.0006771712594595,0.0023498201933577,0.0082056532484345,-0.0297090224824688,-0.3753037686215368,Train,5.2179999351501465,2024-02-08,0.0002070634894900852,0.010348409952302214,0.00047010776996941477,0.002289107934755367,0.008266365507036933,0.0013801390623941717,1.493073349791211
2024-02-09,193.57000732421875,446.4524536132813,0.0211543037416714,0.0056759612964705,0.0098085344013261,0.0113457693403452,0.0033366385248451,0.042150596292461,Train,5.21999979019165,2024-02-09,0.00020714284881712897,0.020947160892854273,0.005468818447653371,0.00975262899024909,0.01140167475142231,0.0013801390623941717,1.493073349791211
2024-02-12,188.1300048828125,446.2489013671875,-0.0281035399884784,-0.0004559326406347,0.0006591114226026,-0.0287626514110811,0.0069147133890065,0.0873511740537174,Train,5.228000164031982,2024-02-12,0.0002074603239695231,-0.028311000312447925,-0.0006633929646042232,0.000597105030474145,-0.028700645018952545,0.0013801390623941717,1.493073349791211
2024-02-13,184.0200042724609,439.959228515625,-0.0218465981166147,-0.0140945396891569,-0.0196911076137101,-0.0021554905029045,-0.0115662562896059,-0.1461125009041677,Train,5.232999801635742,2024-02-13,0.00020765872228713263,-0.02205425683890183,-0.014302198411444032,-0.01976643350687197,-0.0020801646097427275,0.0013801390623941717,1.493073349791211
2024-02-14,188.7100067138672,444.1458740234375,0.025486372853585,0.0095159852014874,0.0155382491217337,0.0099481237318513,-0.0014185955933545,-0.0179206257173233,Train,5.2179999351501465,2024-02-14,0.0002070634894900852,0.025279309364094917,0.009308921711997315,0.015486105475360222,0.01000026737822478,0.0013801390623941717,1.493073349791211
2024-02-15,200.4499969482422,447.1502075195313,0.0622118055041767,0.0067642945072934,0.0114324406511319,0.0507793648530447,0.0411551160112556,0.5198982950783798,Train,5.2179999351501465,2024-02-15,0.0002070634894900852,0.062004742014686615,0.0065572310178033145,0.011377629432990683,0.05083417607118602,0.0013801390623941717,1.493073349791211
2024-02-16,199.9499969482422,444.8630981445313,-0.0024943876658132,-0.0051148570134569,-0.0062924878956591,0.0037981002298459,0.0336074469007563,0.4245512111024492,Train,5.2230000495910645,2024-02-16,0.00020726190672980415,-0.0027016495725430043,-0.005322118920186704,-0.006358912955026369,0.003864525289213169,0.0013801390623941717,1.493073349791211
2024-02-20,193.75999450683597,442.42083740234375,-0.0309577521174384,-0.0054899153298483,-0.0068521138796618,-0.0241056382377765,0.0382644600740609,0.4833816420091787,Train,5.2129998207092285,2024-02-20,0.0002068650722503662,-0.031164617189688767,-0.005696780402098666,-0.006918706863341839,-0.02403904525409656,0.0013801390623941717,1.493073349791211
2024-02-21,194.7700042724609,442.86663818359375,0.0052126847350284,0.0010076396579046,0.0028429133860137,0.0023697713490146,0.0427897219259801,0.5405477042054947,Train,5.235000133514404,2024-02-21,0.0002077381005362859,0.005004946634492114,0.000799901557368314,0.0027821888606935725,0.002430495874334827,0.0013801390623941717,1.493073349791211
2024-02-22,197.41000366210935,452.1703796386719,0.0135544454060563,0.0210079980132105,0.0326855264833186,-0.0191310810772622,0.0137105171168665,0.1732002036333072,Train,5.232999801635742,2024-02-22,0.00020765872228713263,0.013346786683769167,0.020800339290923366,0.032644230046574,-0.0190897846405177,0.0013801390623941717,1.493073349791211
2024-02-23,191.97000122070312,452.3738708496094,-0.0275568732105261,0.0004500321562419,0.0020109050471302,-0.0295677782576563,-0.0666366259938345,-0.8417973657150004,Train,5.239999771118164,2024-02-23,0.00020793649885389538,-0.027764809709379994,0.00024209565738800463,0.0019495421353942805,-0.02950641534592038,0.0013801390623941717,1.493073349791211
2024-02-26,199.3999938964844,450.7166748046875,0.0387039257620214,-0.0036633328132092,-0.004126662946934,0.0428305887089554,-0.027604137514725,-0.3487134874577857,Train,5.25,2024-02-26,0.00020833333333333332,0.038495592428688066,-0.0038716661465425335,-0.004192209146963985,0.04289613490898538,0.0013801390623941717,1.493073349791211
2024-02-27,199.72999572753903,451.5500793457031,0.0016549741281637,0.0018490652500859,0.0040984078102413,-0.0024434336820775,-0.005941932959026,-0.0750623765468871,Train,5.244999885559082,2024-02-27,0.00020813491609361436,0.0014468392120700856,0.0016409303339922855,0.004038303329035658,-0.002383329200871958,0.0013801390623941717,1.493073349791211
2024-02-28,202.0399932861328,450.8523254394531,0.0115656016021996,-0.0015452414652679,-0.0009662505443935,0.0125318521465931,0.0042201478385523,0.0533116627746121,Train,5.239999771118164,2024-02-28,0.00020793649885389538,0.011357665103345705,-0.0017531779641217955,-0.0010295477344233975,0.012595149336622997,0.0013801390623941717,1.493073349791211
2024-02-29,201.8800048828125,452.5192260742188,-0.0007918650199801,0.0036972208874399,0.006856048080948,-0.0076479131009282,0.0157033158148864,0.1983745378582822,Train,5.2230000495910645,2024-02-29,0.00020726190672980415,-0.0009991269267099043,0.0034899589807100956,0.006798165715086718,-0.007590030735066818,0.0013801390623941717,1.493073349791211
2024-03-01,202.63999938964844,456.88037109375,0.003764585340074,0.0096374800632581,0.0157195320812048,-0.0119549467411308,0.033316147331412,0.4208713247569034,Train,5.215000152587891,2024-03-01,0.00020694445049951947,0.003557640889574481,0.00943053561275858,0.015667564910560455,-0.011902979570486454,0.0013801390623941717,1.493073349791211
2024-03-04,188.13999938964844,456.3376770019531,-0.0715554680402388,-0.0011878253611502,-0.0004329485744765,-0.0711225194657622,-0.0806369608433057,-1.018658736164686,Train,5.2230000495910645,2024-03-04,0.00020726190672980415,-0.0717627299469686,-0.0013950872678800041,-0.0004955666511806906,-0.0710599013890581,0.0013801390623941717,1.493073349791211
2024-03-05,180.7400054931641,451.7633361816406,-0.0393323797198413,-0.0100240261780815,-0.0136174784486531,-0.0257149012711881,-0.1039084284324163,-1.3126391083799276,Train,5.224999904632568,2024-03-05,0.00020734126605684796,-0.03953972098589815,-0.010231367444138348,-0.013688701734313363,-0.025643677985527934,0.0013801390623941717,1.493073349791211
2024-03-06,176.5399932861328,454.1571044921875,-0.0232378669878379,0.0052987219608817,0.0092456541100301,-0.032483521097868,-0.1489238016768775,-1.8813026931384207,Train,5.230000019073486,2024-03-06,0.00020753968329656692,-0.02344540667113447,0.005091182277585133,0.00918918732328242,-0.03242705431112032,0.0013801390623941717,1.493073349791211
2024-03-07,178.64999389648438,458.6539306640625,0.0119519694720489,0.0099014771042789,0.0161134431009004,-0.0041614736288515,-0.1454373622048009,-1.8372597134774995,Train,5.228000164031982,2024-03-07,0.0002074603239695231,0.011744509148079377,0.009694016780309378,0.016061477493472427,-0.0041095080214235274,0.0013801390623941717,1.493073349791211
2024-03-08,175.33999633789062,455.8724365234375,-0.0185278347141263,-0.0060644724805863,-0.0077094128563683,-0.010818421857758,-0.1443008373214281,-1.822902389128855,Train,5.228000164031982,2024-03-08,0.0002074603239695231,-0.018735295038095824,-0.006271932804555824,-0.007776856335799854,-0.010750978378326446,0.0013801390623941717,1.493073349791211
2024-03-11,177.77000427246094,455.4944763183594,0.0138588341811503,-0.0008290920327636,0.0001023188309352,0.013756515350215,-0.0594218025054508,-0.750655004948084,Train,5.239999771118164,2024-03-11,0.00020793649885389538,0.013650897682296406,-0.0010370285316174954,3.971589771687247e-05,0.013819118283433428,0.0013801390623941717,1.493073349791211
2024-03-12,177.5399932861328,460.3692321777344,-0.001293868373742,0.0107021184949955,0.0173080832582608,-0.0186019516320028,-0.0523088528662654,-0.6607995811563138,Train,5.239999771118164,2024-03-12,0.00020793649885389538,-0.0015018048725958953,0.010494181996141605,0.01725665902754583,-0.01855052740128783,0.0013801390623941717,1.493073349791211
2024-03-13,169.47999572753906,459.6714782714844,-0.0453982080848895,-0.0015156397462735,-0.0009220817034522,-0.0444761263814373,-0.0643014581498347,-0.8122980009097756,Train,5.23799991607666,2024-03-13,0.00020785713952685162,-0.045606065224416355,-0.0017234968858003516,-0.0009853110667156278,-0.04441289701817387,0.0013801390623941717,1.493073349791211
2024-03-14,162.5,458.66357421875,-0.0411847763954413,-0.0021926617168513,-0.0019322688394727,-0.0392525075559686,-0.0993924920769518,-1.2555908519433194,Train,5.23799991607666,2024-03-14,0.00020785713952685162,-0.04139263353496815,-0.0024005188563781515,-0.0019961545282084704,-0.03918862186723283,0.0013801390623941717,1.493073349791211
2024-03-15,163.57000732421875,455.5042114257813,0.0065846604567307,-0.0068881920661568,-0.0089384880787295,0.0155231485354603,-0.0730509216837334,-0.9228269366775748,Train,5.23799991607666,2024-03-15,0.00020785713952685162,0.006376803317203849,-0.007096049205683652,-0.009006925755892329,0.015591586212623028,0.0013801390623941717,1.493073349791211
2024-03-18,173.8000030517578,458.35345458984375,0.0625420020142308,0.0062551412096587,0.0106727310200043,0.0518692709942265,-0.0349381660397219,-0.4413617240745718,Train,5.23799991607666,2024-03-18,0.00020785713952685162,0.06233414487470394,0.006047284070131848,0.01061703488565181,0.05192496712857898,0.0013801390623941717,1.493073349791211
2024-03-19,171.32000732421875,460.9216918945313,-0.0142692501955855,0.0056031808617775,0.0096999384294435,-0.0239691886250291,-0.0403054030327482,-0.5091641659676485,Train,5.23799991607666,2024-03-19,0.00020785713952685162,-0.014477107335112352,0.005395323722250649,0.009643610265109783,-0.02391286046069528,0.0013801390623941717,1.493073349791211
2024-03-20,175.66000366210938,464.9435729980469,0.0253326882579294,0.0087257362242694,0.0143591155252898,0.0109735727326396,0.0151442960813286,0.191312635607481,Train,5.228000164031982,2024-03-20,0.0002074603239695231,0.025125227933959875,0.008518275900299877,0.014306010119270175,0.011026678138659225,0.0013801390623941717,1.493073349791211
2024-03-21,172.82000732421875,466.49420166015625,-0.0161675753084549,0.0033350900026656,0.0063157111683327,-0.0224832864767876,0.0319135171605096,0.4031523846796069,Train,5.228000164031982,2024-03-21,0.0002074603239695231,-0.016375035632424425,0.003127629678696077,0.006257379907640855,-0.022424955216095756,0.0013801390623941717,1.493073349791211
2024-03-22,170.8300018310547,465.8845520019531,-0.0115149022614651,-0.0013068751037709,-0.0006105831620798,-0.0109043190993852,0.005486049525664,0.0693033593764678,Train,5.21999979019165,2024-03-22,0.00020714284881712897,-0.011722045110282228,-0.001514017952588029,-0.0006732579449033383,-0.010841644316561762,0.0013801390623941717,1.493073349791211
2024-03-25,172.6300048828125,464.6790466308594,0.0105368087131318,-0.0025875624463476,-0.0025215017658453,0.0130583104789772,-0.0333249109895852,-0.4209820330086227,Train,5.2179999351501465,2024-03-25,0.0002070634894900852,0.010329745223641714,-0.002794625935837685,-0.002585378955550313,0.013122187668682114,0.0013801390623941717,1.493073349791211
2024-03-26,177.6699981689453,463.3761901855469,0.0291953492647709,-0.0028037770473164,-0.0028441164194468,0.0320394656842178,0.0226837433196617,0.286555855526257,Train,5.2179999351501465,2024-03-26,0.0002070634894900852,0.028988285775280814,-0.003010840536806485,-0.0029082032140925695,0.03210355247886347,0.0013801390623941717,1.493073349791211
2024-03-27,179.8300018310547,467.4207763671875,0.0121573911429628,0.008728515334422,0.0143632622464419,-0.002205871103479,0.009504299483543,0.1200645163059916,Train,5.215000152587891,2024-03-27,0.00020694445049951947,0.01195044669246328,0.00852157088392248,0.014310413898035078,-0.0021530227550722782,0.0013801390623941717,1.493073349791211
2024-03-28,175.7899932861328,467.3623962402344,-0.0224657093020403,-0.0001248984424844,0.0011530488472166,-0.023618758149257,0.0083688278110737,0.1057204968051076,Train,5.203000068664551,2024-03-28,0.00020646825669303775,-0.022672177558733336,-0.0003313666991774378,0.001091852531537096,-0.023557561833577396,0.0013801390623941717,1.493073349791211
2024-04-01,175.22000122070312,466.74993896484375,-0.0032424602491559,-0.0013104547569886,-0.0006159243766771,-0.0026265358724788,0.0166466110379802,0.2102908589812239,Train,5.2179999351501465,2024-04-01,0.0002070634894900852,-0.003449523738645985,-0.0015175182464786852,-0.000678563499754958,-0.002563896749400942,0.0013801390623941717,1.493073349791211
2024-04-02,166.6300048828125,463.6969909667969,-0.0490240627670744,-0.0065408642683868,-0.008420238910257,-0.0406038238568174,-0.0370155232978144,-0.467604257237535,Train,5.2129998207092285,2024-04-02,0.0002068650722503662,-0.04923092783932476,-0.006747729340637166,-0.008487850715465034,-0.040536212051609365,0.0013801390623941717,1.493073349791211
2024-04-03,168.3800048828125,464.1150512695313,0.0105023102005592,0.0009015807971122,0.0026846625441067,0.0078176476564524,-0.0612373413255798,-0.7735900766649401,Train,5.210000038146973,2024-04-03,0.0002067460332598005,0.0102955641672994,0.0006948347638523995,0.0026243243640704595,0.00787798583648874,0.0013801390623941717,1.493073349791211
2024-04-04,171.11000061035156,458.3982238769531,0.0162133011543683,-0.0123176944530034,-0.0170398698721498,0.0332531710265181,-0.0257782991955826,-0.3256483057449865,Train,5.203000068664551,2024-04-04,0.00020646825669303775,0.016006832897675263,-0.012524162709696437,-0.017112886251209422,0.03332618740557772,0.0013801390623941717,1.493073349791211
2024-04-05,164.89999389648438,463.2691955566406,-0.0362924825651101,0.0106260701415696,0.0171946112120275,-0.0534870937771377,-0.0556466348234633,-0.7029646220327856,Train,5.215000152587891,2024-04-05,0.00020694445049951947,-0.03649942701560962,0.01041912569107008,0.01714360241035536,-0.05343608497546546,0.0013801390623941717,1.493073349791211
2024-04-08,172.97999572753906,463.4539184570313,0.0489994064895289,0.0003987377148368,0.001934368410051,0.0470650380794779,-0.0059550608715066,-0.0752282169083792,Train,5.2230000495910645,2024-04-08,0.00020726190672980415,0.048792144582799096,0.00019147580810699588,0.0018732883953382672,0.04712611809419063,0.0013801390623941717,1.493073349791211
2024-04-09,176.8800048828125,464.0276184082031,0.0225460125540548,0.0012378791684011,0.0031864546620948,0.01935955789196,0.0540083208772708,0.6822683706312438,Train,5.21999979019165,2024-04-09,0.00020714284881712897,0.02233886970523767,0.001030736319583971,0.0031262468406440046,0.019419765713410794,0.0013801390623941717,1.493073349791211
2024-04-10,171.75999450683594,459.5357666015625,-0.0289462360619489,-0.0096801389151133,-0.0131043629156443,-0.0158418731463045,0.0303488000745138,0.3833858568664733,Train,5.243000030517578,2024-04-10,0.00020805555676657055,-0.02915429161871547,-0.009888194471879871,-0.013175605024355871,-0.01577063103759303,0.0013801390623941717,1.493073349791211
2024-04-11,174.60000610351562,462.8511962890625,0.0165347676263849,0.0072147369768817,0.0121045476256029,0.004430220000782,0.0015258490487777,0.0192755213905735,Train,5.23799991607666,2024-04-11,0.00020785713952685162,0.01632691048685805,0.007006879837354848,0.012049781752264921,0.00448498587411998,0.0013801390623941717,1.493073349791211
2024-04-12,171.0500030517578,456.5411987304688,-0.0203322046257725,-0.0136328859235635,-0.0190022722205252,-0.0013299324052473,0.053683010420668,0.6781588365525953,Train,5.230000019073486,2024-04-12,0.00020753968329656692,-0.020539744309069068,-0.013840425606860067,-0.019077091877679878,-0.0012551127480926218,0.0013801390623941717,1.493073349791211
2024-04-15,161.47999572753906,450.7466125488281,-0.0559485948756339,-0.01269236204258,-0.0175989128511406,-0.0383496820244933,-0.0317317096833031,-0.4008556739278667,Train,5.23799991607666,2024-04-15,0.00020785713952685162,-0.05615645201516076,-0.012900219182106853,-0.017672977265348094,-0.038275617610285806,0.0013801390623941717,1.493073349791211
2024-04-16,157.11000061035156,449.9396362304688,-0.0270621453604746,-0.001790310333773,-0.0013319187636858,-0.0257302265967888,-0.076821494172052,-0.9704592701063064,Train,5.232999801635742,2024-04-16,0.00020765872228713263,-0.027269804082761733,-0.0019979690560601327,-0.0013953165666295818,-0.02566682879384502,0.0013801390623941717,1.493073349791211
2024-04-17,155.4499969482422,447.2270202636719,-0.0105658688540543,-0.0060288442012417,-0.007656251761106,-0.0029096170929482,-0.0638892381186956,-0.8070905683434881,Train,5.239999771118164,2024-04-17,0.00020793649885389538,-0.010773805352908195,-0.006236780700095595,-0.007723895490556838,-0.0028419733634974624,0.0013801390623941717,1.493073349791211
2024-04-18,149.92999267578125,446.2061767578125,-0.0355098384099605,-0.0022826069526333,-0.0020664764783411,-0.0334433619316194,-0.1017628200510971,-1.2855343824681202,Train,5.243000030517578,2024-04-18,0.00020805555676657055,-0.03571789396672707,-0.0024906625093998706,-0.0021305471969483058,-0.03337929121301219,0.0013801390623941717,1.493073349791211
2024-04-19,147.0500030517578,442.47271728515625,-0.0192088959161848,-0.0083671174159533,-0.0111451983901007,-0.008063697526084,-0.1084965851719339,-1.370599699859616,Train,5.244999885559082,2024-04-19,0.00020813491609361436,-0.01941703083227841,-0.008575252332046914,-0.011215206746226393,-0.007993689169958405,0.0013801390623941717,1.493073349791211
2024-04-22,142.0500030517578,446.3131408691406,-0.0340020394167562,0.0086794584930518,0.0142900643411453,-0.0482921037579016,-0.1184390069053422,-1.4961988624700564,Train,5.244999885559082,2024-04-22,0.00020813491609361436,-0.03421017433284981,0.008471323576958185,0.014236581448702008,-0.0482386208654582,0.0013801390623941717,1.493073349791211
2024-04-23,144.67999267578125,451.9424743652344,0.0185145340902608,0.0126129682964999,0.0201592697370384,-0.0016447356467776,-0.0943535159553311,-1.1919352156949663,Train,5.244999885559082,2024-04-23,0.00020813491609361436,0.01830639917416719,0.012404833380406285,0.020109600107372828,-0.0015950660171120262,0.0013801390623941717,1.493073349791211
2024-04-24,162.1300048828125,451.6119079589844,0.1206110940725275,-0.0007314346957857,0.0002480337262271,0.1203630603463004,0.0289191614839175,0.3653257287981667,Train,5.255000114440918,2024-04-24,0.0002085317505730523,0.12040256232195445,-0.0009399664463587522,0.00018523196221102126,0.12042586211031647,0.0013801390623941717,1.493073349791211
2024-04-25,170.17999267578125,449.74517822265625,0.0496514374300258,-0.0041334820969726,-0.0048281745360802,0.054479611966106,0.116842135381643,1.4760261388066516,Train,5.244999885559082,2024-04-25,0.00020813491609361436,0.04944330251393218,-0.004341617013066215,-0.004894078678721499,0.0545455161087473,0.0013801390623941717,1.493073349791211
2024-04-26,168.2899932861328,454.2467346191406,-0.0111058847748876,0.0100091265331048,0.0162740672356048,-0.0273799520104924,0.0975258808972347,1.2320106008356873,Train,5.23799991607666,2024-04-26,0.00020785713952685162,-0.011313741914414453,0.009801269393577948,0.01622201032759652,-0.027327895102484123,0.0013801390623941717,1.493073349791211
2024-04-29,194.0500030517578,455.8315124511719,0.1530691710339953,0.0034888040160816,0.0065450684502632,0.146524102583732,0.2923420872388685,3.693056112235839,Train,5.243000030517578,2024-04-29,0.00020805555676657055,0.15286111547722875,0.003280748459315029,0.006486592711132587,0.14658257832286273,0.0013801390623941717,1.493073349791211
2024-04-30,183.27999877929688,448.6270751953125,-0.0555011806394474,-0.0158050443180606,-0.0222433582751578,-0.0332578223642895,0.2607290005213566,3.293698961059193,Train,5.244999885559082,2024-04-30,0.00020813491609361436,-0.05570931555554102,-0.016013179234154212,-0.022320577181457902,-0.033180603457989497,0.0013801390623941717,1.493073349791211
2024-05-01,179.99000549316406,447.1687622070313,-0.0179506400482606,-0.0032506129676778,-0.0035108420476795,-0.014439798000581,0.1259261421744751,1.5907812434401112,Train,5.25,2024-05-01,0.00020833333333333332,-0.018158973381593935,-0.003458946301011133,-0.0035759881446711063,-0.014374651903589494,0.0013801390623941717,1.493073349791211
2024-05-02,180.00999450683594,451.3396911621094,0.0001110562423569,0.0093274157490166,0.0152568839025668,-0.0151458276602098,0.0563007025481592,0.711227232563204,Train,5.23799991607666,2024-05-02,0.00020785713952685162,-9.680089716995162e-05,0.009119558609489748,0.01520416612360916,-0.015093109881252259,0.0013801390623941717,1.493073349791211
2024-05-03,181.19000244140625,456.9398498535156,0.0065552356567928,0.0124078577644854,0.0198532235082485,-0.0132979878514556,0.0703826667071959,0.8891197977460054,Train,5.235000133514404,2024-05-03,0.0002077381005362859,0.0063474975562565145,0.012200119663949113,0.019803550697436584,-0.013248315040643784,0.0013801390623941717,1.493073349791211
2024-05-06,184.75999450683597,461.54833984375,0.0197030300641678,0.0100855506292825,0.0163880999290708,0.0033149301350969,-0.0728265057414391,-0.9199919679763496,Train,5.239999771118164,2024-05-06,0.00020793649885389538,0.019495093565313905,0.009877614130428605,0.016336077978912105,0.0033669520852556943,0.0013801390623941717,1.493073349791211
2024-05-07,177.80999755859375,462.20947265625,-0.0376163517800117,0.0014324237689249,0.0034767354230923,-0.0410930872031041,-0.0806617705802537,-1.0189721489597587,Train,5.243000030517578,2024-05-07,0.00020805555676657055,-0.03782440733677827,0.0012243682121583295,0.0034162661670658553,-0.041032617947077556,0.0013801390623941717,1.493073349791211
2024-05-08,174.72000122070312,462.22894287109375,-0.0173780798623113,4.212422288074613e-05,0.0014022640208862,-0.0187803438831976,-0.0850023164628703,-1.0738047584332602,Train,5.244999885559082,2024-05-08,0.00020813491609361436,-0.017586214778404913,-0.00016601069321286823,0.0013404078366712879,-0.018718487698982586,0.0013801390623941717,1.493073349791211
2024-05-09,171.97000122070312,464.8831787109375,-0.015739468754503,0.0057422536619131,0.0099074494996491,-0.0256469182541522,-0.0955034070568126,-1.2064613908373851,Train,5.239999771118164,2024-05-09,0.00020793649885389538,-0.015947405253356896,0.0055343171630592046,0.009851217026703865,-0.025590685781206865,0.0013801390623941717,1.493073349791211
2024-05-10,168.47000122070312,465.4567565917969,-0.0203523868997835,0.0012338107875828,0.0031803842151291,-0.0235327711149126,-0.1057381903202697,-1.3357538551743282,Train,5.243000030517578,2024-05-10,0.00020805555676657055,-0.02056044245655007,0.0010257552308162296,0.0031197224177013866,-0.023472109317484887,0.0013801390623941717,1.493073349791211
2024-05-13,171.88999938964844,465.4859313964844,0.020300339194899,6.267994668540666e-05,0.0014329352969474,0.0188674038979516,-0.090185716557415,-1.1392848526000685,Train,5.239999771118164,2024-05-13,0.00020793649885389538,0.020092402696045106,-0.00014525655216848871,0.00137119687432274,0.01892914232057626,0.0013801390623941717,1.493073349791211
2024-05-14,177.5500030517578,467.6929931640625,0.0329280567933392,0.0047414145492148,0.0084140935366055,0.0245139632567336,-0.0245786660975772,-0.3104937572265956,Train,5.235000133514404,2024-05-14,0.0002077381005362859,0.03272031869280291,0.004533676448678514,0.008356988645028408,0.02457106814831079,0.0013801390623941717,1.493073349791211
2024-05-15,173.99000549316406,473.3903503417969,-0.0200506758513316,0.0121818313744457,0.0195159686457151,-0.0395666444970468,-0.0453649667114264,-0.5730798776780919,Train,5.239999771118164,2024-05-15,0.00020793649885389538,-0.020258612350185494,0.011973894875591806,0.01946597889319574,-0.03951665474452734,0.0013801390623941717,1.493073349791211
2024-05-16,174.83999633789062,472.4862060546875,0.0048852854640548,-0.0019099339191357,-0.0015104095842937,0.0063956950483486,-0.0133223534089255,-0.1682966662477095,Test,5.243000030517578,2024-05-16,0.00020805555676657055,0.0046772299072882296,-0.0021179894759022705,-0.001574119022447192,0.0064594044865019925,0.0013801390623941717,1.493073349791211
2024-05-17,177.4600067138672,473.1862487792969,0.0149851889204641,0.0014816151575192,0.0035501340868292,0.0114350548336349,0.021645472539622,0.2734397411597052,Test,5.239999771118164,2024-05-17,0.00020793649885389538,0.014777252421610206,0.0012736786586653047,0.00348977122269905,0.011495417697765051,0.0013801390623941717,1.493073349791211
2024-05-20,174.9499969482422,473.6529235839844,-0.0141440869529103,0.0009862391519013,0.0028109816071227,-0.0169550685600331,-0.0141769999183626,-0.1790931189421813,Test,5.239999771118164,2024-05-20,0.00020793649885389538,-0.014352023451764194,0.0007783026530474046,0.0027501385105849424,-0.01689422546349524,0.0013801390623941717,1.493073349791211
2024-05-21,186.6000061035156,474.9265441894531,0.0665905079079254,0.002688932216087,0.0053515766022358,0.0612389313056896,0.0225479681305932,0.2848406546921412,Test,5.239999771118164,2024-05-21,0.00020793649885389538,0.0663825714090715,0.0024809957172331047,0.005292384147594947,0.06129812376033045,0.0013801390623941717,1.493073349791211
2024-05-22,180.11000061035156,473.54595947265625,-0.0347803069715,-0.0029069436814762,-0.0029980517586586,-0.0317822552128413,0.0303323574147986,0.3831781424537589,Test,5.244999885559082,2024-05-22,0.00020813491609361436,-0.03498844188759362,-0.0031150785975698142,-0.003062766858048684,-0.03171754011345132,0.0013801390623941717,1.493073349791211
2024-05-23,173.74000549316406,470.02642822265625,-0.0353672483238078,-0.0074322907409438,-0.0097503398440814,-0.0256169084797264,-0.0016802461132764,-0.0212259659130972,Test,5.244999885559082,2024-05-23,0.00020813491609361436,-0.03557538323990141,-0.007640425657037414,-0.00981944195109578,-0.025547806372712017,0.0013801390623941717,1.493073349791211
2024-05-24,179.24000549316406,473.2251281738281,0.0316564972148363,0.0068053619096852,0.0114937174832126,0.0201627797316237,0.0070474787847123,0.089028353213023,Test,5.244999885559082,2024-05-24,0.00020813491609361436,0.031448362298742684,0.006597226993591585,0.011438417785142575,0.020218079429693725,0.0013801390623941717,1.493073349791211
2024-05-28,176.75,473.604248046875,-0.0138920186166755,0.0008011406209764,0.0025347953635995,-0.016426813980275,0.0075757333644703,0.0957016099548684,Test,5.248000144958496,2024-05-28,0.0002082539740062895,-0.014100272590681789,0.0005928866469701104,0.0024736162884386034,-0.016365634905114102,0.0013801390623941717,1.493073349791211
2024-05-29,176.19000244140625,470.26947021484375,-0.003168303018918,-0.0070412751696881,-0.0091669039775479,0.0059986009586299,-0.0476645969825892,-0.6021303086612338,Test,5.25,2024-05-29,0.00020833333333333332,-0.0033766363522513333,-0.007249608503021433,-0.009235724856553553,0.006067421837635553,0.0013801390623941717,1.493073349791211
2024-05-30,178.7899932861328,467.109619140625,0.0147567444730083,-0.0067192349798407,-0.0086863865479766,0.0234431310209849,0.007560789251237,0.0955128261596938,Test,5.248000144958496,2024-05-30,0.0002082539740062895,0.01454849049900201,-0.00692748895384699,-0.008754856101561476,0.023511600574569774,0.0013801390623941717,1.493073349791211
2024-05-31,178.0800018310547,471.1736145019531,-0.003971091681523,0.0087003033009787,0.0143211669607583,-0.0182922586422814,0.014885439088682,0.1880425850721043,Test,5.244999885559082,2024-05-31,0.00020813491609361436,-0.0041792265976166145,0.008492168384885085,0.01426770427589918,-0.01823879595742218,0.0013801390623941717,1.493073349791211
2024-06-03,176.2899932861328,471.68890380859375,-0.0100517100545634,0.0010936293773269,0.0029712189834174,-0.0130229290379808,-0.0183002696809225,-0.2311809546104574,Test,5.243000030517578,2024-06-03,0.00020805555676657055,-0.010259765611329972,0.0008855738205603295,0.002910421289912154,-0.012962131344475554,0.0013801390623941717,1.493073349791211
2024-06-04,174.77000427246094,472.2626037597656,-0.0086220946823953,0.0012162676428035,0.00315420802004,-0.0117763027024354,-0.0136497584030829,-0.1724326598922419,Test,5.239999771118164,2024-06-04,0.00020793649885389538,-0.008830031181249195,0.0010083311439496045,0.003093587920043707,-0.011715682602439006,0.0013801390623941717,1.493073349791211
2024-06-05,175.0,477.9113464355469,0.0013159908560766,0.0119610204805771,0.0191864958454618,-0.0178705049893851,-0.037518864351098,-0.473962790047248,Test,5.239999771118164,2024-06-05,0.00020793649885389538,0.0011080543572227046,0.011753083981723205,0.019136292032216957,-0.017820301176140356,0.0013801390623941717,1.493073349791211
2024-06-06,177.94000244140625,477.8044128417969,0.0168000139508928,-0.0002237519459362,0.0010055491472402,0.0157944648036525,-0.0451675305684305,-0.5705857354163529,Test,5.232999801635742,2024-06-06,0.00020765872228713263,0.01659235522860567,-0.00043141066822333264,0.0009436700131414282,0.01585634393775137,0.0013801390623941717,1.493073349791211
2024-06-07,177.47999572753906,477.1821899414063,-0.0025851787543875,-0.0013022544029885,-0.0006036885963307,-0.0019814901580568,-0.0288567620842058,-0.3645374588412758,Test,5.23799991607666,2024-06-07,0.00020785713952685162,-0.0027930358939143515,-0.0015101115425153516,-0.0006667110974207455,-0.0019184676569667545,0.0013801390623941717,1.493073349791211
2024-06-10,173.7899932861328,478.7475280761719,-0.0207910893071634,0.0032803783706969,0.0062340757278192,-0.0270251650349826,-0.0428589980812076,-0.5414228458278026,Test,5.232999801635742,2024-06-10,0.00020765872228713263,-0.020998748029450533,0.003072719648409767,0.006175593603101747,-0.026966682910265147,0.0013801390623941717,1.493073349791211
2024-06-11,170.66000366210938,479.8363952636719,-0.018010183238054,0.0022744079575212,0.0047330633312201,-0.0227432465692741,-0.0538259419480463,-0.6799644409245179,Test,5.244999885559082,2024-06-11,0.00020813491609361436,-0.018218318154147612,0.0020662730414275857,0.004673371190035345,-0.022683554428089343,0.0013801390623941717,1.493073349791211
2024-06-12,177.2899932861328,483.83245849609375,0.0388491121630947,0.008327970266253,0.0137656073802114,0.0250835047828832,-0.0108719321757778,-0.1373413453833742,Test,5.243000030517578,2024-06-12,0.00020805555676657055,0.038641056606328134,0.008119914709486429,0.013711822874472573,0.02513728928862213,0.0013801390623941717,1.493073349791211
2024-06-13,182.47000122070312,484.7463073730469,0.0292177118322192,0.0018887713316995,0.0041576534102526,0.0250600584219665,-0.0016063385574638,-0.0202923174148193,Test,5.239999771118164,2024-06-13,0.00020793649885389538,0.029009775333365306,0.0016808348328456045,0.004097685255570604,0.025120026576648597,0.0013801390623941717,1.493073349791211
2024-06-14,178.00999450683594,485.1352233886719,-0.0244424107197361,0.0008023083615276,0.002536537753853,-0.0269789484735892,-0.0266037968729963,-0.3360765313624569,Test,5.239999771118164,2024-06-14,0.00020793649885389538,-0.024650347218589993,0.0005943718626737046,0.002475516349271937,-0.026917927069008037,0.0013801390623941717,1.493073349791211
2024-06-17,187.44000244140625,488.9853210449219,0.0529745981999238,0.0079361330009333,0.0131809454607443,0.0397936527391795,0.0402150209011659,0.5080223998722169,Test,5.243000030517578,2024-06-17,0.00020805555676657055,0.05276654264315723,0.007728077444166729,0.013126781096168662,0.03984781710375514,0.0013801390623941717,1.493073349791211
2024-06-18,184.8600006103516,490.2881774902344,-0.0137644141989444,0.0026644080900597,0.0053149840576633,-0.0190793982566078,0.0438788692138322,0.5543065238353238,Test,5.235000133514404,2024-06-18,0.0002077381005362859,-0.013972152299480687,0.0024566699895234145,0.005255865653519721,-0.01902027985246412,0.0013801390623941717,1.493073349791211
2024-06-20,181.57000732421875,488.9269714355469,-0.0177972155970478,-0.0027763387272674,-0.0028031755945517,-0.014994040002496,0.0038013244284529,0.0480208120140393,Test,5.224999904632568,2024-06-20,0.00020734126605684796,-0.018004556863104648,-0.002983679993324248,-0.0028673727538866337,-0.014929842843161168,0.0013801390623941717,1.493073349791211
2024-06-21,183.00999450683597,487.8575439453125,0.007930754665036,-0.0021872949391489,-0.0019242610494267,0.0098550157144627,-0.0114037182790508,-0.1440592146359451,Test,5.215000152587891,2024-06-21,0.00020694445049951947,0.007723810214536481,-0.0023942393896484193,-0.001987691512810738,0.009918446177846738,0.0013801390623941717,1.493073349791211
2024-06-24,182.5800018310547,486.54498291015625,-0.0023495584322592,-0.0026904596463581,-0.002675035081307,0.0003254766490477,0.0159007068435861,0.2008681102067764,Test,5.210000038146973,2024-06-24,0.0002067460332598005,-0.0025563044655190006,-0.0028972056796179005,-0.0027388554934472484,0.00038929706118804837,0.0013801390623941717,1.493073349791211
2024-06-25,187.3500061035156,488.5672912597656,0.0261255571509673,0.0041564673784393,0.0075412915702754,0.0185842655806918,-0.0053086803149015,-0.0670627157041338,Test,5.2230000495910645,2024-06-25,0.00020726190672980415,0.025918295244237496,0.003949205471709496,0.007483854411783052,0.018641702739184245,0.0013801390623941717,1.493073349791211
2024-06-26,196.3699951171875,489.11175537109375,0.0481451226037756,0.0011144096648882,0.0030022253319402,0.0451428972718354,0.0589136152135417,0.7442352512880097,Test,5.230000019073486,2024-06-26,0.00020753968329656692,0.04793758292047903,0.0009068699815916331,0.002941702146930852,0.045203420456844744,0.0013801390623941717,1.493073349791211
2024-06-27,197.4199981689453,489.8700866699219,0.0053470646120412,0.0015504254201634,0.0036528061494361,0.0016942584626051,0.0756019136786428,0.955052733065788,Test,5.2230000495910645,2024-06-27,0.00020726190672980415,0.005139802705311396,0.0013431635134335959,0.0035928426154436073,0.001754221996597593,0.0013801390623941717,1.493073349791211
2024-06-28,197.8800048828125,487.9811706542969,0.0023300917745603,-0.0038559529700326,-0.0044140722379428,0.0067441640125031,0.0724910619766833,0.9157544233332108,Test,5.2129998207092285,2024-06-28,0.0002068650722503662,0.0021232267023099335,-0.004062818042282966,-0.00447908120933906,0.00680917298389936,0.0013801390623941717,1.493073349791211
2024-07-01,209.8600006103516,489.1031799316406,0.0605417193851081,0.002299288056216,0.0047701870240051,0.0557715323611029,0.1279371176887385,1.6161851990752736,Test,5.2179999351501465,2024-07-01,0.0002070634894900852,0.06033465589561801,0.002092224566725915,0.004711047294241184,0.055830672090866916,0.0013801390623941717,1.493073349791211
2024-07-02,231.25999450683597,492.2742614746094,0.1019727143535937,0.006483461308536,0.0110134083344848,0.0909593060191089,0.2003121581271555,2.5304739625881965,Test,5.228000164031982,2024-07-02,0.0002074603239695231,0.10176525402962418,0.006276000984566477,0.010958129199683303,0.0910145851539104,0.0013801390623941717,1.493073349791211
2024-07-03,246.38999938964844,494.4988098144531,0.0654242205405106,0.0045189206788509,0.0080821095605269,0.0573421109799837,0.2125113718353038,2.6845823948528142,Test,5.230000019073486,2024-07-03,0.00020753968329656692,0.06521668085721403,0.0043113809955543335,0.008024886810949212,0.05739933372956139,0.0013801390623941717,1.493073349791211
2024-07-05,251.5200042724609,497.4552917480469,0.0208206700577151,0.0059787442859631,0.0102603180867658,0.0105603519709493,0.2213774653436481,2.7965846766039584,Test,5.224999904632568,2024-07-05,0.00020734126605684796,0.020613328791658253,0.005771403019906252,0.010204608368377558,0.010616061689337541,0.0013801390623941717,1.493073349791211
2024-07-08,252.94000244140625,497.933349609375,0.0056456669243973,0.000961006685944,0.0027733321457641,0.0028723347786331,0.2175056361097781,2.7476732018562475,Test,5.2179999351501465,2024-07-08,0.0002070634894900852,0.005438603434907215,0.0007539431964539147,0.0027128950457659964,0.0029327718786313034,0.0013801390623941717,1.493073349791211
2024-07-09,262.3299865722656,498.4797668457031,0.0371233653839888,0.0010973702339014,0.0029768007301753,0.0341465646538135,0.1958806684024887,2.4744924911258983,Test,5.224999904632568,2024-07-09,0.00020734126605684796,0.03691602411793195,0.0008900289678445521,0.002916358860881899,0.034207006523106896,0.0013801390623941717,1.493073349791211
2024-07-10,263.260009765625,503.2803039550781,0.0035452416458809,0.0096303549886327,0.0157089007294281,-0.0121636590835471,0.0927577032998326,1.1717758683459936,Test,5.224999904632568,2024-07-10,0.00020734126605684796,0.0033379003798240524,0.009423013722575852,0.015656730992345897,-0.012111489346464997,0.0013801390623941717,1.493073349791211
2024-07-11,241.02999877929688,498.9676208496094,-0.0844412753996288,-0.0085691473947561,-0.0114466481133687,-0.0729946272862601,-0.0375790349664112,-0.4747229045444726,Test,5.197999954223633,2024-07-11,0.0002062698394533188,-0.08464754523908212,-0.00877541723420942,-0.011515932703849093,-0.0729253426957797,0.0013801390623941717,1.493073349791211
2024-07-12,248.22999572753903,502.0508728027344,0.0298717876808147,0.0061792625899752,0.0105595122341533,0.0193122754466613,-0.0288271114906991,-0.3641628931856244,Test,5.197999954223633,2024-07-12,0.0002062698394533188,0.029665517841361382,0.0059729927505218815,0.010504525196147814,0.019367262484666886,0.0013801390623941717,1.493073349791211
2024-07-15,252.63999938964844,503.5729370117188,0.0177657967933491,0.003031693183775,0.0058630115856424,0.0119027852077067,-0.0197966610616256,-0.2500843475053956,Test,5.192999839782715,2024-07-15,0.0002060714222135998,0.0175597253711355,0.0028256217615614,0.005805071033385193,0.011960725759963906,0.0013801390623941717,1.493073349791211
2024-07-16,256.5599975585937,506.4317626953125,0.0155161422514866,0.0056770836426565,0.0098102090584695,0.0057059331930171,-0.048237292522422,-0.6093649726256517,Test,5.192999839782715,2024-07-16,0.0002060714222135998,0.015310070829273001,0.005471012220442901,0.009754833027333105,0.005761309224153495,0.0013801390623941717,1.493073349791211
2024-07-17,248.5,499.35791015625,-0.0314156440415189,-0.0139680270080499,-0.019502337546339,-0.0119133064951799,-0.0479869399340548,-0.6062023552775442,Test,5.195000171661377,2024-07-17,0.00020615080046275307,-0.03162179484198165,-0.014174177808512654,-0.01957679727823531,-0.01183884676328359,0.0013801390623941717,1.493073349791211
2024-07-18,249.22999572753903,495.6014404296875,0.0029376085615253,-0.0075225998230149,-0.0098850903794239,0.0128226989409493,0.0378303862931545,0.4778981386078103,Test,5.192999839782715,2024-07-18,0.0002060714222135998,0.0027315371393117002,-0.007728671245228499,-0.009953262580940554,0.012890871142465853,0.0013801390623941717,1.493073349791211
2024-07-19,239.1999969482422,492.2937316894531,-0.0402439471622099,-0.0066741306025394,-0.0086190861298097,-0.0316248610324001,-0.0131067501859069,-0.1655730255700804,Test,5.192999839782715,2024-07-19,0.0002060714222135998,-0.0404500185844235,-0.006880202024752999,-0.008686435799730462,-0.03155751136247944,0.0013801390623941717,1.493073349791211
2024-07-22,251.50999450683597,497.406494140625,0.0514632011523703,0.0103855932384633,0.0168357946823058,0.0346274064700645,0.0096178710764508,0.1214992268169752,Test,5.190000057220459,2024-07-22,0.00020595238322303409,0.051257248769147265,0.010179640855240266,0.016785041917022257,0.03467815923534804,0.0013801390623941717,1.493073349791211
2024-07-23,246.3800048828125,496.5771484375,-0.0203967624987722,-0.0016673399179435,-0.0011484341242198,-0.0192483283745523,-0.0153363904911186,-0.1937392976078157,Test,5.172999858856201,2024-07-23,0.00020527777217683337,-0.020602040270949033,-0.0018726176901203333,-0.001210538732895241,-0.019186223765876958,0.0013801390623941717,1.493073349791211
2024-07-24,215.9900054931641,485.2101135253906,-0.1233460458940369,-0.0228907732622739,-0.0328160022067319,-0.0905300436873049,-0.0939531276832436,-1.186877249633815,Test,5.170000076293945,2024-07-24,0.00020515873318626766,-0.12355120462722317,-0.02309593199546017,-0.03289862275543128,-0.09044742313860563,0.0013801390623941717,1.493073349791211
2024-07-25,220.25,482.7611083984375,0.0197231093962388,-0.0050473084931379,-0.0061916984837214,0.0259148078799603,-0.0808610187442326,-1.0214891818535978,Test,5.159999847412109,2024-07-25,0.0002047618987068297,0.019518347497531972,-0.00525207039184473,-0.006256825372189847,0.02597993476842865,0.0013801390623941717,1.493073349791211
2024-07-26,219.8000030517578,488.1762390136719,-0.0020431189477511,0.0112169984719752,0.0180763376900858,-0.0201194566378369,-0.0693556143496694,-0.8761454018169978,Test,5.15500020980835,2024-07-26,0.00020456350038922024,-0.00224768244814032,0.01101243497158598,0.018027075735167153,-0.020070194682918253,0.0013801390623941717,1.493073349791211
2024-07-29,232.1000061035156,488.5373229980469,0.0559599767105618,0.0007396590729293,0.0024430585047694,0.0535169182057924,-0.0504661026139415,-0.6375207568619914,Test,5.146999835968018,2024-07-29,0.0002042460252368261,0.055755730685324974,0.0005354130476924739,0.002383796040271121,0.05357618067029068,0.0013801390623941717,1.493073349791211
2024-07-30,222.6199951171875,485.9809265136719,-0.0408445098536537,-0.0052327557466581,-0.006468405057596,-0.0343761047960576,-0.0655938790354467,-0.8286247053411184,Test,5.135000228881836,2024-07-30,0.0002037698503524538,-0.04104827970400615,-0.005436525597010554,-0.006533222571607586,-0.03431128728204611,0.0013801390623941717,1.493073349791211
2024-07-31,232.07000732421875,493.6402282714844,0.042449072025434,0.0157604986943804,0.0248557121810827,0.0175933598443512,0.0425295244962094,0.5372607203932135,Test,5.135000228881836,2024-07-31,0.0002037698503524538,0.042245302175081545,0.015556728844027947,0.024811246159692987,0.017637825865741013,0.0013801390623941717,1.493073349791211
2024-08-01,216.8600006103516,486.9077758789063,-0.0655405965175744,-0.0136383787361744,-0.019010468067752,-0.0465301284498224,-0.0299154118335733,-0.3779110136535329,Test,5.114999771118164,2024-08-01,0.00020297618139357795,-0.06574357269896798,-0.013841354917567978,-0.019083042908634523,-0.04645755360893988,0.0013801390623941717,1.493073349791211
2024-08-02,207.6699981689453,478.0093994140625,-0.0423775819217053,-0.0182752810812715,-0.0259292082321255,-0.0164483736895798,-0.0262443288853162,-0.3315354970502465,Test,5.03000020980835,2024-08-02,0.00019960318292890276,-0.0425771851046342,-0.018474884264200405,-0.026004615090031557,-0.016372966831673743,0.0013801390623941717,1.493073349791211
2024-08-05,198.8800048828125,463.65667724609375,-0.0423267364743842,-0.0300260249810194,-0.0434625392642998,0.0011358027899156,-0.078625444301193,-0.9932479459125012,Test,5.059999942779541,2024-08-05,0.00020079364852299765,-0.0425275301229072,-0.030226818629542396,-0.04354992463382507,0.0012231881594408703,0.0013801390623941717,1.493073349791211
2024-08-06,200.63999938964844,468.2815856933594,0.0088495296843591,0.0099748556943801,0.0162229315828124,-0.0073734018984532,-0.0516227414035886,-0.6521321732067933,Test,5.079999923706055,2024-08-06,0.00020158729855976408,0.008647942385799337,0.009773268395820336,0.01617393294310998,-0.00732440325875088,0.0013801390623941717,1.493073349791211
2024-08-07,191.75999450683597,465.032470703125,-0.0442583976765633,-0.0069383787223312,-0.0090133717851239,-0.0352450258914394,-0.1044611271393794,-1.3196211592958704,Test,5.079999923706055,2024-08-07,0.00020158729855976408,-0.04445998497512307,-0.0071399660208909645,-0.009078766623253161,-0.035179631053310144,0.0013801390623941717,1.493073349791211
2024-08-08,198.83999633789065,475.8823852539063,0.0369211620456231,0.0233315203438939,0.0361524632604358,0.0007686987851872,-0.0571622999043696,-0.7221114928922323,Test,5.083000183105469,2024-08-08,0.00020170635647243925,0.036719455689150665,0.023129813987421463,0.03611635426911358,0.000804807776509521,0.0013801390623941717,1.493073349791211
2024-08-09,200.0,477.9215698242188,0.0058338547750633,0.0042850599927637,0.007733165114153,-0.0018993103390896,-0.0426132365538795,-0.5383182257601832,Test,5.074999809265137,2024-08-09,0.00020138888132004512,0.005632465893743255,0.004083671111443655,0.007678748449522993,-0.0018448936744596923,0.0013801390623941717,1.493073349791211
2024-08-12,197.4900054931641,478.1654968261719,-0.0125499725341796,0.0005103912803994,0.002100967132875,-0.0146509396670547,-0.0583999790108499,-0.7377466634294073,Test,5.072999954223633,2024-08-12,0.0002013095219930013,-0.0127512820561726,0.00030908175840639867,0.0020429303207703726,-0.014592902854949972,0.0013801390623941717,1.493073349791211
2024-08-13,207.8300018310547,486.1077575683594,0.0523570613716375,0.0166098574550115,0.0261230437170497,0.0262340176545878,-0.0247925594578088,-0.3131957978011517,Test,5.052999973297119,2024-08-13,0.00020051587195623488,0.05215654549968127,0.016409341583055265,0.026081005539630945,0.026276055832006557,0.0013801390623941717,1.493073349791211
2024-08-14,201.3800048828125,487.6591491699219,-0.0310349655555765,0.0031914561687371,0.0061013945617269,-0.0371363601173034,-0.0266838936836728,-0.3370883665690576,Test,5.063000202178955,2024-08-14,0.00020091270643567282,-0.03123587826201217,0.002990543462301427,0.006046152513784442,-0.037081118069360944,0.0013801390623941717,1.493073349791211
2024-08-15,214.13999938964844,496.03076171875,0.0633627678888044,0.0171669342471643,0.0269542601821933,0.0364085077066111,0.008955915237751,0.1131369684804147,Test,5.079999923706055,2024-08-15,0.00020158729855976408,0.06316118059024464,0.016965346948604538,0.026912233759877013,0.03645053412892739,0.0013801390623941717,1.493073349791211
2024-08-16,216.1199951171875,497.0747680664063,0.0092462675501192,0.0021047209734306,0.0044798727171369,0.0047663948329823,0.015621620409823,0.1973425081636854,Test,5.074999809265137,2024-08-16,0.00020138888132004512,0.009044878668799154,0.0019033320921105548,0.004423342366246837,0.004822925183872362,0.0013801390623941717,1.493073349791211
2024-08-19,222.72000122070312,501.855712890625,0.0305386186036922,0.0096181603480223,0.015690705058374,0.0148479135453181,0.045120473622196,0.5699912813486684,Test,5.063000202178955,2024-08-19,0.00020091270643567282,0.03033770589725653,0.009417247641586628,0.01564169325086697,0.01489692535282523,0.0013801390623941717,1.493073349791211
2024-08-20,221.1000061035156,501.0263671875,-0.0072736849331379,-0.0016525580596623,-0.001126378055538,-0.0061473068775999,0.0127391490900082,0.1609292485248548,Test,5.0329999923706055,2024-08-20,0.00019972222191946848,-0.0074734071550573685,-0.0018522802815817685,-0.0011857290404598583,-0.006087955892678042,0.0013801390623941717,1.493073349791211
2024-08-21,223.2700042724609,502.7826232910156,0.0098145549934058,0.0035053167228988,0.00656970712483,0.0032448478685758,0.0531203570758875,0.671051032152493,Test,5.005000114440918,2024-08-21,0.0001986111156524174,0.009615943877753382,0.0033067056072463826,0.006515904195831326,0.0032986507975744737,0.0013801390623941717,1.493073349791211
2024-08-22,210.66000366210935,498.71392822265625,-0.0564787045686769,-0.008092354190221,-0.0107352231039968,-0.0457434814646801,-0.0290316320954036,-0.3667465309930159,Test,5.025000095367432,2024-08-22,0.0001994047656891838,-0.05667810933436609,-0.008291758955910184,-0.010800660491878736,-0.045678044076798166,0.0013801390623941717,1.493073349791211
2024-08-23,220.32000732421875,504.1095581054688,0.0458558981020604,0.0108190880131255,0.0174826139347477,0.0283732841673127,-0.0054247427610732,-0.0685288922997916,Test,5.0,2024-08-23,0.0001984126984126984,0.0456574854036477,0.010620675314712802,0.017435999029989938,0.028419899072070463,0.0013801390623941717,1.493073349791211
2024-08-26,213.2100067138672,502.8704528808594,-0.0322712435275504,-0.0024580077974838,-0.0023281927664607,-0.0299430507610896,-0.050215707067481,-0.6343575968392036,Test,4.998000144958496,2024-08-26,0.0001983333390856546,-0.032469576866636055,-0.0026563411365694545,-0.0023876397574861216,-0.029883603770064274,0.0013801390623941717,1.493073349791211
2024-08-27,209.2100067138672,503.543701171875,-0.0187608455233908,0.0013388105965634,0.0033370548416765,-0.0220979003650673,-0.0661663005549485,-0.8358559077018106,Test,4.9679999351501465,2024-08-27,0.00019714285456945026,-0.018957988377960252,0.0011416677419939496,0.0032818755968510964,-0.022042721120241898,0.0013801390623941717,1.493073349791211
2024-08-28,205.75,500.6653137207031,-0.0165384379467057,-0.0057162614574923,-0.0071898458239279,-0.0093485921227778,-0.0787597405463022,-0.9949444637609411,Test,4.954999923706055,2024-08-28,0.00019662698109944662,-0.016735064927805146,-0.005912888438591747,-0.007251610104456284,-0.009286827842249415,0.0013801390623941717,1.493073349791211
2024-08-29,206.27999877929688,500.743408203125,0.0025759357438486,0.0001559814116969,0.0015721507786046,0.0010037849652439,-0.0320124741163781,-0.4044024735538089,Test,4.965000152587891,2024-08-29,0.00019702381557888457,0.0023789119282697155,-4.1042403881984556e-05,0.0015158835585254978,0.0010600521853231023,0.0013801390623941717,1.493073349791211
2024-08-30,214.1100006103516,505.45611572265625,0.0379581242844206,0.0094114219824528,0.0153822299327559,0.0225758943516647,-0.0378098639320261,-0.4776388867432616,Test,4.9679999351501465,2024-08-30,0.00019714285456945026,0.037760981429851154,0.009214279127883349,0.015334876520343651,0.02262324776407695,0.0013801390623941717,1.493073349791211
2024-09-03,210.6000061035156,495.2306518554688,-0.0163934169204156,-0.0202301714216436,-0.0288461077715733,0.0124526908511577,0.0045858776802212,0.0579318009146892,Test,4.96999979019165,2024-09-03,0.00019722221389649407,-0.016590639134312093,-0.020427393635540095,-0.028922235766628845,0.012528818846213246,0.0013801390623941717,1.493073349791211
2024-09-04,219.41000366210935,494.0012512207031,0.041832845694522,-0.0024824809008882,-0.0023647091799775,0.0441975548744996,0.0708813329197882,0.8954192749159641,Test,4.947999954223633,2024-09-04,0.00019634920453268385,0.04163649648998932,-0.002678830105420884,-0.0024232015720954464,0.04425604726661745,0.0013801390623941717,1.493073349791211
2024-09-05,230.1699981689453,492.7816162109375,0.0490405830511095,-0.0024688905276086,-0.002344430930737,0.0513850139818466,0.1316149390244126,1.6626458393878147,Test,4.932000160217285,2024-09-05,0.00019571429207211448,0.04884486875903738,-0.0026646048196807145,-0.002402597089524204,0.051443180140633704,0.0013801390623941717,1.493073349791211
2024-09-06,210.72999572753903,484.575927734375,-0.0844593239607937,-0.0166517747550266,-0.023506768079082,-0.0609525558817116,0.0696585981774569,0.8799728913436942,Test,4.9079999923706055,2024-09-06,0.00019476190445915102,-0.08465408586525285,-0.016846536659485753,-0.02357821395570551,-0.06088111000508819,0.0013801390623941717,1.493073349791211
2024-09-09,216.2700042724609,490.0301208496094,0.0262896059281696,0.0112556006253454,0.0181339361144383,0.0081556698137312,0.0552383736395235,0.6978072002089973,Test,4.894999980926514,2024-09-09,0.00019424603098914736,0.026095359897180453,0.011061354594356252,0.01808979885080721,0.00819980707736239,0.0013801390623941717,1.493073349791211
2024-09-10,226.1699981689453,492.0498352050781,0.0457760840657874,0.0041216126714149,0.0074892847253045,0.0382867993404829,0.0810724821288487,1.0241605253896813,Test,4.835000038146973,2024-09-10,0.00019186508087884813,0.04558421898490855,0.003929747590536052,0.007439405542108623,0.03833667852367877,0.0013801390623941717,1.493073349791211
2024-09-11,228.1300048828125,497.0845031738281,0.0086660774184694,0.0102320285640409,0.016606660229673,-0.0079405828112036,0.0289343444431455,0.3655175298518856,Test,4.875,2024-09-11,0.00019345238095238096,0.008472625037517018,0.010038576183088519,0.016561922012164797,-0.007895844593695397,0.0013801390623941717,1.493073349791211
2024-09-12,229.80999755859372,501.3580932617188,0.0073641898909537,0.0085973110418937,0.0141674918072792,-0.0068033019163254,-0.0292539714550265,-0.3695552669461631,Test,4.840000152587891,2024-09-12,0.00019206349811856709,0.0071721263928351325,0.008405247543775134,0.014121853666521425,-0.006757663775567725,0.0013801390623941717,1.493073349791211
2024-09-13,230.2899932861328,504.0217590332031,0.0020886633855721,0.0053129007136498,0.0092668102826118,-0.0071781468970397,0.0245204375296453,0.3097581759398279,Test,4.763000011444092,2024-09-13,0.00018900793696206714,0.001899655448610033,0.005123892776687732,0.00921949475141638,-0.007130831365844281,0.0013801390623941717,1.493073349791211
2024-09-16,226.77999877929688,504.7828063964844,-0.0152416284214086,0.0015099494211143,0.0035924117526013,-0.0188340401740099,-0.0024692724580958,-0.0311934618455924,Test,4.744999885559082,2024-09-16,0.00018829364625234452,-0.015429922067660945,0.0013216557748619553,0.0035417617236905546,-0.018783390145099155,0.0013801390623941717,1.493073349791211
2024-09-17,227.8699951171875,505.0169982910156,0.0048064041968332,0.0004639458625841,0.0020316657429009,0.0027747384539322,-0.0379813333446465,-0.4798050003135654,Test,4.735000133514404,2024-09-17,0.00018789683069501603,0.004618507366138184,0.000276049031889084,0.0019801973458384433,0.002826206850994757,0.0013801390623941717,1.493073349791211
2024-09-18,227.1999969482422,503.3777770996094,-0.0029402649901351,-0.0032458733012025,-0.0035037699727537,0.0005635049826186,-0.0294772455508242,-0.3723758110969475,Test,4.614999771118164,2024-09-18,0.00018313491155230808,-0.003123399901687408,-0.003429008212754808,-0.0035564868047329146,0.0006162218145978147,0.0013801390623941717,1.493073349791211
2024-09-19,243.9199981689453,512.1590576171875,0.0735915556570718,0.0174447123354841,0.0273687339565814,0.0462228217004904,0.0235488780659916,0.2974848024767882,Test,4.5929999351501465,2024-09-19,0.00018226190218849787,0.07340929375488331,0.017262450433295603,0.027336505658628076,0.04625504999844372,0.0013801390623941717,1.493073349791211
2024-09-20,238.25,511.1541748046875,-0.0232453190042176,-0.0019620522131839,-0.0015881754951309,-0.0216571435090866,0.0090698814539446,0.1145766641303894,Test,4.545000076293945,2024-09-20,0.00018035714588468036,-0.02342567615010228,-0.0021424093590685805,-0.0016382781100897149,-0.021607040894127884,0.0013801390623941717,1.493073349791211
2024-09-23,250.0,512.412841796875,0.0493179433368311,0.0024624018627421,0.0050135697740795,0.0443043735627516,0.0722082951907062,0.9121823286781008,Test,4.502999782562256,2024-09-23,0.0001786904675619943,0.04913925286926911,0.0022837113951801056,0.004968578152714086,0.044349365184117015,0.0013801390623941717,1.493073349791211
2024-09-24,254.2700042724609,513.88623046875,0.0170800170898437,0.0028753937288306,0.0056297965562732,0.0114502205335705,0.0808837772703444,1.0217766824141803,Test,4.494999885559082,2024-09-24,0.00017837301133170959,0.016901644078511992,0.0026970207174988902,0.005585361830858245,0.011494655258985458,0.0013801390623941717,1.493073349791211
2024-09-25,257.0199890136719,512.8421630859375,0.0108152149093614,-0.0020317092011983,-0.0016921109599816,0.012507325869343,0.0928275981570689,1.1726588258160189,Test,4.486999988555908,2024-09-25,0.00017805555510142494,0.010637159354259976,-0.0022097647562997246,-0.0017411462494433922,0.012556361158804792,0.0013801390623941717,1.493073349791211
2024-09-26,254.22000122070312,514.8814086914062,-0.0108940468160233,0.003976361056583,0.0072725542214714,-0.0181666010374947,0.0284381754190837,0.3592495987978243,Test,4.4679999351501465,2024-09-26,0.00017730158472818041,-0.01107134840075148,0.0037990594718548196,0.007229715098820656,-0.018123761914843956,0.0013801390623941717,1.493073349791211
2024-09-27,260.4599914550781,514.2149658203125,0.0245456305735665,-0.0012943618857544,-0.0005919121404294,0.025137542713996,0.0752328616421664,0.950390626791884,Test,4.48199987411499,2024-09-27,0.00017785713786170598,0.024367773435704794,-0.001472219023616106,-0.0006401347889609674,0.025185765362527465,0.0013801390623941717,1.493073349791211
2024-09-30,261.6300048828125,516.4562377929688,0.0044921042237542,0.0043586284368071,0.0078429368778762,-0.003350832654122,0.0275776554252927,0.3483789484142751,Test,4.498000144958496,2024-09-30,0.00017849206924438476,0.004313612154509815,0.004180136367562715,0.007799881340539484,-0.0033077771167852833,0.0013801390623941717,1.493073349791211
2024-10-01,258.0199890136719,511.63092041015625,-0.0137981722347083,-0.0093431292522152,-0.0126015094766582,-0.0011966627580501,0.0149307721336721,0.188615261693757,Test,4.48199987411499,2024-10-01,0.00017785713786170598,-0.013976029372570007,-0.009520986390076907,-0.012657534842492778,-0.0011406373922155221,0.0013801390623941717,1.493073349791211
2024-10-02,249.0200042724609,511.7191467285156,-0.0348809593226284,0.0001724413338597,0.0015967106929816,-0.0364776700156101,-0.034054223751281,-0.4301951879729018,Test,4.4730000495910645,2024-10-02,0.00017750000196789937,-0.0350584593245963,-5.058668108199384e-06,0.0015500861018242797,-0.03643104542445268,0.0013801390623941717,1.493073349791211
2024-10-03,240.66000366210935,510.7501525878906,-0.0335716025496675,-0.0018936054021427,-0.0014860457400857,-0.0320855568095817,-0.047973179523368,-0.6060285247857607,Test,4.465000152587891,2024-10-03,0.0001771825457376147,-0.03374878509540511,-0.0020707879478803148,-0.0015345166899171428,-0.032037085859750354,0.0013801390623941717,1.493073349791211
2024-10-04,250.0800018310547,515.4578857421875,0.0391423503099881,0.0092172917236412,0.0150925674126513,0.0240497828973367,-0.0490609393400273,-0.6197698169736204,Test,4.505000114440918,2024-10-04,0.00017876984581114753,0.03896358046417695,0.009038521877830052,0.015054085045498182,0.024088265264489914,0.0013801390623941717,1.493073349791211
2024-10-07,240.8300018310547,510.818603515625,-0.0369881635167652,-0.0090003128381334,-0.01208999176147,-0.0248981717552951,-0.0706082784412005,-0.8919698724688314,Test,4.525000095367432,2024-10-07,0.00017956349584791396,-0.03716772701261311,-0.009179876333981313,-0.012146526150404454,-0.024841637366360744,0.0013801390623941717,1.493073349791211
2024-10-08,244.5,515.6536254882812,0.0152389575262299,0.0094652425330243,0.015462535787224,-0.0002235782609941,-0.0696351939441445,-0.8796772337881809,Test,4.5279998779296875,2024-10-08,0.00017968253483847965,0.015059274991391421,0.009285559998185821,0.015423843768411227,-0.00018488624218132577,0.0013801390623941717,1.493073349791211
2024-10-09,241.0500030517578,519.1771850585938,-0.0141104169662257,0.0068331907236685,0.0115352409656374,-0.0256456579318632,-0.0588031818603975,-0.7428401850706352,Test,4.534999847412109,2024-10-09,0.00017996031140524242,-0.014290377277630942,0.006653230412263258,0.011493860392370076,-0.025604277358595776,0.0013801390623941717,1.493073349791211
2024-10-10,238.7700042724609,518.3060913085938,-0.0094586133600144,-0.0016778351881963,-0.0011640941581022,-0.0082945192019121,-0.0350121442527279,-0.4422962651606481,Test,4.53000020980835,2024-10-10,0.00017976191308763294,-0.009638375273102033,-0.001857597101283933,-0.0012136277510946406,-0.008244985608919758,0.0013801390623941717,1.493073349791211
2024-10-11,217.8000030517578,521.3890991210938,-0.087825107197193,0.0059482376614872,0.0102147990328085,-0.0980399062300016,-0.1571018333800663,-1.984612928940501,Test,4.514999866485596,2024-10-11,0.00017916666136847602,-0.08800427385856148,0.005769071000118724,0.010172951887093242,-0.09799805908428624,0.0013801390623941717,1.493073349791211
2024-10-14,219.16000366210935,525.6565551757812,0.0062442635045711,0.0081847818872338,0.0135519554386216,-0.0073076919340505,-0.1395113535588216,-1.7623985032497902,Test,4.51800012588501,2024-10-14,0.0001792857192811512,0.0060649777852899486,0.00800549616795265,0.013512217761901087,-0.007267954257329987,0.0013801390623941717,1.493073349791211
2024-10-15,219.57000732421875,521.6533813476562,0.0018707960177875,-0.0076155691177223,-0.0100238102284683,0.0118946062462558,-0.1273931690515717,-1.6093136847538003,Test,4.514999866485596,2024-10-15,0.00017916666136847602,0.0016916293564190241,-0.007794735779090776,-0.010078806536661822,0.011949602554449322,0.0013801390623941717,1.493073349791211
2024-10-16,221.3300018310547,523.845703125,0.008015641700267,0.0042026407874133,0.0076101870947914,0.0004054546054755,-0.1013420565142329,-1.2802190227595716,Test,4.502999782562256,2024-10-16,0.0001786904675619943,0.007836951232705005,0.004023950319851306,0.00756688251340997,0.00044875918685702895,0.0013801390623941717,1.493073349791211
2024-10-17,220.88999938964844,523.9241333007812,-0.0019879927608824,0.0001497199944819,0.0015628080934353,-0.0035508008543178,-0.0965983381666386,-1.2202932754825668,Test,4.514999866485596,2024-10-17,0.00017916666136847602,-0.0021671594222508763,-2.944666688657602e-05,0.0015153396901941216,-0.0035033324510765217,0.0013801390623941717,1.493073349791211
2024-10-18,220.6999969482422,525.9403076171875,-0.0008601676940163,0.0038482180687193,0.0070813515669983,-0.0079415192610146,-0.0064999511976515,-0.0821116272598407,Test,4.513000011444092,2024-10-18,0.0001790873020414322,-0.0010392549960577323,0.0036691307666778675,0.007037507729061322,-0.007897675423077621,0.0013801390623941717,1.493073349791211
2024-10-21,218.8500061035156,525.1279296875,-0.0083823782071026,-0.001544620022314,-0.0009653232869261,-0.0074170549201764,-0.0066093141837775,-0.0834931719022134,Test,4.51800012588501,2024-10-21,0.0001792857192811512,-0.008561663926383752,-0.0017239057415951511,-0.0010144929386524514,-0.007367885268450149,0.0013801390623941717,1.493073349791211
2024-10-22,217.97000122070312,524.7657470703125,-0.004021041161846,-0.0006897035878533,0.0003103008759463,-0.0043313420377924,-0.0228352624678258,-0.2884699443306889,Test,4.5,2024-10-22,0.00017857142857142857,-0.004199612590417429,-0.0008682750164247285,0.00026231220365231203,-0.0042833533654983115,0.0013801390623941717,1.493073349791211
2024-10-23,213.6499938964844,519.9797973632812,-0.0198192746709423,-0.0091201640612987,-0.0122688222413356,-0.0075504524296066,-0.030791169502908,-0.3889741563030255,Test,4.505000114440918,2024-10-23,0.00017876984581114753,-0.01999804451675345,-0.009298933907109848,-0.012325081489970255,-0.007494193180972044,0.0013801390623941717,1.493073349791211
2024-10-24,260.4800109863281,521.1542358398438,0.2191903507029042,0.0022586232821311,0.0047095109551993,0.2144808397477048,0.1872404710991146,2.3653438777205458,Test,4.486999988555908,2024-10-24,0.00017805555510142494,0.2190122951478028,0.0020805677270296754,0.00466463484315928,0.21452571585974492,0.0013801390623941717,1.493073349791211
2024-10-25,269.19000244140625,520.94873046875,0.0334382335984133,-0.000394327354478,0.000751032911551,0.0326872006868623,0.2278691910469916,2.878592394049384,Test,4.510000228881836,2024-10-25,0.0001789682630508665,0.033259265335362435,-0.0005732956175288665,0.0007031349173605927,0.03273509868105271,0.0013801390623941717,1.493073349791211
2024-10-28,262.510009765625,522.5733642578125,-0.0248151588662185,0.0031186059088783,0.0059926944034406,-0.0308078532696591,0.2044783926975089,2.5831045577596665,Test,4.48199987411499,2024-10-28,0.00017785713786170598,-0.024993016004080205,0.002940748771016594,0.005948749818692011,-0.03076390868491051,0.0013801390623941717,1.493073349791211
2024-10-29,259.5199890136719,523.4053955078125,-0.0113901209124279,0.0015921807480212,0.0037151094378009,-0.0151052303502289,0.1937045043850723,2.447001766469546,Test,4.480000019073486,2024-10-29,0.00017777777853466217,-0.011567898690962563,0.0014144029694865379,0.003669724220534735,-0.015059845132962636,0.0013801390623941717,1.493073349791211
2024-10-30,257.54998779296875,521.8295288085938,-0.0075909421397183,-0.0030107956714695,-0.003153009719996,-0.0044379324197223,0.1968170243949567,2.4863211513570445,Test,4.4629998207092285,2024-10-30,0.00017710316748846146,-0.007768045307206761,-0.0031878988389579615,-0.0032025245683958425,-0.004388417571322458,0.0013801390623941717,1.493073349791211
2024-10-31,249.8500061035156,511.56243896484375,-0.0298970376797017,-0.0196751798756792,-0.0280180027104409,-0.0018790349692608,-0.0195428503220089,-0.2468780445329241,Test,4.432000160217285,2024-10-31,0.00017587302223084464,-0.030072910701932545,-0.019851052897910046,-0.02808306596254006,-0.0018139717171616401,0.0013801390623941717,1.493073349791211
2024-11-01,248.97999572753903,513.7842407226562,-0.0034821306973116,0.0043431682793373,0.0078198687163164,-0.011301999413628,-0.0635320504224993,-0.8025783401620717,Test,4.400000095367432,2024-11-01,0.0001746031783875965,-0.0036567338756991964,0.004168565100949704,0.007778715699879481,-0.01126084639719108,0.0013801390623941717,1.493073349791211
2024-11-04,242.83999633789065,512.6685180664062,-0.0246606132822312,-0.0021715781992081,-0.0019008100401561,-0.022759803242075,-0.0554840003949152,-0.7009101177495258,Test,4.418000221252441,2024-11-04,0.0001753174690973191,-0.02483593075132852,-0.002346895668305419,-0.0019486308455957642,-0.022711982436635438,0.0013801390623941717,1.493073349791211
2024-11-05,251.44000244140625,518.83447265625,0.0354142902042771,0.0120271761821837,0.0192852070271394,0.0161290831771376,-0.0242496868675486,-0.3063378768067397,Test,4.422999858856201,2024-11-05,0.00017551586741492862,0.03523877433686218,0.01185166031476877,0.019251053096568466,0.016163237107708638,0.0013801390623941717,1.493073349791211
2024-11-06,288.5299987792969,531.7540283203125,0.1475103244422446,0.0249011126764937,0.038494458132235,0.1090158663100096,0.0892041118621833,1.1268845812133386,Test,4.429999828338623,2024-11-06,0.0001757936439816914,0.14733453079826292,0.02472531903251201,0.038472647618904954,0.10903767682333965,0.0013801390623941717,1.493073349791211
2024-11-07,296.9100036621094,535.8942260742188,0.0290437906570073,0.0077859264498365,0.0129568216770886,0.0160869689799187,0.1071701158113628,1.3538428728627978,Test,4.420000076293945,2024-11-07,0.0001753968284243629,0.028868393828582938,0.0076105296214121375,0.012918614846345593,0.016125175810661706,0.0013801390623941717,1.493073349791211
2024-11-08,321.2200012207031,538.2627563476562,0.081876653729253,0.0044197719590832,0.0079341693671285,0.0739424843621244,0.1924145995871153,2.4307068469001814,Test,4.422999858856201,2024-11-08,0.00017551586741492862,0.08170113786183807,0.004244256091668272,0.007892640589968001,0.073984013139285,0.0013801390623941717,1.493073349791211
2024-11-11,350.0,538.703125,0.0895959114311899,0.0008181295234539,0.0025601445715775,0.0870357668596124,0.3022101696888029,3.8177161724823128,Test,4.414999961853027,2024-11-11,0.00017519841118464392,0.08942071302000526,0.0006429311122692561,0.002515280783059663,0.08708063064813024,0.0013801390623941717,1.493073349791211
2024-11-12,328.489990234375,537.0881958007812,-0.0614571707589285,-0.002997809227891,-0.0031336325966296,-0.0583235381622989,0.2277575483493662,2.877182050602958,Test,4.422999858856201,2024-11-12,0.00017551586741492862,-0.06163268662634343,-0.003173325095305929,-0.0031823522002158364,-0.058274818558712665,0.0013801390623941717,1.493073349791211
2024-11-13,330.239990234375,537.3623657226562,0.0053274073853859,0.0005104746743991,0.0021010915653889,0.003226315819997,0.1219679978593536,1.5407793802320704,Test,4.389999866485596,2024-11-13,0.00017420634390815856,0.005153201041477742,0.0003362683304909414,0.002056418688937138,0.0032709886964487622,0.0013801390623941717,1.493073349791211
2024-11-14,311.17999267578125,533.9464721679688,-0.0577155950890946,-0.006356778540108,-0.0081455638735319,-0.0495700312155626,0.0563109976638722,0.7113572871864342,Test,4.382999897003174,2024-11-14,0.0001739285673413958,-0.057889523656435994,-0.006530707107449396,-0.008196757107689173,-0.049518837981405425,0.0013801390623941717,1.493073349791211
2024-11-15,320.7200012207031,527.0560913085938,0.0306575254497856,-0.0129046284946844,-0.0179156364563458,0.0485731619061314,0.0309416752078792,0.3908754426313817,Test,4.39300012588501,2024-11-15,0.0001743254018208337,0.030483200047964766,-0.013078953896505234,-0.017973373041804876,0.048630898491590475,0.0013801390623941717,1.493073349791211
2024-11-18,338.739990234375,529.2386474609375,0.0561860468479837,0.0041410320236026,0.0075182604168216,0.0486677864311621,-0.007426305220571,-0.0938139360814973,Test,4.4029998779296875,2024-11-18,0.00017472221737816222,0.05601132463060554,0.003966309806224438,0.007476852748461585,0.04870919409952212,0.0013801390623941717,1.493073349791211
2024-11-19,346.0,531.1668090820312,0.0214323964542886,0.0036432744100307,0.0067755543305519,0.0146568421237367,0.0655540750654646,0.828121875604825,Test,4.4079999923706055,2024-11-19,0.00017492063461788118,0.021257475819670718,0.003468353775412819,0.006733566286728663,0.014698830167559936,0.0013801390623941717,1.493073349791211
2024-11-20,342.0299987792969,531.362548828125,-0.0114739919673501,0.0003685089933085,0.0018892640161711,-0.0133632559835212,0.0489645032619463,0.6185515734734774,Test,4.409999847412109,2024-11-20,0.00017499999394492496,-0.011648991961295025,0.00019350899936357503,0.001844062186233615,-0.013318054153583714,0.0013801390623941717,1.493073349791211
2024-11-21,339.6400146484375,534.0443725585938,-0.006987644766217,0.0050470695316846,0.0088701625340237,-0.0158578073002408,0.0826767271772682,1.0444263962314286,Test,4.413000106811523,2024-11-21,0.00017511905185760014,-0.0071627638180746,0.004871950479827,0.008829437537183968,-0.015817082303400967,0.0013801390623941717,1.493073349791211
2024-11-22,352.5599975585937,535.8353881835938,0.0380402259831773,0.0033536831713425,0.0063434541081951,0.0316967718749821,0.0658003371461189,0.8312328189888651,Test,4.414999961853027,2024-11-22,0.00017519841118464392,0.03786502757199266,0.0031784847601578564,0.00630104836168802,0.031739177621489284,0.0013801390623941717,1.493073349791211
2024-11-25,338.5899963378906,537.5580444335938,-0.0396244648214276,0.0032148982467163,0.0061363725781655,-0.0457608373995932,-0.0286282866846364,-0.3616512084253862,Test,4.40500020980835,2024-11-25,0.00017480159562731546,-0.03979926641705491,0.0030400966510889848,0.00609402794855196,-0.04571849276997956,0.0013801390623941717,1.493073349791211
2024-11-26,338.2300109863281,540.5726318359375,-0.0010631895668981,0.005607929103768,0.0097070232999292,-0.0107702128668273,-0.0540553416752005,-0.68286236804994,Test,4.394999980926514,2024-11-26,0.00017440476114787752,-0.0012375943280459776,0.005433524342620122,0.009667194214949961,-0.010730383781848062,0.0013801390623941717,1.493073349791211
2024-11-27,332.8900146484375,538.8499755859375,-0.0157880618645235,-0.003186724870161,-0.0034155143669527,-0.0123725474975707,-0.05306463318925,-0.670347091635108,Test,4.385000228881836,2024-11-27,0.00017400794559054903,-0.01596206981011405,-0.0033607328157515487,-0.003463673594982693,-0.012324388269540808,0.0013801390623941717,1.493073349791211
2024-11-29,345.1600036621094,541.6884155273438,0.0368589878751097,0.0052675885125905,0.0091991997698011,0.0276597881053085,-0.0095470377837005,-0.120604414416845,Test,4.373000144958496,2024-11-29,0.0001735317517840673,0.03668545612332563,0.005094056760806432,0.009159471206062064,0.027699516669047637,0.0013801390623941717,1.493073349791211
2024-12-02,357.0899963378906,543.2152709960938,0.034563659025395,0.0028186969205601,0.0055451990264185,0.0290184599989765,-0.0122253496597062,-0.154438598668511,Test,4.380000114440918,2024-12-02,0.00017380952835083008,0.03438984949704417,0.0026448873922092697,0.005502959469251436,0.029060699556143564,0.0013801390623941717,1.493073349791211
2024-12-03,351.4200134277344,543.342529296875,-0.0158783022999925,0.000234268636351,0.0016889634533732,-0.0175672657533657,0.0159682219865212,0.2017210055720653,Test,4.35699987411499,2024-12-03,0.0001728968204013885,-0.016051199120393888,6.137181594961151e-05,0.0016446685056182163,-0.017522970805610716,0.0013801390623941717,1.493073349791211
2024-12-04,357.92999267578125,546.7681274414062,0.0185247823097747,0.0063046751539295,0.0107466408124088,0.0077781414973658,0.0345165763507144,0.4360359278727659,Test,4.34499979019165,2024-12-04,0.00017242062659490677,0.01835236168317979,0.006132254527334594,0.010708465497888859,0.00781631681188584,0.0013801390623941717,1.493073349791211
2024-12-05,369.489990234375,545.8577880859375,0.0322968116535151,-0.0016649459062814,-0.0011448620100349,0.0334416736635501,0.0803307975118353,1.0147910810716123,Test,4.329999923706055,2024-12-05,0.0001718253937978593,0.03212498625971724,-0.0018367713000792592,-0.0011904698216176663,0.03348728147513277,0.0013801390623941717,1.493073349791211
2024-12-06,389.2200012207031,546.9442749023438,0.053397958017247,0.001990421021959,0.0043093253115248,0.0490886327057221,0.1017596421122488,1.2854942366697546,Test,4.295000076293945,2024-12-06,0.00017043651096404543,0.05322752150628295,0.0018199845109949549,0.004267945943757573,0.049130012073489424,0.0013801390623941717,1.493073349791211
2024-12-09,389.7900085449219,544.0960083007812,0.0014644862094215,-0.0052075992605847,-0.0064308689661201,0.0078953551755417,0.080636537288814,1.018653385547814,Test,4.293000221252441,2024-12-09,0.00017035715163700164,0.0012941290577844983,-0.005377956412221702,-0.0064791871813958055,0.007943673390817306,0.0013801390623941717,1.493073349791211
2024-12-10,400.989990234375,542.5496826171875,0.0287333729544849,-0.0028420088734393,-0.0029011622770619,0.0316345352315469,0.1298383382737267,1.640202658786308,Test,4.284999847412109,2024-12-10,0.00017003967648460754,0.028563333278000293,-0.0030120485499239074,-0.002947030679289869,0.03168040363377477,0.0013801390623941717,1.493073349791211
2024-12-11,424.7699890136719,546.660400390625,0.0593032229193493,0.0075766660734331,0.0126445834492196,0.0466586394701296,0.1687188362464904,2.131366493734797,Test,4.255000114440918,2024-12-11,0.00016884921089051262,0.05913437370845879,0.007407816862542587,0.012609402210880964,0.04669382070846834,0.0013801390623941717,1.493073349791211
2024-12-12,418.1000061035156,543.8416748046875,-0.015702575706076,-0.0051562644448424,-0.006354272086334,-0.0093483036197419,0.1259288589631984,1.590815563689018,Test,4.2230000495910645,2024-12-12,0.00016757936704726447,-0.015870155073123265,-0.005323843811889664,-0.006401170884541874,-0.009301404821534125,0.0013801390623941717,1.493073349791211
2024-12-13,436.2300109863281,543.802490234375,0.0433628429039625,-7.205142990662772e-05,0.0012319020818282,0.0421309408221342,0.1189711670796105,1.502921457231666,Test,4.2179999351501465,2024-12-13,0.00016738094980754548,0.043195461954154954,-0.0002394323797141732,0.0011900299069733955,0.042172812996989106,0.0013801390623941717,1.493073349791211
2024-12-16,463.0199890136719,545.93603515625,0.0614125056796777,0.003923382037025,0.0071935040187271,0.0542190016609505,0.1652948135650194,2.088112003723891,Test,4.228000164031982,2024-12-16,0.00016777778428698342,0.06124472789539072,0.0037556042527380163,0.0071553094688068235,0.05425719621087088,0.0013801390623941717,1.493073349791211
2024-12-17,479.8599853515625,543.6458129882812,0.0363699121797382,-0.0041950375510809,-0.004920021670434,0.0412899338501723,0.1749502121836448,2.210085302954845,Test,4.239999771118164,2024-12-17,0.00016825395917135572,0.03620165822056685,-0.004363291510252255,-0.004966321249762359,0.04133623342950056,0.0013801390623941717,1.493073349791211
2024-12-18,440.1300048828125,527.6824951171875,-0.0827949436951747,-0.0293634522509196,-0.0424739118966333,-0.0403210317985414,0.0879705409149737,1.111301307626233,Test,4.23199987411499,2024-12-18,0.00016793650294107105,-0.08296288019811578,-0.02953138875386067,-0.04254445396537801,-0.040250489729796696,0.0013801390623941717,1.493073349791211
2024-12-19,436.1700134277344,527.4867553710938,-0.0089973221801419,-0.0003709422766625,0.000785925877822,-0.0097832480579639,0.0875355964767518,1.1058068055132129,Test,4.21999979019165,2024-12-19,0.0001674603091345893,-0.009164782489276489,-0.0005384025857970893,0.000743724819216451,-0.009741046999358351,0.0013801390623941717,1.493073349791211
2024-12-20,421.05999755859375,533.4570922851562,-0.0346424912395865,0.0113184584319321,0.0182277264940298,-0.0528702177336164,-0.0074655620789989,-0.0943098543474356,Test,4.215000152587891,2024-12-20,0.0001672619108169798,-0.03480975315040348,0.01115119652111512,0.0181969553171726,-0.0528394465567591,0.0013801390623941717,1.493073349791211
2024-12-23,430.6000061035156,537.275634765625,0.0226571239258943,0.0071581061264203,0.0120200485116535,0.0106370754142408,-0.0510474883257086,-0.6448652007519801,Test,4.215000152587891,2024-12-23,0.0001672619108169798,0.02248986201507732,0.0069908442156033195,0.01198524416407051,0.01067187976182379,0.0013801390623941717,1.493073349791211
2024-12-24,462.2799987792969,542.8036499023438,0.0735717422822457,0.0102889741857179,0.0166916290149869,0.0568801132672587,-0.0354573089086221,-0.4479198757359472,Test,4.199999809265137,2024-12-24,0.0001666666590978229,0.07340507562314787,0.010122307526620078,0.016660153327879422,0.05691158895436627,0.0013801390623941717,1.493073349791211
2024-12-26,454.1300048828125,542.7937622070312,-0.0176299946309711,-1.821597057105606e-05,0.0013122301817215,-0.0189422248126927,-0.0140785019227734,-0.1778488279538762,Test,4.215000152587891,2024-12-26,0.0001672619108169798,-0.01779725654178808,-0.00018547788138803585,0.00127046889153494,-0.01890046352250604,0.0013801390623941717,1.493073349791211
2024-12-27,431.6600036621094,537.1676025390625,-0.0494792261667481,-0.0103651885111805,-0.0141265281031233,-0.0353526980636248,-0.0396479519284343,-0.5008588143769318,Test,4.177999973297119,2024-12-27,0.00016579364973401265,-0.04964501981648212,-0.010530982160914512,-0.014177596099459932,-0.03530163006728817,0.0013801390623941717,1.493073349791211
2024-12-30,417.4100036621094,531.1878662109375,-0.0330120925707874,-0.0111319750108909,-0.0152706532449122,-0.0177414393258751,-0.004519173520693,-0.0570891504212774,Test,4.182000160217285,2024-12-30,0.00016595238731020973,-0.03317804495809761,-0.01129792739820111,-0.01532254285642565,-0.017689549714361753,0.0013801390623941717,1.493073349791211
2024-12-31,403.8399963378906,529.0474853515625,-0.0325100194177511,-0.0040294234780676,-0.0046729082629338,-0.0278371111548172,-0.0429933600897511,-0.5431201944428812,Test,4.208000183105469,2024-12-31,0.00016698413425021702,-0.032677003552001316,-0.004196407612317817,-0.004718421174168312,-0.027791598243582787,0.0013801390623941717,1.493073349791211
2025-01-02,379.2799987792969,527.7218627929688,-0.0608161593237648,-0.0025056778366744,-0.0023993214187891,-0.0584168379049756,-0.1582903112619856,-1.999626557486201,Test,4.208000183105469,2025-01-02,0.00016698413425021702,-0.06098314345801502,-0.002672661970924617,-0.0024433571651436095,-0.058372802158621194,0.0013801390623941717,1.493073349791211
2025-01-03,410.4400024414063,534.5362548828125,0.0821556732820003,0.0129128477902706,0.0206067211051306,0.0615489521768696,-0.0777991342724232,-0.9828094581423278,Test,4.192999839782715,2025-01-03,0.00016638888253106012,0.08198928439946923,0.01274645890773954,0.020577926044279927,0.06157774723772037,0.0013801390623941717,1.493073349791211
2025-01-06,411.0499877929688,537.6487426757812,0.0014861742226248,0.0058227814568931,0.0100276053381834,-0.0085414311155585,-0.050987867324357,-0.6441120293371534,Test,4.190000057220459,2025-01-06,0.0001662698435404944,0.0013199043790843056,0.005656511613352605,0.009991995648615928,-0.008505821425991128,0.0013801390623941717,1.493073349791211
2025-01-07,394.3599853515625,531.600341796875,-0.0406033400731115,-0.0112497257015881,-0.0154463495120486,-0.0251569905610628,-0.0584034185595447,-0.7377901140541558,Test,4.203000068664551,2025-01-07,0.00016678571701049806,-0.04077012579012199,-0.0114165114185986,-0.015498764167291951,-0.02510457590581955,0.0013801390623941717,1.493073349791211
2025-01-08,394.9400024414063,532.3170776367188,0.0014707807875757,0.0013482606828676,0.0033511553524924,-0.0018803745649166,-0.0324466819696441,-0.4098876706447588,Test,4.204999923706055,2025-01-08,0.00016686507633754187,0.001303915711238158,0.001181395606530058,0.003310914434402167,-0.0018401336468264668,0.0013801390623941717,1.493073349791211
2025-01-10,394.739990234375,524.2166137695312,-0.0005064369418008,-0.0152173661291319,-0.0213664813459367,0.0208600444041358,0.0468302003394673,0.5915896654989221,Test,4.2129998207092285,2025-01-10,0.00016718253256782652,-0.0006736194743686265,-0.015384548661699726,-0.021422938010387905,0.020916501068587105,0.0013801390623941717,1.493073349791211
2025-01-13,403.30999755859375,524.89404296875,0.0217105120743665,0.0012922696103572,0.0032676108537315,0.018442901220635,0.0037241493832327,0.0470458864562639,Test,4.2179999351501465,2025-01-13,0.00016738094980754548,0.021543131124558954,0.0011248886605496546,0.0032270612927507384,0.018483450781615764,0.0013801390623941717,1.493073349791211
2025-01-14,396.3599853515625,525.5618286132812,-0.0172324322459215,0.0012722294213025,0.0032377088090916,-0.0204701410550131,-0.0082045605562218,-0.1036453655939266,Test,4.2129998207092285,2025-01-14,0.00016718253256782652,-0.017399614778489326,0.0011050468887346735,0.003197237654801433,-0.020429669900722935,0.0013801390623941717,1.493073349791211
2025-01-15,428.2200012207031,535.1743774414062,0.0803815143975279,0.0182900437299415,0.0286300562436946,0.0517514581538332,0.0687038881586743,0.8679123710690438,Test,4.204999923706055,2025-01-15,0.00016686507633754187,0.08021464932119036,0.018123178653603956,0.028606239199932743,0.05177527519759516,0.0013801390623941717,1.493073349791211
2025-01-16,413.8200073242188,534.3790893554688,-0.0336275602620967,-0.0014860354296849,-0.0008779089866304,-0.0327496512754663,0.0378346114481246,0.4779515135239389,Test,4.195000171661377,2025-01-16,0.00016646826078021336,-0.03379402852287691,-0.0016525036904651133,-0.0009207018974907001,-0.032706858364606,0.0013801390623941717,1.493073349791211
2025-01-17,426.5,539.5044555664062,0.0306413234047593,0.0095912551838797,0.0156505597574967,0.0149907636472625,0.0319653306912513,0.403806927028296,Test,4.192999839782715,2025-01-17,0.00016638888253106012,0.030474934522228242,0.00942486630134864,0.015618544644814146,0.015022778759945154,0.0013801390623941717,1.493073349791211
2025-01-21,424.0700073242188,544.4139404296875,-0.0056975209279748,0.0090999894674215,0.0149175402563565,-0.0206150611843313,-0.007092631713715,-0.0895987544919277,Test,4.197000026702881,2025-01-21,0.00016654762010725717,-0.005864068548082057,0.008933441847314243,0.01488497062663589,-0.02058249155461069,0.0013801390623941717,1.493073349791211
2025-01-22,415.1099853515625,547.5068359375,-0.0211286387103672,0.005681146785792,0.0098162716902683,-0.0309449104006356,-0.0175674010593375,-0.2219228797024849,Test,4.215000152587891,2025-01-22,0.0001672619108169798,-0.02129590062118418,0.00551388487497502,0.009780035533853197,-0.030908674244220398,0.0013801390623941717,1.493073349791211
2025-01-23,412.3800048828125,550.540771484375,-0.0065765232470569,0.0055413656008147,0.0096077036362638,-0.0161842268833207,-0.0855030860964915,-1.0801308073909524,Test,4.2129998207092285,2025-01-23,0.00016718253256782652,-0.006743705779624727,0.005374183068246874,0.009571371111060567,-0.01614789435811747,0.0013801390623941717,1.493073349791211
2025-01-24,406.5799865722656,548.8814697265625,-0.0140647418445883,-0.0030139489094307,-0.0031577146787176,-0.0109070271658707,-0.0636604619868959,-0.8042005188817207,Test,4.204999923706055,2025-01-24,0.00016686507633754187,-0.014231606920925843,-0.0031808139857682416,-0.003202184454062008,-0.010862557390526294,0.0013801390623941717,1.493073349791211
2025-01-27,397.1499938964844,541.242431640625,-0.0231934502120535,-0.0139174639831493,-0.0194268922586929,-0.0037665579533606,-0.0824177835875191,-1.0411552517449152,Test,4.188000202178955,2025-01-27,0.0001661904842134506,-0.02335964069626695,-0.01408365446736275,-0.019481599606279633,-0.0037118506057738677,0.0013801390623941717,1.493073349791211
2025-01-28,398.0899963378906,545.7786865234375,0.0023668700890153,0.0083811885721194,0.0138450146229943,-0.0114781445339789,-0.0732808669371666,-0.9257317552471208,Test,4.190000057220459,2025-01-28,0.0001662698435404944,0.0022006002454748055,0.008214918728578905,0.013811885130276529,-0.011445015041261228,0.0013801390623941717,1.493073349791211
2025-01-29,389.1000061035156,543.3829345703125,-0.0225828087042521,-0.004389603354403,-0.00521033406821,-0.017372474636042,-0.0597084311725731,-0.7542758854071919,Test,4.188000202178955,2025-01-29,0.0001661904842134506,-0.02274899918846555,-0.00455579383861645,-0.005255804820973601,-0.0173270038832785,0.0013801390623941717,1.493073349791211
2025-01-30,400.2799987792969,546.2205200195312,0.0287329542544569,0.0052220731802381,0.0091312861639918,0.0196016680904651,-0.0239225361987871,-0.3022050959666539,Test,4.182000160217285,2025-01-30,0.00016595238731020973,0.028567001867146693,0.005056120792927891,0.009095250658950222,0.019637703595506678,0.0013801390623941717,1.493073349791211
2025-01-31,404.6000061035156,543.304443359375,0.0107924636189495,-0.0053386435574628,-0.0066264006751459,0.0174188642940955,0.004403355261179,0.0556260585509053,Test,4.188000202178955,2025-01-31,0.0001661904842134506,0.010626273134736049,-0.00550483404167625,-0.006672791456042626,0.017465255074992126,0.0013801390623941717,1.493073349791211
2025-02-03,383.6799926757813,539.7401123046875,-0.0517054204452533,-0.0065604673369656,-0.0084494887257216,-0.0432559317195317,-0.035086018504992,-0.4432294929467584,Test,4.190000057220459,2025-02-03,0.0001662698435404944,-0.05187169028879379,-0.0067267371805060944,-0.008497103109328654,-0.043208317335924645,0.0013801390623941717,1.493073349791211
2025-02-04,392.2099914550781,543.323974609375,0.0222320656331562,0.0066399776910861,0.0112469470423847,0.0109851185907715,-0.0126227553802416,-0.1594588871911876,Test,4.2129998207092285,2025-02-04,0.00016718253256782652,0.022064883100588375,0.006472795158518273,0.01121167954480321,0.01102038608835299,0.0013801390623941717,1.493073349791211
2025-02-05,378.1700134277344,545.5528564453125,-0.0357970942434592,0.0041023071686463,0.0074604789089517,-0.0432575731524109,-0.0385078538966104,-0.4864563516841929,Test,4.210000038146973,2025-02-05,0.00016706349357726083,-0.035964157737036456,0.0039352436750690395,0.00742281001215144,-0.04321990425561064,0.0013801390623941717,1.493073349791211
2025-02-06,374.3200073242188,547.5166015625,-0.0101806223836182,0.0035995506099679,0.0067103138770941,-0.0168909362607124,-0.0750004582477881,-0.9474547553810326,Test,4.2129998207092285,2025-02-06,0.00016718253256782652,-0.010347804916186027,0.003432368077400073,0.006672098898002144,-0.016852721281620343,0.0013801390623941717,1.493073349791211
2025-02-07,361.6199951171875,542.1948852539062,-0.0339282217314959,-0.0097197350608304,-0.0131634444798737,-0.0207647772516221,-0.1131840997935057,-1.429815444974844,Test,4.228000164031982,2025-02-07,0.00016777778428698342,-0.034095999515782884,-0.009887512845117383,-0.013214865078081882,-0.02071335665341402,0.0013801390623941717,1.493073349791211
2025-02-10,350.7300109863281,546.0733032226562,-0.0301144413414704,0.0071531806629525,0.0120126992083069,-0.0421271405497774,-0.1120553086237514,-1.4155558179458667,Test,4.228000164031982,2025-02-10,0.00016777778428698342,-0.030282219125757383,0.006985402878665516,0.011977635722371446,-0.04209207706384185,0.0013801390623941717,1.493073349791211
2025-02-11,328.5,546.5642700195312,-0.0633821181250289,0.0008990858809203,0.0026809398698775,-0.0660630579949065,-0.1891034852094294,-2.38887868829901,Test,4.224999904632568,2025-02-11,0.00016765872637430828,-0.06354977685140321,0.0007314271545459918,0.002639872180534718,-0.06602199030556362,0.0013801390623941717,1.493073349791211
2025-02-12,336.510009765625,544.7575073242188,0.0243835913717656,-0.0033056728996352,-0.0035929971879715,0.0279765885597371,-0.1178693234972813,-1.4890022497207611,Test,4.228000164031982,2025-02-12,0.00016777778428698342,0.024215813587478617,-0.0034734506839221835,-0.0036381998012971124,0.028021791173062714,0.0013801390623941717,1.493073349791211
2025-02-13,355.94000244140625,550.5114135742188,0.0577397168343194,0.0105623257552933,0.0170994979634058,0.0406402188709135,-0.0603381683656553,-0.7622311367771885,Test,4.2129998207092285,2025-02-13,0.00016718253256782652,0.05757253430175158,0.010395143222725473,0.017068032908076125,0.04067168392624328,0.0013801390623941717,1.493073349791211
2025-02-14,355.8399963378906,550.5310668945312,-0.0002809633725618,3.5700114162651175e-05,0.0013926785830874,-0.0016736419556493,-0.0412470330696826,-0.5210594513718458,Test,4.2129998207092285,2025-02-14,0.00016718253256782652,-0.0004481459051296265,-0.00013148241840517535,0.0013510087000751336,-0.0016319720726369336,0.0013801390623941717,1.493073349791211
2025-02-18,354.1099853515625,552.1216430664062,-0.0048617665358937,0.0028891669653581,0.0056503476564828,-0.0105121141923766,-0.0096320067122817,-0.1216777973977585,Test,4.2129998207092285,2025-02-18,0.00016718253256782652,-0.005028949068461527,0.0027219844327902734,0.005611444010107701,-0.0104732105460014,0.0013801390623941717,1.493073349791211
2025-02-19,360.55999755859375,553.45703125,0.0182147142804449,0.00241864849959,0.0049482852094203,0.0132664290710246,0.0696974803536493,0.8804640763790091,Test,4.2179999351501465,2025-02-19,0.00016738094980754548,0.018047333330637353,0.0022512675497824543,0.004908827594031658,0.013305886686413242,0.0013801390623941717,1.493073349791211
2025-02-20,354.3999938964844,551.1299438476562,-0.0170845454399258,-0.0042046396936866,-0.0049343490650534,-0.0121501963748723,0.0295706954190398,0.3735563308444146,Test,4.204999923706055,2025-02-20,0.00016686507633754187,-0.017251410516263343,-0.004371504770024142,-0.004979973131876488,-0.012104572308049313,0.0013801390623941717,1.493073349791211
2025-02-21,337.79998779296875,541.7529907226562,-0.0468397471484276,-0.0170140512771557,-0.0240473222977651,-0.0227924248506625,-0.0338619483025362,-0.4277662389702908,Test,4.197000026702881,2025-02-21,0.00016654762010725717,-0.04700629476853486,-0.017180598897262957,-0.02410520766445416,-0.02273453948397344,0.0013801390623941717,1.493073349791211
2025-02-24,330.5299987792969,539.190185546875,-0.0215215786749155,-0.0047305787317624,-0.0057191047652881,-0.0158024739096273,-0.0479907802565142,-0.606250868738146,Test,4.190000057220459,2025-02-24,0.0001662698435404944,-0.021687848518455996,-0.004896848575302894,-0.005764945199813146,-0.015756633475102356,0.0013801390623941717,1.493073349791211
2025-02-25,302.79998779296875,536.509765625,-0.0838955952220366,-0.0049711956814576,-0.006078130259074,-0.0778174649629625,-0.1152961310271001,-1.456496002434522,Test,4.182000160217285,2025-02-25,0.00016595238731020973,-0.08406154760934681,-0.005137148068767809,-0.0061240474257042215,-0.07777154779633239,0.0013801390623941717,1.493073349791211
2025-02-26,290.79998779296875,536.8435668945312,-0.039630120487999,0.0006221718427481,0.0022677553481016,-0.0418978758361006,-0.1704604359342254,-2.1533675180573817,Test,4.192999839782715,2025-02-26,0.00016638888253106012,-0.03979650937053006,0.00045578296021703984,0.002227045336114242,-0.041857165824113245,0.0013801390623941717,1.493073349791211
2025-02-27,281.95001220703125,528.22265625,-0.0304332048054902,-0.0160585153220713,-0.0226215633537719,-0.0078116414517183,-0.1661218810110714,-2.098560059683681,Test,4.195000171661377,2025-02-27,0.00016646826078021336,-0.030599673066270414,-0.016224983582851512,-0.022678483265181126,-0.007754721540309074,0.0013801390623941717,1.493073349791211
2025-02-28,292.9800109863281,536.43115234375,0.0391204053972438,0.0155398410057312,0.0245264679789379,0.0145939374183059,-0.1287355187421029,-1.62627112244673,Test,4.192999839782715,2025-02-28,0.00016638888253106012,0.03895401651471274,0.01537345212320014,0.02450021960436647,0.014620185792877327,0.0013801390623941717,1.493073349791211
2025-03-03,284.6499938964844,527.1917724609375,-0.0284320321437644,-0.0172237944094861,-0.024360280847645,-0.0040717512961194,-0.117004796128595,-1.4780809755611723,Test,4.192999839782715,2025-03-03,0.00016638888253106012,-0.028598421026295458,-0.017390183292017157,-0.024418291276369974,-0.004013740867394425,0.0013801390623941717,1.493073349791211
2025-03-04,272.0400085449219,520.8389892578125,-0.0442999670540946,-0.0120502320691958,-0.0166407882008989,-0.0276591788531957,-0.0668465100188282,-0.8444487577491906,Test,4.195000171661377,2025-03-04,0.00016646826078021336,-0.04446643531487481,-0.012216700329976012,-0.016693822361898293,-0.027606144692196306,0.0013801390623941717,1.493073349791211
2025-03-05,279.1000061035156,526.68115234375,0.0259520560830592,0.0112168313172225,0.0180760882778241,0.0078759678052351,-0.0170726663774924,-0.2156730681957685,Test,4.204999923706055,2025-03-05,0.00016686507633754187,0.025785191006721657,0.011049966240884957,0.018045414249089613,0.007906641833969587,0.0013801390623941717,1.493073349791211
2025-03-06,263.45001220703125,517.1273803710938,-0.0560730689868919,-0.0181395744467817,-0.0257267198308743,-0.0303463491560175,-0.0396073740817917,-0.5003462085254089,Test,4.197000026702881,2025-03-06,0.00016654762010725717,-0.05623961660699916,-0.018306122066888957,-0.02578569631359527,-0.030287372673296627,0.0013801390623941717,1.493073349791211
2025-03-07,262.6700134277344,519.916015625,-0.0029607088371812,0.0053925499978459,0.009385655291762,-0.0123463641289432,-0.0665476756290408,-0.840673686632424,Test,4.197000026702881,2025-03-07,0.00016654762010725717,-0.0031272564572884572,0.005226002377738643,0.009349491558648497,-0.012310200395829697,0.0013801390623941717,1.493073349791211
2025-03-10,222.1499938964844,506.1696472167969,-0.1542620682219512,-0.0264395940788213,-0.0381112116574061,-0.116150856564545,-0.1786267808974665,-2.256530119330326,Test,4.184999942779541,2025-03-10,0.00016607142630077544,-0.15442813964825197,-0.026605665505122077,-0.038177999630462145,-0.11608406859148906,0.0013801390623941717,1.493073349791211
2025-03-11,230.5800018310547,502.0162353515625,0.0379473696429559,-0.008205572752282,-0.0109041569642306,0.0488515266071866,-0.1021160754370841,-1.289996935139619,Test,4.195000171661377,2025-03-11,0.00016646826078021336,0.037780901382175686,-0.008372041013062213,-0.010953463996787817,0.048900833639743714,0.0013801390623941717,1.493073349791211
2025-03-12,248.08999633789065,504.4513244628906,0.0759389121683911,0.0048506182466845,0.0085770368016455,0.0673618753667456,-0.0426301678755736,-0.5385321132700573,Test,4.197000026702881,2025-03-12,0.00016654762010725717,0.07577236454828384,0.0046840706265772435,0.00854034770358373,0.06739856446480738,0.0013801390623941717,1.493073349791211
2025-03-13,240.67999267578125,497.8628845214844,-0.0298682081965819,-0.0130606058937822,-0.0181483709449238,-0.0117198372516581,-0.0240036559712142,-0.3032298538939653,Test,4.188000202178955,2025-03-13,0.0001661904842134506,-0.03003439868079535,-0.013226796377995651,-0.0182022476284926,-0.0116659605680893,0.0013801390623941717,1.493073349791211
2025-03-14,249.97999572753903,508.0843200683594,0.0386405323864447,0.0205306237212263,0.0319732344310863,0.0066672979553584,-0.0049899938869125,-0.0630368606796746,Test,4.188000202178955,2025-03-14,0.0001661904842134506,0.03847434190223125,0.020364433237012848,0.031951922096393866,0.006688610290050835,0.0013801390623941717,1.493073349791211
2025-03-17,238.00999450683597,511.9626159667969,-0.0478838364080523,0.0076331737572923,0.012728898785799,-0.0606127351938514,0.0505481274837811,0.6385569485707444,Test,4.188000202178955,2025-03-17,0.0001661904842134506,-0.04805002689226575,0.007466983273078849,0.0126950832749784,-0.060578919683030696,0.0013801390623941717,1.493073349791211
2025-03-18,225.30999755859372,506.5623168945313,-0.0533590909682468,-0.0105482293117586,-0.0143996439991305,-0.0389594469691162,-0.0372628460925218,-0.4707286002540193,Test,4.195000171661377,2025-03-18,0.00016646826078021336,-0.05352555922902701,-0.010714697572538814,-0.014451222073455897,-0.038907868894790906,0.0013801390623941717,1.493073349791211
2025-03-19,235.8600006103516,511.8841857910156,0.0468243893572197,0.010505852328515,0.0170152337419512,0.0298091556152684,-0.0748155658439989,-0.9451190738225926,Test,4.190000057220459,2025-03-19,0.0001662698435404944,0.04665811951367921,0.010339582484974505,0.016984163962218083,0.029840225395001616,0.0013801390623941717,1.493073349791211
2025-03-20,236.25999450683597,510.7059326171875,0.001695895427157,-0.002301796395619,-0.0020951091214367,0.0037910045485938,-0.0593047240437469,-0.7491759933808803,Test,4.182000160217285,2025-03-20,0.00016595238731020973,0.0015299430398467903,-0.0024677487829292094,-0.002138438492066917,0.003834333919223917,0.0013801390623941717,1.493073349791211
2025-03-21,248.7100067138672,510.8335571289063,0.0526962350651838,0.0002498982360841,0.0017122844403983,0.0509839506247855,-0.0149880713743198,-0.1893391031115256,Test,4.184999942779541,2025-03-21,0.00016607142630077544,0.05253016363888302,8.382680978332455e-05,0.001671370064380446,0.05102486500080335,0.0013801390623941717,1.493073349791211
2025-03-24,278.3900146484375,519.7980346679688,0.1193358012680052,0.0175487248516845,0.0275239314397016,0.0918118698283035,0.1374365336478352,1.73618802351207,Test,4.182000160217285,2025-03-24,0.00016595238731020973,0.119169848880695,0.01738277246437429,0.027499845761746126,0.09183595550625909,0.0013801390623941717,1.493073349791211
2025-03-25,288.1400146484375,521.0353393554688,0.0350228078845167,0.0023803566096403,0.0048911497303336,0.030131658154183,0.2065276387711345,2.6089919720870287,Test,4.182000160217285,2025-03-25,0.00016595238731020973,0.03485685549720649,0.0022144042223300906,0.004852359379730571,0.03017044850478613,0.0013801390623941717,1.493073349791211
2025-03-26,272.0599975585937,514.95751953125,-0.0558062617906892,-0.0116648898167581,-0.0160658175156115,-0.0397404442750776,0.1369780388807883,1.73039601826964,Test,4.190000057220459,2025-03-26,0.0001662698435404944,-0.05597253163422969,-0.011831159660298594,-0.016118380279982,-0.03968788151070719,0.0013801390623941717,1.493073349791211
2025-03-27,273.1300048828125,513.5406494140625,0.0039329829222258,-0.0027514310665416,-0.0027660107763522,0.0066989936985781,0.1398860280307726,1.7671316357994216,Test,4.188000202178955,2025-03-27,0.0001661904842134506,0.003766792438012349,-0.0029176215507550505,-0.002809893435601249,0.006742876357827049,0.0013801390623941717,1.493073349791211
2025-03-28,263.54998779296875,503.2837829589844,-0.0350749347145293,-0.0199728423967624,-0.0284621461248962,-0.0066127885896331,0.0822892888163539,1.0395320219030413,Test,4.188000202178955,2025-03-28,0.0001661904842134506,-0.03524112519874275,-0.02013903288097585,-0.02852272373854633,-0.006552210975982967,0.0013801390623941717,1.493073349791211
2025-03-31,259.1600036621094,506.3480224609375,-0.0166571213591097,0.0060884924285407,0.0104240737204853,-0.0270811950795951,-0.0366037760915447,-0.4624027977036979,Test,4.192999839782715,2025-03-31,0.00016638888253106012,-0.01682351024164076,0.00592210354600964,0.010388662924176255,-0.027045784283285954,0.0013801390623941717,1.493073349791211
2025-04-01,268.4599914550781,508.2101745605469,0.0358851198547365,0.0036776130586211,0.0068267911627107,0.0290583286920258,-0.0376771055537019,-0.4759617962321026,Test,4.199999809265137,2025-04-01,0.0001666666590978229,0.035718453195638676,0.003510946399523277,0.006788906223165605,0.029096213631570892,0.0013801390623941717,1.493073349791211
2025-04-02,282.760009765625,511.2744445800781,0.0532668507997762,0.0060295330021302,0.0103361001292352,0.042930750670541,0.0449940893919167,0.5683947132372088,Test,4.203000068664551,2025-04-02,0.00016678571701049806,0.053100065082765706,0.005862747285119702,0.01030043650737767,0.04296641429239853,0.0013801390623941717,1.493073349791211
2025-04-03,267.2799987792969,486.8886413574219,-0.0547461113725354,-0.0476961121001948,-0.0698281455162162,0.0150820341436807,0.0533771298370193,0.6742947533146072,Test,4.184999942779541,2025-04-03,0.00016607142630077544,-0.054912182798836175,-0.04786218352649558,-0.06991554019753152,0.015169428824996119,0.0013801390623941717,1.493073349791211
2025-04-04,239.42999267578125,458.6700744628906,-0.1041978682681468,-0.0579569217631762,-0.0851383398336198,-0.0190595284345269,0.0409303899921255,0.5170594092841196,Test,4.15500020980835,2025-04-04,0.00016488096070668053,-0.10436274922885348,-0.05812180272388288,-0.0852350946657509,-0.0189627736023959,0.0013801390623941717,1.493073349791211
2025-04-07,233.2899932861328,456.7389526367188,-0.0256442366348095,-0.0042102633977881,-0.0049427402159865,-0.0207014964188229,0.0473100886528977,0.5976519279868288,Test,4.150000095367432,2025-04-07,0.00016468254346696157,-0.025808919178276463,-0.004374945941255062,-0.0049872935858040245,-0.020656943049005477,0.0013801390623941717,1.493073349791211
2025-04-08,221.8600006103516,450.0192565917969,-0.0489947833371585,-0.0147123340501824,-0.0206129210013632,-0.0283818623357953,-0.0101301023749233,-0.127970067008236,Test,4.177999973297119,2025-04-08,0.00016579364973401265,-0.04916057698689252,-0.014878127699916413,-0.02066820325140742,-0.028326580085751084,0.0013801390623941717,1.493073349791211
2025-04-09,272.20001220703125,491.75592041015625,0.2268998983962453,0.0927441730703932,0.1397233544702408,0.0871765439260044,0.03411569088054,0.4309716808807672,Test,4.228000164031982,2025-04-09,0.00016777778428698342,0.22673212061195833,0.09257639528610623,0.13977126546810306,0.08712863292814224,0.0013801390623941717,1.493073349791211
2025-04-10,252.3999938964844,474.9667053222656,-0.0727406958949262,-0.034141358326479,-0.0496030442799215,-0.0231376516150047,-0.0041039948781453,-0.0518443427440382,Test,4.197000026702881,2025-04-10,0.00016654762010725717,-0.07290724351503346,-0.03430790594658626,-0.04967753337348993,-0.023063162521436267,0.0013801390623941717,1.493073349791211
2025-04-11,252.30999755859372,483.3317565917969,-0.0003565623615963,0.0176118687390005,0.0276181486814707,-0.0279747110430671,-0.0130191774866855,-0.1644667500584732,Test,4.2129998207092285,2025-04-11,0.00016718253256782652,-0.0005237448941641265,0.017444686206432674,0.027593517665256962,-0.02795008002685326,0.0013801390623941717,1.493073349791211
2025-04-14,252.3500061035156,488.1891784667969,0.0001585690036423,0.0100498711469985,0.0163348624337021,-0.0161762934300598,-0.0084939744979224,-0.1073014314599763,Test,4.195000171661377,2025-04-14,0.00016646826078021336,-7.899257137913352e-06,0.009883402886218287,0.016303252777836445,-0.016144683774194146,0.0013801390623941717,1.493073349791211
2025-04-15,254.1100006103516,486.8196716308594,0.0069744183248166,-0.0028052789704158,-0.0028463574447904,0.009820775769607,0.0297086636074799,0.3752992350783721,Test,4.199999809265137,2025-04-15,0.0001666666590978229,0.006807751665718778,-0.002971945629513623,-0.002890527094963259,0.00986494541977986,0.0013801390623941717,1.493073349791211
2025-04-16,241.5500030517578,476.1194458007813,-0.0494274035985425,-0.021979855074944,-0.0314568176088933,-0.0179705859896492,-0.0754384663081737,-0.9529879591694226,Test,4.208000183105469,2025-04-16,0.00016698413425021702,-0.04959438773279272,-0.022146839209194216,-0.031519732208714554,-0.017907671389827948,0.0013801390623941717,1.493073349791211
2025-04-17,241.3699951171875,476.7796020507813,-0.0007452201709629,0.0013865349458468,0.0034082645303072,-0.0041534847012701,-0.0564542993944392,-0.7131675682067374,Test,4.204999923706055,2025-04-17,0.00016686507633754187,-0.0009120852473004418,0.001219669869509258,0.0033680607164393106,-0.00411328088740221,0.0013801390623941717,1.493073349791211
2025-04-21,227.5,465.4192810058594,-0.0574636259591979,-0.0238271960378705,-0.0342132423006935,-0.0232503836585043,-0.0517299720098764,-0.6534867802348479,Test,4.210000038146973,2025-04-21,0.00016706349357726083,-0.057630689452775156,-0.02399425953144776,-0.03427798689840697,-0.02318563906079093,0.0013801390623941717,1.493073349791211
2025-04-22,237.97000122070312,477.1638793945313,0.046021983387706,0.0252344474498125,0.0389918282540753,0.0070301551336306,-0.0285235234461859,-0.3603277707987645,Test,4.2129998207092285,2025-04-22,0.00016718253256782652,0.04585480085513818,0.025067264917244675,0.038974586795056214,0.007047396592649788,0.0013801390623941717,1.493073349791211
2025-04-23,250.7400054931641,484.8294067382813,0.0536622440095611,0.0160647686775383,0.0253097146155989,0.0283525293939621,-0.0099917698218308,-0.1262225598821,Test,4.208000183105469,2025-04-23,0.00016698413425021702,0.05349525987531088,0.015897784543288083,0.025283681618950463,0.028378562390610637,0.0013801390623941717,1.493073349791211
2025-04-24,259.510009765625,495.0172729492188,0.0349764859229853,0.0210133009040787,0.0326934389475687,0.0022830469754165,0.0102618631432348,0.1296345550583877,Test,4.197000026702881,2025-04-24,0.00016654762010725717,0.03480993830287804,0.020846753283971443,0.0326724184404716,0.0023040674825137025,0.0013801390623941717,1.493073349791211
2025-04-25,284.95001220703125,498.6627807617188,0.098030910115499,0.0073644052676804,0.012327868268958,0.085703041846541,0.100118389691046,1.26476086453339,Test,4.192999839782715,2025-04-25,0.00016638888253106012,0.09786452123296793,0.007198016385149339,0.01229369438095218,0.08573721573454682,0.0013801390623941717,1.493073349791211
2025-04-28,285.8800048828125,498.96826171875,0.0032637046356942,0.0006126002758108,0.0022534735755568,0.0010102310601373,0.1243790044096877,1.5712367890897856,Test,4.192999839782715,2025-04-28,0.00016638888253106012,0.00309731575316314,0.0004462113932797399,0.0022127542846044164,0.0010509503510897837,0.0013801390623941717,1.493073349791211
2025-04-29,292.0299987792969,501.9930419921875,0.0215125010194587,0.0060620694851778,0.0103846479431236,0.0111278530763351,0.1284767023523922,1.623001584834149,Test,4.190000057220459,2025-04-29,0.0001662698435404944,0.021346231175918204,0.005895799641637305,0.010349270226571899,0.0111632307928868,0.0013801390623941717,1.493073349791211
2025-04-30,282.1600036621094,502.2393798828125,-0.033797880897321,0.0004907197311887,0.0020716151371913,-0.0358694960345123,0.0642546769239177,0.811707029921156,Test,4.190000057220459,2025-04-30,0.0001662698435404944,-0.03396415074086149,0.00032444988764820557,0.0020308363865249542,-0.03582871728384595,0.0013801390623941717,1.493073349791211
2025-05-01,280.5199890136719,505.7962646484375,-0.0058123569150553,0.007082050727394,0.0119065659526523,-0.0177189228677076,0.0442527070807934,0.5590290878445159,Test,4.184999942779541,2025-05-01,0.00016607142630077544,-0.005978428341356075,0.006915979301093225,0.011872274870864886,-0.017684631785920186,0.0013801390623941717,1.493073349791211
2025-05-02,287.2099914550781,513.0479125976562,0.0238485765842526,0.0143370927309223,0.0227318425636862,0.0011167340205664,-0.040333600745181,-0.5095203778810083,Test,4.208000183105469,2025-05-02,0.00016698413425021702,0.023681592450002384,0.014170108596672082,0.02270413470598281,0.0011444418782697897,0.0013801390623941717,1.493073349791211
2025-05-05,280.260009765625,510.3679809570313,-0.0241982587522208,-0.0052235504225248,-0.0064546697573747,-0.017743588994846,-0.0590874208001645,-0.7464308769335698,Test,4.208000183105469,2025-05-05,0.00016698413425021702,-0.024365242886471017,-0.005390534556775017,-0.006501340291204966,-0.017696918461015836,0.0013801390623941717,1.493073349791211
2025-05-06,275.3500061035156,506.0229187011719,-0.0175194586848672,-0.0085135870939857,-0.0113637463708097,-0.0061557123140575,-0.0763709861905572,-0.9647681591534352,Test,4.210000038146973,2025-05-06,0.00016706349357726083,-0.01768652217844446,-0.008680650587562962,-0.011413645495168242,-0.006105813189698958,0.0013801390623941717,1.493073349791211
2025-05-07,276.2200012207031,508.3087463378906,0.0031595972322602,0.0045172413190015,0.008079603781113,-0.0049200065488528,-0.0454214967048976,-0.5737940014632962,Test,4.215000152587891,2025-05-07,0.0001672619108169798,0.00299233532144322,0.0043499794081845195,0.008042239299712001,-0.0048826420674518015,0.0013801390623941717,1.493073349791211
2025-05-08,284.82000732421875,511.69818115234375,0.0311346248117785,0.0066680631385398,0.0112888534486168,0.0198457713631616,-0.0078568024740283,-0.0992522584530625,Test,4.215000152587891,2025-05-08,0.0001672619108169798,0.030967362900961522,0.00650080122772282,0.01125357403861408,0.019881050773164422,0.0013801390623941717,1.493073349791211
2025-05-09,298.260009765625,511.0182800292969,0.0471877048514612,-0.0013287151451578,-0.0006431707734396,0.0478308756249009,0.0388573391303061,0.4908712773304665,Test,4.215000152587891,2025-05-09,0.0001672619108169798,0.04702044294064422,-0.0014959770559747796,-0.0006862025009639065,0.0478739073524251,0.0013801390623941717,1.493073349791211
2025-05-12,318.3800048828125,528.0341796875,0.0674579040381508,0.033298025380281,0.051023524490913,0.0164343795472378,0.0730353076723901,0.9226296902921072,Test,4.28000020980835,2025-05-12,0.000169841278166998,0.06728806275998381,0.033128184102114,0.05101278915040446,0.01644511488774634,0.0013801390623941717,1.493073349791211
2025-05-13,334.07000732421875,531.5023803710938,0.0492807406268536,0.0065681367172978,0.0111397528438003,0.0381409877830532,0.1173320077695009,1.482214526641195,Test,4.284999847412109,2025-05-13,0.00017003967648460754,0.04911070095036899,0.006398097040813192,0.011103006919894966,0.038177733706958636,0.0013801390623941717,1.493073349791211
2025-05-14,347.67999267578125,532.1624755859375,0.0407399199364637,0.0012419421609792,0.0031925170692463,0.0375474028672173,0.1597994171855711,2.018690568787985,Test,4.284999847412109,2025-05-14,0.00017003967648460754,0.04056988025997909,0.0010719024844945925,0.003150607772052642,0.037589312164411054,0.0013801390623941717,1.493073349791211
2025-05-15,342.82000732421875,534.7734985351562,-0.0139783290782985,0.004906439422178,0.0086603277964015,-0.0226386568747,0.1173149889477094,1.4819995337729637,Test,4.257999897003174,2025-05-15,0.0001689682498810783,-0.014147297328179579,0.0047374711722969216,0.008622499265035909,-0.02260082834333441,0.0013801390623941717,1.493073349791211
2025-05-16,349.9800109863281,538.2220458984375,0.0208856061756566,0.0064486130534282,0.0109614111164439,0.0099241950592126,0.0794083083820211,1.003137596102999,Test,4.236999988555908,2025-05-16,0.00016813492018079,0.020717471255475812,0.0062804781332474096,0.010925488507273123,0.009960117668383478,0.0013801390623941717,1.493073349791211
2025-05-19,342.0899963378906,538.7738037109375,-0.0225441865271148,0.0010251490378454,0.0028690392004549,-0.0254132257275698,0.0375607031072134,0.4744913245304614,Test,4.239999771118164,2025-05-19,0.00016825395917135572,-0.022712440486286158,0.0008568950786740442,0.0028278002271009857,-0.025371986754215786,0.0013801390623941717,1.493073349791211
2025-05-20,343.82000732421875,536.8623046875,0.0050571808730102,-0.003547869273286,-0.0039543793464324,0.0090115602194426,0.0084312755436028,0.1065093773337036,Test,4.248000144958496,2025-05-20,0.00016857143432374985,0.00488860943868645,-0.00371644070760975,-0.004000208079893387,0.009057388952903587,0.0013801390623941717,1.493073349791211
2025-05-21,334.6199951171875,527.8863525390625,-0.0267582223577691,-0.016719281778709,-0.0236074955737256,-0.0031507267840435,-0.032266854107658,-0.4076159676849466,Test,4.235000133514404,2025-05-21,0.0001680555608537462,-0.026926277918622846,-0.016887337339562745,-0.023665838707387227,-0.003092383650381874,0.0013801390623941717,1.493073349791211
2025-05-22,341.0400085449219,528.1327514648438,0.0191859826711371,0.0004667650993364,0.0020358723371095,0.0171501103340276,0.0075219131010696,0.0950217172490611,Test,4.23199987411499,2025-05-22,0.00016793650294107105,0.01901804616819603,0.00029882859639532896,0.001994248578768622,0.01719173409236848,0.0013801390623941717,1.493073349791211
2025-05-23,339.3399963378906,524.56591796875,-0.0049847881903489,-0.0067536684407484,-0.0087377648499657,0.0037529766596167,0.0013506947014737,0.0170628573195016,Test,4.230000019073486,2025-05-23,0.00016785714361402723,-0.005152645333962928,-0.006921525584362427,-0.008786349183901379,0.003801560993552479,0.0013801390623941717,1.493073349791211
2025-05-27,362.8900146484375,535.344970703125,0.0693994771164476,0.0205485190042733,0.0319999360530647,0.0373995410633829,0.0641634614924264,0.8105547370372244,Test,4.203000068664551,2025-05-27,0.00016678571701049806,0.06923269139943711,0.020381733287262803,0.03197834757316917,0.037421129543278434,0.0013801390623941717,1.493073349791211
2025-05-28,356.8999938964844,532.2905883789062,-0.0165064358625468,-0.005705446938648,-0.0071737094379706,-0.0093327264245762,0.0458191748484075,0.5788177314108481,Test,4.224999904632568,2025-05-28,0.00016765872637430828,-0.01667409458892111,-0.005873105665022308,-0.007221179760184116,-0.009285256102362686,0.0013801390623941717,1.493073349791211
2025-05-29,358.42999267578125,534.3400268554688,0.0042869117552875,0.0038502248984038,0.0070843459654366,-0.0027974342101491,0.0461724674223019,0.5832807538642734,Test,4.230000019073486,2025-05-29,0.00016785714361402723,0.004119054611673473,0.0036823677547897725,0.007046041364815306,-0.0027591296095278058,0.0013801390623941717,1.493073349791211
2025-05-30,346.4599914550781,533.7882690429688,-0.0333956461939574,-0.0010325968199444,-0.0002013314596945,-0.0331943147342628,-0.0041719576459885,-0.0527028927994136,Test,4.23199987411499,2025-05-30,0.00016793650294107105,-0.03356358269689847,-0.001200533322885471,-0.00024440874460134087,-0.03315123744935606,0.0013801390623941717,1.493073349791211
2025-06-02,342.69000244140625,536.891845703125,-0.0108814555984906,0.0058142466594865,0.0100148705335192,-0.0208963261320098,-0.0288212604376151,-0.3640889788629929,Test,4.23199987411499,2025-06-02,0.00016793650294107105,-0.011049392101431672,0.005646310156545428,0.009978430784728662,-0.020859886383219263,0.0013801390623941717,1.493073349791211
2025-06-03,344.2699890136719,539.9364624023438,0.0046105417753929,0.0056708194091334,0.0098008621710759,-0.0051903203956829,-0.071411121896681,-0.902111915164204,Test,4.235000133514404,2025-06-03,0.0001680555608537462,0.004442486214539154,0.005502763848279653,0.009764224675308795,-0.005153682899915895,0.0013801390623941717,1.493073349791211
2025-06-04,332.04998779296875,539.591552734375,-0.0354954007339217,-0.0006387967695942,0.0003862591390101,-0.0358816598729319,-0.0979600553450367,-1.2374953759270055,Test,4.239999771118164,2025-06-04,0.00016825395917135572,-0.03566365469309305,-0.0008070507287655556,0.00034340708651610136,-0.0358388078204378,0.0013801390623941717,1.493073349791211
2025-06-05,284.70001220703125,537.0692749023438,-0.1425989378908212,-0.0046744205302132,-0.0056353108926335,-0.1369636269981876,-0.2321262481330752,-2.932370318536365,Test,4.23199987411499,2025-06-05,0.00016793650294107105,-0.14276687439376226,-0.004842357033154271,-0.005681918671041435,-0.13691701921977978,0.0013801390623941717,1.493073349791211
2025-06-06,295.1400146484375,542.5572509765625,0.0366701861389959,0.0102183765310659,0.0165862899777592,0.0200838961612367,-0.1788480372375757,-2.259325173873888,Test,4.23199987411499,2025-06-06,0.00016793650294107105,0.03650224963605483,0.01005044002812483,0.016554119725003254,0.020116066413992644,0.0013801390623941717,1.493073349791211
2025-06-09,308.5799865722656,543.1385498046875,0.0455376135284042,0.0010714055098861,0.0029380586636982,0.0425995548647059,-0.1153521562408598,-1.4572037495128467,Test,4.239999771118164,2025-06-09,0.00016825395917135572,0.045369359569232846,0.0009031515507147442,0.0028968645327603175,0.04264074899564388,0.0013801390623941717,1.493073349791211
2025-06-10,326.0899963378906,546.232421875,0.0567438282700305,0.005696285177005,0.0098388597431352,0.0469049685268953,-0.0632568673182815,-0.7991020475262285,Test,4.25,2025-06-10,0.00016865079365079366,0.05657517747637971,0.005527634383354206,0.009801953441220704,0.04694187482880979,0.0013801390623941717,1.493073349791211
2025-06-11,326.42999267578125,544.724853515625,0.0010426457165473,-0.0027599393573162,-0.0027787060303669,0.0038213517469143,-0.0235538556984353,-0.2975476831796468,Test,4.25,2025-06-11,0.00016865079365079366,0.0008739949228965064,-0.0029285901509669937,-0.002823810050824872,0.0038664557673721723,0.0013801390623941717,1.493073349791211
2025-06-12,319.1099853515625,546.7841186523438,-0.0224244324616615,0.0037803766863735,0.0069801251744824,-0.0294045576361439,0.0840052136636083,1.061208704877916,Test,4.257999897003174,2025-06-12,0.0001689682498810783,-0.022593400711542578,0.0036114084364924216,0.00694120500401323,-0.029365637465674728,0.0013801390623941717,1.493073349791211
2025-06-13,325.3099975585937,540.6950073242188,0.0194290761544195,-0.0111362256517851,-0.0152769956428518,0.0347060717972714,0.098627389299643,1.2459255741349955,Test,4.239999771118164,2025-06-13,0.00016825395917135572,0.019260822195248144,-0.011304479610956455,-0.015330024218811673,0.034759100373231176,0.0013801390623941717,1.493073349791211
2025-06-16,329.1300048828125,545.9170532226562,0.0117426680793315,0.009658025000601,0.0157501872627442,-0.0040075191834126,0.0520203152515243,0.6571545856245592,Test,4.248000144958496,2025-06-16,0.00016857143432374985,0.01157409664500775,0.009489453566277251,0.01571716072060765,-0.003974492641276152,0.0013801390623941717,1.493073349791211
2025-06-17,316.3500061035156,541.2664794921875,-0.0388296374979462,-0.0085188284612387,-0.0113715670354325,-0.0274580704625137,-0.0223427237378846,-0.28224787352213,Test,4.2179999351501465,2025-06-17,0.00016738094980754548,-0.038997018447753745,-0.008686209411046244,-0.011421627770137041,-0.027408009727809157,0.0013801390623941717,1.493073349791211
2025-06-18,322.04998779296875,541.1581420898438,0.0180179597897272,-0.0002001553882394,0.001040757663471,0.0169772021262561,-0.0091868733585427,-0.1160545822517209,Test,4.2230000495910645,2025-06-18,0.00016757936704726447,0.017850380422679935,-0.00036773475528666447,0.000998663466530925,0.017019296323196275,0.0013801390623941717,1.493073349791211
2025-06-20,322.1600036621094,539.6604614257812,0.0003416111576173,-0.0027675471319321,-0.0027900576206916,0.0031316687783089,0.0233493530559101,0.2949642722822315,Test,4.195000171661377,2025-06-20,0.00016646826078021336,0.00017514289683708662,-0.0029340153927123135,-0.002834092867561564,0.003175704025178864,0.0013801390623941717,1.493073349791211
2025-06-23,348.67999267578125,545.217529296875,0.0823193093872907,0.0102973411400419,0.0167041133803298,0.0656151960069608,0.0542584772655996,0.6854285094523688,Test,4.1579999923706055,2025-06-23,0.00016499999969724625,0.08215430938759347,0.010132341140344654,0.016673467589733107,0.0656458417975576,0.0013801390623941717,1.493073349791211
2025-06-24,340.4700012207031,551.2080078125,-0.0235459206938556,0.0109873182605673,0.0177336309463671,-0.0412795516402228,0.0169864448087894,0.2145838610470047,Test,4.182000160217285,2025-06-24,0.00016595238731020973,-0.023711873081165808,0.01082136587325709,0.017703184443404636,-0.04124910513726024,0.0013801390623941717,1.493073349791211
2025-06-25,327.54998779296875,551.48388671875,-0.037947582404945,0.00050049872705,0.0020862064152466,-0.0400337888201916,0.0044107264511115,0.0557191762346833,Test,4.188000202178955,2025-06-25,0.0001661904842134506,-0.03811377288915845,0.00033430824283654944,0.002045476274602403,-0.0399930586795474,0.0013801390623941717,1.493073349791211
2025-06-26,325.7799987792969,555.8487548828125,-0.00540372181235,0.0079147700761175,0.0131490697568904,-0.0185527915692405,-0.0311192672443851,-0.3931189011839864,Test,4.192999839782715,2025-06-26,0.00016638888253106012,-0.00557011069488106,0.007748381193586439,0.013115429409092558,-0.018519151221442556,0.0013801390623941717,1.493073349791211
2025-06-27,323.6300048828125,558.6075439453125,-0.0065995269953356,0.0049632009395823,0.0087450218790084,-0.015344548874344,-0.0495954848970381,-0.6265225454474176,Test,4.197000026702881,2025-06-27,0.00016654762010725717,-0.006766074615442857,0.004796653319475043,0.008708441921997163,-0.015307968917332763,0.0013801390623941717,1.493073349791211
2025-06-30,317.6600036621094,561.3995971679688,-0.0184469954288227,0.0049982375872275,0.0087973001982928,-0.0272442956271156,-0.1424549765311146,-1.7995842704878202,Test,4.190000057220459,2025-06-30,0.0001662698435404944,-0.018613265272363195,0.004831967743687006,0.008760891171084504,-0.027207886599907204,0.0013801390623941717,1.493073349791211
2025-07-01,300.7099914550781,561.1426391601562,-0.0533589750413172,-0.0004577096405283,0.000656459954096,-0.0540154349954132,-0.1551908598863051,-1.9604722641183017,Test,4.224999904632568,2025-07-01,0.00016765872637430828,-0.05352663376769151,-0.0006253683669026083,0.0006140769463437437,-0.05397305198766095,0.0013801390623941717,1.493073349791211
2025-07-02,315.6499938964844,563.6331787109375,0.0496824278073184,0.0044383359541324,0.0079618687769067,0.0417205590304117,-0.0734365120357016,-0.9276979657504156,Test,4.2230000495910645,2025-07-02,0.00016757936704726447,0.04951484844027114,0.004270756587085135,0.007924271273063518,0.04175815653425488,0.0013801390623941717,1.493073349791211
2025-07-03,315.3500061035156,568.5056762695312,-0.0009503811144286,0.0086448025819514,0.0142383541203517,-0.0151887352347804,-0.0700724557012416,-0.8852010097861787,Test,4.239999771118164,2025-07-03,0.00016825395917135572,-0.0011186350735999558,0.008476548622780045,0.014204501868447805,-0.015154882982876405,0.0013801390623941717,1.493073349791211
2025-07-07,293.94000244140625,563.9494018554688,-0.0678928278031534,-0.0080144747963823,-0.0106190189551865,-0.0572738088479668,-0.1120017156748644,-1.4148787968254075,Test,4.244999885559082,2025-07-07,0.0001684523764110747,-0.06806128017956446,-0.008182927172793375,-0.010669119046174881,-0.05722370875697851,0.0013801390623941717,1.493073349791211
2025-07-08,297.8099975585937,563.5739135742188,0.0131659355142004,-0.0006658190965618,0.0003459390190224,0.0128199964951779,-0.0719374235525708,-0.908760501296708,Test,4.25,2025-07-08,0.00016865079365079366,0.012997284720549606,-0.0008344698902125936,0.00030286510176534423,0.012863070412435056,0.0013801390623941717,1.493073349791211
2025-07-09,295.8800048828125,566.9144897460938,-0.0064806174796113,0.0059274854485171,0.0101838345744935,-0.0166644520541049,-0.0345864406112624,-0.4369184988254487,Test,4.244999885559082,2025-07-09,0.0001684523764110747,-0.006649069856022374,0.005759033072106025,0.010147250239332958,-0.016627867718944256,0.0013801390623941717,1.493073349791211
2025-07-10,309.8699951171875,568.5748901367188,0.0472826483827995,0.0029288374537201,0.0057095401476642,0.0415731082351352,-0.0347338914065389,-0.4387811935400308,Test,4.239999771118164,2025-07-10,0.00016825395917135572,0.04711439442362814,0.002760583494548744,0.005670146667149748,0.04161250171564975,0.0013801390623941717,1.493073349791211
2025-07-11,313.510009765625,566.5289916992188,0.0117469090450688,-0.0035982919277495,-0.0040296151867989,0.0157765242318677,-0.0037686319398907,-0.0476078191540337,Test,4.236999988555908,2025-07-11,0.00016813492018079,0.01157877412488801,-0.00376642684793029,-0.004075277568007869,0.015822186613076668,0.0013801390623941717,1.493073349791211
2025-07-14,316.8999938964844,567.6458129882812,0.010813001260769,0.0019713400468928,0.0042808545138369,0.006532146746932,0.0600373236550081,0.7584306699748086,Test,4.228000164031982,2025-07-14,0.00016777778428698342,0.010645223476482016,0.0018035622626058163,0.004240767595667038,0.006572233665101962,0.0013801390623941717,1.493073349791211
2025-07-15,310.7799987792969,565.1848754882812,-0.0193120707953897,-0.0043353398258058,-0.0051293672444934,-0.0141827035508963,0.0330346236089337,0.4173149332914894,Test,4.23199987411499,2025-07-15,0.00016793650294107105,-0.01948000729833077,-0.004503276328746871,-0.005175646307862315,-0.014136424487527385,0.0013801390623941717,1.493073349791211
2025-07-16,321.6700134277344,567.04296875,0.0350409121925865,0.0032875848988589,0.0062448286167371,0.0287960835758493,0.078495159238888,0.9916020999440924,Test,4.224999904632568,2025-07-16,0.00016765872637430828,0.034873253466212194,0.003119926172484592,0.006206076410221322,0.028834835782365183,0.0013801390623941717,1.493073349791211
2025-07-17,319.4100036621094,570.4427490234375,-0.007025863995037,0.0059956307736819,0.0102855144812809,-0.0173113784763179,0.0196106725274348,0.2477348189120732,Test,4.235000133514404,2025-07-17,0.0001680555608537462,-0.007193919555890747,0.005827575212828153,0.010249191867425478,-0.017275055862462477,0.0013801390623941717,1.493073349791211
2025-07-18,329.6499938964844,570.185791015625,0.0320590780406724,-0.0004504536314159,0.000667286673734,0.0313917913669383,0.0352259396625054,0.4449970683611179,Test,4.230000019073486,2025-07-18,0.00016785714361402723,0.03189122089705838,-0.0006183107750299272,0.0006248128659222657,0.031434265174750134,0.0013801390623941717,1.493073349791211
2025-07-21,328.489990234375,571.203857421875,-0.0035188948387289,0.0017854994324508,0.0040035610045891,-0.007522455843318,0.0211713370722553,0.2674501523792308,Test,4.2230000495910645,2025-07-21,0.00016757936704726447,-0.0036864742057761643,0.0016179200654035356,0.003963391761187908,-0.007482286599916808,0.0013801390623941717,1.493073349791211
2025-07-22,332.1099853515625,571.203857421875,0.0110201078413521,0.0,0.0013394103028117,0.0096806975385403,0.045034738161692,0.5689082150360486,Test,4.230000019073486,2025-07-22,0.00016785714361402723,0.010852250697738073,-0.00016785714361402723,0.001297373178306019,0.009722734663046082,0.0013801390623941717,1.493073349791211
2025-07-23,332.5599975585937,576.0565185546875,0.0013550095657464,0.0084954978327964,0.0140155759189082,-0.0126605663531617,0.0035780882326809,0.0452007466411236,Test,4.239999771118164,2025-07-23,0.00016825395917135572,0.0011867556065750442,0.008327243873625045,0.013981578926487213,-0.012626569360740813,0.0013801390623941717,1.493073349791211
2025-07-24,305.29998779296875,576.4518432617188,-0.0819702007630128,0.0006862602788058,0.0023633819547505,-0.0843335827177633,-0.0634441160087644,-0.8014674952365718,Test,4.244999885559082,2025-07-24,0.0001684523764110747,-0.08213865313942387,0.0005178079023947253,0.0023217166181820994,-0.0842919173811949,0.0013801390623941717,1.493073349791211
2025-07-25,316.0599975585937,578.7447509765625,0.0352440556693425,0.003977622314242,0.0072744361489681,0.0279696195203743,-0.0668662878553285,-0.844698604292546,Test,4.244999885559082,2025-07-25,0.0001684523764110747,0.035075603292931426,0.003809169937830925,0.007235961557806445,0.028008094111536055,0.0013801390623941717,1.493073349791211
2025-07-28,325.5899963378906,578.6064453125,0.0301524990600245,-0.000238975237061,0.0009828344148822,0.0291696646451423,-0.030174167366868,-0.3811797824881352,Test,4.235000133514404,2025-07-28,0.0001680555608537462,0.029984443499170753,-0.00040703079791474617,0.0009404677863371583,0.02921203127368734,0.0013801390623941717,1.493073349791211
2025-07-29,321.20001220703125,577.1040649414062,-0.013483166498468,-0.0025965496638779,-0.0025349116283494,-0.0109482548701185,-0.050803119775527,-0.6417781776811314,Test,4.230000019073486,2025-07-29,0.00016785714361402723,-0.013651023642082028,-0.0027644068074919276,-0.0025794659262394003,-0.0109037005722286,0.0013801390623941717,1.493073349791211
2025-07-30,319.0400085449219,576.4024658203125,-0.0067247932130124,-0.0012157237554113,-0.0004745758779068,-0.0062502173351056,-0.0443927707574708,-0.5607984636540035,Test,4.23199987411499,2025-07-30,0.00016793650294107105,-0.006892729715953471,-0.001383660258352371,-0.0005178306915759043,-0.0062069625214364954,0.0013801390623941717,1.493073349791211
2025-07-31,308.2699890136719,574.238037109375,-0.0337575828823786,-0.0037550649750555,-0.004263536865187,-0.0294940460171915,0.0104467659431009,0.1319703679468591,Test,4.235000133514404,2025-07-31,0.0001680555608537462,-0.03392563844323235,-0.003923120535909246,-0.004309312096936791,-0.02944827078544181,0.0013801390623941717,1.493073349791211
2025-08-01,302.6300048828125,564.7796630859375,-0.0182955990912538,-0.016471172949548,-0.0232372914172229,0.004941692325969,-0.0125811612513043,-0.1589334429982026,Test,4.182000160217285,2025-08-01,0.00016595238731020973,-0.018461551478564008,-0.016637125336858207,-0.02329435700789473,0.004998757916640933,0.0013801390623941717,1.493073349791211
2025-08-04,309.260009765625,573.3682861328125,0.0219079561703732,0.0152070331285425,0.0240298840408784,-0.0021219278705052,-0.0438727537669519,-0.5542292695176383,Test,4.1529998779296875,2025-08-04,0.0001648015824575273,0.021743154587915675,0.015042231546084972,0.024004095687699813,-0.0020961395173266124,0.0013801390623941717,1.493073349791211
2025-08-05,308.7200012207031,570.6107788085938,-0.0017461311772288,-0.004809312602232,-0.0058365838820288,0.0040904527048,-0.0288340461920333,-0.3642504968604518,Test,4.150000095367432,2025-08-05,0.00016468254346696157,-0.0019108137206957615,-0.004973995145698962,-0.0058817179881728385,0.004135586810944039,0.0013801390623941717,1.493073349791211
2025-08-06,319.9100036621094,574.8507690429688,0.0362464446655872,0.0074306171419122,0.0124266632660298,0.0238197813995574,0.0012359525426296,0.0156133594553641,Test,4.132999897003174,2025-08-06,0.00016400793242076086,0.03608243673316644,0.007266609209491439,0.01239372754885398,0.02385271711673322,0.0013801390623941717,1.493073349791211
2025-08-07,322.2699890136719,574.5048217773438,0.0073770289285954,-0.0006018036058313,0.0004414567836626,0.0069355721449328,0.037665570704754,0.4758160804892439,Test,4.138000011444092,2025-08-07,0.00016420634966047982,0.007212822578934921,-0.0007660099554917798,0.0004006363618351235,0.006976392566760276,0.0013801390623941717,1.493073349791211
2025-08-08,329.6499938964844,578.90283203125,0.022900068682782,0.0076553060778501,0.0127619225080553,0.0101381461747266,0.0428620245535117,0.541461078201891,Test,4.132999897003174,2025-08-08,0.00016400793242076086,0.02273606075036124,0.007491298145429339,0.012729204611095803,0.010170864071686197,0.0013801390623941717,1.493073349791211
2025-08-11,339.0299987792969,577.7168579101562,0.0284544366949328,-0.0020486583507156,-0.0017174008524119,0.0301718375473448,0.0751557899713617,0.949417007127218,Test,4.14300012588501,2025-08-11,0.0001644047669001988,0.0282900319280326,-0.0022130631176157985,-0.0017597217330236304,0.03021415842795643,0.0013801390623941717,1.493073349791211
2025-08-12,340.8399963378906,583.8840942382812,0.0053387533997308,0.0106751884486018,0.017267900830479,-0.0119291474307481,0.0591361898358136,0.747046959232539,Test,4.130000114440918,2025-08-12,0.00016388889343019517,0.005174864506300604,0.010511299555171605,0.017238169193323303,-0.011899415793592504,0.0013801390623941717,1.493073349791211
2025-08-13,339.3800048828125,585.9200439453125,-0.0042835097722239,0.0034869072939678,0.0065422383437626,-0.0108257481159865,0.0244906603202696,0.3093820107898524,Test,4.110000133514404,2025-08-13,0.00016309524339342874,-0.004446605015617329,0.0033238120505743713,0.0065059294982150705,-0.010789439270438971,0.0013801390623941717,1.493073349791211
2025-08-14,335.5799865722656,585.9298706054688,-0.0111969422354715,1.6771332979281794e-05,0.0013644348744886,-0.0125613771099601,0.0049937110653766,0.0630838185049293,Test,4.111999988555908,2025-08-14,0.00016317460272047255,-0.011360116838191972,-0.00014640326974119076,0.0013247228447417784,-0.012521665080213278,0.0013801390623941717,1.493073349791211
2025-08-15,330.5599975585937,584.6648559570312,-0.0149591430196652,-0.002158986445136,-0.0018820218345493,-0.0130771211851159,-0.018221556294466,-0.2301865957218222,Test,4.111999988555908,2025-08-15,0.00016317460272047255,-0.015122317622385672,-0.0023221610478564724,-0.0019238431093630875,-0.013035299910302112,0.0013801390623941717,1.493073349791211
2025-08-18,335.1600036621094,584.457275390625,0.0139157978505861,-0.0003550419771108,0.0008096507771074,0.0131061470734787,-0.035287246768332,-0.4457715397485084,Test,4.123000144958496,2025-08-18,0.0001636111168634324,0.013752186733722667,-0.0005186530939742324,0.0007693630668579213,0.01314643478372818,0.0013801390623941717,1.493073349791211
2025-08-19,329.3099975585937,581.264892578125,-0.0174543681811547,-0.0054621320444104,-0.006810658330558,-0.0106437098505967,-0.0340018091881806,-0.4295330529910509,Test,4.110000133514404,2025-08-19,0.00016309524339342874,-0.01761746342454813,-0.0056252272878038285,-0.00685564264415059,-0.010598725537004111,0.0013801390623941717,1.493073349791211
2025-08-20,323.8999938964844,579.7330932617188,-0.0164283006960539,-0.0026352861422821,-0.0025927104796117,-0.0138355902164422,-0.0370116512886363,-0.467555343489614,Test,4.114999771118164,2025-08-20,0.00016329364171103827,-0.016591594337764935,-0.002798579783993138,-0.0026350521886393885,-0.01379324850741451,0.0013801390623941717,1.493073349791211
2025-08-21,320.1099853515625,577.4500122070312,-0.0117011689297318,-0.0039381589238632,-0.004536732063876,-0.0071644368658557,-0.0316147110445319,-0.3993776707360643,Test,4.127999782562256,2025-08-21,0.00016380951518104187,-0.011864978444912841,-0.004101968439044242,-0.004580591180446398,-0.007120577749285402,0.0013801390623941717,1.493073349791211
2025-08-22,340.010009765625,586.2857055664062,0.0621662095051711,0.0153012263790672,0.0241704301591954,0.0379957793459756,0.0194581894865597,0.245808553585603,Test,4.0879998207092285,2025-08-22,0.00016222221510750907,0.06200398729006359,0.015139004163959692,0.02414600493708807,0.03802020456808303,0.0013801390623941717,1.493073349791211
2025-08-25,346.6000061035156,583.8050537109375,0.0193817715614703,-0.004231131395353,-0.0049738774369493,0.0243556489984196,0.0307076914115006,0.387919606550639,Test,4.0929999351501465,2025-08-25,0.00016242063234722803,0.019219350929123073,-0.004393552027700229,-0.005017335748738948,0.024399107310209247,0.0013801390623941717,1.493073349791211
2025-08-26,351.6700134277344,586.1373901367188,0.0146278339149956,0.0039950603561169,0.0073004555196015,0.007327378395394,0.0486787796574914,0.6149421263568876,Test,4.0879998207092285,2025-08-26,0.00016222221510750907,0.014465611699888092,0.0038328381410093907,0.00726506975990609,0.00736276415508951,0.0013801390623941717,1.493073349791211
2025-08-27,349.6000061035156,587.4815673828125,-0.0058862207330171,0.0022932801570296,0.0047612226140799,-0.0106474433470971,0.0518669265268365,0.6552168791088577,Test,4.059999942779541,2025-08-27,0.00016111110884045796,-0.006047331841857558,0.0021321690481891416,0.004724734954335529,-0.01061095568735263,0.0013801390623941717,1.493073349791211
2025-08-28,345.9800109863281,589.55712890625,-0.010354676927882,0.0035329815243123,0.0066109858834567,-0.0169656628113387,0.0420657005813535,0.5314013938763298,Test,4.072000026702881,2025-08-28,0.00016158730264693972,-0.01051626423052894,0.0033713942216653603,0.0065754652290497435,-0.016930142156931744,0.0013801390623941717,1.493073349791211
2025-08-29,333.8699951171875,586.1572265625,-0.0350020679940933,-0.0057668751288912,-0.0072653666814125,-0.0277367013126808,-0.0236667800773029,-0.298974217660318,Test,4.043000221252441,2025-08-29,0.00016043651671636674,-0.03516250451080966,-0.005927311645607567,-0.007309335474853207,-0.027692732519240093,0.0013801390623941717,1.493073349791211
2025-09-02,329.3599853515625,581.8381958007812,-0.0135082811620792,-0.0073683826898246,-0.0096549823905062,-0.003853298771573,-0.0518757278472956,-0.6553280631351621,Test,4.0320000648498535,2025-09-02,0.0001600000025734069,-0.013668281164652607,-0.007528382692398007,-0.009700288500081288,-0.003807992661997911,0.0013801390623941717,1.493073349791211
2025-09-03,334.0899963378906,584.8130493164062,0.01436121932444,0.0051128536027627,0.0089683192043329,0.005392900120107,-0.0538102061225827,-0.6797656557035526,Test,4.01800012588501,2025-09-03,0.00015944444943988135,0.01420177487500012,0.004953409153322819,0.0089353867092722,0.005425832615167801,0.0013801390623941717,1.493073349791211
2025-09-04,338.5299987792969,589.626220703125,0.013289839534482,0.0082302735760511,0.0136198337658196,-0.0003299942313375,-0.0434927570068232,-0.5494289023488953,Test,3.997999906539917,2025-09-04,0.00015865078994206018,0.01313118874453994,0.008071622786109041,0.013590314723843125,-0.00030047518936112544,0.0013801390623941717,1.493073349791211
2025-09-05,350.8399963378906,588.0151977539062,0.036363092201525,-0.0027322783360916,-0.002737432912175,0.0391005251137,0.0125734309182156,0.1588357883835945,Test,3.9100000858306885,2025-09-05,0.00015515873356470987,0.036207933467960286,-0.00288743706965631,-0.0027758575419441827,0.03913894974346918,0.0013801390623941717,1.493073349791211
2025-09-08,346.3999938964844,589.537353515625,-0.0126553485570388,0.002588633367867,0.0052019202976657,-0.0178572688547045,0.0224528633761918,0.283639229341922,Test,3.927999973297119,2025-09-08,0.00015587301481337774,-0.012811221571852178,0.002432760353053622,0.00516830172678057,-0.01782365028381937,0.0013801390623941717,1.493073349791211
2025-09-09,346.9700012207031,590.9703369140625,0.0016455177086092,0.0024306914394687,0.0049662545272179,-0.0033207368186087,0.0229854253291561,0.2903668996343353,Test,3.943000078201294,2025-09-09,0.00015646825707147993,0.00148904945153772,0.0022742231823972203,0.0049321893445802975,-0.0032866716359710975,0.0013801390623941717,1.493073349791211
2025-09-10,347.7900085449219,592.68017578125,0.0023633378140295,0.0028932735881734,0.0056564751644823,-0.0032931373504528,0.0142993878585963,0.1806392033086601,Test,3.930000066757202,2025-09-10,0.00015595238360147627,0.002207385430428024,0.002737321204571924,0.0056231127863603635,-0.0032597749723308634,0.0013801390623941717,1.493073349791211
2025-09-11,368.80999755859375,597.5131225585938,0.0604387374485395,0.00815439249503,0.0135066113073971,0.0469321261411423,0.0615615082310762,0.7776851646594031,Test,3.927999973297119,2025-09-11,0.00015587301481337774,0.060282864433726116,0.007998519480216622,0.013478388350904837,0.04696034909763466,0.0013801390623941717,1.493073349791211
2025-09-12,395.9400024414063,597.3845825195312,0.0735609258490945,-0.0002151250478182,0.0010184213757369,0.0725425044733576,0.0950034875907338,1.2001460817511511,Test,3.927999973297119,2025-09-12,0.00015587301481337774,0.07340505283428113,-0.00037099806263157775,0.0009820847570681701,0.07257884109202634,0.0013801390623941717,1.493073349791211
2025-09-15,410.0400085449219,600.4978637695312,0.0356114714769246,0.0052115192475665,0.0091155385996843,0.0264959328772403,0.1393566893226787,1.7604446836406242,Test,3.9000000953674316,2025-09-15,0.00015476190854632664,0.03545670956837828,0.005056757339020173,0.009085010590192639,0.026526460886731964,0.0013801390623941717,1.493073349791211
2025-09-16,421.6199951171875,599.7070922851562,0.0282411138692506,-0.0013168597793354,-0.0006254813356266,0.0288665952048772,0.1715440213461648,2.167056076439407,Test,3.890000104904175,2025-09-16,0.00015436508352794344,0.028086748785722655,-0.0014712248628633434,-0.0006621424883693717,0.02890325635761997,0.0013801390623941717,1.493073349791211
2025-09-17,425.8599853515625,599.0153198242188,0.0100564258893758,-0.0011535172250531,-0.0003817572701286,0.0104381831595044,0.1852753418561221,2.340519082116493,Test,3.868000030517578,2025-09-17,0.00015349206470307848,0.009902933824672722,-0.0013070092897561785,-0.0004178296113672387,0.010474255500743039,0.0013801390623941717,1.493073349791211
2025-09-18,416.8500061035156,601.83203125,-0.0211571398064291,0.0047022360406538,0.0083556351304138,-0.029512774936843,0.1088304407781367,1.3748171818470247,Test,3.880000114440918,2025-09-18,0.00015396825850956023,-0.02131110806493866,0.00454826778214424,0.008325004734137274,-0.02948214454056637,0.0013801390623941717,1.493073349791211
2025-09-19,426.0700073242188,604.6389770507812,0.02211827056664,0.0046640020055948,0.0082985859768363,0.0138196845898037,0.0501076208945828,0.6329921817351378,Test,3.878000020980835,2025-09-19,0.00015388888972146168,0.02196438167691854,0.004510113115873338,0.008267957649969914,0.013850312916670087,0.0013801390623941717,1.493073349791211
2025-09-22,434.2099914550781,607.5841064453125,0.0191048043535841,0.0048708890864042,0.0086072830010467,0.0104975213525374,0.0341092093698798,0.430889802206416,Test,3.8480000495910645,2025-09-22,0.00015269841466631208,0.018952105938917788,0.004718190671737888,0.008577442228265817,0.010527362125318282,0.0013801390623941717,1.493073349791211
2025-09-23,425.8500061035156,604.4016723632812,-0.0192533233137897,-0.005237849457008,-0.0064760054027748,-0.0127773179110148,-0.0075347037460122,-0.0951832970268163,Test,3.8450000286102295,2025-09-23,0.00015257936621469165,-0.01940590268000439,-0.0053904288232226915,-0.006515587191291336,-0.012737736122498362,0.0013801390623941717,1.493073349791211
2025-09-24,442.7900085449219,602.385498046875,0.0397792701622938,-0.0033358185600691,-0.0036379776460668,0.0434172478083607,0.025444360902844,0.3214297792072728,Test,3.8580000400543213,2025-09-24,0.00015309523968469528,0.03962617492260911,-0.003488913799753795,-0.003675969912052314,0.04345524007434612,0.0013801390623941717,1.493073349791211
2025-09-25,423.3900146484375,599.5094604492188,-0.0438130796135979,-0.0047744137383474,-0.0057845111504336,-0.0380285684631642,0.0169285673765227,0.2138527155352114,Test,3.882999897003174,2025-09-25,0.00015408729750012595,-0.043967166911098025,-0.0049285010358475255,-0.005824387191148021,-0.03798869242244988,0.0013801390623941717,1.493073349791211
2025-09-26,440.3999938964844,603.0377807617188,0.0401756741055197,0.0058853455120728,0.0101209574101492,0.0300547166953704,0.0331635994820895,0.4189442407278135,Test,3.859999895095825,2025-09-26,0.0001531745990117391,0.04002249950650796,0.005732170913061061,0.010091865288145733,0.030083808817373964,0.0013801390623941717,1.493073349791211
2025-09-29,443.2099914550781,604.732666015625,0.0063805576692497,0.0028105788857297,0.0055330860748279,0.0008474715944218,0.0235135497239739,0.2970385117950194,Test,3.86299991607666,2025-09-29,0.00015329364746335952,0.006227264021786341,0.0026572852382663404,0.005500954481906592,0.0008796031873431085,0.0013801390623941717,1.493073349791211
2025-09-30,444.7200012207031,606.9628295898438,0.0034069849388267,0.003687850350325,0.0068420662657891,-0.0034350813269624,0.0328557863080263,0.415055743745947,Test,3.8450000286102295,2025-09-30,0.00015257936621469165,0.0032544055726120083,0.003535270984110308,0.0068111373192741125,-0.0034041523804474124,0.0013801390623941717,1.493073349791211
2025-10-01,459.4599914550781,609.1334228515625,0.0331444283907076,0.0035761551711255,0.0066754054510942,0.0264690229396133,0.0159075614392789,0.2009547019348411,Test,3.8450000286102295,2025-10-01,0.00015257936621469165,0.03299184902449291,0.0034235758049108085,0.006644368223911186,0.026500060166796416,0.0013801390623941717,1.493073349791211
2025-10-02,436.0,609.8074340820312,-0.0510599222813328,0.0011065083694037,0.002990435777977,-0.0540503580593098,-0.0001142281568666,-0.0014430046555737,Test,3.8480000495910645,2025-10-02,0.00015269841466631208,-0.05121262069599911,0.000953809954737388,0.002956945701244439,-0.05401686798257724,0.0013801390623941717,1.493073349791211
2025-10-03,429.8299865722656,609.85693359375,-0.0141514069443449,8.117236516347326e-05,0.0014605279070432,-0.0156119348513881,-0.0457808797036252,-0.5783339621395712,Test,3.8580000400543213,2025-10-03,0.00015309523968469528,-0.014304502184029594,-7.192287452122202e-05,0.001425848174890853,-0.015577255119235751,0.0013801390623941717,1.493073349791211
2025-10-06,453.25,611.9384155273438,0.0544866904575465,0.0034130659486448,0.0064320593829705,0.0480546310745759,0.0014262797765288,0.018017697336082,Test,3.859999895095825,2025-10-06,0.0001531745990117391,0.054333515858534756,0.0032598913496330612,0.006400570558757937,0.04808611989878856,0.0013801390623941717,1.493073349791211
2025-10-07,433.0899963378906,609.7578735351562,-0.0444787725584321,-0.0035633356835562,-0.0039774568378202,-0.0405013157206118,-0.0356399546171205,-0.4502271755726359,Test,3.8429999351501465,2025-10-07,0.00015249999742659312,-0.04463127255585869,-0.003715835680982793,-0.00401537616765792,-0.040463396390774176,0.0013801390623941717,1.493073349791211
2025-10-08,438.6900024414063,613.2963256835938,0.0129303520073609,0.0058030446215033,0.0099981559287359,0.002932196078625,-0.0591767814781088,-0.7475597393597523,Test,3.8429999351501465,2025-10-08,0.00015249999742659312,0.012777852009934306,0.0056505446240767065,0.009969316649835693,0.0029610353575252064,0.0013801390623941717,1.493073349791211
2025-10-09,435.5400085449219,611.6410522460938,-0.0071804551709725,-0.002698978239687,-0.0026877457078032,-0.0044927094631692,-0.0096191328819682,-0.1215151667680865,Test,3.8529999256134033,2025-10-09,0.00015289682244497632,-0.007333351993417476,-0.0028518750621319765,-0.00272502276736426,-0.004455432403608239,0.0013801390623941717,1.493073349791211
2025-10-10,413.489990234375,595.1978149414062,-0.0506268491480562,-0.0268838025902675,-0.038774016918498,-0.0118528322295582,-0.0058600302601383,-0.0740277281813618,Test,3.8529999256134033,2025-10-10,0.00015289682244497632,-0.05077974597050118,-0.027036699412712476,-0.038834739474597535,-0.011792109673458666,0.0013801390623941717,1.493073349791211
2025-10-13,435.8999938964844,604.21728515625,0.054197209585187,0.0151537354278286,0.0239503583327323,0.0302468512524546,-0.0236678100822596,-0.2989872293554073,Test,3.8529999256134033,2025-10-13,0.00015289682244497632,0.05404431276274202,0.015000838605383624,0.023930388231056594,0.030266821354130405,0.0013801390623941717,1.493073349791211
2025-10-14,429.239990234375,603.3649291992188,-0.0152787422697027,-0.0014106778769343,-0.0007654676867925,-0.0145132745829102,0.002320231055442,0.0293106735401328,Test,3.8529999256134033,2025-10-14,0.00015289682244497632,-0.015431639092147677,-0.0015635746993792764,-0.0008014958292118539,-0.014477246440490848,0.0013801390623941717,1.493073349791211
2025-10-15,435.1499938964844,606.021240234375,0.0137685299519327,0.0044024949190892,0.0079083902280327,0.0058601397238999,0.0052481747007169,0.0662983692824488,Test,3.8580000400543213,2025-10-15,0.00015309523968469528,0.013615434712248005,0.004249399679404505,0.00787789971600905,0.0058906302359236495,0.0013801390623941717,1.493073349791211
2025-10-16,428.75,602.0169067382812,-0.014707558281632,-0.0066075794547153,-0.0085197849012811,-0.0061877733803509,0.0035531107835353,0.0448852151960746,Test,3.8529999256134033,2025-10-16,0.00015289682244497632,-0.014860455104076976,-0.006760476277160276,-0.00856085107648456,-0.00614670720514744,0.0013801390623941717,1.493073349791211
2025-10-17,439.30999755859375,605.3571166992188,0.0246297319150874,0.0055483657079244,0.0096181485235205,0.0150115833915668,0.0304175264046604,0.3842540527393859,Test,3.8320000171661377,2025-10-17,0.000152063492744688,0.02447766842234271,0.005396302215179712,0.009589277580042965,0.015040454335044435,0.0013801390623941717,1.493073349791211
2025-10-20,447.4299926757813,611.71044921875,0.0184835199797712,0.0104951810167419,0.0169993110358262,0.0014842089439449,0.0016548840961507,0.0209055763542447,Test,3.7980000972747803,2025-10-20,0.00015071428957439604,0.018332805690196803,0.010344466727167505,0.01697590094010428,0.0015076190396669173,0.0013801390623941717,1.493073349791211
2025-10-21,442.6000061035156,611.631103515625,-0.0107949548562461,-0.0001297112109599,0.0011458676965096,-0.0119408225527558,0.0042273361263051,0.0534024699186415,Test,3.7850000858306885,2025-10-21,0.0001501984161043924,-0.010945153272350494,-0.0002799096270642924,0.0011124118739788726,-0.011907366730224973,0.0013801390623941717,1.493073349791211
2025-10-22,438.9700012207031,608.5386962890625,-0.0082015472949711,-0.0050560006003413,-0.0062046680109501,-0.0019968792840209,-0.0036296828816158,-0.0458525239319252,Test,3.7880001068115234,2025-10-22,0.00015031746455601282,-0.008351864759527112,-0.005206318064897313,-0.006242958226284542,-0.0019585890686865575,0.0013801390623941717,1.493073349791211
2025-10-23,448.9800109863281,611.97802734375,0.0228034028243133,0.0056517869375618,0.0097724637456424,0.0130309390786709,0.015589029577406,0.1969307994904751,Test,3.7880001068115234,2025-10-23,0.00015031746455601282,0.022653085359757286,0.005501469473005787,0.009744553981785023,0.013058848842528276,0.0013801390623941717,1.493073349791211
2025-10-24,433.7200012207031,617.0427856445312,-0.0339881718388788,0.0082760459926387,0.013688130968024,-0.0476763028069028,-0.0470988566210637,-0.5949835070501361,Test,3.763000011444092,2025-10-24,0.00014932539727952746,-0.034137497236158325,0.008126720595359172,0.013663254401803843,-0.04765142624068264,0.0013801390623941717,1.493073349791211
2025-10-27,452.4200134277344,624.4269409179688,0.0431154019976025,0.0119670069000554,0.0191954282054304,0.023919973792172,-0.0246630917728366,-0.3115602774768652,Test,3.7179999351501465,2025-10-27,0.00014753967996627567,0.042967862317636225,0.011819467220089124,0.019175010257406328,0.02394039174019617,0.0013801390623941717,1.493073349791211
2025-10-28,460.5499877929688,626.1019287109375,0.0179699706554492,0.0026824399833011,0.0053418895162485,0.0126280811392007,-9.418808088007026e-05,-0.0011898453318139,Test,3.7200000286102295,2025-10-28,0.00014761904875437417,0.017822351606694826,0.0025348209345467257,0.005312431695013114,0.012657538960436086,0.0013801390623941717,1.493073349791211
2025-10-29,461.510009765625,626.3596801757812,0.0020845119924046,0.000411676522662,0.0019536744559231,0.0001308375364815,0.0020335287396224,0.0256888627025965,Test,3.7300000190734863,2025-10-29,0.0001480158737727574,0.0019364961186318429,0.00026366064888924256,0.0019218196244121149,0.00016269236799248531,0.0013801390623941717,1.493073349791211
2025-10-30,440.1000061035156,619.7090454101562,-0.046391201077052,-0.0106179164721436,-0.0145036244842934,-0.0318875765927585,-0.0428849869318071,-0.5417511539563483,Test,3.756999969482422,2025-10-30,0.0001490873003762866,-0.04654028837742828,-0.010767003772519887,-0.014546700027080417,-0.03184450104997158,0.0013801390623941717,1.493073349791211
2025-10-31,456.55999755859375,621.4931030273438,0.0374005708402707,0.002878863283344,0.0056349734921623,0.0317655973481083,0.036556913223204,0.4618107953546794,Test,3.7179999351501465,2025-10-31,0.00014753967996627567,0.03725303116030443,0.0027313236033777244,0.005605745224219427,0.03179482561605127,0.0013801390623941717,1.493073349791211
2025-11-03,468.3699951171875,622.7122802734375,0.0258673506696742,0.0019616907092854,0.0042664566993705,0.0216008939703037,0.0342378334013357,0.4325146649486747,Test,3.7829999923706055,2025-11-03,0.00015011904731629386,0.025717231622357905,0.001811571661969106,0.00423506747943351,0.02163228319024069,0.0013801390623941717,1.493073349791211
2025-11-04,444.260009765625,615.49658203125,-0.0514763661270191,-0.0115875316269964,-0.0159503910574474,-0.0355259750695717,-0.0139162228074366,-0.17579881221908,Test,3.7929999828338623,2025-11-04,0.0001505158723346771,-0.05162688199935378,-0.011738047499331078,-0.015995110965105752,-0.03548125516191335,0.0013801390623941717,1.493073349791211
2025-11-05,462.0700073242188,617.35009765625,0.0400891306151764,0.0030114149763156,0.0058327543928077,0.0342563762223687,0.0202093158784505,0.2552972725683324,Test,3.7880001068115234,2025-11-05,0.00015031746455601282,0.03993881315062038,0.0028610975117595873,0.00580228497291237,0.03428684564226403,0.0013801390623941717,1.493073349791211
2025-11-06,445.9100036621094,610.7886352539062,-0.0349730634015603,-0.010628430168318,-0.0145193120115658,-0.0204537513899944,0.0316431410812146,0.3997368175210307,Test,3.763000011444092,2025-11-06,0.00014932539727952746,-0.035122388798839825,-0.010777755565597527,-0.014562515145883869,-0.02041054825567643,0.0013801390623941717,1.493073349791211
2025-11-07,429.5199890136719,611.4329223632812,-0.0367563286623574,0.0010548446257634,0.0029133481035851,-0.0396696767659425,-0.0397921330328362,-0.5026802042216483,Test,3.756999969482422,2025-11-07,0.0001490873003762866,-0.03690541596273369,0.0009057573253871134,0.0028815884866841236,-0.039637917149041524,0.0013801390623941717,1.493073349791211
2025-11-10,445.2300109863281,620.9281616210938,0.0365757645150157,0.0155294864089292,0.0245110178444627,0.0120647466705529,-0.0493282803325869,-0.6231470429349883,Test,3.7829999923706055,2025-11-10,0.00015011904731629386,0.03642564546769941,0.015379367361612906,0.024492781653983466,0.012082982861032234,0.0013801390623941717,1.493073349791211
2025-11-11,439.6199951171875,622.3553466796875,-0.0126002644267232,0.0022984704943447,0.0047689671367323,-0.0173692315634555,-0.0311715368264708,-0.3937792046710036,Test,3.7829999923706055,2025-11-11,0.00015011904731629386,-0.012750383474039494,0.002148351447028406,0.0047379044012539635,-0.017338168827977164,0.0013801390623941717,1.493073349791211
2025-11-12,430.6000061035156,622.6626586914062,-0.020517695086338,0.0004937886584541,0.0020761942955933,-0.0225938893819313,-0.0880218024307709,-1.1119488765617405,Test,3.7780001163482666,2025-11-12,0.00014992063953762962,-0.02066761572587563,0.00034386801891647044,0.0020434798768214834,-0.022561174963159486,0.0013801390623941717,1.493073349791211
2025-11-13,401.989990234375,612.523193359375,-0.066442209622874,-0.016284042716389,-0.0229580736628325,-0.0434841359600415,-0.111052187000818,-1.402883730680296,Test,3.7929999828338623,2025-11-13,0.0001505158723346771,-0.06659272549520869,-0.016434558588723676,-0.023007346509676726,-0.043434863113197275,0.0013801390623941717,1.493073349791211
2025-11-14,404.3500061035156,612.3645629882812,0.0058708324248686,-0.0002589785543037,0.0009529873868174,0.0049178450380511,-0.0664646651968243,-0.8396250446562651,Test,3.7880001068115234,2025-11-14,0.00015031746455601282,0.005720514960312587,-0.0004092960188597128,0.0009193475490151065,0.004951484875853493,0.0013801390623941717,1.493073349791211
2025-11-17,408.9200134277344,606.625732421875,0.0113021077166715,-0.0093715915538961,-0.0126439781885598,0.0239460859052313,-0.0545833259621459,-0.6895322102765065,Test,3.7720000743865967,2025-11-17,0.00014968254263438875,0.011152425174037112,-0.009521274096530488,-0.0126861390045585,0.02398824672123,0.0013801390623941717,1.493073349791211
2025-11-18,401.25,601.63037109375,-0.0187567572529434,-0.0082346677055417,-0.0109475696580327,-0.0078091875949106,-0.045023281993601,-0.5687634932411442,Test,3.7720000743865967,2025-11-18,0.00014968254263438875,-0.018906439795577788,-0.00838435024817609,-0.010988628305838485,-0.007768128947104916,0.0013801390623941717,1.493073349791211
2025-11-19,403.989990234375,603.8109741210938,0.0068286360981308,0.0036244896070978,0.0067475254524649,8.111064566596916e-05,-0.0223482819660037,-0.2823180886886228,Test,3.7720000743865967,2025-11-19,0.00014968254263438875,0.0066789535554964115,0.003474807064463411,0.006717963428645109,0.00011067266948569087,0.0013801390623941717,1.493073349791211
2025-11-20,395.2300109863281,594.6527099609375,-0.0216836541988695,-0.0151674357583297,-0.0212919800439508,-0.0003916741549186,0.0207441798391191,0.2620540233250168,Test,3.7750000953674316,2025-11-20,0.0001498015910860092,-0.02183345578995551,-0.015317237349415709,-0.02133981822535898,-0.0003438359735105194,0.0013801390623941717,1.493073349791211
2025-11-21,391.0899963378906,600.56982421875,-0.010474950113494,0.0099505377822985,0.0161866467308766,-0.0266615968443707,-0.0108352620433027,-0.1368781043285097,Test,3.740000009536743,2025-11-21,0.0001484126987911406,-0.01062336281228514,0.009802125083507359,0.0161638434946901,-0.026638793608184098,0.0013801390623941717,1.493073349791211
2025-11-24,417.7799987792969,609.5001220703125,0.0682451678419993,0.0148697078864716,0.0235265597249716,0.0447186081170276,0.0099372601684935,0.12553395835252,Test,3.7300000190734863,2025-11-24,0.0001480158737727574,0.06809715196822654,0.014721692012698843,0.023508720944161707,0.044736446897837595,0.0013801390623941717,1.493073349791211
2025-11-25,419.3999938964844,615.1694946289062,0.003877627272538,0.0093016758377937,0.0152184772801384,-0.0113408500076004,0.0064055977558038,0.080919692980321,Test,3.7320001125335693,2025-11-25,0.00014809524256085592,0.003729532029977144,0.009153580595232844,0.015195201546863157,-0.011317574274325157,0.0013801390623941717,1.493073349791211
2025-11-26,426.5799865722656,619.421630859375,0.0171196775876762,0.0069121376589613,0.011653037997236,0.0054666395904402,0.011791126700578,0.1489532107504479,Test,3.753000020980835,2025-11-26,0.00014892857226114425,0.016970749015415055,0.006763209086700156,0.011627034881073075,0.005492642706603124,0.0013801390623941717,1.493073349791211
2025-11-28,430.1700134277344,622.8510131835938,0.0084158351738814,0.0055364264878203,0.009600333966405,-0.0011844987925236,0.010998302062973,0.1389377323036312,Test,3.697000026702881,2025-11-28,0.00014670635026598736,0.008269128823615413,0.005389720137554313,0.009574092912875523,-0.0011582577389941222,0.0013801390623941717,1.493073349791211
2025-12-01,430.1400146484375,619.9866333007812,-6.973703038437584e-05,-0.0045988202992104,-0.0055225074916242,0.0054527704612398,0.0431126693685836,0.5446273871485235,Test,3.693000078201294,2025-12-01,0.000146547622150845,-0.00021628465253522084,-0.0047453679213612454,-0.005558495693793573,0.005488758663409197,0.0013801390623941717,1.493073349791211
2025-12-02,429.239990234375,621.0371704101562,-0.0020923987153301,0.0016944512235401,0.003867707615192,-0.0059601063305222,-0.0075660450789662,-0.0955792212070284,Test,3.671999931335449,2025-12-02,0.00014571428298950194,-0.002238112998319602,0.0015487369405505981,0.0038382311971569467,-0.005930629912487047,0.0013801390623941717,1.493073349791211
2025-12-03,446.739990234375,623.2078247070312,0.0407697334781054,0.0034952083390458,0.006554624365661,0.0342151091124443,0.0379899140410785,0.4799133972731162,Test,3.634999990463257,2025-12-03,0.00014424603136758957,0.04062548744673781,0.0033509623076782105,0.006527617611510953,0.034242115866594446,0.0013801390623941717,1.493073349791211
2025-12-04,454.5299987792969,623.7330932617188,0.0174374551533542,0.0008428465334728,0.0025970249191099,0.0148404302342442,0.0473637046848825,0.5983292407080504,Test,3.611999988555908,2025-12-04,0.0001433333328792027,0.017294121820474996,0.0006995132005935972,0.002567896912906828,0.01486955824044737,0.0013801390623941717,1.493073349791211
2025-12-05,455.0,624.9026489257812,0.0010340378456106,0.0018750899650785,0.0041372393894907,-0.0031032015438801,0.0454450019335261,0.5740909348575796,Test,3.6029999256134033,2025-12-05,0.0001429761875243414,0.0008910616580862586,0.0017321137775541586,0.004109288169990809,-0.0030752503243802088,0.0013801390623941717,1.493073349791211
2025-12-08,439.5799865722656,623.0491943359375,-0.033890139401614,-0.002965989331346,-0.0030861540042704,-0.0308039853973435,0.0091882460749427,0.1160719233015129,Test,3.618000030517578,2025-12-08,0.0001435714297824436,-0.03403371083139644,-0.0031095607611284436,-0.0031190918098207374,-0.030771047591793263,0.0013801390623941717,1.493073349791211
2025-12-09,445.1700134277344,622.543701171875,0.0127167455894849,-0.0008113214312094,0.0001288344151696,0.0125879111743153,0.0277362635797803,0.350382590174903,Test,3.631999969482422,2025-12-09,0.0001441269829159691,0.012572618606568931,-0.0009554484141253692,9.77114810792757e-05,0.012619034108405624,0.0013801390623941717,1.493073349791211
2025-12-10,451.4500122070313,626.5678100585938,0.0141069672032532,0.0064639781579087,0.0109843374490658,0.0031226297541873,-0.0033562157784766,-0.0423979089420606,Test,3.5929999351501465,2025-12-10,0.00014257936250595819,0.013964387840747243,0.006321398795402742,0.010961030499718227,0.0031459367035349736,0.0013801390623941717,1.493073349791211
2025-12-11,446.8900146484375,628.1041259765625,-0.0101007806740351,0.002451954749838,0.0049979815959657,-0.0150987622700009,-0.0332954082827218,-0.4206093355536025,Test,3.568000078201294,2025-12-11,0.00014158730469052754,-0.010242367978725629,0.0023103674451474725,0.004971274427659598,-0.015072055101694699,0.0013801390623941717,1.493073349791211
2025-12-12,458.9599914550781,621.3246459960938,0.0270088308330986,-0.0107935606535432,-0.0147657038558318,0.0417745346889305,0.0115823279500887,0.1463155286123589,Test,3.5250000953674316,2025-12-12,0.00013988095616537428,0.026868949876933227,-0.010933441609708574,-0.014804410270394645,0.04181324110349324,0.0013801390623941717,1.493073349791211
2025-12-15,475.30999755859375,620.4227294921875,0.0356240334842257,-0.0014516026520408,-0.0008265317041415,0.0364505651883672,0.0788368785357995,0.9959189212066322,Test,3.5380001068115234,2025-12-15,0.00014039682963537794,0.035483636654590325,-0.0015919994816761779,-0.0008564361069425728,0.036480469591168276,0.0013801390623941717,1.493073349791211
2025-12-16,489.8800048828125,618.6881713867188,0.0306536942186297,-0.0027957681480955,-0.0028321663095268,0.0334858605281565,0.0997348278896408,1.259915461435675,Test,3.5450000762939453,2025-12-16,0.00014067460620214068,0.03051301961242756,-0.0029364427542976405,-0.002863510751032996,0.03351720496966269,0.0013801390623941717,1.493073349791211
2025-12-17,467.260009765625,611.8887939453125,-0.0461745629373024,-0.0109899910097944,-0.0150587983603419,-0.0311157645769605,0.0654964335584929,0.8273937104553902,Test,3.5429999828338623,2025-12-17,0.00014059523741404215,-0.04631515817471644,-0.011130586247208443,-0.01509804739345128,-0.031076515543851116,0.0013801390623941717,1.493073349791211
2025-12-18,483.3699951171875,616.507568359375,0.0344775607046774,0.0075483886284004,0.0126023905626474,0.02187517014203,0.1024703659705239,1.294472564469576,Test,3.5220000743865967,2025-12-18,0.00013976190771375384,0.034337798796963644,0.007408626720686646,0.012581524085316211,0.021896036619361188,0.0013801390623941717,1.493073349791211
2025-12-19,481.2000122070313,622.0084838867188,-0.0044892792934533,0.0089227055914051,0.0146530142900534,-0.0191422935835067,0.0415535376980866,0.5249314179506133,Test,3.5220000743865967,2025-12-19,0.00013976190771375384,-0.004629041201167054,0.008782943683691346,0.014633480116944523,-0.019122759410397823,0.0013801390623941717,1.493073349791211
2025-12-22,488.7300109863281,625.9256591796875,0.0156483761186132,0.0062976235765976,0.0107361191262319,0.0049122569923812,0.0100152295021006,0.1265189178797786,Test,3.5280001163482666,2025-12-22,0.0001400000046169947,0.015508376113996206,0.006157623571980605,0.010713922720381571,0.00493445339823163,0.0013801390623941717,1.493073349791211
2025-12-23,485.55999755859375,628.8479614257812,-0.0064862262526846,0.0046687688916982,0.0083056986662759,-0.0147919249189606,-0.0382625559450165,-0.4833575878079107,Test,3.546999931335449,2025-12-23,0.0001407539655291845,-0.006626980218213785,0.004528014926169015,0.00828155144164313,-0.01476777769432773,0.0013801390623941717,1.493073349791211
2025-12-24,485.3999938964844,630.9451904296875,-0.0003295239783216,0.0033350334779669,0.0063156268276082,-0.0066451508059299,-0.0137919421739859,-0.1742288181161694,Test,3.555000066757202,2025-12-24,0.0001410714312205239,-0.00047059540954212393,0.0031939620467463757,0.006290030105856299,-0.006619554084177899,0.0013801390623941717,1.493073349791211
2025-12-26,475.1900024414063,631.0048828125,-0.0210341812597045,9.460787358062106e-05,0.0014805750818156,-0.0225147563415201,-0.0581818686575361,-0.7349913510450189,Test,3.5429999828338623,2025-12-26,0.00014059523741404215,-0.021174776497118544,-4.598736383342109e-05,0.0014520717924413806,-0.02248625305214588,0.0013801390623941717,1.493073349791211
2025-12-29,459.6400146484375,628.7783813476562,-0.0327237267473575,-0.0035285011661396,-0.0039254801178421,-0.0287982466295153,-0.0678378217035448,-0.8569716541646558,Test,3.5380001068115234,2025-12-29,0.00014039682963537794,-0.03286412357699287,-0.003668897995774978,-0.003957397928564458,-0.02876632881879304,0.0013801390623941717,1.493073349791211
2025-12-30,454.4299926757813,627.9036865234375,-0.0113350052358718,-0.0013911019369718,-0.0007362583500427,-0.0105987468858291,-0.0833488255817552,-1.0529167820809573,Test,3.5399999618530273,2025-12-30,0.0001404761889624217,-0.01147548142483422,-0.0015315781259342216,-0.00076614323159896,-0.01056886200427284,0.0013801390623941717,1.493073349791211
2025-12-31,449.7200012207031,623.3414306640625,-0.0103646139801307,-0.0072658529600856,-0.0095019973788771,-0.0008626166012536,-0.0694195172640482,-0.8769526651527881,Test,3.546999931335449,2025-12-31,0.0001407539655291845,-0.010505367945659885,-0.007406606925614785,-0.009537714385091092,-0.0008268995950396086,0.0013801390623941717,1.493073349791211
2026-01-02,438.0700073242188,624.5043334960938,-0.0259049939181313,0.0018655952818544,0.0041230723354357,-0.0300280662535671,-0.0928024327116855,-1.1723409194797532,Test,3.5329999923706055,2026-01-02,0.00014019841239565895,-0.02604519233052696,0.001725396869458741,0.004096481558391862,-0.030001475476523164,0.0013801390623941717,1.493073349791211
2026-01-05,451.6700134277344,628.6392822265625,0.0310452801518779,0.0066211689954502,0.011218882513902,0.0198263976379758,-0.0504612787321894,-0.637459818438252,Test,3.515000104904175,2026-01-05,0.00013948413114699108,0.03090579602073091,0.006481684864303209,0.011197254126177347,0.019848026025700554,0.0013801390623941717,1.493073349791211
2026-01-06,432.9599914550781,632.3665771484375,-0.0414240959470951,0.0059291473302041,0.0101863142746727,-0.0516104102217679,-0.073273442324442,-0.925637962691752,Test,3.5199999809265137,2026-01-06,0.0001396825389256553,-0.041563778486020754,0.005789464791278445,0.01016391719073221,-0.05158801313782731,0.0013801390623941717,1.493073349791211
2026-01-07,431.4100036621094,630.3388671875,-0.003579979267275,-0.0032065419555871,-0.003445083517794,-0.000134895749481,-0.0628095911880938,-0.7934517634291014,Test,3.515000104904175,2026-01-07,0.00013948413114699108,-0.003719463398421991,-0.003346026086734091,-0.0034762391842676835,-0.00010374008300731647,0.0013801390623941717,1.493073349791211
2026-01-08,435.7999877929688,630.2295532226562,0.0101758978549271,-0.0001734209494831,0.0010806482243302,0.0090952496305968,-0.0528517249562434,-0.6676574958308338,Test,3.506999969482422,2026-01-08,0.00013916666545565166,0.010036731189471447,-0.00031258761493875163,0.0010525894905099762,0.009123308364417123,0.0013801390623941717,1.493073349791211
2026-01-09,445.010009765625,634.453857421875,0.0211335985099465,0.0067028024592277,0.0113406881251828,0.0097929103847636,-0.0130307483179125,-0.1646129203529727,Test,3.513000011444092,2026-01-09,0.00013940476235889252,0.020994193747587608,0.006563397696868808,0.011319178010028894,0.009814420499917608,0.0013801390623941717,1.493073349791211
2026-01-12,448.9599914550781,635.4776611328125,0.0088761636879437,0.0016136771791375,0.003747184346929,0.0051289793410146,-0.0277281666148736,-0.3502803040278015,Test,3.5329999923706055,2026-01-12,0.00014019841239565895,0.008735965275548041,0.001473478766741841,0.0037203493528952932,0.0051558143350484064,0.0013801390623941717,1.493073349791211
2026-01-13,447.2000122070313,634.1755981445312,-0.0039201249143443,-0.0020489516279142,-0.0017178384524695,-0.0022022864618747,0.0216799571450194,0.2738753732096229,Test,3.559999942779541,2026-01-13,0.00014126983899918815,-0.004061394753343488,-0.002190221466913388,-0.0017487524009956327,-0.002171372513348667,0.0013801390623941717,1.493073349791211
2026-01-14,439.2000122070313,631.104248046875,-0.0178890871682185,-0.0048430594091642,-0.0058869376249297,-0.0120021495432888,0.0098127033512116,0.1239604753151372,Test,3.559999942779541,2026-01-14,0.00014126983899918815,-0.01803035700721769,-0.004984329248163388,-0.005920560265624259,-0.01196852690259424,0.0013801390623941717,1.493073349791211
2026-01-15,438.5700073242188,632.7740478515625,-0.0014344373071545,0.0026458383220444,0.0052872760340198,-0.0067217133411744,-0.0060042596205595,-0.0758497276276207,Test,3.565000057220459,2026-01-15,0.0001414682562389071,-0.001575905563393407,0.0025043700658054927,0.005260815521902122,-0.006695252829056622,0.0013801390623941717,1.493073349791211
2026-01-16,437.5,632.247314453125,-0.0024397640202233,-0.0008324194082008,9.735404100296928e-05,-0.0025371180612263,-0.0183342880665496,-0.2316106970678469,Test,3.556999921798706,2026-01-16,0.00014115079054756772,-0.0025809148107708677,-0.0009735701987483678,6.767813503961886e-05,-0.002507442155262919,0.0013801390623941717,1.493073349791211
2026-01-20,419.25,619.385498046875,-0.0417142857142857,-0.0203430146909758,-0.0290144816560554,-0.0126998040582302,-0.0361630714657945,-0.4568355291410721,Test,3.572000026702881,2026-01-20,0.00014174603280566988,-0.04185603174709137,-0.02048476072378147,-0.02906336521832799,-0.012650920495957708,0.0013801390623941717,1.493073349791211
2026-01-21,431.4400024414063,626.4822998046875,0.0290757362943501,0.0114578106529632,0.0184356544892489,0.0106400818051011,-0.0233207031988186,-0.2946023485823436,Test,3.5880000591278076,2026-01-21,0.00014238095472729397,0.028933355339622806,0.011315429698235905,0.0184172865409935,0.0106584497533566,0.0013801390623941717,1.493073349791211
2026-01-22,449.3599853515625,629.7424926757812,0.0415352837213789,0.0052039664522207,0.0091042690441441,0.0324310146772347,0.0211124610217049,0.2667063916692931,Test,3.5880000591278076,2026-01-22,0.00014238095472729397,0.041392902766651606,0.005061585497493406,0.009079838431118559,0.03245544529026034,0.0013801390623941717,1.493073349791211
2026-01-23,449.05999755859375,630.0009765625,-0.0006675890216037,0.0004104596556926,0.0019518587639483,-0.0026194477855521,0.0252147265773272,0.3185288884821676,Test,3.5820000171661377,2026-01-23,0.00014214285782405308,-0.000809731879427753,0.00026831679786854694,0.0019228985804170674,-0.0025904876020207673,0.0013801390623941717,1.493073349791211
2026-01-26,435.2000122070313,633.2412719726562,-0.0308644400011471,0.0051433180752138,0.0090137753630888,-0.039878215364236,-0.0121263707256824,-0.1531882321519021,Test,3.575000047683716,2026-01-26,0.0001418650812572903,-0.03100630508240439,0.005001452993956509,0.008989540319161389,-0.039853980320308485,0.0013801390623941717,1.493073349791211
2026-01-27,430.8999938964844,635.83544921875,-0.0098805565026071,0.0040966648273137,0.007452059949333,-0.0173326164519401,-0.0167591831193924,-0.2117129430104272,Test,3.569999933242798,2026-01-27,0.00014166666401757135,-0.010022223166624673,0.003954998163296129,0.007426908082502381,-0.017307464585109483,0.0013801390623941717,1.493073349791211
2026-01-28,431.4599914550781,635.736083984375,0.0012995998294869,-0.0001562750779263,0.0011062316464867,0.0001933681830001,-0.0272058967414934,-0.3436826500042549,Test,3.5820000171661377,2026-01-28,0.00014214285782405308,0.0011574569716628468,-0.0002984179357503531,0.0010767220532496668,0.00022287777623723314,0.0013801390623941717,1.493073349791211
2026-01-29,416.55999755859375,634.4141235351562,-0.0345338946636393,-0.0020794170450945,-0.0017632960208594,-0.0327705986427799,-0.0924075100615081,-1.1673519987230017,Test,3.5799999237060547,2026-01-29,0.00014206348903595455,-0.034675958152675254,-0.0022214805341304543,-0.00179463083116,-0.0327392638324793,0.0013801390623941717,1.493073349791211
2026-01-30,430.4100036621094,632.37646484375,0.0332485264660284,-0.0032118747294775,-0.0034530405706188,0.0367015670366473,-0.0530864952393085,-0.6706232673248876,Test,3.572000026702881,2026-01-30,0.00014174603280566988,0.033106780433222724,-0.00335362076228317,-0.003485316690271646,0.036733843156300044,0.0013801390623941717,1.493073349791211
2026-02-02,421.80999755859375,635.8155517578125,-0.0199809624087339,0.0054383537422004,0.0094539992382501,-0.029434961646984,-0.0426432415220566,-0.5386972681080384,Test,3.578000068664551,2026-02-02,0.00014198412970891077,-0.02012294653844281,0.005296369612491489,0.009429991511158128,-0.029410953919892027,0.0013801390623941717,1.493073349791211
2026-02-03,421.9599914550781,630.3190307617188,0.0003555958781265,-0.0086448357246023,-0.0115595829670077,0.0119151788451342,-0.0133954462249821,-0.1692200224214571,Test,3.5899999141693115,2026-02-03,0.00014246031405433778,0.00021313556407216223,-0.008787296038656639,-0.011597478155595597,0.011953074033722097,0.0013801390623941717,1.493073349791211
2026-02-04,406.010009765625,627.0985717773438,-0.0377997488208574,-0.0051092523423942,-0.0062841251439979,-0.0315156236768595,-0.0451044380848418,-0.5697887099714235,Test,3.5950000286102295,2026-02-04,0.00014265873129405674,-0.037942407552151454,-0.005251911073688257,-0.006318690665909053,-0.031481058154948345,0.0013801390623941717,1.493073349791211
2026-02-05,397.2099914550781,619.335693359375,-0.0216743875739093,-0.0123790401817802,-0.0171314040745143,-0.0045429834993949,-0.0168768229414569,-0.2131990460482109,Test,3.578000068664551,2026-02-05,0.00014198412970891077,-0.02181637170361821,-0.012521024311489111,-0.017172684519469156,-0.004501703054440143,0.0013801390623941717,1.493073349791211
2026-02-06,411.1099853515625,631.4024047851562,0.0349940691208829,0.019483313419786,0.0304105386251676,0.0045835304957152,-0.048994859482389,-0.6189350530692788,Test,3.5899999141693115,2026-02-06,0.00014246031405433778,0.03485160880682856,0.01934085310573166,0.03039991171084303,0.004594157410039868,0.0013801390623941717,1.493073349791211
2026-02-09,417.3200073242188,634.3743286132812,0.0151055002163125,0.004706861750291,0.0083625371698947,0.0067429630464177,-0.0128169347889871,-0.1619118882595978,Test,3.5929999351501465,2026-02-09,0.00014257936250595819,0.014962920853806542,0.004564282387785042,0.00833752681902337,0.0067679733972891305,0.0013801390623941717,1.493073349791211
2026-02-10,425.2099914550781,632.59521484375,0.0189063164774883,-0.0028045172846453,-0.0028452209304667,0.021751537407955,-0.0029805762261663,-0.0376525848672429,Test,3.5899999141693115,2026-02-10,0.00014246031405433778,0.01876385616343396,-0.0029469775986996375,-0.0028774543386016174,0.021783770816089915,0.0013801390623941717,1.493073349791211
2026-02-11,428.2699890136719,632.5056762695312,0.0071964385129388,-0.0001415416558926,0.0011282154432538,0.0060682230696849,0.0346032705203782,0.4371311052254206,Test,3.5999999046325684,2026-02-11,0.00014285713907272098,0.007053581373866079,-0.00028439879496532094,0.0010983679399914372,0.006098070572947363,0.0013801390623941717,1.493073349791211
2026-02-12,417.0700073242188,622.705322265625,-0.0261516846306397,-0.0154944917833906,-0.0217799816209048,-0.0043717030097348,0.0347745510100383,0.4392948321975453,Test,3.5980000495910645,2026-02-12,0.00014277777974567717,-0.02629446241038538,-0.015637269563136276,-0.021824673606080175,-0.004327011024559527,0.0013801390623941717,1.493073349791211
2026-02-13,417.4400024414063,623.1029052734375,0.0008871295242764,0.0006384769707217,0.0022920842934621,-0.0014049547691856,0.0287860657451373,0.3636443765294699,Test,3.5929999351501465,2026-02-13,0.00014257936250595819,0.0007445501617704418,0.0004958976082157418,0.002263129927952257,-0.0013760004036758571,0.0013801390623941717,1.493073349791211
2026-02-17,410.6300048828125,624.1961669921875,-0.0163137157885333,0.0017545444091136,0.0039573728929333,-0.0202710886814666,0.0017720140172529,0.0223852379901646,Test,3.5929999351501465,2026-02-17,0.00014257936250595819,-0.01645629515103926,0.0016119650466076417,0.003929500476784947,-0.020243216265318248,0.0013801390623941717,1.493073349791211
2026-02-18,411.3200073242188,627.337158203125,0.0016803507615161,0.0050320578321922,0.0088477635183699,-0.0071674127568537,-0.0271469361475558,-0.3429378212870534,Test,3.6029999256134033,2026-02-18,0.0001429761875243414,0.0015373745739917584,0.004889081644667859,0.008822872758525478,-0.007142521997009378,0.0013801390623941717,1.493073349791211
2026-02-19,411.7099914550781,625.7269287109375,0.0009481282794785,-0.0025667688756069,-0.0024904755974386,0.0034386038769172,-0.0297765553403236,-0.3761568877732575,Test,3.5950000286102295,2026-02-19,0.00014265873129405674,0.0008054695481844433,-0.002709427606900957,-0.002522576359364168,0.0034707046388426682,0.0013801390623941717,1.493073349791211
2026-02-20,411.8200073242188,630.1898193359375,0.0002672169037039,0.0071323294878711,0.0119815870882376,-0.0117143701845337,-0.0371192225151225,-0.4689142534544009,Test,3.5950000286102295,2026-02-20,0.00014265873129405674,0.00012455817240984325,0.006989670756577043,0.011958888924148384,-0.011691672020444483,0.0013801390623941717,1.493073349791211
2026-02-23,399.8299865722656,623.8384399414062,-0.0291147116184512,-0.010078517931667,-0.0136987858077693,-0.0154159258106819,-0.0511301935566188,-0.6459099872259755,Test,3.5880000591278076,2026-02-23,0.00014238095472729397,-0.029257092573178496,-0.010220898886394294,-0.013738031721064522,-0.01537667989738668,0.0013801390623941717,1.493073349791211
2026-02-24,409.3800048828125,628.3907470703125,0.0238851977872369,0.0072972533230459,0.0122276705891536,0.0116575271980833,-0.0192015776770687,-0.2425668656696992,Test,3.5880000591278076,2026-02-24,0.00014238095472729397,0.023742816832509606,0.007154872368318606,0.0122052692714155,0.0116799285158214,0.0013801390623941717,1.493073349791211
2026-02-25,417.3999938964844,633.6785888671875,0.0195905733499799,0.0084148944291875,0.0138953072644423,0.0056952660855375,-0.0063388988346774,-0.0800771086618205,Test,3.5880000591278076,2026-02-25,0.00014238095472729397,0.019448192395252605,0.008272513474460206,0.013873989421626695,0.005716583928353204,0.0013801390623941717,1.493073349791211
2026-02-26,408.5799865722656,630.1202392578125,-0.021130827631028,-0.0056153855785725,-0.0070393285295887,-0.0140914991014393,-0.023869001813034,-0.301528814653936,Test,3.5880000591278076,2026-02-26,0.00014238095472729397,-0.021273208585755293,-0.005757766533299794,-0.007074247748068186,-0.014056579882959813,0.0013801390623941717,1.493073349791211
2026-02-27,402.510009765625,627.227783203125,-0.0148562754078191,-0.0045903239960906,-0.0055098301244361,-0.009346445283383,-0.0215010769118832,-0.2716156413161372,Test,3.578000068664551,2026-02-27,0.00014198412970891077,-0.014998259537528012,-0.004732308125799511,-0.00554355995352856,-0.00931271545429054,0.0013801390623941717,1.493073349791211
2026-03-02,403.3200073242188,627.4663696289062,0.0020123662491409,0.0003803824259231,0.0019069804115157,0.0001053858376251,-0.0059797652635761,-0.0755402989181688,Test,3.5899999141693115,2026-03-02,0.00014246031405433778,0.0018699059350865623,0.0002379221118687622,0.0018778345410058015,0.00013453170813509854,0.0013801390623941717,1.493073349791211
2026-03-03,392.4299926757813,621.9398803710938,-0.0270009284207993,-0.0088076262335476,-0.0118024833234945,-0.0151984450973048,-0.0328357375589643,-0.4148024748582366,Test,3.5950000286102295,2026-03-03,0.00014265873129405674,-0.027143587152093356,-0.008950284964841657,-0.011840634160353814,-0.015160294260445484,0.0013801390623941717,1.493073349791211
2026-03-04,405.9400024414063,626.3729858398438,0.0344265474550176,0.0071278681568143,0.0119749303186807,0.0224516171363368,-0.016079386508165,-0.2031253083872977,Test,3.5950000286102295,2026-03-04,0.00014265873129405674,0.034283888723723545,0.006985209425520243,0.01195222782964288,0.022474319625374724,0.0013801390623941717,1.493073349791211
2026-03-05,405.5499877929688,623.0233154296875,-0.0009607691927178,-0.0053477248953592,-0.0066399509750173,0.0056791817822994,0.0036912943755737,0.0466308405489209,Test,3.5880000591278076,2026-03-05,0.00014238095472729397,-0.0011031501474450941,-0.005490105850086494,-0.0066746107151755,0.005713841522457699,0.0013801390623941717,1.493073349791211
2026-03-06,396.7300109863281,614.6939697265625,-0.0217481865913485,-0.0133692359448545,-0.0186088790538652,-0.0031393075374833,0.0098984321214734,0.1250434571122498,Test,3.569999933242798,2026-03-06,0.00014166666401757135,-0.021889853255366073,-0.013510902608872073,-0.018650962890519693,-0.003097223700828808,0.0013801390623941717,1.493073349791211
2026-03-09,398.6799926757813,620.031494140625,0.0049151353198746,0.0086832223462951,0.0142956804013228,-0.0093805450814482,0.0004125012024,0.0052109845052288,Test,3.5929999351501465,2026-03-09,0.00014257936250595819,0.004772555957368642,0.008540642983789141,0.014274524854076986,-0.009359389534202386,0.0013801390623941717,1.493073349791211
2026-03-10,399.239990234375,618.9580078125,0.0014046291985592,-0.0017313416145301,-0.0012439313065639,0.0026485605051231,0.0182595068048279,0.2306660113460949,Test,3.5950000286102295,2026-03-10,0.00014265873129405674,0.0012619704672651433,-0.0018740003458241567,-0.001275222180161333,0.002679851378720533,0.0013801390623941717,1.493073349791211
2026-03-11,407.8200073242188,618.272216796875,0.0214908759135246,-0.001107976642953,-0.0003138059890716,0.0218046819025962,0.0176125715710874,0.2224935030981321,Test,3.5999999046325684,2026-03-11,0.00014285713907272098,0.021348018774451877,-0.001250833782025721,-0.00034459038349425987,0.02183546629701886,0.0013801390623941717,1.493073349791211
2026-03-12,395.010009765625,608.7998046875,-0.0314109100302422,-0.0153207791843685,-0.0215207843710031,-0.009890125659239,0.0020432641295489,0.0258118465042537,Test,3.6050000190734863,2026-03-12,0.00014305555631243994,-0.031553965586554635,-0.01546383474068094,-0.02156544491817958,-0.009845465112062617,0.0013801390623941717,1.493073349791211
2026-03-13,391.2000122070313,605.4104614257812,-0.009645319015724,-0.0055672541870451,-0.0069675114916302,-0.0026778075240938,0.0025047641429384,0.0316418159805693,Test,3.6029999256134033,2026-03-13,0.0001429761875243414,-0.00978829520324834,-0.005710230374569441,-0.007002677543519404,-0.002642641472204596,0.0013801390623941717,1.493073349791211
2026-03-16,395.55999755859375,611.4735717773438,0.0111451564813733,0.010014875423995,0.016282645178236,-0.0051374886968626,0.006747820527524,0.0852428744653558,Test,3.6050000190734863,2026-03-16,0.00014305555631243994,0.01100210092506086,0.00987181986768256,0.01626254577708284,-0.005117389295709538,0.0013801390623941717,1.493073349791211
2026-03-17,399.2699890136719,613.1632690429688,0.009379086555709,0.0027633201884975,0.0054625711874479,0.0039165153682611,0.0080157753906619,0.1012605081272675,Test,3.6050000190734863,2026-03-17,0.00014305555631243994,0.00923603099939656,0.0026202646321850597,0.005435441910422594,0.0039436446452864055,0.0013801390623941717,1.493073349791211
2026-03-18,392.7799987792969,604.7046508789062,-0.0162546407517565,-0.0137950503415913,-0.0192442383842998,0.0029895976325433,-0.0107993088793909,-0.1364239204886373,Test,3.609999895095825,2026-03-18,0.00014325396409110418,-0.016397894715847607,-0.013938304305682405,-0.01928751767360921,0.003032876921852709,0.0013801390623941717,1.493073349791211
2026-03-19,380.2999877929688,603.0845336914062,-0.0317735399590461,-0.00267918757553,-0.0026582159802413,-0.0291153239788048,-0.0300245071989568,-0.3792891775359603,Test,3.611999988555908,2026-03-19,0.0001433333328792027,-0.03191687329192531,-0.0028225209084092027,-0.002690758352300885,-0.02908278160674522,0.0013801390623941717,1.493073349791211
2026-03-20,367.9599914550781,594.3277587890625,-0.0324480587272812,-0.0145199792286905,-0.0203259076182424,-0.0121221511090388,-0.0394688507839018,-0.4985962917864575,Test,3.618000030517578,2026-03-20,0.0001435714297824436,-0.03259163015706364,-0.014663550658472944,-0.0203700462093027,-0.012078012517978503,0.0013801390623941717,1.493073349791211
2026-03-23,380.8500061035156,600.778564453125,0.0350310222518068,0.0108539531742652,0.0175346363783451,0.0174963858734617,-0.0168349762135774,-0.2126704108604687,Test,3.611999988555908,2026-03-23,0.0001433333328792027,0.034887688918927594,0.010710619841385998,0.017515213440191777,0.017515808811615022,0.0013801390623941717,1.493073349791211
2026-03-24,383.0299987792969,598.7409057617188,0.0057240190123266,-0.0033916967281631,-0.0037213536797054,0.0094453726920321,-0.0113061188898064,-0.1428262754296752,Test,3.619999885559082,2026-03-24,0.00014365078910948738,0.005580368223217113,-0.0035353475172725875,-0.003754743308786564,0.009478762321113164,0.0013801390623941717,1.493073349791211
2026-03-25,385.9500122070313,602.0010375976562,0.007623458833617,0.0054449792966624,0.009463885254033,-0.0018404264204159,-0.0161361429427657,-0.2038422927246898,Test,3.619999885559082,2026-03-25,0.00014365078910948738,0.007479808044507512,0.005301328507552913,0.009439062164619328,-0.0018156033310023287,0.0013801390623941717,1.493073349791211
2026-03-26,372.1099853515625,591.3259887695312,-0.0358596357500429,-0.0177326086857338,-0.0251194846236322,-0.0107401511264106,0.0022390299096284,0.0282848876510746,Test,3.619999885559082,2026-03-26,0.00014365078910948738,-0.036003286539152385,-0.017876259474843288,-0.02516677676433748,-0.010692858985705416,0.0013801390623941717,1.493073349791211
2026-03-27,361.8299865722656,581.267333984375,-0.0276262373598615,-0.0170103377429544,-0.0240417813188274,-0.003584456041034,0.0107767249776331,0.1361386258969054,Test,3.6070001125335693,2026-03-27,0.00014313492510053847,-0.027769372284962037,-0.017153472668054937,-0.024088118909550055,-0.003538118450311444,0.0013801390623941717,1.493073349791211
2026-03-30,355.2799987792969,579.2431640625,-0.0181023907250444,-0.0034823390263478,-0.0038566014081172,-0.0142457893169272,-0.0209654502127558,-0.2648492551492594,Test,3.5980000495910645,2026-03-30,0.00014277777974567717,-0.018245168504790077,-0.003625116806093477,-0.0038896484509185546,-0.014212742274125844,0.0013801390623941717,1.493073349791211
2026-03-31,371.75,595.81494140625,0.0463578058919507,0.0286093619603975,0.0440275514239629,0.0023302544679877,-0.0280805684368002,-0.354732073920809,Test,3.5999999046325684,2026-03-31,0.00014285713907272098,0.04621494875287798,0.02846650482132478,0.044025575911889936,0.002332229980060767,0.0013801390623941717,1.493073349791211
2026-04-01,381.260009765625,600.5511474609375,0.0255817344065232,0.0079491226646801,0.0132003273889365,0.0123814070175866,-0.0138587349987976,-0.1750725886873309,Test,3.6050000190734863,2026-04-01,0.00014305555631243994,0.02543867885021076,0.00780606710836766,0.013178225384892106,0.012403509021631093,0.0013801390623941717,1.493073349791211
2026-04-02,360.5899963378906,601.2391357421875,-0.0542150052412814,0.0011455948159597,0.0030487568180903,-0.0572637620593717,-0.0603823459317586,-0.7627892166351466,Test,3.6070001125335693,2026-04-02,0.00014313492510053847,-0.05435814016638194,0.0010024598908591614,0.00302002013477113,-0.05723502537605253,0.0013801390623941717,1.493073349791211
2026-04-06,352.82000732421875,603.9113159179688,-0.0215479882763885,0.0044444548215953,0.0079709987630322,-0.0295189870394208,-0.0863168769301454,-1.0904111445148077,Test,3.622999906539917,2026-04-06,0.00014376983756110782,-0.02169175811394961,0.004300684984034193,0.007945147035463972,-0.02949313531185247,0.0013801390623941717,1.493073349791211
2026-04-07,346.6499938964844,604.2802734375,-0.0174877084622486,0.0006109465244419,0.002251006006657,-0.0197387144689057,-0.0918098020821238,-1.1598013612918836,Test,3.615000009536743,2026-04-07,0.00014345238133082314,-0.017631160843579425,0.00046749414311107686,0.002221594489987622,-0.019709302952236225,0.0013801390623941717,1.493073349791211
2026-04-08,343.25,619.535888671875,-0.0098081464195832,0.0252459262778712,0.0390089558584153,-0.0488171022779986,-0.1429571588281102,-1.8059281651315664,Test,3.5999999046325684,2026-04-08,0.00014285713907272098,-0.009951003558655922,0.02510306913879848,0.0390037197305731,-0.0488118661501563,0.0013801390623941717,1.493073349791211
2026-04-09,345.6199951171875,623.2052001953125,0.0069045742671158,0.0059226779118535,0.0101766612301936,-0.0032720869630777,-0.1586106528087746,-2.003673321051948,Test,3.5880000591278076,2026-04-09,0.00014238095472729397,0.006762193312388506,0.005780296957126206,0.010152927357685833,-0.003248353090570033,0.0013801390623941717,1.493073349791211
2026-04-10,348.95001220703125,622.786376953125,0.0096349086768392,-0.0006720470914816,0.0003366462033907,0.0092982624734484,-0.0920486282759544,-1.1628183696987755,Test,3.5929999351501465,2026-04-10,0.00014257936250595819,0.009492329314333242,-0.0008146264539875582,0.00030642137641639076,0.00932848730042281,0.0013801390623941717,1.493073349791211
2026-04-13,352.4200134277344,628.8886108398438,0.009944121218842,0.0097982777281879,0.0159594589073248,-0.0060153376884828,-0.0685449789250164,-0.8659049258797665,Test,3.6029999256134033,2026-04-13,0.0001429761875243414,0.00980114503131766,0.009655301540663559,0.015939188664481293,-0.005995067445639293,0.0013801390623941717,1.493073349791211
2026-04-14,364.2000122070313,636.4964599609375,0.0334260210273569,0.0120972919368564,0.0193898270195192,0.0140361940078377,-0.0347700704482729,-0.4392382308160272,Test,3.611999988555908,2026-04-14,0.0001433333328792027,0.033282687694477696,0.011953958603977197,0.019371609411379075,0.014054411615977827,0.0013801390623941717,1.493073349791211
2026-04-15,391.9500122070313,641.5816650390625,0.0761943961282061,0.0079893689879078,0.0132603790855779,0.0629340170426281,0.0769810488723538,0.9724748692516466,Test,3.611999988555908,2026-04-15,0.0001433333328792027,0.07605106279532689,0.007846035655028597,0.0132381791333082,0.0629562169948979,0.0013801390623941717,1.493073349791211
2026-04-16,388.8999938964844,642.987548828125,-0.0077816512707131,0.0021912780019623,0.0046090247986865,-0.0123906760693996,0.0678624597660319,0.8572828982558537,Test,3.609999895095825,2026-04-16,0.00014325396409110418,-0.007924905234804205,0.002048024037871196,0.004581243137162544,-0.012362894407875644,0.0013801390623941717,1.493073349791211
2026-04-17,400.6199951171875,650.8845825195312,0.0301362854323488,0.0122817832255055,0.0196651071944624,0.0104711782378863,0.0690353755304697,0.8720999359732302,Test,3.5999999046325684,2026-04-17,0.00014285713907272098,0.02999342829327608,0.012138926086432779,0.019647303236204998,0.010488982196143803,0.0013801390623941717,1.493073349791211
2026-04-20,392.5,649.6481323242188,-0.0202685717541688,-0.0018996458489249,-0.0014950587144061,-0.0187735130397626,0.0562772001791899,0.7109303352940017,Test,3.5980000495910645,2026-04-20,0.00014277777974567717,-0.020411349533914477,-0.002042423628670577,-0.0015265714468120505,-0.01874200030735675,0.0013801390623941717,1.493073349791211
2026-04-21,386.4200134277344,645.37060546875,-0.0154904116490843,-0.006584374898709,-0.0084851612923092,-0.0070052503567751,0.035235755814577,0.4451210724029203,Test,3.5980000495910645,2026-04-21,0.00014277777974567717,-0.015633189428829977,-0.006727152678454677,-0.008521215542037393,-0.0069691961070469065,0.0013801390623941717,1.493073349791211
2026-04-22,387.510009765625,652.0013427734375,0.0028207553957204,0.0102743094409629,0.0166697476918567,-0.0138489922961362,-0.0415472535241873,-0.5248520321630652,Test,3.5950000286102295,2026-04-22,0.00014265873129405674,0.002678096664426343,0.010131650709668844,0.01665009545768799,-0.013829340061967588,0.0013801390623941717,1.493073349791211
2026-04-23,373.7200012207031,649.3689575195312,-0.0355861995752377,-0.0040373923812929,-0.0046847986946719,-0.0309014008805657,-0.0600579783353534,-0.7586915933820956,Test,3.5950000286102295,2026-04-23,0.00014265873129405674,-0.035728858306531754,-0.004180051112586957,-0.004718325123280458,-0.03086787445195724,0.0013801390623941717,1.493073349791211
2026-04-24,376.2999877929688,654.5139770507812,0.0069035282132037,0.0079231066894589,0.0131615088503342,-0.0062579806371304,-0.0767871372103702,-0.9700252505351428,Test,3.5929999351501465,2026-04-24,0.00014257936250595819,0.006760948850697742,0.007780527326952943,0.013139616424095817,-0.006236088210892117,0.0013801390623941717,1.493073349791211
2026-04-27,378.6700134277344,655.5908813476562,0.0062982346841573,0.0016453495794352,0.0037944428595596,0.0025037918245977,-0.0555098323460098,-0.7012364438210881,Test,3.5899999141693115,2026-04-27,0.00014246031405433778,0.006155774370102962,0.0015028892653808623,0.003766523286275966,0.002531711397881334,0.0013801390623941717,1.493073349791211
2026-04-28,376.0199890136719,652.3602905273438,-0.0069982420579712,-0.0049277543544711,-0.0060133112848006,-0.0009849307731706,-0.0494895127624053,-0.6251838362549488,Test,3.5899999141693115,2026-04-28,0.00014246031405433778,-0.007140702372025538,-0.005070214668525438,-0.006047603022847301,-0.0009506390351238991,0.0013801390623941717,1.493073349791211
2026-04-29,372.7999877929688,652.34033203125,-0.0085633777851795,-3.0594284145646355e-05,0.0012937604515176,-0.0098571382366972,-0.0454976587029663,-0.5747561295480486,Test,3.5899999141693115,2026-04-29,0.00014246031405433778,-0.008705838099233839,-0.00017305459819998414,0.001264216167817287,-0.009827593952996786,0.0013801390623941717,1.493073349791211
2026-04-30,381.6300048828125,658.6619262695312,0.02368566893502,0.009690638349153,0.015798849767953,0.0078868191670669,-0.0067094386553336,-0.084758009596837,Test,3.5850000381469727,2026-04-30,0.0001422619062756735,0.023543407028744325,0.009548376442877326,0.01577882736930418,0.00790684156571582,0.0013801390623941717,1.493073349791211
2026-05-01,390.8200073242188,660.5963134765625,0.0240809221597453,0.0029368438190848,0.0057214864768073,0.0183594356829379,0.0179079776647347,0.2262252657397685,Test,3.575000047683716,2026-05-01,0.0001418650812572903,0.02393905707848801,0.00279497873782751,0.0056951124103347935,0.01838580974941051,0.0013801390623941717,1.493073349791211
2026-05-04,392.510009765625,658.2032470703125,0.0043242475045661,-0.0036225851665079,-0.0040658632235724,0.0083901107281386,0.0237942965682756,0.3005850892280947,Test,3.5899999141693115,2026-05-04,0.00014246031405433778,0.004181787190511762,-0.003765045480562238,-0.00409888969133081,0.00842313719589691,0.0013801390623941717,1.493073349791211
2026-05-05,389.3699951171875,663.3682250976562,-0.0079998333044104,0.0078470868236115,0.0130480793105284,-0.0210479126149389,0.0037313147265073,0.0471364037506659,Test,3.5999999046325684,2026-05-05,0.00014285713907272098,-0.008142690443483121,0.007704229684538779,0.013025976224122092,-0.02102580952853249,0.0013801390623941717,1.493073349791211
2026-05-06,398.7300109863281,672.7009887695312,0.024038873016714,0.0140687529471299,0.0223314517204788,0.0017074212962351,0.0152958742594398,0.193227470116744,Test,3.5999999046325684,2026-05-06,0.00014285713907272098,0.02389601587764128,0.013925895808057177,0.022315380104446208,0.0017234929122677926,0.0013801390623941717,1.493073349791211
2026-05-07,411.7900085449219,670.587158203125,0.0327539869052935,-0.003142303343827,-0.0033492328333908,0.0361032197386844,0.0435122748310573,0.5496754642475468,Test,3.5980000495910645,2026-05-07,0.00014277777974567717,0.032611209125547824,-0.003285081123572677,-0.003381950235368683,0.03613593714066218,0.0013801390623941717,1.493073349791211
2026-05-08,428.3500061035156,676.0711669921875,0.0402146657640121,0.0081779209786199,0.0135417182499861,0.0266729475140259,0.0518257866621452,0.6546971734784109,Test,3.5950000286102295,2026-05-08,0.00014265873129405674,0.04007200703271804,0.008035262247325843,0.01352003371375388,0.02669463205025822,0.0013801390623941717,1.493073349791211
2026-05-11,445.0,677.5469360351562,0.0388700680733986,0.002182860496084,0.0045964650051714,0.0342736030682272,0.0777092790022338,0.9816743477039928,Test,3.5999999046325684,2026-05-11,0.00014285713907272098,0.03872721093432588,0.002040003357011279,0.004568870847305039,0.03430119722609356,0.0013801390623941717,1.493073349791211
2026-05-12,433.4500122070313,676.6993408203125,-0.0259550287482444,-0.0012509763822469,-0.0005271764605877,-0.0254278522876566,0.0733293393295162,0.9263440901542556,Test,3.6029999256134033,2026-05-12,0.0001429761875243414,-0.02609800493576874,-0.0013939525697712414,-0.0005581581828799009,-0.025396870565364497,0.0013801390623941717,1.493073349791211
2026-05-13,445.2699890136719,680.4285278320312,0.0272695269898735,0.005510847708523,0.0095621677695544,0.017707359220319,0.0893292772536,1.128465752156523,Test,3.5999999046325684,2026-05-13,0.00014285713907272098,0.02712666985080078,0.005367990569450279,0.00953779986264365,0.01773172712722985,0.0013801390623941717,1.493073349791211
2026-05-14,443.2999877929688,685.7330322265625,-0.0044242847470293,0.0077958289189201,0.0129715971900229,-0.0173958819370523,0.0358301755778632,0.4526301709414567,Test,3.5880000591278076,2026-05-14,0.00014238095472729397,-0.004566665701756594,0.007653447964192806,0.012949679206471542,-0.01737396395350084,0.0013801390623941717,1.493073349791211
2026-05-15,422.239990234375,677.4671630859375,-0.0475073271791499,-0.0120540629547709,-0.0166465042802814,-0.0308608228988685,-0.0217035948350311,-0.2741739799425818,Test,3.5880000591278076,2026-05-15,0.00014238095472729397,-0.04764970813387719,-0.012196443909498195,-0.016687665346373618,-0.03081966183277628,0.0013801390623941717,1.493073349791211
2026-05-18,409.989990234375,676.9386596679688,-0.0290119370105146,-0.0007801166562249,0.0001753951822372,-0.0291873321927519,-0.0851645300960103,-1.0758539469541943,Test,3.568000078201294,2026-05-18,0.00014158730469052754,-0.02915352431520513,-0.0009217039609154276,0.0001455547466448744,-0.029157491757159475,0.0013801390623941717,1.493073349791211
2026-05-19,404.1099853515625,672.6312866210938,-0.0143418254661562,-0.0063630182518866,-0.0081548741719345,-0.0061869512942216,-0.0659236291025754,-0.8327903234784911,Test,3.575000047683716,2026-05-19,0.0001418650812572903,-0.01448369054741349,-0.0065048833331438904,-0.008190263804566703,-0.0061515616615894966,0.0013801390623941717,1.493073349791211
2026-05-20,417.260009765625,679.5910034179688,0.0325407064678751,0.0103470012996815,0.0167782114991808,0.0157624949686942,-0.0678684933542001,-0.8573591184808441,Test,3.556999921798706,2026-05-20,0.00014115079054756772,0.03239955567732754,0.010205850509133932,0.016759373260082675,0.015781333207792427,0.0013801390623941717,1.493073349791211
2026-05-21,417.8500061035156,680.8572998046875,0.0014139776735901,0.001863321292292,0.0041196793066963,-0.0027057016331061,-0.0531783130502539,-0.6717831698593693,Test,3.5820000171661377,2026-05-21,0.00014214285782405308,0.0012718348157660468,0.001721178434467947,0.0040921275709576745,-0.0026781498973675747,0.0013801390623941717,1.493073349791211
2026-05-22,426.010009765625,683.5593872070312,0.0195285474283033,0.0039686545229358,0.0072610552724091,0.0122674921558942,-0.0100499979954912,-0.1269581361881722,Test,3.5850000381469727,2026-05-22,0.0001422619062756735,0.019386285522027626,0.0038263926166601262,0.0072354858104429366,0.012293061617860363,0.0013801390623941717,1.493073349791211
2026-05-26,433.5899963378906,688.0064697265625,0.0177929776261263,0.0065057734598623,0.0110467003829357,0.0067462772431905,0.0258836114404512,0.3269786787791218,Test,3.5820000171661377,2026-05-26,0.00014214285782405308,0.01765083476830225,0.006363630602038247,0.01102364918003733,0.006769328446088971,0.0013801390623941717,1.493073349791211
2026-05-27,440.3599853515625,687.9566040039062,0.01561380352603,-7.247856648218143e-05,0.0012312647496696,0.0143825387763604,0.0464531015110333,0.5868259068953675,Test,3.5850000381469727,2026-05-27,0.0001422619062756735,0.015471541619754326,-0.00021474047275785494,0.0012017776916735264,0.014412025834356473,0.0013801390623941717,1.493073349791211
2026-05-28,442.1000061035156,691.8950805664062,0.0039513598188627,0.0057248909881495,0.00988154258607,-0.0059301827672073,0.0247604237751317,0.3127898388766185,Test,3.5899999141693115,2026-05-28,0.00014246031405433778,0.003808899504808362,0.005582430674095163,0.009857577842996982,-0.005906218024134283,0.0013801390623941717,1.493073349791211
2026-05-29,435.7900085449219,693.4705200195312,-0.0142727832424329,0.0022769918407792,0.0047369187535574,-0.0190097019959904,0.0084564234122475,0.1068270616291295,Test,3.5880000591278076,2026-05-29,0.00014238095472729397,-0.014415164197160196,0.0021346108860519062,0.00470965064325977,-0.018982433885692672,0.0013801390623941717,1.493073349791211
2026-06-01,415.8800048828125,695.2752685546875,-0.0456871503974763,0.0026024877526233,0.0052225924794656,-0.0509097428769419,-0.0547208116205886,-0.6912690188765005,Test,3.619999885559082,2026-06-01,0.00014365078910948738,-0.045830801186585786,0.002458836963513813,0.005195013793207677,-0.050882164190683976,0.0013801390623941717,1.493073349791211
2026-06-02,423.739990234375,696.2325439453125,0.0188996471561004,0.0013768293421609,0.0033937827610045,0.0155058643950959,-0.0459612244686832,-0.5806121949564664,Test,3.618000030517578,2026-06-02,0.0001435714297824436,0.018756075726317954,0.0012332579123784564,0.003365055014568033,0.015534592141532366,0.0013801390623941717,1.493073349791211
2026-06-03,423.7000122070313,691.3467407226562,-9.43456559803213e-05,-0.0070174875695555,-0.00913141040615,0.0090370647501696,-0.051306698494874,-0.6481397128437265,Test,3.622999906539917,2026-06-03,0.00014376983756110782,-0.0002381154935414291,-0.007161257407116608,-0.009168373685605436,0.009074028029625114,0.0013801390623941717,1.493073349791211
2026-06-04,418.4500122070313,694.0388793945312,-0.0123908422203082,0.0038940498498061,0.0071497373472045,-0.0195405795675128,-0.0649170952951795,-0.820075131271021,Test,3.619999885559082,2026-06-04,0.00014365078910948738,-0.012534493009417688,0.003750399060696613,0.007123410740111762,-0.01951425296041996,0.0013801390623941717,1.493073349791211
2026-06-05,391.0,676.0313110351562,-0.0655992625313872,-0.0259460512861823,-0.037374794521971,-0.0282244680094162,-0.0741318613086053,-0.936482071749965,Test,3.625,2026-06-05,0.00014384920634920634,-0.0657431117377364,-0.026089900492531508,-0.03743014685536,-0.0281691156760272,0.0013801390623941717,1.493073349791211
2026-06-08,408.9500122070313,677.7064208984375,0.0459079596087754,0.0024778584008429,0.0050366325351645,0.0408713270736108,0.0176492086419474,0.2229563264970895,Test,3.628000020980835,2026-06-08,0.0001439682548008268,0.045763991353974576,0.0023338901460420733,0.0050087764955907355,0.04089918311318467,0.0013801390623941717,1.493073349791211
2026-06-09,396.6799926757813,675.7322387695312,-0.0300037147939692,-0.0029130344173057,-0.0030071397694636,-0.0269965750245056,-0.024853230777654,-0.3139622375249291,Test,3.634999990463257,2026-06-09,0.00014424603136758957,-0.03014796082533679,-0.00305728044867329,-0.003040358866990044,-0.026963355926979155,0.0013801390623941717,1.493073349791211
2026-06-10,381.5899963378906,665.1130981445312,-0.0380407295969276,-0.0157150125681984,-0.0221090215482912,-0.0159317080486363,-0.0498220035764601,-0.6293840772968889,Test,3.634999990463257,2026-06-10,0.00014424603136758957,-0.03818497562829519,-0.015859258599565988,-0.022154651268697298,-0.015886078328230302,0.0013801390623941717,1.493073349791211
2026-06-11,399.1499938964844,676.2606201171875,0.0460179714539599,0.0167603404650344,0.0263475800061528,0.019670391447807,-0.0106110325611402,-0.1340454911134062,Test,3.622999906539917,2026-06-11,0.00014376983756110782,0.045874201616398796,0.01661657062747329,0.026333667668759067,0.019684303785200835,0.0013801390623941717,1.493073349791211
2026-06-12,406.4299926757813,679.9698486328125,0.0182387545800259,0.0054849098192089,0.0095234657432401,0.0087152888367858,0.0263287242850618,0.332601634840459,Test,3.618000030517578,2026-06-12,0.0001435714297824436,0.018095183150243457,0.0053413383894264565,0.009498720493645967,0.008740034086379935,0.0013801390623941717,1.493073349791211
2026-06-15,411.1499938964844,691.8153686523438,0.0116133191589242,0.0174206548177813,0.0273328376401188,-0.0157195184811945,-0.0302621212697436,-0.3822908736131847,Test,3.618000030517578,2026-06-15,0.0001435714297824436,0.011469747729141756,0.017277083387998857,0.027319663260918156,-0.015706344101993956,0.0013801390623941717,1.493073349791211
2026-06-16,404.6600036621094,687.7471923828125,-0.0157849697937949,-0.0058804363907902,-0.0074348118854177,-0.0083501579083771,-0.0116157041536152,-0.1467371586061811,Test,3.630000114440918,2026-06-16,0.0001440476235889253,-0.015929017417383826,-0.006024484014379125,-0.007470809842129545,-0.008314159951665356,0.0013801390623941717,1.493073349791211
2026-06-17,396.3800048828125,679.431396484375,-0.020461618900717,-0.0120913556471616,-0.0167021488527736,-0.0037594700479433,0.0005565338470777,0.0070304989097835,Test,3.6470000743865967,2026-06-17,0.0001447222251740713,-0.02060634112589107,-0.012236077872335672,-0.016744500489586093,-0.0037171184111309055,0.0013801390623941717,1.493073349791211
2026-06-18,400.489990234375,686.1119384765625,0.0103688009004834,0.0098325482554311,0.0160105940953544,-0.005641793194871,-0.0247556507956003,-0.3127295434829625,Test,3.6579999923706055,2026-06-18,0.00014515872985597643,0.010223642170627423,0.009687389525575123,0.015989280921932886,-0.005620480021449485,0.0013801390623941717,1.493073349791211
2026-06-22,405.0499877929688,684.1077880859375,0.0113860462677859,-0.0029210253870163,-0.003019063126691,0.0144051093944769,-0.0190658302379092,-0.2408520153905499,Test,3.680000066757202,2026-06-22,0.00014603174868084136,0.011240014519105059,-0.0030670571356971412,-0.0030531704605213546,0.014439216728307254,0.0013801390623941717,1.493073349791211
2026-06-23,381.6099853515625,674.3761596679688,-0.0578694066110848,-0.0142252852364053,-0.0198861935572424,-0.0379832130538424,-0.041329524810557,-0.5221015409003252,Test,3.690000057220459,2026-06-23,0.00014642857369922456,-0.05801583518478402,-0.014371713810104525,-0.019931455244599973,-0.037937951366484826,0.0013801390623941717,1.493073349791211
2026-06-24,375.5299987792969,673.72802734375,-0.0159324619523894,-0.0009610842775608,-9.462731489631986e-05,-0.015837834637493,-0.0488172015396729,-0.6166907619463975,Test,3.690000057220459,2026-06-24,0.00014642857369922456,-0.016078890526088623,-0.0011075128512600247,-0.00012703028667422405,-0.015805431665715176,0.0013801390623941717,1.493073349791211
2026-06-25,375.1199951171875,673.7479858398438,-0.0010918000251435,2.962396587902205e-05,0.0013836123384167,-0.0024754123635603,-0.0475331438552899,-0.6004697069332015,Test,3.680000066757202,2026-06-25,0.00014603174868084136,-0.0012378317738243414,-0.00011640778280181931,0.001352365452865333,-0.002444165478008833,0.0013801390623941717,1.493073349791211
2026-06-26,379.7099914550781,670.260009765625,0.0122360748497469,-0.0051769743992197,-0.0063851734904371,0.0186212483401841,-0.0232701023202347,-0.2939631252474353,Test,3.6630001068115234,2026-06-26,0.00014535714709569536,0.012090717702651204,-0.005322331546315395,-0.006421135181066696,0.018657210030813595,0.0013801390623941717,1.493073349791211
2026-06-29,411.8399963378906,681.010009765625,0.0846172226326935,0.0160385519699421,0.0252705965634331,0.0593466260692604,0.0216714143545487,0.2737674551029233,Test,3.680000066757202,2026-06-29,0.00014603174868084136,0.08447119088401266,0.01589252022126126,0.02525486921445812,0.059362353418235383,0.0013801390623941717,1.493073349791211
2026-06-30,420.6000061035156,686.8099975585938,0.0212704201717162,0.0085167438213791,0.0140472771417502,0.0072231430299659,0.0668777704383572,0.8448436597781893,Test,3.7320001125335693,2026-06-30,0.00014809524256085592,0.021122324929155344,0.008368648578818244,0.014023240471756642,0.007247179699959557,0.0013801390623941717,1.493073349791211
2026-07-01,425.2999877929688,685.4600219726562,0.0111744689045401,-0.0019655735803734,-0.0015934297409171,0.0127678986454572,0.0954835037213075,1.2062099589086623,Test,3.700000047683716,2026-07-01,0.00014682539871760776,0.011027643505822493,-0.0021123989790910076,-0.0016270021586951657,0.012801471063235266,0.0013801390623941717,1.493073349791211
2026-07-02,393.4500122070313,684.8400268554688,-0.0748882588763245,-0.0009044949337865,-1.0190133237608428e-05,-0.0748780687430869,0.0230808473417808,0.2915723327975651,Test,3.6679999828338623,2026-07-02,0.00014555555487435963,-0.07503381443119886,-0.0010500504886608597,-4.210778328623643e-05,-0.07484615109303826,0.0013801390623941717,1.493073349791211
2026-07-06,419.7699890136719,690.6199951171875,0.0668953513535315,0.0084398808992782,0.0139325896744041,0.0529627616791273,0.057422360680724,0.7253967504093399,Test,3.690000057220459,2026-07-06,0.00014642857369922456,0.06674892277983227,0.008293452325578977,0.013909300281179308,0.05298605107235219,0.0013801390623941717,1.493073349791211
2026-07-07,402.8999938964844,687.0800170898438,-0.0401886641701726,-0.0051257971856767,-0.0063088117695105,-0.0338798524006621,-0.0358041177891984,-0.4523009919422611,Test,3.7249999046325684,2026-07-07,0.00014781745653303844,-0.04033648162670563,-0.005273614642209739,-0.006345936960424863,-0.033842727209747736,0.0013801390623941717,1.493073349791211
2026-07-08,394.05999755859375,685.260009765625,-0.0219409195130487,-0.0026489015528751,-0.0026130260871258,-0.0193278934259229,-0.0623551542450873,-0.7877110192692479,Test,3.7230000495910645,2026-07-08,0.00014773809720599462,-0.022088657610254695,-0.0027966396500810945,-0.0026477109709053333,-0.019293208542143368,0.0013801390623941717,1.493073349791211
2026-07-09,406.5499877929688,690.6900024414062,0.0316956562750774,0.00792398884861,0.0131628251234613,0.0185328311516161,-0.0565902217389285,-0.7148846280042049,Test,3.681999921798706,2026-07-09,0.00014611110800788514,0.031549545167069516,0.007777877740602115,0.013139192142829352,0.018556464132248048,0.0013801390623941717,1.493073349791211
2026-07-10,407.760009765625,693.8599853515625,0.0029763178181976,0.0045895885258961,0.0081875533320997,-0.005211235513902,0.0130766114902563,0.1651922938894715,Test,3.694999933242798,2026-07-10,0.0001466269814778888,0.002829690836719711,0.004442961544418211,0.00816043351999009,-0.005184115701792491,0.0013801390623941717,1.493073349791211
2026-07-13,394.760009765625,688.5,-0.0318814981573897,-0.0077248803284811,-0.0101869139145084,-0.0216945842428812,-0.0615807344317522,-0.777928042578871,Test,3.7279999256134033,2026-07-13,0.00014793650498465887,-0.03202943466237436,-0.00787281683346576,-0.010226617434456527,-0.021654880722933173,0.0013801390623941717,1.493073349791211
2026-07-14,396.1799926757813,691.0999755859375,0.0035970789214421,0.0037762898851669,0.006974027242383,-0.0033769483209409,-0.031077830352031,-0.3925954433061774,Test,3.700000047683716,2026-07-14,0.00014682539871760776,0.003450253522724492,0.003629464486449292,0.006946021159842861,-0.0033489422384007615,0.0013801390623941717,1.493073349791211
2026-07-15,394.4599914550781,693.7999877929688,-0.0043414641135366,0.0039068330233149,0.0071688111705032,-0.0115102752840399,-0.023260212210148,-0.2938381869196995,Test,3.687999963760376,2026-07-15,0.00014634920491112604,-0.004487813318447726,0.003760483818403774,0.007141166438885065,-0.011482630552421665,0.0013801390623941717,1.493073349791211
2026-07-16,391.05999755859375,690.1400146484375,-0.0086193631043354,-0.0052752568592194,-0.0065318211342403,-0.002087541970095,-0.0438805853318592,-0.5543282029586707,Test,3.697000026702881,2026-07-16,0.00014670635026598736,-0.008766069454601387,-0.0054219632094853875,-0.006568543358970893,-0.002050819745364506,0.0013801390623941717,1.493073349791211
2026-07-17,380.8399963378906,683.1699829101562,-0.0261341003541837,-0.0100994458955286,-0.0137300125046785,-0.0124040878495051,-0.0510734376674622,-0.64519300977899,Test,3.7070000171661377,2026-07-17,0.00014710317528437056,-0.02628120352946807,-0.01024654907081297,-0.0137716071072802,-0.0123624932469035,0.0013801390623941717,1.493073349791211
2026-07-20,369.5700073242188,682.2100219726562,-0.0295924512184714,-0.0014051567860325,-0.0007572296454169,-0.0288352215730544,-0.0582140749976355,-0.7353982025602421,Test,3.7049999237060547,2026-07-20,0.000147023806496272,-0.02973947502496767,-0.001552180592528772,-0.0007903566078773965,-0.028802094610594003,0.0013801390623941717,1.493073349791211
2026-07-21,378.9299926757813,687.8699951171875,0.0253266909274678,0.0082965259410365,0.0137186891793036,0.0116080017481641,-0.0432291249285303,-0.5460985298140465,Test,3.7300000190734863,2026-07-21,0.0001480158737727574,0.025178675053695043,0.008148510067263743,0.01369447815810381,0.011632212769363989,0.0013801390623941717,1.493073349791211
2026-07-22,374.010009765625,687.030029296875,-0.0129838835807485,-0.0012211112946849,-0.0004826146463744,-0.012501268934374,-0.0442201185788645,-0.5586174086115531,Test,3.744999885559082,2026-07-22,0.00014861110656980484,-0.013132494687318304,-0.0013697224012547047,-0.0005163458449614464,-0.012467537735787054,0.0013801390623941717,1.493073349791211
2026-07-23,319.69000244140625,678.6099853515625,-0.1452367741661744,-0.0122557145776143,-0.0169473894571393,-0.1282893847090351,-0.1704219613178045,-2.152881481583191,Test,3.799999952316284,2026-07-23,0.00015079364890143983,-0.14538756781507584,-0.012406508226515739,-0.016992894085680457,-0.12824388008049392,0.0013801390623941717,1.493073349791211
2026-07-24,313.0299987792969,679.1400146484375,-0.0208326929564525,0.0007810514261743,0.0025048201972917,-0.0233375131537442,-0.1813553866220436,-2.290999648313328,Test,3.805000066757202,2026-07-24,0.00015099206614115881,-0.020983685022593658,0.0006300593600331412,0.0024718559677873193,-0.023304548924239818,0.0013801390623941717,1.493073349791211
2026-07-27,309.2200012207031,679.3099975585938,-0.0121713496260784,0.0002502914075004,0.0017128710930097,-0.0138842207190881,-0.1664043857680773,-2.102128844217753,Test,3.796999931335449,2026-07-27,0.00015067460044981942,-0.01232202422652822,9.961680705058057e-05,0.0016795488626425061,-0.013850898488720906,0.0013801390623941717,1.493073349791211
2026-07-28,307.44000244140625,680.9600219726562,-0.0057564154073798,0.0024289711913449,0.0049636877382496,-0.0107201031456294,-0.188732490661871,-2.384192042956879,Test,3.759999990463257,2026-07-28,0.000149206348827907,-0.005905621756207707,0.002279764842516993,0.004933201541375158,-0.010689616948754959,0.0013801390623941717,1.493073349791211
2026-07-29,298.32000732421875,670.6300048828125,-0.0296643086285612,-0.0151697849455523,-0.0212954852754137,-0.0083688233531475,-0.1846000450806445,-2.331988292356437,Test,3.6579999923706055,2026-07-29,0.00014515872985597643,-0.029809467358417177,-0.015314943675408277,-0.021341036463055407,-0.008323272165505793,0.0013801390623941717,1.493073349791211
2026-07-30,308.8500061035156,681.7899780273438,0.0352976619762974,0.0166410286794151,0.0261695544231642,0.0091281075531332,-0.0471825528184761,-0.5960408120599764,Test,3.674999952316284,2026-07-30,0.0001458333314411224,0.035151828644856276,0.016495195347973977,0.0261545089674952,0.0091431530088022,0.0013801390623941717,1.493073349791211
2026-07-31,311.2099914550781,686.6500244140625,0.0076412022176599,0.0071283629025766,0.011975668530772,-0.004334466313112,-0.0281795059778439,-0.3559819175342693,Test,3.681999921798706,2026-07-31,0.00014611110800788514,0.0074950911096520155,0.006982251794568716,0.011951264246404464,-0.004310062028744564,0.0013801390623941717,1.493073349791211
2026-08-03,322.0799865722656,696.4000244140625,0.0349281688109186,0.0141993732663447,0.0225263508107714,0.0124018180001471,-0.0018934672586086,-0.0239195146301645,Test,3.700000047683716,2026-08-03,0.00014682539871760776,0.03478134341220099,0.014052547867627092,0.0225084491789311,0.0124197196319875,0.0013801390623941717,1.493073349791211
2026-08-04,327.3500061035156,708.97998046875,0.0163624557593167,0.0180642671075033,0.0282931740603784,-0.0119307183010617,-0.0031040824140408,-0.0392127956680102,Test,3.7300000190734863,2026-08-04,0.0001480158737727574,0.016214439885543944,0.017916251233730543,0.028278432181413907,-0.011915976422097206,0.0013801390623941717,1.493073349791211
2026-08-05,321.54998779296875,707.5999755859375,-0.0177180944017235,-0.0019464652329111,-0.0015649181007698,-0.0161531763009537,-0.010888435361847,-0.137549824404509,Test,3.7249999046325684,2026-08-05,0.00014781745653303844,-0.017865911858256537,-0.0020942826894441383,-0.0015989611516108956,-0.0161191332501126,0.0013801390623941717,1.493073349791211
2026-08-06,319.5299987792969,706.4000244140625,-0.0062820372892454,-0.0016958044280334,-0.0011909061312971,-0.0050911311579483,-0.0251076740729286,-0.3171765313534579,Test,3.7320001125335693,2026-08-06,0.00014809524256085592,-0.006430132531806256,-0.0018438996705942559,-0.0012248431528980486,-0.005057194136347351,0.0013801390623941717,1.493073349791211
2026-08-07,328.5799865722656,710.7100219726562,0.0283228110898585,0.0061013553364026,0.0104432665157248,0.0178795445741337,-0.0028936631856828,-0.036554642595495,Test,3.7100000381469727,2026-08-07,0.00014722222373599096,0.02817558886612251,0.005954133112666609,0.010417318757762067,0.017905492332096432,0.0013801390623941717,1.493073349791211
2026-08-10,330.8800048828125,710.6500244140625,0.006999873408422,-8.441918185875252e-05,0.0012134481106626,0.0057864252977593,-0.0095090558880706,-0.1201246023133766,Test,3.7179999351501465,2026-08-10,0.00014753967996627567,0.006852333728455725,-0.0002319588618250282,0.001181347147521596,0.005818526260900405,0.0013801390623941717,1.493073349791211
2026-08-11,332.8099975585937,708.4199829101562,0.0058329081458543,-0.0031380305738326,-0.0033428574165343,0.0091757655623886,0.0115974279753797,0.1465062819904388,Test,3.7300000190734863,2026-08-11,0.0001480158737727574,0.005684892272081543,-0.0032860464476053572,-0.003378153440928711,0.00921106158678301,0.0013801390623941717,1.493073349791211
2026-08-12,327.510009765625,710.1699829101562,-0.0159249656916801,0.0024702860481307,0.0050253337980013,-0.0209502994896815,0.006800304786652,0.0859058898929307,Test,3.7070000171661377,2026-08-12,0.00014710317528437056,-0.01607206886696447,0.002323182872846329,0.00499592467181678,-0.020920890363496883,0.0013801390623941717,1.493073349791211
2026-08-13,339.9599914550781,714.9500122070312,0.0380140493976433,0.0067308241856227,0.0113824994529735,0.0266315499446697,0.03852298588927,0.4866475088949436,Test,3.7049999237060547,2026-08-13,0.000147023806496272,0.03786702559114703,0.006583800379126428,0.011357259755309384,0.026656789642333915,0.0013801390623941717,1.493073349791211
2026-08-14,342.2699890136719,713.6099853515625,0.0067949100384037,-0.0018742944717661,-0.0014572318251777,0.0082521418635814,0.0288955831787177,0.3650278722529232,Test,3.697000026702881,2026-08-14,0.00014670635026598736,0.006648203688137713,-0.0020210008220320876,-0.0014906570546220808,0.00828556709302578,0.0013801390623941717,1.493073349791211
2026-08-17,339.29998779296875,710.27001953125,-0.0086773638239854,-0.0046803798837918,-0.005644202867467,-0.0030331609565183,0.02007599692444,0.2536131004991111,Test,3.703000068664551,2026-08-17,0.0001469444471692282,-0.008824308271154628,-0.004827324330961029,-0.0056804657997931995,-0.0029968980241922,0.0013801390623941717,1.493073349791211
2026-08-18,336.8699951171875,705.4000244140625,-0.0071617823849259,-0.0068565404469718,-0.0088912605736787,0.0017294781887528,0.0126297095508041,0.159546736814019,Test,3.7049999237060547,2026-08-18,0.000147023806496272,-0.0073088061914221725,-0.007003564253468072,-0.008929672271513112,0.0017678898865872116,0.0013801390623941717,1.493073349791211
2026-08-19,351.1199951171875,706.9099731445312,0.0423011850463048,0.0021405566745238,0.0045333433072032,0.0377678417391016,0.0713478507795873,0.9013126331042114,Test,3.700000047683716,2026-08-19,0.00014682539871760776,0.04215435964758719,0.0019937312758061924,0.004503751495663236,0.037797433550641565,0.0013801390623941717,1.493073349791211
2026-08-20,345.1300048828125,701.010009765625,-0.0170596671157272,-0.008346131194983,-0.0111138847675313,-0.0059457823481958,0.0387705184867217,0.4897745022766724,Test,3.703000068664551,2026-08-20,0.0001469444471692282,-0.017206611562896428,-0.008493075642152228,-0.011153701389494968,-0.0059059657262322315,0.0013801390623941717,1.493073349791211
2026-08-21,362.8599853515625,703.7100219726562,0.0513718894848627,0.0038516029292277,0.0070864021306304,0.0442854873542322,0.0748038639773726,0.9449712482033776,Test,3.7100000381469727,2026-08-21,0.00014722222373599096,0.05122466726112671,0.003704380705491709,0.007058273394980598,0.0443136160898821,0.0013801390623941717,1.493073349791211
2026-08-24,348.95001220703125,701.8300170898438,-0.038334271361044,-0.0026715618992357,-0.0026468376787522,-0.0356874336822918,0.0421495912515991,0.5324611555939682,Test,3.703000068664551,2026-08-24,0.0001469444471692282,-0.03848121580821323,-0.0028185063464049283,-0.0026811532024711934,-0.03565311815857281,0.0013801390623941717,1.493073349791211
2026-08-25,350.25,704.02001953125,0.0037254269880853,0.0031204171780614,0.0059953970052883,-0.002269970017203,0.0381501430456433,0.4819375146701504,Test,3.7049999237060547,2026-08-25,0.000147023806496272,0.003578403181589028,0.002973393371565128,0.005966657270420172,-0.0022412302823348715,0.0013801390623941717,1.493073349791211
2026-08-26,345.82000732421875,704.2000122070312,-0.0126480875825303,0.000255664144183,0.0017208877744734,-0.0143689753570037,-0.013986674050462,-0.1766887983176505,Test,3.690000057220459,2026-08-26,0.00014642857369922456,-0.012794516156229525,0.00010923557048377546,0.0016896643552319608,-0.014337751937762261,0.0013801390623941717,1.493073349791211
2026-08-27,354.8099975585937,708.75,0.0259961541957476,0.0064612151577627,0.0109802147657178,0.0150159394300297,0.0069750477277635,0.0881133568123783,Test,3.677999973297119,2026-08-27,0.00014595237989274283,0.025850201815854856,0.006315262777869957,0.010955241992852959,0.01504091220289464,0.0013801390623941717,1.493073349791211
2026-08-28,348.75,707.239990234375,-0.0170795569467937,-0.0021305252425044,-0.0018395547625434,-0.0152400021842502,-0.052550441810719,-0.6638514904328384,Test,3.7300000190734863,2026-08-28,0.0001480158737727574,-0.01722757282056646,-0.0022785411162771574,-0.0018738740809500117,-0.01520568286584369,0.0013801390623941717,1.493073349791211
2026-08-31,367.9500122070313,704.8900146484375,0.0550537984431003,-0.0033227413867797,-0.0036184651445432,0.0586722635876435,0.0418092554592163,0.5281618116639057,Test,3.7320001125335693,2026-08-31,0.00014809524256085592,0.054905703200539446,-0.003470836629340556,-0.003653979367792512,0.058707777810892814,0.0013801390623941717,1.493073349791211
2026-09-01,356.0899963378906,700.280029296875,-0.0322326823635691,-0.0065400066049478,-0.0084189591872778,-0.0238137231762912,0.020265502300128,0.2560070561303251,Test,3.7720000743865967,2026-09-01,0.00014968254263438875,-0.032382364906203484,-0.006689689147582189,-0.00845837497961389,-0.02377430738395521,0.0013801390623941717,1.493073349791211
2026-09-02,357.010009765625,703.4099731445312,0.0025836542368389,0.0044695603425946,0.0080084588093212,-0.0054248045724823,0.0292096730846494,0.3689956610097472,Test,3.7720000743865967,2026-09-02,0.00014968254263438875,0.002433971694204511,0.0043198777999602115,0.00797971602250384,-0.00539606178566494,0.0013801390623941717,1.493073349791211
2026-09-03,376.3699951171875,710.719970703125,0.0542281303660707,0.010392229052305,0.0168456960061494,0.0373824343599213,0.051576168014541,0.6515438277492015,Test,3.740000009536743,2026-09-03,0.0001484126987911406,0.05407971766727956,0.01024381635351386,0.016823320958772238,0.03740480940729846,0.0013801390623941717,1.493073349791211
2026-09-04,354.0799865722656,708.010009765625,-0.0592236597871772,-0.0038129798643746,-0.004349951898549,-0.0548737078886282,0.0119424623101631,0.1508649809757197,Test,3.756999969482422,2026-09-04,0.0001490873003762866,-0.05937274708755349,-0.003962067164750886,-0.004386430531001913,-0.05483722925617529,0.0013801390623941717,1.493073349791211
2026-09-08,368.1600036621094,704.0700073242188,0.039765074626634,-0.0055648965227349,-0.0069639936114716,0.0467290682381056,-7.330393747700947e-07,-9.260231973688611e-06,Test,3.7750000953674316,2026-09-08,0.0001498015910860092,0.03961527303554799,-0.005714698113820909,-0.007002522802367918,0.04676759742900192,0.0013801390623941717,1.493073349791211
2026-09-09,367.80999755859375,700.8900146484375,-0.0009506901891408,-0.0045165859114871,-0.0053998052393684,0.0044491150502275,0.028262105187144,0.3570253646740658,Test,3.804999828338623,2026-09-09,0.0001509920566801041,-0.001101682245820904,-0.004667577968167204,-0.005437905153268786,0.0044872149641279864,0.0013801390623941717,1.493073349791211
