Date,TSLA_Price,VOO_Price,TSLA_Return,VOO_Return,Expected_Return,AR,CAR_5,CAR_Z,Sample
2019-01-03,20.02400016784668,199.84231567382812,-0.03147171266518323,-0.023870802907086652,-0.034278308281176686,0.0028065956159934596,,,Train
2019-01-04,21.179332733154297,206.43849182128906,0.0576973909120706,0.0330069040944605,0.050589141279232835,0.007108249632837765,,,Train
2019-01-07,22.33066749572754,207.98736572265625,0.05436123871697496,0.007502834804218761,0.012534419523028709,0.04182681919394625,,,Train
2019-01-08,22.356666564941406,210.008056640625,0.0011642764023440666,0.009715450315685326,0.015835871800471267,-0.0146715953981272,,,Train
2019-01-09,22.568666458129883,210.97833251953125,0.009482625353500751,0.004620184074969114,0.008233205070796702,0.0012494202827040488,0.03831948932735432,0.4840768074646439,Train
2019-01-10,22.99799919128418,211.85964965820312,0.019023398389568458,0.004177287440596755,0.007572357266628914,0.011451041122939543,0.046963934834300405,0.5932790869511138,Train
2019-01-11,23.150667190551758,211.76171875,0.0066383165769237085,-0.0004622442657726822,0.0006496938219946475,0.005988622754929061,0.0458443079563917,0.5791352292399736,Train
2019-01-14,22.293333053588867,210.59555053710938,-0.03703280470952408,-0.005506983130729948,-0.006877580812257969,-0.03015522389726611,-0.026137735134820657,-0.3301889352003536,Train
2019-01-15,22.961999893188477,213.06130981445312,0.029994027272290946,0.011708506048940803,0.018809718072237167,0.011184309200053779,-0.0002818305366396774,-0.0035602673422162148,Train
2019-01-16,23.06999969482422,213.53311157226562,0.004703414429845898,0.0022143943366506047,0.0046435167722838405,5.9897657562057484e-05,-0.0014713531617816687,-0.018587093766404723,Train
2019-01-17,23.15399932861328,215.12652587890625,0.0036410765019605495,0.007462141561597413,0.012473700976208197,-0.008832624474247647,-0.02175501875896886,-0.27482360052375415,Train
2019-01-18,20.150667190551758,218.01951599121094,-0.1297111611448507,0.013447854003523219,0.02140500597298727,-0.15111616711783799,-0.1788598086317359,-2.2594738778103047,Train
2019-01-22,19.92799949645996,215.11758422851562,-0.011050140026936717,-0.013310422002827949,-0.01852112254043456,0.0074709825134978425,-0.14123360222097195,-1.7841550727831643,Train
2019-01-23,19.172666549682617,215.43812561035156,-0.03790309945117787,0.001490075220886844,0.003562757380540969,-0.041465856831718835,-0.19388376825274456,-2.44926634468496,Train
2019-01-24,19.43400001525879,215.65171813964844,0.013630522645296628,0.000991433288289878,0.0028187317983875424,0.010811790846909086,-0.1831318750633975,-2.313441410150027,Train
2019-01-25,19.80266761779785,217.48545837402344,0.018970237843449533,0.008503248896851057,0.014027141311965889,0.0049430965314836445,-0.16935615405766624,-2.1394175084218348,Train
2019-01-28,19.7586669921875,215.80300903320312,-0.0022219544588429896,-0.007735916476433569,-0.010203380994126612,0.007981426535283623,-0.010258560404544639,-0.1295928327069393,Train
2019-01-29,19.83066749572754,215.5360107421875,0.0036439960027925267,-0.001237231548400497,-0.0005066677401299622,0.004150663742922489,-0.013578879175119993,-0.17153726720851517,Train
2019-01-30,20.584667205810547,218.94532775878906,0.038021902704256094,0.015817853382651625,0.0249412913362652,0.013080611367990894,0.04096758902458973,0.5175293317489572,Train
2019-01-31,20.468000411987305,220.7701416015625,-0.005667655087972956,0.008334563982035803,0.013775445889376224,-0.01944310097734918,0.01071269720033147,0.13532978521115185,Train
2019-02-01,20.81399917602539,220.95712280273438,0.01690437546773982,0.0008469496817613553,0.002603147242754315,0.014301228224985503,0.02007082889383333,0.2535478145623496,Train
2019-02-04,20.859333038330078,222.53271484375,0.002178046704109926,0.007130759221653404,0.01197924408785924,-0.009801197383749315,0.0022882049748003917,0.028906099180068735,Train
2019-02-05,21.42333221435547,223.52078247070312,0.027038217137097087,0.0044401005382372905,0.007964501719766176,0.01907371541733091,0.017211256649208813,0.21742383099182233,Train
2019-02-06,21.148000717163086,223.24476623535156,-0.012851945460094494,-0.001234857145275714,-0.0005031248839205316,-0.012348820576173963,-0.008218175294956043,-0.10381735586249778,Train
2019-02-07,20.500667572021484,221.05502319335938,-0.030609661584522496,-0.009808709422032713,-0.013296203472976243,-0.017313458111546255,-0.00608853242915312,-0.07691431676636297,Train
2019-02-08,20.386667251586914,221.33987426757812,-0.005560810155770368,0.0012885980608077219,0.0032621325202574075,-0.008822942676027776,-0.0292127033301664,-0.36903394104952353,Train
2019-02-11,20.856000900268555,221.45558166503906,0.02302159754165345,0.0005227589373302255,0.0021194209622590037,0.020902176579394444,0.0014906706329773575,0.018831124674666955,Train
2019-02-12,20.78733253479004,224.32196044921875,-0.003292499161602569,0.01294335759175036,0.020652244899507705,-0.023944744061110274,-0.04152778884546383,-0.5246061416332011,Train
2019-02-13,20.544666290283203,224.9984130859375,-0.011673755836671518,0.003015543531110776,0.0058389146256002875,-0.017512670462271805,-0.046691638731561666,-0.5898392648028383,Train
2019-02-14,20.251333236694336,224.5,-0.014277820308407851,-0.0022151848944247376,-0.001965875761013933,-0.012311944547393918,-0.04169012516740933,-0.5266568800392276,Train
2019-02-15,20.525333404541016,226.97467041015625,0.013529981687833148,0.011023030780205945,0.017786917736902247,-0.004256936049069099,-0.037124118540450654,-0.46897610324289535,Train
2019-02-19,20.375999450683594,227.36631774902344,-0.007275592114103446,0.001725511213032993,0.003914052347260087,-0.011189644461363533,-0.06921593958120863,-0.874380938950015,Train
2019-02-20,20.17066764831543,227.89154052734375,-0.010077140160173803,0.0023100289590829437,0.004786213567273916,-0.01486335372744772,-0.060134549247546076,-0.7596588871370359,Train
2019-02-21,19.415332794189453,227.0636749267578,-0.03744719150082565,-0.0036327175579674575,-0.00408098180458514,-0.03336620969624051,-0.07598808848151478,-0.9599311453040239,Train
2019-02-22,19.6473331451416,228.42556762695312,0.011949336815981981,0.005997844880448744,0.010288818158666354,0.001660518657315627,-0.06201562527680524,-0.7834218676679905,Train
2019-02-25,19.917999267578125,228.76385498046875,0.013776227055194656,0.0014809522289032095,0.0035491449284428198,0.010227082126751837,-0.0475316071009843,-0.6004502936494868,Train
2019-02-26,19.857332229614258,228.5947265625,-0.0030458399535449043,-0.00073931442527575,0.0002362763509689324,-0.0032821163045138367,-0.039624078944134604,-0.5005572352529054,Train
2019-02-27,20.982667922973633,228.47898864746094,0.05667104122280353,-0.0005063017716089302,0.0005839554448442902,0.05608708577795924,0.03132636056127236,0.39573503917135944,Train
2019-02-28,21.325332641601562,227.94488525390625,0.016330846005180755,-0.002337647749215188,-0.0021486030666640994,0.018479449071844855,0.08317201932935774,1.0506832500662375,Train
2019-03-01,19.652666091918945,229.51158142089844,-0.07843566043230532,0.006873135868993296,0.011594843273549505,-0.09003050370585483,-0.008519003033812728,-0.10761760826613818,Train
2019-03-04,19.02400016784668,228.6303253173828,-0.03198883658491347,-0.0038397021102803963,-0.0043898242664080905,-0.02759901231850538,-0.046345097479069945,-0.5854615294492193,Train
2019-03-05,18.43600082397461,228.3633270263672,-0.03090829156245878,-0.0011678166080767438,-0.0004030934355873279,-0.03050519812687145,-0.07356817930142756,-0.9293612726148597,Train
2019-03-06,18.416000366210938,226.90341186523438,-0.0010848588017886573,-0.0063929492539064325,-0.008199534337368725,0.007114675535580067,-0.12254058954380673,-1.548012732227526,Train
2019-03-07,18.439332962036133,225.07858276367188,0.0012669741182240735,-0.00804231671336142,-0.010660561988642875,0.011927536106866948,-0.12909250250878465,-1.6307807744573752,Train
2019-03-08,18.94266700744629,224.62457275390625,0.02729675994497449,-0.0020171177736725276,-0.0016703390337763793,0.028967098978750872,-0.010094899824178938,-0.12752536540395817,Train
2019-03-11,19.39466667175293,227.90037536621094,0.023861458586003748,0.01458345617375345,0.02309944242240469,0.0007620161635990587,0.018266128657925502,0.23074966291774188,Train
2019-03-12,18.890666961669922,228.71041870117188,-0.025986510550194186,0.0035543747291302275,0.0066429067682203646,-0.03262941731841455,0.0161419094663824,0.20391513921590143,Train
2019-03-13,19.263999938964844,230.26828002929688,0.019762826693860758,0.006811501360418859,0.011502878181716964,0.008259948512143794,0.01728718244294613,0.21838297518924624,Train
2019-03-14,19.33066749572754,230.18812561035156,0.0034607328163371864,-0.00034809144765890476,0.0008200216893467208,0.0026407111269904655,0.008000357463069645,0.10106573879976283,Train
2019-03-15,18.36199951171875,231.3097381591797,-0.05011042604829263,0.00487259082480529,0.008609822171585346,-0.05872024821987798,-0.07968698973555921,-1.0066580809082155,Train
2019-03-18,17.965999603271484,232.13758850097656,-0.021566273770704303,0.0035789688250269514,0.00667960371510928,-0.028245877485813583,-0.10869488338497185,-1.3731047323529593,Train
2019-03-19,17.83133316040039,232.20880126953125,-0.007495627621330492,0.0003067696576610768,0.001797142511452046,-0.009292770132782537,-0.08535823619933983,-1.0783009689195735,Train
2019-03-20,18.239999771118164,231.38099670410156,0.02291845522943481,-0.0035649146841287838,-0.003979812870763706,0.026898268100198516,-0.06671991661128511,-0.8428495471739645,Train
2019-03-21,18.26799964904785,234.0261688232422,0.0015350810461096653,0.011432106166105571,0.01839730072365481,-0.016862219677545146,-0.08622284741582073,-1.0892233022992468,Train
2019-03-22,17.635332107543945,229.5771484375,-0.03463255713040714,-0.01901078160666081,-0.027026651448998365,-0.007605905681408773,-0.03510850487735152,-0.4435135554834544,Train
2019-03-25,17.3613338470459,229.3712921142578,-0.015536892576059724,-0.0008966760178147348,1.4765019316859227e-06,-0.01553836907799141,-0.022400996469529345,-0.2829840127137521,Train
2019-03-26,17.851333618164062,231.02735900878906,0.028223624718877183,0.007220026879851682,0.0121124407105591,0.016111184008318083,0.003002957671571275,0.037935321898144095,Train
2019-03-27,18.32200050354004,229.95315551757812,0.026365922874079573,-0.004649680868186956,-0.00559839674595211,0.031964319620031684,0.008069009191404443,0.10193299225388221,Train
2019-03-28,18.57466697692871,230.84832763671875,0.013790332193247767,0.003892845554242408,0.007147940413073466,0.006642391780174301,0.03157362064912389,0.3988585900339007,Train
2019-03-29,18.657333374023438,232.33432006835938,0.004450491478388496,0.00643709420316485,0.01094422379481549,-0.006493732316426994,0.032685794014105665,0.41290829010344904,Train
2019-04-01,19.278667449951172,235.01084899902344,0.03330240519756256,0.01152016167855252,0.018528688698927872,0.014773716498634685,0.06299787959073176,0.7958303454622,Train
2019-04-02,19.058666229248047,235.09141540527344,-0.011411640419352831,0.0003428199446671165,0.0018509332859999745,-0.013262573705352805,0.033624121877060875,0.42476186028999724,Train
2019-04-03,19.45400047302246,235.5300750732422,0.020743017324461155,0.0018659110423600023,0.0041235434829237656,0.01661947384153739,0.018279276098566583,0.23091574997170794,Train
2019-04-04,17.851999282836914,236.09405517578125,-0.08234816239503528,0.002394514171337514,0.004912274283635428,-0.08726043667867071,-0.07562355236027843,-0.9553260870198136,Train
2019-04-05,18.33066749572754,237.23097229003906,0.02681314318395822,0.00481552622496717,0.008524675858490923,0.018288467325467298,-0.050841352718384136,-0.6422611611770793,Train
2019-04-08,18.213333129882812,237.43682861328125,-0.0064009870820075365,0.0008677464045061534,0.002634178114278688,-0.009035165196286225,-0.07465023441330504,-0.9430304992473904,Train
2019-04-09,18.15399932861328,236.1746063232422,-0.003257712404775681,-0.0053160341527930255,-0.006592665093816072,0.003334952689040391,-0.05805270801891185,-0.7333597095306649,Train
2019-04-10,18.40399932861328,236.9892578125,0.013771070245990558,0.0034493610551120657,0.006486215453596038,0.007284854792394519,-0.06738732706805473,-0.8512807118072292,Train
2019-04-11,17.89466667175293,236.9445343017578,-0.027675107337592375,-0.00018871535003317508,0.0010578273893201496,-0.028732934726912525,-0.008859825116296533,-0.11192309533024784,Train
2019-04-12,17.84666633605957,238.546875,-0.00268238221889483,0.006762513864116082,0.011429783746467427,-0.014112165965362257,-0.04126045840712609,-0.5212290489996549,Train
2019-04-15,17.7586669921875,238.38571166992188,-0.004930856117047799,-0.0006756044491386115,0.0003313382560869854,-0.005262194373134785,-0.037487487583974646,-0.4735664182394736,Train
2019-04-16,18.224000930786133,238.55581665039062,0.026203202008537207,0.0007135703699570062,0.0024041314488045017,0.023799070559732707,-0.017023369713282333,-0.21505032054833428,Train
2019-04-17,18.082000732421875,237.9739227294922,-0.007791933226055425,-0.0024392359367669814,-0.002300183199505086,-0.005491750026550339,-0.02979997453222719,-0.37645273429546,Train
2019-04-18,18.21733283996582,238.4215545654297,0.007484354720840525,0.0018810121327719198,0.0041460758791190926,0.003338278841721432,0.002271239036406767,0.028691774369446456,Train
2019-04-22,17.516666412353516,238.65428161621094,-0.03846152638080802,0.0009761158180745522,0.002795876541039406,-0.04125740292184742,-0.0248739979200784,-0.31422458162662265,Train
2019-04-23,17.593332290649414,240.71322631835938,0.004376739071872082,0.008627310971355273,0.014212254819619423,-0.009835515747747341,-0.029447319294690952,-0.3719977630910195,Train
2019-04-24,17.243999481201172,240.23870849609375,-0.019855977462206353,-0.0019712993320859518,-0.0016019731574906223,-0.018254004304715733,-0.07150039415913939,-0.9032396606682427,Train
2019-04-25,16.5086669921875,240.1492156982422,-0.0426428039397303,-0.0003725161461772819,0.0007835775009500226,-0.043426381440680326,-0.1094350255732694,-1.3824546917044584,Train
2019-04-26,15.675999641418457,241.2502899169922,-0.05043819414148287,0.004584958628944813,0.008180645044710754,-0.05861883918619363,-0.17139214360118443,-2.1651374576058684,Train
2019-04-29,16.097999572753906,241.5546112060547,0.026920128922461872,0.0012614338791767654,0.003221600738370485,0.023698528184091388,-0.10643621249524562,-1.344571727017956,Train
2019-04-30,15.912667274475098,241.70684814453125,-0.011512753335668258,0.0006302381797493872,0.0022797911611587432,-0.013792544496827,-0.11039324124432529,-1.394559497667418,Train
2019-05-01,15.600666999816895,239.943359375,-0.019607038171323476,-0.007295981818755681,-0.009546952766994696,-0.01006008540432878,-0.10219932234393835,-1.2910485644177925,Train
2019-05-02,16.273332595825195,239.4688720703125,0.043117745928183515,-0.0019774971306705247,-0.0016112209170521588,0.044728966845235675,-0.014043974058022338,-0.17741264942355925,Train
2019-05-03,17.00200080871582,241.74264526367188,0.044776827893111326,0.009495067871250207,0.01550703829129713,0.029269789601814197,0.07384465472998548,0.9328538907355088,Train
2019-05-06,17.022666931152344,240.7847137451172,0.0012155112018303882,-0.00396260873835419,-0.00457321372791379,0.005788724929744178,0.05593485147563827,0.706605562955853,Train
2019-05-07,16.470666885375977,236.88180541992188,-0.03242735395158203,-0.016209120024648804,-0.022846281220812597,-0.00958107273076943,0.060146323241695845,0.7598076239182189,Train
2019-05-08,16.32266616821289,236.4163360595703,-0.008985714919320764,-0.001964985700469546,-0.0015925525630082575,-0.007393162356312506,0.06281324628971213,0.79349793705911,Train
2019-05-09,16.131999969482422,235.69117736816406,-0.011681069548660883,-0.00306729519411697,-0.0032373128791992507,-0.008443756669461632,0.009640522775014811,0.12178537786222539,Train
2019-05-10,15.968000411987305,236.7922821044922,-0.010166102021160528,0.004671811429785233,0.008310238449281445,-0.01847634047044197,-0.038105607297241356,-0.4813749100195432,Train
2019-05-13,15.133999824523926,230.98265075683594,-0.052229494360313766,-0.024534715810934138,-0.035268935327345215,-0.01696055903296855,-0.06085489125995409,-0.7687587177394287,Train
2019-05-14,15.487333297729492,232.98779296875,0.02334699863237777,0.008680921295794342,0.014292246994851206,0.009054751637526563,-0.042219066891658094,-0.5333388172389075,Train
2019-05-15,15.463333129882812,234.36639404296875,-0.00154966432150061,0.005917052806297285,0.01016826798814448,-0.01171793230964509,-0.04654383684499068,-0.587972134873801,Train
2019-05-16,15.222000122070312,236.51480102539062,-0.01560679096708617,0.009166873054453406,0.015017337518730248,-0.03062412848581642,-0.06872420866134546,-0.86816907292577,Train
2019-05-17,14.0686674118042,235.08248901367188,-0.07576748791335908,-0.006055908575315683,-0.00769663461974599,-0.06807085329361309,-0.11831872148451658,-1.4946793385014454,Train
2019-05-20,13.690667152404785,233.4801788330078,-0.02686823480397693,-0.006815948679915862,-0.00883069343894715,-0.01803754136502978,-0.1193957038165778,-1.508284482467387,Train
2019-05-21,13.67199993133545,235.45843505859375,-0.0013634997375607805,0.008472908644638455,0.013981870502714858,-0.015345370240275638,-0.14379582569438001,-1.816522752540654,Train
2019-05-22,12.84866714477539,234.8140106201172,-0.06022036210467108,-0.0027368925573475478,-0.002744317809797235,-0.057476044294873845,-0.18955393767960876,-2.3945690979967016,Train
2019-05-23,13.03266716003418,232.0657196044922,0.014320552722358215,-0.011704118542020026,-0.016124350850339537,0.030444903572697753,-0.1284849056210946,-1.6231052138802018,Train
2019-05-24,12.708666801452637,232.46861267089844,-0.02486063325357668,0.0017361162479874181,0.003929876161484113,-0.028790509415060794,-0.08920456174254231,-1.1268902643957541,Train
2019-05-28,12.579999923706055,230.3828125,-0.010124341109633561,-0.00897239479744849,-0.012048335143533854,0.0019239940339002923,-0.06924302634361222,-0.8747231166172817,Train
2019-05-29,12.657333374023438,228.7984161376953,0.006147333130873456,-0.006877233353962509,-0.008922136541309529,0.015069469672182985,-0.038828186431153607,-0.4905030014013643,Train
2019-05-30,12.54800033569336,229.43389892578125,-0.008637920413351985,0.0027774789651668907,0.005483697553614353,-0.014121617966966338,0.004526239896753898,0.057178417497219865,Train
2019-05-31,12.343999862670898,226.36346435546875,-0.016257608189742534,-0.01338265437099051,-0.018628900740098944,0.0023712925503564103,-0.023547371125587444,-0.2974657658217416,Train
2019-06-03,11.9313325881958,225.69204711914062,-0.03343059616543187,-0.0029661024946754377,-0.0030863228557177777,-0.030344273309714093,-0.025101135020240743,-0.3170939257706448,Train
2019-06-04,12.90666675567627,230.6603240966797,0.08174561896341825,0.02201352258955036,0.03418587364502737,0.047559745318390884,0.02053461626424985,0.25940667942601536,Train
2019-06-05,13.105999946594238,232.61183166503906,0.01544420373527533,0.008460525562868026,0.013963393657867267,0.0014808100774080634,0.0069459566694749265,0.08774585957091408,Train
2019-06-06,13.729999542236328,234.12466430664062,0.0476117502048552,0.006503678814498315,0.011043574954377683,0.036568175250477515,0.05763574988691878,0.7280924221809469,Train
2019-06-07,13.633333206176758,236.4610595703125,-0.007040519976872828,0.009979278648796441,0.0162295310904336,-0.023270051067306428,0.03199440626925594,0.404174228712706,Train
2019-06-10,14.192000389099121,237.57115173339844,0.0409780333593881,0.00469460876604022,0.00834425444406617,0.03263377891532193,0.09497245849429196,1.1997541019464157,Train
2019-06-11,14.473333358764648,237.5263671875,0.01982334850283829,-0.00018851003403264066,0.0010581337421293237,0.018765214760708967,0.06617792793661005,0.8360027923783204,Train
2019-06-12,13.950667381286621,237.0787353515625,-0.03611234292213106,-0.001884556402044213,-0.0014725436915693053,-0.03463979923056175,0.030057318628640237,0.37970367293786444,Train
2019-06-13,14.260666847229004,238.13507080078125,0.022221120858935794,0.004455631365049673,0.007987675327329073,0.014233445531606721,0.007722588909769443,0.09755678508310539,Train
2019-06-14,14.32800006866455,237.7769775390625,0.004721603986466594,-0.0015037401274603512,-0.0009043262355781588,0.005625930222044753,0.036618570199120626,0.4625896865294714,Train
2019-06-17,15.001999855041504,237.9918212890625,0.04704074421740101,0.0009035515222020063,0.0026876030707378975,0.04435314114666311,0.048337932430461805,0.6106363216504579,Train
2019-06-18,14.982666969299316,240.3640899658203,-0.0012886872369679558,0.009967857987340123,0.01621249027670909,-0.017501177513677045,0.012071540156075793,0.15249557659848575,Train
2019-06-19,15.095333099365234,240.9996337890625,0.007519764691878983,0.002644088072109918,0.005284664479232105,0.002235100212646878,0.04894643959928442,0.6183233814932082,Train
2019-06-20,14.641332626342773,243.24656677246094,-0.030075551830091918,0.009323387542427009,0.015250873399725093,-0.04532642522981701,-0.010613431162139308,-0.13407579180724125,Train
2019-06-21,14.790666580200195,242.9600830078125,0.010199478262568729,-0.0011777504959255003,-0.00041791582858429215,0.010617394091153021,-0.005621967293031039,-0.07102036135273852,Train
2019-06-24,14.909333229064941,242.6467742919922,0.008023076459826362,-0.0012895481098853523,-0.0005847294865866054,0.008607805946412967,-0.04136730249328118,-0.5225787732530394,Train
2019-06-25,14.650667190551758,240.24769592285156,-0.01734926938308201,-0.009887122448426489,-0.013413203857013733,-0.003936065526068278,-0.02780219050567241,-0.3512154221455784,Train
2019-06-26,14.618000030517578,240.0149383544922,-0.002229738728571129,-0.0009688233115631162,-0.00010617475786583465,-0.002123563970705294,-0.03216085468902458,-0.4062769138231681,Train
2019-06-27,14.855999946594238,240.8572235107422,0.016281291255971775,0.0035093030543207338,0.006575655145569791,0.009705636110401983,0.02287120665119441,0.2889240147224769,Train
2019-06-28,14.897333145141602,242.1888885498047,0.002782256239630465,0.005528856555149675,0.009589038840195288,-0.006806782600564823,0.005447029959476565,0.06881043874103565,Train
2019-07-01,15.14466667175293,244.2495574951172,0.016602537125377292,0.008508519765921152,0.01403500599636559,0.002567531129011702,-0.0005932448579246997,-0.00749425636692931,Train
2019-07-02,14.970000267028809,244.9603729248047,-0.011533195712382427,0.002910201504466192,0.005681733374735034,-0.017214929087117463,-0.013872108418973884,-0.17524153046232463,Train
2019-07-03,15.65999984741211,246.84104919433594,0.0460921555160565,0.007677471450080464,0.012794995546841765,0.033297159969214736,0.021548615520946147,0.27221618006314074,Train
2019-07-05,15.539999961853027,246.5260772705078,-0.0076628280158580475,-0.0012760111207441582,-0.0005645308920281286,-0.0070982971238299185,0.004744682286714246,0.05993792438531056,Train
2019-07-08,15.355999946594238,245.2933349609375,-0.011840412851381266,-0.005000454001536148,-0.006121786713146983,-0.005718626138234283,0.005832838749044786,0.07368422726025435,Train
2019-07-09,15.337332725524902,245.59930419921875,-0.0012156304463569745,0.0012473605869884885,0.00320060192393331,-0.0044162323702902845,-0.0011509247502572003,-0.014539232868608122,Train
2019-07-10,15.928000450134277,246.74205017089844,0.038511763106394925,0.004652887659456706,0.008282002217398795,0.030229760888996128,0.04629376522585639,0.5848130669124848,Train
2019-07-11,15.90666675567627,247.23696899414062,-0.0013393830898483783,0.002005814667177308,0.004332294229893544,-0.005671677319741922,0.007324927936899732,0.09253327204629049,Train
2019-07-12,16.338666915893555,248.4517364501953,0.027158434061185455,0.004913373032345625,0.008670673463310193,0.018487760597875262,0.03291098565860491,0.41575305798137296,Train
2019-07-15,16.899999618530273,248.5147247314453,0.034356089485530594,0.00025352320796767636,0.001717693275154552,0.03263839621037604,0.07126800800721524,0.9003040070753298,Train
2019-07-16,16.825332641601562,247.70484924316406,-0.004418164415035952,-0.0032588631887162656,-0.0035231522348294327,-0.0008950121802065196,0.07478922819729901,0.9447863594739827,Train
2019-07-17,16.99066734313965,246.0312042236328,0.009826533897421275,-0.006756609830792182,-0.008742153709579373,0.018568687607000648,0.06312815491530352,0.7974760684172055,Train
2019-07-18,16.902666091918945,246.93106079101562,-0.00517938756868408,0.0036574895864220913,0.006796764850964593,-0.011976152419648674,0.05682367981539677,0.7178338228478044,Train
2019-07-19,17.211999893188477,245.6083526611328,0.01830088813133579,-0.005356588699881093,-0.006653176692487732,0.02495406482382352,0.06328998404134503,0.7995203995934315,Train
2019-07-22,17.045333862304688,246.20216369628906,-0.009683129904604848,0.0024177151498407934,0.004946892554600987,-0.014630022459205836,0.016021565371763146,0.20239487404162296,Train
2019-07-23,17.344667434692383,247.8937530517578,0.017561027246856264,0.006870733100280413,0.011591258092934886,0.005969769153921379,0.022886346705891045,0.28911527377814383,Train
2019-07-24,17.658666610717773,249.0365753173828,0.018103499372800647,0.0046101293459637205,0.008218202370236261,0.009885297002564386,0.014202956101454783,0.17942101439344535,Train
2019-07-25,15.254667282104492,247.8218994140625,-0.13613708110635003,-0.00487750002895071,-0.005938326608709883,-0.13019875449764015,-0.10401964597653669,-1.3140440810097014,Train
2019-07-26,15.202667236328125,249.5945587158203,-0.003408795800965758,0.00715295664325466,0.012012364947637652,-0.01542116074860341,-0.14439487154896363,-1.8240902908847716,Train
2019-07-29,15.718000411987305,249.14466857910156,0.03389755018959728,-0.0018024837521838366,-0.0013500827690126843,0.03524763295860996,-0.09451721613114783,-1.1940031831935356,Train
2019-07-30,16.150667190551758,248.541748046875,0.02752683338998274,-0.0024199616057011264,-0.0022714238945721775,0.02979825728455492,-0.07068872800051429,-0.8929861638265232,Train
2019-07-31,16.107332229614258,245.72528076171875,-0.002683168467668695,-0.011331968602011577,-0.015569064466137775,0.01288589599846908,-0.06768812900460959,-0.8550806382593471,Train
2019-08-01,15.59000015258789,243.66465759277344,-0.032117800120570084,-0.008385881837463471,-0.011173196856986875,-0.02094460326358321,0.04156602222944736,0.5250891307017455,Train
2019-08-02,15.62266731262207,241.8829803466797,0.002095391899579857,-0.007312005211159489,-0.009570861333607268,0.011666253233187126,0.06865343621123789,0.867275029129626,Train
2019-08-05,15.221332550048828,234.74732971191406,-0.025689260005491543,-0.029500424645580337,-0.04267828894359688,0.01698902893810534,0.05039483219073327,0.6366204223445198,Train
2019-08-06,15.383333206176758,237.77072143554688,0.010643000906475075,0.012879344473665233,0.020556730675100835,-0.00991372976862576,0.01068284513755259,0.13495267446411696,Train
2019-08-07,15.561332702636719,237.93275451660156,0.011570931609834023,0.0006814677605233577,0.00235623101943604,0.009214700590397983,0.007011649729481494,0.08857573719503632,Train
2019-08-08,15.886667251586914,242.57579040527344,0.020906599400388748,0.019514067737772978,0.030456427263583618,-0.00954982786319487,0.018406425129869834,0.2325219795490307,Train
2019-08-09,15.667332649230957,240.88414001464844,-0.013806206102418894,-0.006973698355465463,-0.009066072348165704,-0.00474013375425319,0.0020000381424295187,0.025265787613293417,Train
2019-08-12,15.267333030700684,238.05870056152344,-0.025530805242072074,-0.011729454056017108,-0.016162154070082133,-0.009368651171989942,-0.024357641967665763,-0.3077016361138586,Train
2019-08-13,15.666666984558105,241.748046875,0.02615610421639536,0.015497632746773293,0.024463488870303144,0.0016926153460922154,-0.012751296852947788,-0.16108270699741858,Train
2019-08-14,14.641332626342773,234.4683837890625,-0.06544687260065951,-0.03011260351444156,-0.04359172343338064,-0.02185514916727887,-0.04382114661062464,-0.5535773342252904,Train
2019-08-15,14.37600040435791,235.20626831054688,-0.018122136062087457,0.003147053387582588,0.006035140997920722,-0.02415727706000818,-0.05842859580743795,-0.7381081694874307,Train
2019-08-16,14.662667274475098,238.652587890625,0.01994065540164347,0.014652328804128256,0.023202207544146806,-0.0032615521425033364,-0.0569500141956881,-0.7194297612216698,Train
2019-08-19,15.121999740600586,241.58607482910156,0.03132666502806747,0.012291871478975924,0.019680159917008538,0.01164650511105893,-0.03593485791263922,-0.453952586540041,Train
2019-08-20,15.057332992553711,239.71441650390625,-0.00427633574634001,-0.007747376691803698,-0.010220480826400959,0.005944145080060949,-0.03168332817867049,-0.4002444871737104,Train
2019-08-21,14.722000122070312,241.6580352783203,-0.022270402776456533,0.008108059593413763,0.013437477803284612,-0.03570788057974114,-0.045536059591132765,-0.5752412346387923,Train
2019-08-22,14.8100004196167,241.5679931640625,0.00597746887764683,-0.0003726013668616801,0.0007834503428327927,0.005194018534814037,-0.016184763996310546,-0.20445650561710255,Train
2019-08-23,14.09333324432373,235.36822509765625,-0.048390759958635954,-0.02566469168866936,-0.03695497676367746,-0.011435783194958492,-0.0243589950487657,-0.3077187291177216,Train
2019-08-26,14.333333015441895,237.97772216796875,0.017029312154725806,0.01108687066501779,0.017882173479263033,-0.0008528613245372269,-0.03685836148436186,-0.46561888660115813,Train
2019-08-27,14.272000312805176,237.0419158935547,-0.004279025860254748,-0.003932327219072884,-0.004528030554299761,0.000249004694045013,-0.04255350187037779,-0.5375636182382144,Train
2019-08-28,14.37266731262207,238.68858337402344,0.007053461155446694,0.006946735450823027,0.011704661498085737,-0.004651200342639043,-0.011496821633275695,-0.14523535699244655,Train
2019-08-29,14.780667304992676,241.79293823242188,0.028387214669075345,0.013005879102034434,0.020745533490067976,0.007641681179007369,-0.009049158989082363,-0.11431488442482891,Train
2019-08-30,15.040666580200195,241.6940155029297,0.01759049641281729,-0.00040912166507156567,0.000728958262725304,0.016861538150091986,0.019248162355968115,0.2431553537480687,Train
2019-09-03,15.000666618347168,240.35328674316406,-0.0026594540634046204,-0.005547215378815973,-0.0069376115073253655,0.004278157443920745,0.024379181124426087,0.3079737328046821,Train
2019-09-04,14.711999893188477,242.92678833007812,-0.01924359313509616,0.010707162035458406,0.017315608744754542,-0.036559201879850706,-0.012429025449469631,-0.15701156422199825,Train
2019-09-05,15.305333137512207,246.1391143798828,0.04032988367532808,0.013223432754727371,0.021070146147995596,0.019259737527332486,0.011481912420501898,0.14504701408266257,Train
2019-09-06,15.16333293914795,246.31912231445312,-0.009277824735237306,0.0007313260024675028,0.0024306246976701206,-0.011708449432907426,-0.007868218191412897,-0.0993964692482336,Train
2019-09-09,15.452667236328125,246.3822021484375,0.019081180789296548,0.0002560898780072929,0.0017215230135812338,0.017359657775715315,-0.00737009856578957,-0.09310389692172572,Train
2019-09-10,15.702667236328125,246.43612670898438,0.016178436782244843,0.00021886548653538007,0.0016659803531576417,0.014512456429087202,0.00286420041937689,0.03618244969567255,Train
2019-09-11,16.47333335876465,248.20872497558594,0.04907867630625118,0.007192931857328055,0.012072012121247307,0.03700666418500387,0.07643006648423147,0.9655144999958611,Train
2019-09-12,16.391332626342773,248.93760681152344,-0.004977786258313466,0.0029365681484774253,0.005721075147613462,-0.010698861405926928,0.046471467550972055,0.5870579187028145,Train
2019-09-13,16.34666633605957,248.8746337890625,-0.0027249944407460314,-0.000252967091905143,0.0009619571134255999,-0.0036869515541716313,0.05449296542970784,0.6883907170355664,Train
2019-09-16,16.187332153320312,248.05581665039062,-0.009747197346762881,-0.00329007872841669,-0.0035697290639719057,-0.006177468282790976,0.030955839371201558,0.3910543735900612,Train
2019-09-17,16.319332122802734,248.73069763183594,0.008154522822672039,0.002720681943921166,0.00539895049558647,0.002755572327085569,0.019198955269199926,0.24253373770136483,Train
2019-09-18,16.232667922973633,248.88369750976562,-0.005310523689140867,0.0006151226181021485,0.0022572371723764703,-0.007567760861517337,-0.025375469777321278,-0.3205595015315758,Train
2019-09-19,16.440000534057617,248.82972717285156,0.012772552981913154,-0.00021684962676971065,0.001015848124723713,0.01175670485718944,-0.0029199035142049093,-0.03688612755734487,Train
2019-09-20,16.041332244873047,247.4978485107422,-0.024249895148037104,-0.005352570519776223,-0.006647181150203204,-0.017602713997833898,-0.016835665957867174,-0.21267912416066134,Train
2019-09-23,16.082000732421875,247.66888427734375,0.002535231296753704,0.0006910596097329247,0.0023705430552387816,0.00016468824151492228,-0.010493509433561275,-0.13256086223655264,Train
2019-09-24,14.880666732788086,245.6173095703125,-0.0747005313345035,-0.008283538374299182,-0.011020489774444031,-0.06368004156005946,-0.07692912332070631,-0.9718189117817377,Train
2019-09-25,15.24666690826416,247.1199951171875,0.02459568391983602,0.006117995305395363,0.010468095078682516,0.014127588841153504,-0.05523377361803547,-0.6977490897342682,Train
2019-09-26,16.17066764831543,246.63270568847656,0.060603458159791845,-0.0019718737388282337,-0.0016028302320422818,0.062206288391834126,-0.004784190083390781,-0.06043701266704001,Train
2019-09-27,16.142000198364258,245.2494354248047,-0.0017728055869207227,-0.005608624613716473,-0.007029240467426022,0.0052564348805053,0.018074958794948415,0.22833468039637142,Train
2019-09-30,16.058000564575195,246.4608917236328,-0.005203793381044264,0.004939690469540681,0.008709941814505327,-0.01391373519554959,0.0039965353578839,0.05048684392521309,Train
2019-10-01,16.312667846679688,243.495361328125,0.015859214917846032,-0.012032458272662527,-0.016614267849423606,0.032473482767269635,0.100150059685213,1.2651609405766227,Train
2019-10-02,16.208667755126953,239.20089721679688,-0.006375418940066435,-0.017636738900915105,-0.02497643694192356,0.018601018001857126,0.10462348884591662,1.3216722183766327,Train
2019-10-03,15.535332679748535,241.0995330810547,-0.041541666813759925,0.007937411131602179,0.013182852564525213,-0.05472451937828514,-0.01230731892420265,-0.15547408793426495,Train
2019-10-04,15.428667068481445,244.4447021484375,-0.006866001099940178,0.013874639343487205,0.022041814051616926,-0.028907815151557104,-0.04647156895626505,-0.5870591997206819,Train
2019-10-07,15.847999572753906,243.3959197998047,0.027178790132110553,-0.004290468721207752,-0.005062414893441516,0.03224120502555207,-0.0003166287351633948,-0.0039998609052457,Train
2019-10-08,16.003332138061523,239.6167755126953,0.009801398882838708,-0.015526736398119412,-0.021828093936930755,0.03162949281976946,-0.0011606186826635667,-0.014661692951804013,Train
2019-10-09,16.302000045776367,241.8498992919922,0.018662857531057897,0.009319563601166037,0.015245167681980904,0.0034176898490769925,-0.0163439468354437,-0.20646740716937684,Train
2019-10-10,16.31599998474121,243.495361328125,0.0008587865860343324,0.00680364987105575,0.011491162943662807,-0.010632376357628474,0.027748196185212966,0.3505333306373658,Train
2019-10-11,16.525999069213867,246.03594970703125,0.012870745566869735,0.010433826603713614,0.016907763875655957,-0.004037018308786222,0.05261899302798385,0.6647174741654993,Train
2019-10-14,17.130666732788086,245.80990600585938,0.036588871936986234,-0.0009187425717299691,-3.144908965944937e-05,0.03662032102664568,0.05699810902907746,0.720037326557517,Train
2019-10-15,17.19266700744629,248.187744140625,0.0036192563678525413,0.009673483763949386,0.01577325334412989,-0.012153996976277347,0.01321461923303065,0.16693569779960363,Train
2019-10-16,17.316667556762695,247.79898071289062,0.007212409177860479,-0.001566408643909889,-0.0009978341746141358,0.008210243352474614,0.018007172736428274,0.22747836264853502,Train
2019-10-17,17.46466636657715,248.4679718017578,0.008546610329575488,0.0026997330131970365,0.005367692513939527,0.0031789178156359614,0.03181846690969271,0.4019516478542511,Train
2019-10-18,17.1299991607666,247.44639587402344,-0.019162530722660276,-0.004111499443274158,-0.004795374132331385,-0.01436715659032889,0.02148832862815004,0.2714545966728352,Train
2019-10-21,16.899999618530273,249.17324829101562,-0.01342671065408474,0.006978692944355158,0.011752345399448735,-0.025179056053533475,-0.04031104845202912,-0.5092354825898224,Train
2019-10-22,17.038667678833008,248.29624938964844,0.00820521085401027,-0.003519635062681048,-0.003912250970119124,0.012117461824129393,-0.016039589651622378,-0.20262256851261576,Train
2019-10-23,16.978666305541992,249.02859497070312,-0.0035214826899614415,0.0029494830584630982,0.005740345535425624,-0.009261828225387066,-0.033511661229484055,-0.4233411839657558,Train
2019-10-24,19.978666305541992,249.43545532226562,0.1766923235319593,0.001633789692345733,0.0037771943067220187,0.17291512922523727,0.13622455018011725,1.7208774570600789,Train
2019-10-25,21.875333786010742,250.47515869140625,0.09493463935290936,0.004168226075949688,0.007558836768921218,0.08737580258398814,0.23796750935443428,3.0061609439658117,Train
2019-10-28,21.847333908081055,251.93075561523438,-0.0012799748887760698,0.005811342455805946,0.010010537159823764,-0.011290512048599833,0.25185605335936795,3.1816100994805545,Train
2019-10-29,21.08133316040039,251.76806640625,-0.03506152059118439,-0.0006457695432503519,0.0003758550361066612,-0.03543737562729105,0.20430121590794748,2.580866344877573,Train
2019-10-30,21.000667572021484,252.6540985107422,-0.0038263988223681267,0.003519239421978515,0.0065904812386995216,-0.010416880061067647,0.2031461640722669,2.5662749759713783,Train
2019-10-31,20.994667053222656,251.8402862548828,-0.0002857299073112385,-0.003221053054972556,-0.0034667355860661594,0.003181005678754921,0.03341204052578455,0.4220827101956001,Train
2019-11-01,20.887332916259766,254.23626708984375,-0.005112447684490151,0.009513890214276621,0.01553512318310473,-0.020647570867594882,-0.07461133292579847,-0.9425390702589471,Train
2019-11-04,21.1646671295166,255.24884033203125,0.013277626893232641,0.003982804081329894,0.00728216788395091,0.0059954590092817315,-0.0573253618679169,-0.7241713980767335,Train
2019-11-05,21.148000717163086,254.92343139648438,-0.0007874639488315571,-0.001274869398519396,-0.000562827323821355,-0.00022463662501020208,-0.02211262286563605,-0.2793410890741072,Train
2019-11-06,21.77199935913086,255.05892944335938,0.029506271080336877,0.0005315244900507832,0.002132500077831662,0.027373771002505216,0.015678028197936813,0.1980550881710277,Train
2019-11-07,22.369333267211914,255.963134765625,0.027435877533706687,0.003545083970355245,0.0066290439906352494,0.02080683354307144,0.033303856062253334,0.42071605342008606,Train
2019-11-08,22.47599983215332,256.5869140625,0.004768428440276917,0.002436988816558072,0.00497565086825678,-0.00020722242797986245,0.05374420450186835,0.6789318801391137,Train
2019-11-11,23.006000518798828,256.08966064453125,0.02358073903734903,-0.0019379531484899903,-0.0015522171862401388,0.02513295622358917,0.07288170171617579,0.9206892395659355,Train
2019-11-12,23.32866668701172,256.59600830078125,0.014025304743831235,0.0019772280340237813,0.0042896400025142145,0.00973566474131702,0.082842003082503,1.0465142693727798,Train
2019-11-13,23.073999404907227,256.70452880859375,-0.010916495379750035,0.0004229236009209991,0.001970456265478487,-0.012886951645228522,0.042581280434769275,0.5379145351998604,Train
2019-11-14,23.290000915527344,257.0479736328125,0.009361251460125342,0.0013378993577275455,0.0033356951786376425,0.006025556281487699,0.027800003173185532,0.35118779033352404,Train
2019-11-15,23.47800064086914,258.9647521972656,0.008072121852793046,0.007456890390395321,0.012465865683074553,-0.004393743830281507,0.023613481770883887,0.2983009186558814,Train
2019-11-18,23.332666397094727,259.12750244140625,-0.006190230846208622,0.0006284648499832457,0.0022771451688637675,-0.00846737601507239,-0.009986850467777673,-0.12616041538991932,Train
2019-11-19,23.968000411987305,259.0008544921875,0.02722937893509192,-0.0004887476166193228,0.0006101480683112593,0.02661923086678066,0.006896715657685966,0.08712381496119864,Train
2019-11-20,23.481332778930664,258.0877990722656,-0.020304890883314552,-0.003525298870971194,-0.003920701960669266,-0.016384188922645287,0.0033994783802692025,0.04294443037347782,Train
2019-11-21,23.655332565307617,257.69000244140625,0.00741013246629163,-0.001541322884263896,-0.0009604036143177625,0.008370536080609392,0.005744458179390894,0.07256774620189582,Train
2019-11-22,22.202667236328125,258.259521484375,-0.06140963459164972,0.0022100936690325756,0.004637099729273664,-0.06604673432092338,-0.05590853231125098,-0.7062730820878826,Train
2019-11-25,22.422666549682617,260.2214660644531,0.009908688492819007,0.00759679476211228,0.012674617544496232,-0.0027659290516772253,-0.05020708534785582,-0.6342486816478919,Train
2019-11-26,21.92799949645996,260.74591064453125,-0.022061027047189374,0.0020153778549085732,0.004346563499792167,-0.02640759054698154,-0.10323390676161802,-1.304118110248236,Train
2019-11-27,22.086000442504883,261.9754943847656,0.0072054427979364455,0.004715639594097487,0.008375634625044901,-0.0011701918271084556,-0.08801990966608117,-1.1119249659224182,Train
2019-11-29,21.996000289916992,260.9718933105469,-0.0040749864522633406,-0.0038308967660339865,-0.004376685777743737,0.00030169932548039687,-0.09608874642121017,-1.2138557798486875,Train
2019-12-02,22.32466697692871,258.84716796875,0.014942111414791182,-0.008141586876823315,-0.010808683388653371,0.025750794803444554,-0.004291217296842252,-0.0542094585720273,Train
2019-12-03,22.413333892822266,257.02996826171875,0.003971701615311352,-0.007020357693272694,-0.00913569292899836,0.013107394544309712,0.011582106299144685,0.14631272857292008,Train
2019-12-04,22.20199966430664,258.6754150390625,-0.009428951066637326,0.00640177014560539,0.010891516630071403,-0.020320467696708727,0.0176692291494175,0.22320923861857186,Train
2019-12-05,22.024667739868164,259.1546630859375,-0.007987205077007897,0.0018527004075845621,0.004103831842993641,-0.012091036920001538,0.006748384056524415,0.08524999333160961,Train
2019-12-06,22.392667770385742,261.46014404296875,0.016708539482365836,0.008896158493072237,0.01461340326057424,0.0020951362217915964,0.008541820952835615,0.1079058591167491,Train
2019-12-09,22.635332107543945,260.66455078125,0.010836776557687555,-0.0030428854257343874,-0.0032008909681166932,0.014037667525804248,-0.0031713063248046923,-0.040062011998370214,Train
2019-12-10,23.256000518798828,260.42034912109375,0.027420335973247223,-0.0009368426179330314,-5.8456239545742967e-05,0.027478792212792966,0.01120009134367856,0.14148686624302254,Train
2019-12-11,23.51333236694336,261.09844970703125,0.011065180701923305,0.002603869429658845,0.005224654085185951,0.005840526616737354,0.03736108565712464,0.47196962657337876,Train
2019-12-12,23.978666305541992,263.39483642578125,0.019790216517877823,0.008795099018499286,0.014462612022441378,0.005327604495436445,0.05477972707256262,0.6920132773309451,Train
2019-12-13,23.892667770385742,263.494384765625,-0.0035864603168681564,0.00037794339932628596,0.0019033411303702357,-0.005489801447238392,0.04719478940353264,0.5961953925915126,Train
2019-12-16,25.433332443237305,265.3569030761719,0.06448273954410277,0.007068531316914317,0.011886393587283493,0.05259634595681928,0.08575346783454767,1.0832937929769615,Train
2019-12-17,25.266000747680664,265.41107177734375,-0.006579228102730705,0.0002041352629003068,0.0016440013287337294,-0.008223229431464436,0.05005144619029027,0.6322825461948018,Train
2019-12-18,26.209999084472656,265.4291687011719,0.03736239645598238,6.818450981316282e-05,0.0014411486771665866,0.03592124777881579,0.08013216735236871,1.0122818552142583,Train
2019-12-19,26.93600082397461,266.5322265625,0.02769941872802484,0.004155752235994736,0.007540224503430756,0.02015919422459408,0.09496375708152635,1.1996441800193247,Train
2019-12-20,27.03933334350586,267.8883056640625,0.003836223506470837,0.005087861678311878,0.008931028655899134,-0.005094805149428297,0.09535875337933644,1.204634031141056,Train
2019-12-23,27.947999954223633,268.1508483886719,0.0336053629419828,0.0009800454855934948,0.0028017400133475284,0.03080362292863527,0.07356603035115243,0.9293341256719634,Train
2019-12-24,28.350000381469727,268.1508483886719,0.014383871042812801,0.0,0.0013394103028117196,0.013044460740001082,0.09483372052261795,1.1980014733080655,Train
2019-12-26,28.729333877563477,269.5226745605469,0.013380370052541224,0.0051158748149346955,0.008972827166857059,0.004407542885684165,0.06332001562948632,0.799899778222054,Train
2019-12-27,28.691999435424805,269.5226745605469,-0.0012995234173469594,0.0,0.0013394103028117196,-0.0026389337201586788,0.040521887684733554,0.5118989414314569,Train
2019-12-30,27.64666748046875,268.0418395996094,-0.03643287242176041,-0.005494287125756614,-0.00685863705347276,-0.029574235368287648,0.0160424574658742,0.20265879661460232,Train
2019-12-31,27.8886661529541,268.7322998046875,0.008753267375039453,0.002575941898136147,0.00518298330593346,0.0035702840691059926,-0.011190881393655074,-0.1413705201412728,Train
2020-01-02,28.68400001525879,271.1126708984375,0.0285181750157113,0.008857778151268203,0.014556135802129114,0.013962039213582186,-0.01027330292007397,-0.12977906978829679,Train
2020-01-03,29.534000396728516,269.1319885253906,0.02963325829792085,-0.007305753605993837,-0.009561533289035197,0.039194791586956046,0.02451394578119791,0.30967616793506375,Train
2020-01-06,30.1026668548584,270.1404724121094,0.01925463704513497,0.0037471721300925687,0.006930580525903747,0.012324056519231224,0.03947693602058781,0.4986984297750177,Train
2020-01-07,31.270666122436523,269.39544677734375,0.03880052465815398,-0.0027579193451214845,-0.002775691962253372,0.04157621662040735,0.1106273880092828,1.3975173924736493,Train
2020-01-08,32.80933380126953,270.7855224609375,0.04920482578812169,0.005159982101489158,0.009038639822012189,0.0401661859661095,0.1472232899062863,1.859820718210946,Train
2020-01-09,32.089332580566406,272.6570129394531,-0.021945011900097344,0.006911338765482222,0.011651845965144425,-0.03359685786524177,0.09966439282746235,1.2590256797441277,Train
2020-01-10,31.876667022705078,271.875732421875,-0.006627297633174267,-0.00286543342184864,-0.002936114137560609,-0.0036911834956136584,0.05677841774489266,0.7172620428221966,Train
2020-01-13,34.990665435791016,273.6745300292969,0.09768895885093332,0.006616249237834326,0.011211541724279342,0.08647741712665398,0.1309317783523154,1.6540157077514268,Train
2020-01-14,35.861331939697266,273.31103515625,0.024882822120200876,-0.0013282013236962653,-0.0006424040984227711,0.02552522621862365,0.11488078795053171,1.4512491175193762,Train
2020-01-15,34.56666564941406,273.9197692871094,-0.03610201351305786,0.0022272577852970876,0.004662710374430085,-0.04076472388748795,0.033949878096934255,0.428877025541312,Train
2020-01-16,34.232666015625,276.20916748046875,-0.009662477636014799,0.008357915163690555,0.013810288279052845,-0.023472765915067646,0.044073970047108384,0.5567711649399897,Train
2020-01-17,34.03333282470703,277.14495849609375,-0.005822894156913949,0.0033879795669387036,0.006394627894495705,-0.012217522051409654,0.03554763149131238,0.44906088957089463,Train
2020-01-21,36.47999954223633,276.5725402832031,0.07189030619278935,-0.002065410880994545,-0.0017423973685059288,0.07363270356129528,0.022702917925953685,0.28679808167178067,Train
2020-01-22,37.97066879272461,276.6452941894531,0.04086264444061727,0.0002630554218270298,0.0017319163288174871,0.03913072811179978,0.036308419819129814,0.4586716644363971,Train
2020-01-23,38.14666748046875,276.9178771972656,0.004635122144013071,0.0009853159028463399,0.0028096040235889392,0.0018255181204241315,0.07889866182704189,0.9966994080790885,Train
2020-01-24,37.654666900634766,274.3921813964844,-0.012897603180825445,-0.009120739427675328,-0.012269680747761382,-0.0006279224330640633,0.10174350530904547,1.2852903860361866,Train
2020-01-27,37.201332092285156,270.0314636230469,-0.012039272835579595,-0.015892281446374223,-0.02237352513625774,0.010334252300678144,0.12429527966113327,1.5701791234032778,Train
2020-01-28,37.793331146240234,272.9567565917969,0.015913383222044608,0.010833155994123711,0.01750360482433724,-0.0015902216022926317,0.049072354497545365,0.6199140206961915,Train
2020-01-29,38.732666015625,272.684326171875,0.024854513769903885,-0.0009980717214093104,-0.0001498164248422574,0.02500433019474614,0.034945956580491724,0.4414601392719149,Train
2020-01-30,42.72066879272461,273.5382995605469,0.10296225866535558,0.003131728914017584,0.006012275290847081,0.0969499833745085,0.1300704218345761,1.6431344898512066,Train
2020-01-31,43.371334075927734,268.6324157714844,0.015230690473505337,-0.0179349063620855,-0.025421333779462135,0.040652024252967475,0.17135036852060764,2.1646097275136316,Train
2020-02-03,52.0,270.5855712890625,0.19894859376394902,0.007270736526598487,0.01218810477323648,0.18676048899071254,0.347776605210642,4.393341135709827,Train
2020-02-04,59.137332916259766,274.7555847167969,0.13725640223576474,0.015411070915084535,0.024334329621944158,0.11292207261382059,0.4622888994267552,5.839935199791403,Train
2020-02-05,48.97999954223633,277.8626403808594,-0.1717583947927872,0.011308434975999093,0.018212770456143293,-0.18997116524893048,0.2473134039830786,3.1242243867243134,Train
2020-02-06,49.930667877197266,278.8075256347656,0.01940931694254422,0.0034005480283751943,0.006413381345069658,0.012995935597474561,0.16335935620604466,2.0636620427311274,Train
2020-02-07,49.871334075927734,277.3902587890625,-0.001188323805631053,-0.005083316321811693,-0.0062454259060253465,0.0050571021003942935,0.12776443405347152,1.6140037466517472,Train
2020-02-10,51.41866683959961,279.37982177734375,0.031026496329857656,0.007172432791860084,0.012041425385312414,0.01898507094454524,-0.0400109839926958,-0.5054448724314562,Train
2020-02-11,51.62533187866211,279.8885498046875,0.004019260937028868,0.0018209190059159663,0.0040564106889904505,-3.714975196158262e-05,-0.152970206358478,-1.932419518919835,Train
2020-02-12,51.15266799926758,281.6874694824219,-0.009155657933695438,0.006427271422820624,0.010929567185761544,-0.020085225119456984,0.016915733770995513,0.21369059305130164,Train
2020-02-13,53.599998474121094,281.4149169921875,0.047843652551780025,-0.0009675705161297232,-0.00010430545688909,0.04794795800866911,0.05186775618219006,0.6552273598569544,Train
2020-02-14,53.33533477783203,281.8872985839844,-0.004937755668348531,0.0016785947129092094,0.003844048053526905,-0.008781803721875436,0.03802885035992033,0.48040526627372737,Train
2020-02-18,57.22666549682617,281.11505126953125,0.0729597130158357,-0.0027395605205782214,-0.0027482986881913318,0.07570801170402704,0.09475179111940213,1.196966487596033,Train
2020-02-19,61.16133117675781,282.4687194824219,0.06875580895325561,0.004815353026376146,0.00852441742819437,0.06023139152506125,0.15502033239642496,1.958318049531021,Train
2020-02-20,59.96066665649414,281.3603210449219,-0.019631105097986157,-0.003923968783272613,-0.004515558899479638,-0.015115546198506519,0.15999001131737542,2.0210982782972935,Train
2020-02-21,60.06666564941406,278.4441223144531,0.0017678087791648256,-0.010364641039783073,-0.01412571121890528,0.015893519998070108,0.1279355733067764,1.6161656894340217,Train
2020-02-24,55.58599853515625,269.1319885253906,-0.07459490327646512,-0.03344345612921973,-0.048561701675825526,-0.026033201600639592,0.11068417542801226,1.3982347682227851,Train
2020-02-25,53.32733154296875,261.0465087890625,-0.040633739641448896,-0.030042804575663884,-0.043487576163239755,0.002853836521790859,0.03783000024577609,0.47789326180528025,Train
2020-02-26,51.91999816894531,259.8926696777344,-0.026390470576789893,-0.004420051877654041,-0.005255766429101787,-0.021134704147688105,-0.04353609542697326,-0.5499763815673051,Train
2020-02-27,45.266666412353516,248.37303161621094,-0.1281458395846271,-0.04432459782650944,-0.06479749585313446,-0.06334834373149265,-0.09176889295995938,-1.1592845705516834,Train
2020-02-28,44.53266525268555,246.8739776611328,-0.016215047800994142,-0.006035494052327284,-0.007666174029976247,-0.008548873771017896,-0.11621128672904739,-1.4680568467544242,Train
2020-03-02,49.574668884277344,257.8939514160156,0.11322034293215233,0.04463805322571979,0.06794402448856998,0.04527631844358235,-0.04490176668482545,-0.5672284325249726,Train
2020-03-03,49.70066833496094,250.78048706054688,0.0025416095259802596,-0.02758290497474225,-0.03981715032664248,0.04235875985262274,-0.005396843353993562,-0.0681764487744116,Train
2020-03-04,49.96666717529297,261.1736145019531,0.0053520173720666975,0.04144312646979187,0.0631768617529038,-0.0578248443808371,-0.04208698358714255,-0.5316702547008463,Train
2020-03-05,48.30266571044922,252.42489624023438,-0.033302230445070524,-0.03349771100883292,-0.04864265559435908,0.015340425149288558,0.03660178529363865,0.4623776486447831,Train
2020-03-06,46.89866638183594,248.19125366210938,-0.029066704869448956,-0.016771889941061158,-0.023685992418979257,-0.005380712450469699,0.03976994661418685,0.5023999308960541,Train
2020-03-09,40.53333282470703,229.04022216796875,-0.13572525720249962,-0.07716239477243259,-0.11379490139037415,-0.021930355812125463,-0.027436727641520962,-0.3465986566398066,Train
2020-03-10,43.02199935913086,240.7947540283203,0.061398023823663106,0.05132081932635946,0.07791540598175543,-0.016517382158092328,-0.08631286965223603,-1.0903605219639576,Train
2020-03-11,42.28200149536133,228.8558807373047,-0.017200452670558586,-0.049581118738207475,-0.07264077130945053,0.05544031863889194,0.02695229336749301,0.34047896660963434,Train
2020-03-12,37.369998931884766,206.7214813232422,-0.11617242301113506,-0.0967176344464129,-0.14297335115854254,0.026800928147407477,0.03841279636561193,0.4852555228908299,Train
2020-03-13,36.44133377075195,226.03546142578125,-0.0248505535904755,0.09342996179646446,0.14074662251649595,-0.16559717610697144,-0.12180366729088982,-1.5387034492020075,Train
2020-03-16,29.67133331298828,199.50155639648438,-0.18577806455584012,-0.11738824015456217,-0.1738160429581918,-0.011962021597648309,-0.11183533307641266,-1.4127769432127941,Train
2020-03-17,28.68000030517578,212.56314086914062,-0.03341046380880208,0.06547109059489231,0.099029081206315,-0.13243954501511707,-0.22775749593343741,-2.8771813884507234,Train
2020-03-18,24.08133316040039,200.94371032714844,-0.1603440409986845,-0.054663430802170065,-0.08022410906121456,-0.08011993193746993,-0.36331774650979926,-4.589666979203847,Train
2020-03-19,28.50933265686035,201.1171417236328,0.1838768421567878,0.0008630844737664845,0.0026272220291486707,0.18124962012763912,-0.2088690545295676,-2.6385702646265536,Train
2020-03-20,28.50200080871582,192.35462951660156,-0.0002571736151377735,-0.04356919620045285,-0.06367035812594964,0.06341318451081186,0.020141306088215696,0.2544381284954042,Train
2020-03-23,28.952667236328125,186.4491424560547,0.015811747064244486,-0.030701039405122255,-0.04446973093235595,0.060281477996600434,0.09238480568246443,1.167065182183537,Train
2020-03-24,33.66666793823242,204.2296600341797,0.16281749323562988,0.0953639010826548,0.14363226090587738,0.0191852323297525,0.244009583027334,3.082488363390882,Train
2020-03-25,35.95000076293945,206.8492889404297,0.06782176450892674,0.01282687786784531,0.020478445046903708,0.04734331946202303,0.37147283442682694,4.6926873741194495,Train
2020-03-26,35.21066665649414,219.28102111816406,-0.020565621439638027,0.060100434675966374,0.0910155044583395,-0.11158112589797753,0.0786420884012103,0.9934582050506295,Train
2020-03-27,34.29066848754883,212.54490661621094,-0.026128393930185068,-0.03071909492031799,-0.04449667163735166,0.01836827770716659,0.03359718159756503,0.42442153309045794,Train
2020-03-30,33.47533416748047,219.41795349121094,-0.02377714859552571,0.03233691639296987,0.04958945000368961,-0.07336659859921532,-0.10005089499825073,-1.2639082275076188,Train
2020-03-31,34.93333435058594,216.1593780517578,0.04355446239344318,-0.014850997320889903,-0.02081982101110389,0.06437428340454707,-0.054861843923456166,-0.6930506310044248,Train
2020-04-01,32.104000091552734,206.42025756835938,-0.08099239055277141,-0.04505527620951277,-0.06588774393245192,-0.01510464662031949,-0.11730981000579868,-1.4819341099974852,Train
2020-04-02,30.29800033569336,211.24876403808594,-0.05625466454987249,0.023391630872892977,0.03624215441637036,-0.09249681896624284,-0.098225503074064,-1.2408486849473457,Train
2020-04-03,32.000667572021484,208.1271514892578,0.05619734693587186,-0.014776950592076954,-0.02070933559680132,0.07690668253267319,-0.0396870982485574,-0.5013533362508342,Train
2020-04-06,34.41600036621094,222.2840118408203,0.0754775752334993,0.0680202474797873,0.10283268818619046,-0.027355112952691163,0.0063243873979667575,0.079893790718968,Train
2020-04-07,36.36333465576172,222.40269470214844,0.05658223700690801,0.000533924416539211,0.0021360810175520308,0.05444615598935598,-0.0036037400172243272,-0.045524796731182766,Train
2020-04-08,36.589332580566406,229.95118713378906,0.006214994497730331,0.03394065185113826,0.05198238996698039,-0.04576739546925006,-0.034266488866154896,-0.43287665948903914,Train
2020-04-09,38.20000076293945,233.3648681640625,0.04402015748241661,0.014845242039508655,0.023490054138819407,0.020530103343597204,0.07876043344368515,0.9949532168930655,Train
2020-04-13,43.39666748046875,231.1012725830078,0.13603839302984921,-0.009699812996116108,-0.01313371868902504,0.14917211171887426,0.1510258626298862,1.9078572995042768,Train
2020-04-14,47.32600021362305,238.15689086914062,0.09054457315006381,0.03053041728101502,0.04689396559781188,0.04365060755225193,0.22203158313482935,2.804847919606907,Train
2020-04-15,48.65533447265625,232.97242736816406,0.028088878270565276,-0.021769109774888884,-0.031142363720623262,0.05923124199118854,0.22681666913666187,2.8652962501006365,Train
2020-04-16,49.680667877197266,234.14988708496094,0.021073401625000487,0.005054073265657877,0.008880612832937744,0.012192788792062743,0.2847768533979747,3.597487139117788,Train
2020-04-17,50.259334564208984,240.61219787597656,0.011647723586206471,0.027599034411111223,0.042520037727494575,-0.030872314141288104,0.23337443591308937,2.948138241498592,Train
2020-04-20,49.75733184814453,236.27658081054688,-0.009988248360573104,-0.018019107525315436,-0.025546970665160606,0.015558722304587502,0.09976104649880262,1.260246672024386,Train
2020-04-21,45.781333923339844,229.0566864013672,-0.07990777996173748,-0.03055696161004129,-0.04425475188957428,-0.0356530280721632,0.020457410874387474,0.2584313705349085,Train
2020-04-22,48.807334899902344,234.0950927734375,0.06609682849410836,0.021996329603937825,0.0341602199238036,0.03193660857030476,-0.0068372225464963035,-0.08637225913839511,Train
2020-04-23,47.04199981689453,234.04945373535156,-0.03616946277907396,-0.0001949593968213481,0.0010485106226327426,-0.0372179734017067,-0.056247984740265745,-0.710561266795143,Train
2020-04-24,48.34333419799805,237.4449462890625,0.02766324531628772,0.01450758589486112,0.022986236081880905,0.004677009234406816,-0.020698661364570825,-0.2614790042361194,Train
2020-04-27,53.25,240.87686157226562,0.10149622245552825,0.014453520013119725,0.022905564167812673,0.07859065828771558,0.04233327461855725,0.5347815638097935,Train
2020-04-28,51.27466583251953,239.76333618164062,-0.037095477323576875,-0.004622799314789816,-0.005558286674760683,-0.031537190648816195,0.046449112041904266,0.5867755093166577,Train
2020-04-29,53.367332458496094,245.94277954101562,0.040812876924676944,0.02577309549402318,0.039795547112179454,0.0010173298124974903,0.015529833284096996,0.19618299326492816,Train
2020-04-30,52.12533187866211,243.7977294921875,-0.023272674923369818,-0.008721744353834104,-0.011674338634142934,-0.011598336289226885,0.04114947039657681,0.5198269759878105,Train
2020-05-01,46.75466537475586,237.15283203125,-0.1030337133662409,-0.02725578074405499,-0.03932904697980602,-0.06370466638643488,-0.027232205224264887,-0.3440149959350801,Train
2020-05-04,50.74599838256836,237.90130615234375,0.08536758793631605,0.0031560834196369125,0.006048614744143973,0.07931897319217207,-0.026503890319808404,-0.3348144465549364,Train
2020-05-05,51.2140007019043,240.09190368652344,0.009222447764407393,0.009208009697840414,0.015078717665571197,-0.005856269901163804,-0.0008229695721560133,-0.010396288941289291,Train
2020-05-06,52.172000885009766,238.47633361816406,0.018705825945557253,-0.006728965215206717,-0.008700905070305773,0.027406731015863026,0.025566431631209523,0.3229718563463297,Train
2020-05-07,52.00266647338867,241.2967987060547,-0.003245695176505081,0.011827023021943273,0.018986557712204824,-0.022232252888709905,0.014932515031726504,0.1886372791198949,Train
2020-05-08,54.62799835205078,245.33111572265625,0.05048456274844226,0.01671931429772555,0.026286364701101024,0.02419819804734124,0.10283537946550261,1.2990836532505705,Train
2020-05-11,54.08599853515625,245.36770629882812,-0.0099216488475673,0.00014914771843788088,0.0015619541981068078,-0.011483603045674107,0.012032803227656442,0.15200622642787062,Train
2020-05-12,53.96066665649414,240.42965698242188,-0.002317270311292141,-0.020125098738104974,-0.028689328408612182,0.02637205809732004,0.04426113122614028,0.5591355071485484,Train
2020-05-13,52.73066711425781,236.16705322265625,-0.02279437261341355,-0.017729109683325306,-0.02511426374842334,0.002319891135009789,0.019174291345287052,0.24222216691175172,Train
2020-05-14,53.55533218383789,239.01487731933594,0.01563919280204029,0.012058515605031461,0.01933196870281159,-0.0036927759007713,0.03771376833322566,0.4764249443996838,Train
2020-05-15,53.27799987792969,240.09190368652344,-0.005178425650618879,0.004506105976610497,0.008062988693084184,-0.013241414343703063,0.0002741559421813554,0.003463316854378728,Train
2020-05-18,54.242000579833984,247.4304656982422,0.018093785504579962,0.030565637154097214,0.04694651730848907,-0.028852731803909105,-0.01709497281605364,-0.21595485769124853,Train
2020-05-19,53.867332458496094,245.0938720703125,-0.006907343337870575,-0.009443435436844339,-0.012751176727913175,0.0058438333900426,-0.037623197523331084,-0.47528079479662644,Train
2020-05-20,54.37066650390625,249.09176635742188,0.00934395713390801,0.016311686021927452,0.025678140953003182,-0.016334183819095172,-0.056277272477436045,-0.7109312486126497,Train
2020-05-21,55.17333221435547,247.3026885986328,0.01476284478490908,-0.007182404239817086,-0.009377483216270677,0.024140328001179757,-0.02844416857548499,-0.3593253082623369,Train
2020-05-22,54.45866775512695,247.8594970703125,-0.012953077701596039,0.002251526155396366,0.004698921304579886,-0.017651999006175922,-0.03285475323795785,-0.41504269333036475,Train
2020-05-26,54.591331481933594,251.0449981689453,0.0024360442933191173,0.012852043743674546,0.02051599514887113,-0.018079950855552012,-0.022081972289600755,-0.27895389098627865,Train
2020-05-27,54.68199920654297,254.7051239013672,0.0016608447192643094,0.014579560473691355,0.023093629633072068,-0.02143278491380776,-0.049358590593451115,-0.6235299419393875,Train
2020-05-28,53.72066879272461,254.2032012939453,-0.017580381620416863,-0.0019706027100430124,-0.0016009337250098047,-0.01597944789540706,-0.049003854669763,-0.6190486861490243,Train
2020-05-29,55.66666793823242,255.3440704345703,0.03622440280883765,0.004488020350718491,0.008036003059800541,0.028188399749037113,-0.04495578292190565,-0.5679108008982476,Train
2020-06-01,59.87333297729492,256.4576721191406,0.07556883131087,0.004361180906512052,0.007846745427927872,0.06772208588294212,0.0404183019672124,0.5105903790180016,Train
2020-06-02,58.770668029785156,258.566162109375,-0.018416628784101885,0.008221590614980068,0.013606877885570946,-0.03202350666967283,0.02647474615309158,0.3344462784131333,Train
2020-06-03,58.86399841308594,261.97991943359375,0.0015880436011630472,0.013202645297317517,0.021039129101313808,-0.01945108550015076,0.028456445566748576,0.35948039923146174,Train
2020-06-04,57.62533187866211,261.3136291503906,-0.021042854169221026,-0.002543287610148326,-0.0024554391092084646,-0.01858741506001256,0.025848478402143077,0.3265348553013226,Train
2020-06-05,59.04399871826172,267.99493408203125,0.024618805538279664,0.025568145654566665,0.03948974065338503,-0.014870935115105365,-0.017210856461999404,-0.2174187755657162,Train
2020-06-08,63.327999114990234,271.244384765625,0.0725560681818036,0.0121250451793955,0.019431237741495973,0.05312483044030763,-0.0318081119046339,-0.40182083666970414,Train
2020-06-09,62.711334228515625,269.3184814453125,-0.009737634144336038,-0.007100251391292889,-0.009254902628973414,-0.00048273151536262424,-0.0002673367503236955,-0.0033771723706737095,Train
2020-06-10,68.336669921875,267.638916015625,0.08970205725269786,-0.006236354150944368,-0.007965878170433607,0.09766793542313147,0.11685168417295853,1.4761467653728262,Train
2020-06-11,64.85600280761719,252.2134246826172,-0.0509341048991272,-0.057635457364157205,-0.08465868154380041,0.03372457664467321,0.1691636758776443,2.136985998385371,Train
2020-06-12,62.35200119018555,255.25282287597656,-0.03860863311078977,0.012050897755280454,0.019320602079338448,-0.057929235190128214,0.12610537580262146,1.5930454396500913,Train
2020-06-15,66.05999755859375,257.58038330078125,0.059468762792361796,0.009118647145914593,0.014945379451568517,0.04452338334079328,0.11750392870310711,1.4843863441193836,Train
2020-06-16,65.47533416748047,262.6187744140625,-0.008850490655781473,0.019560461277044583,0.030525651245379416,-0.039376141901160885,0.07861051831730885,0.9930593911391014,Train
2020-06-17,66.11933135986328,261.4139404296875,0.009835722116904755,-0.0045877679044963315,-0.005506016170149246,0.015341738287054001,-0.0037156788187686206,-0.04693888075563501,Train
2020-06-18,66.9306640625,261.6513366699219,0.012270733625858066,0.0009081238737467245,0.0026944254944000065,0.009576308131458058,-0.027863947331983774,-0.3519955746957485,Train
2020-06-19,66.72666931152344,260.1086730957031,-0.0030478518902198326,-0.005895874998585793,-0.007457847892624124,0.004409996002404291,0.03447528386054873,0.43551429417767823,Train
2020-06-22,66.28800201416016,261.8338317871094,-0.0065740925163715325,0.006632453546720152,0.01123572023708387,-0.017809812753455403,-0.027857912233699954,-0.35191933539399245,Train
2020-06-23,66.78533172607422,263.0204162597656,0.0075025599927995845,0.004531822585940759,0.008101360546667194,-0.0005988005538676098,0.010919429113593322,0.13794135771197372,Train
2020-06-24,64.0566635131836,256.2933654785156,-0.040857298187609414,-0.0255761544176335,-0.03682286995452554,-0.004034428233083871,-0.00845673740654455,-0.10683102821009224,Train
2020-06-25,65.73200225830078,259.0043640136719,0.02615401198303724,0.0105777163996994,0.017122462404250804,0.009031549578786435,-0.009001495959216173,-0.11371277391300519,Train
2020-06-26,63.982666015625,252.93438720703125,-0.026613159231048233,-0.023435809005597386,-0.03362925217572008,0.007016092944671849,-0.006395399016948616,-0.08079085585248205,Train
2020-06-29,67.29000091552734,256.62548828125,0.05169110801188981,0.0145931168750002,0.023113857192601988,0.02857725081928782,0.03999166455579461,0.5052008166911186,Train
2020-06-30,71.98733520507812,260.0478515625,0.0698073149894527,0.013336022482300036,0.021238141721824432,0.04856917326762826,0.08915963837729048,1.1263227631160293,Train
2020-07-01,74.64199829101562,261.8278503417969,0.03687680726581788,0.006844889387094488,0.011552696587190632,0.02532411067862725,0.1185181772890016,1.4971989944457242,Train
2020-07-02,80.57733154296875,263.14892578125,0.0795173412803385,0.005045587922478667,0.008867951819120068,0.07064938946121843,0.1801360171714336,2.2755957773032343,Train
2020-07-06,91.43866729736328,267.2318115234375,0.1347939370342961,0.015515494619884995,0.02449014064118625,0.11030379639310985,0.2834237206198716,3.5803934824225165,Train
2020-07-07,92.65733337402344,264.4610290527344,0.013327688522591696,-0.010368460457261475,-0.014131410186695764,0.02745909870928746,0.28230556850987126,3.566268254942451,Train
2020-07-08,91.05867004394531,266.4244079589844,-0.01725350030984496,0.007424076482204445,0.012416903922042356,-0.029670404231887316,0.20406599101035566,2.577894830396007,Train
2020-07-09,92.9520034790039,265.066650390625,0.020792456491456113,-0.005096220645701477,-0.006264680498282338,0.02705713698973845,0.20579901732146685,2.599787550227638,Train
2020-07-10,102.97666931152344,267.727294921875,0.10784776505418647,0.010037643465630408,0.01631661746240398,0.09153114759178249,0.2266807754520309,2.863579552353211,Train
2020-07-13,99.80400085449219,265.30517578125,-0.030809585105470272,-0.009046963782052164,-0.012159599817748851,-0.01864998528772142,0.09772699377119964,1.2345511899635142,Train
2020-07-14,101.12000274658203,268.8558349609375,0.013185863099901995,0.01338330158554868,0.021308687057101514,-0.008122823957199519,0.062145071104712665,0.785057111879565,Train
2020-07-15,103.06732940673828,271.2414245605469,0.019257581163604875,0.008873118189739015,0.014579024733659723,0.004678556429945153,0.09649403176654513,1.2189756089363342,Train
2020-07-16,100.04266357421875,270.4523010253906,-0.029346504366899673,-0.002909303165748889,-0.0030015723543902915,-0.02634493201250938,0.04309196276429731,0.5443658078041138,Train
2020-07-17,100.05599975585938,271.16796875,0.00013330494375263235,0.002646188336708599,0.005287798292272199,-0.005154493348519567,-0.053593678176004744,-0.6770303333141819,Train
2020-07-20,109.53333282470703,273.4250183105469,0.09472028755869433,0.008323437207392814,0.01375884358531783,0.0809614439733765,0.04601775108509318,0.5813262760804271,Train
2020-07-21,104.55733489990234,273.993896484375,-0.045429074387502544,0.002080563722161033,0.004443827587828437,-0.04987290197533098,0.0042676730669617136,0.05391203248846389,Train
2020-07-22,106.15533447265625,275.5535888671875,0.015283476518254346,0.005692434768894472,0.009833114534101002,0.005450361984153345,0.0050394786211699055,0.06366198415073404,Train
2020-07-23,100.87133026123047,272.25970458984375,-0.04977615338574293,-0.011953697612450132,-0.016496748759602737,-0.033279404626140194,-0.0018949939924609097,-0.02393880132897092,Train
2020-07-24,94.46666717529297,270.49822998046875,-0.06349339370613127,-0.006469832221513094,-0.008314251714692593,-0.05517914199143868,-0.05191964263538002,-0.6558828234096205,Train
2020-07-27,102.63999938964844,272.4707946777344,0.08652080631985237,0.007292338650082941,0.012220337386361422,0.07430046893349095,-0.05858061767526558,-0.7400286089748714,Train
2020-07-28,98.43267059326172,270.7825622558594,-0.040991122577997974,-0.006196012397848949,-0.007905684082512467,-0.03308543849548551,-0.041793154195420096,-0.5279584099873326,Train
2020-07-29,99.94066619873047,274.05810546875,0.015320072049045619,0.012096581056041611,0.019388766311468884,-0.004068694262423265,-0.0513122104419967,-0.6482093433584565,Train
2020-07-30,99.16600036621094,273.0579833984375,-0.007751257440881121,-0.0036493066629132986,-0.004105734473099101,-0.0036455229677820195,-0.02167832878363853,-0.27385480268552337,Train
2020-07-31,95.38400268554688,275.34259033203125,-0.03813804798718812,0.008366746524528956,0.013823465587176087,-0.0519615135743642,-0.018460700366564047,-0.2332076197745273,Train
2020-08-03,99.0,277.0766906738281,0.03790989277703116,0.006297973516213862,0.010736641272504925,0.027173251504526236,-0.06558791779552875,-0.8285493990664602,Train
2020-08-04,99.13333129882812,278.24188232421875,0.0013467807962437295,0.004205303764661661,0.007614160533581673,-0.006267379737337943,-0.0387698590373812,-0.48976617168205683,Train
2020-08-05,99.00133514404297,279.97601318359375,-0.001331501252462397,0.006232458050130285,0.010638885388760816,-0.011970386641223213,-0.04667155141618115,-0.5895855087202124,Train
2020-08-06,99.30533599853516,281.85687255859375,0.003070674289896047,0.00671793041701263,0.011363260610290743,-0.008292586320394696,-0.051318614768793826,-0.6482902469958569,Train
2020-08-07,96.84733581542969,282.003662109375,-0.024751944680411975,0.0005207946481800008,0.002116490038718534,-0.02686843471913051,-0.026225535913560125,-0.33129809196134336,Train
2020-08-10,94.57133483886719,282.90283203125,-0.02350091468597615,0.0031885044156847453,0.006096990239427439,-0.02959790492540359,-0.08299669234348994,-1.048468405112114,Train
2020-08-11,91.6259994506836,280.6181945800781,-0.031144060652225414,-0.008075696643855101,-0.010710368313771725,-0.02043369233845369,-0.0971630049446057,-1.2274265148852261,Train
2020-08-12,103.65066528320312,284.4626159667969,0.1312363947417745,0.013699829380171114,0.021780979420150826,0.10945541532162369,0.024262797018241203,0.30650349278973,Train
2020-08-13,108.06666564941406,283.97637939453125,0.042604650478076156,-0.001709316250970483,-0.001211067175263826,0.04381571765333998,0.07637110099197589,0.9647696093999083,Train
2020-08-14,110.04733276367188,283.97637939453125,0.01832819678811437,0.0,0.0013394103028117196,0.01698878648530265,0.12022832219640903,1.518802661446807,Train
2020-08-17,122.3759994506836,284.8939514160156,0.11203058154519474,0.0032311561385518495,0.006160631042299293,0.10586995050289545,0.2556961776247081,3.2301210563660465,Train
2020-08-18,125.80599975585938,285.490234375,0.028028374195693928,0.002092999714527588,0.004462383380783901,0.023565990814910027,0.2996958607780718,3.7859537807633354,Train
2020-08-19,125.23533630371094,284.2790832519531,-0.004536059116861502,-0.004242355699831002,-0.004990625265656782,0.0004545661487952808,0.19069501160524338,2.4089838888172057,Train
2020-08-20,133.45533752441406,285.1782531738281,0.06563643667445929,0.003162983050279733,0.00605890971007059,0.0595775269643887,0.2064568209162921,2.6080973547086304,Train
2020-08-21,136.6653289794922,286.19671630859375,0.024052926729070556,0.0035713211769510256,0.006668192629438725,0.01738473409963183,0.2068527685306213,2.6130992234817323,Train
2020-08-24,134.27999877929688,289.1051940917969,-0.017453806448256226,0.010162512766453302,0.0165029354356117,-0.03395674188386792,0.06702607614385792,0.8467171542768837,Train
2020-08-25,134.8893280029297,290.11444091796875,0.004537751185374361,0.0034909328742513956,0.0065482449278827844,-0.002010493742508423,0.04144959158643947,0.5236183028032619,Train
2020-08-26,143.54466247558594,293.0780029296875,0.06416619165356252,0.010215148209587799,0.01658147298662769,0.04758471866693483,0.08857974410457901,1.1189971600579318,Train
2020-08-27,149.25,293.66510009765625,0.039746079206424145,0.002003211302451735,0.004328409739182114,0.03541766946724203,0.06441988660743234,0.813794066506503,Train
2020-08-28,147.55999755859375,295.5736083984375,-0.011323299439907841,0.00649892786084072,0.011036486037802884,-0.022359785477710725,0.02467536703008979,0.311715346540838,Train
2020-08-31,166.10667419433594,294.5367736816406,0.1256890549105465,-0.003507873123094307,-0.0038947009339585044,0.129583755844505,0.1882158647584627,2.3776656872468904,Train
2020-09-01,158.35000610351562,297.2893371582031,-0.04669690804684601,0.009345398342475608,0.015283715800753286,-0.061980623847599295,0.1282457346533718,1.620083850064405,Train
2020-09-02,149.1233367919922,301.61993408203125,-0.05826756524083643,0.014566943319341386,0.023074803527611053,-0.08134236876844748,-0.0006813527820104942,-0.008607293188464983,Train
2020-09-03,135.6666717529297,291.1786804199219,-0.09023849203316048,-0.03461725331214238,-0.0503131290533942,-0.03992536297976628,-0.0760243852290188,-0.9603896695161551,Train
2020-09-04,139.44000244140625,288.84820556640625,0.027813247275265907,-0.008003590270258654,-0.0106027781110933,0.03841602538635921,-0.01524857436494887,-0.19262994696806662,Train
2020-09-08,110.06999969482422,280.911865234375,-0.21062824320390794,-0.027475816636869044,-0.03965736339794799,-0.17097087980595996,-0.3158032100154138,-3.9894323326020875,Train
2020-09-09,122.09333038330078,286.45355224609375,0.10923349433825735,0.019727493557792908,0.03077488076619999,0.07845861357205736,-0.17536397259575717,-2.215312194619281,Train
2020-09-10,123.77999877929688,281.4439697265625,0.013814582587770685,-0.017488289044596983,-0.024754934329432775,0.038569516917203464,-0.05545208691010621,-0.700506965773531,Train
2020-09-11,124.23999786376953,281.6550598144531,0.003716263443279244,0.0007500252646936989,0.002458525940133278,0.001257737503145966,-0.014268986427193963,-0.18025515257849825,Train
2020-09-14,139.8733367919922,285.3158874511719,0.12583177074233998,0.012997556795643517,0.020733115744081165,0.10509865499825881,0.052413643184705636,0.6621233608750459,Train
2020-09-15,149.9199981689453,286.7839050292969,0.07182685140266343,0.00514523600925032,0.0090166371199824,0.06281021428268102,0.2861947372733466,3.6153987739488835,Train
2020-09-16,147.25332641601562,285.6278381347656,-0.01778729846250804,-0.00403114287188866,-0.004675473777193639,-0.0131118246853144,0.19462429901597486,2.4586212127687053,Train
2020-09-17,141.14332580566406,283.1322021484375,-0.04149312452942333,-0.008737369587731303,-0.011697653106887132,-0.029795471422536197,0.1262593106762352,1.5949900454755979,Train
2020-09-18,147.38333129882812,279.83837890625,0.04421041843491591,-0.011633516841933256,-0.016019005776902767,0.06022942421181868,0.18523099738490792,2.339958893804204,Train
2020-09-21,149.79666137695312,276.8013916015625,0.016374511668703073,-0.010852647576638952,-0.014853867685385897,0.03122837935408897,0.11136072174073808,1.4067813429531666,Train
2020-09-22,141.41000366210938,279.5998840332031,-0.055986946823462835,0.010110109690737668,0.016424744600932198,-0.07241169142439503,-0.023861183966337976,-0.30143005451030425,Train
2020-09-23,126.78666687011719,273.12225341796875,-0.10341090738483938,-0.02316750107973986,-0.033228908867862186,-0.07018199851697719,-0.08093135779800077,-1.0223777507042238,Train
2020-09-24,129.26333618164062,273.87457275390625,0.0195341463945935,0.002754514970943145,0.005449432887821193,0.014084713506772307,-0.037051172868692264,-0.468054605891991,Train
2020-09-25,135.77999877929688,278.26025390625,0.05041385121376596,0.016013465975479813,0.02523316565276631,0.025180685560999647,-0.0720999115195113,-0.910813155381318,Train
2020-09-28,140.39999389648438,282.9211120605469,0.034025594039789775,0.016749996051779625,0.0263321450665883,0.007693448973201476,-0.09563484190039878,-1.208121761593614,Train
2020-09-29,139.69000244140625,281.3077697753906,-0.005056919415549199,-0.005702445722081673,-0.007169231310968091,0.002112311895418892,-0.021110838580584865,-0.26668589593379427,Train
2020-09-30,143.00332641601562,283.4731140136719,0.02371912031427703,0.0076974206578444004,0.012824761837941193,0.010894358476335839,0.059965518412728167,0.7575235792736472,Train
2020-10-01,149.3866729736328,285.2698974609375,0.04463774876849502,0.006338461598086376,0.010797053698167932,0.03384069507032709,0.07972149997628294,1.0070940368003118,Train
2020-10-02,138.3633270263672,282.6161804199219,-0.0737906918190171,-0.00930247833590292,-0.012540854085089299,-0.061249837733927795,-0.006709023318644494,-0.08475276279261171,Train
2020-10-05,141.89332580566406,287.554931640625,0.025512531789757986,0.017475118421616642,0.02741410299688239,-0.0019015712071244022,-0.016304043498970373,-0.2059633221706917,Train
2020-10-06,137.9933319091797,283.53765869140625,-0.02748539351192436,-0.013970454014815448,-0.019505958892646877,-0.007979434619277484,-0.02639579001366675,-0.3334488529105126,Train
2020-10-07,141.76666259765625,288.40264892578125,0.027344297266189477,0.017158180175529614,0.02694119819759391,0.00040309906859556724,-0.036887049421407025,-0.46598129135188265,Train
2020-10-08,141.97332763671875,290.9549865722656,0.0014577830589765917,0.008849910553842433,0.01454439652917152,-0.013086613470194929,-0.08381435796192903,-1.0587976910471708,Train
2020-10-09,144.6666717529297,293.54412841796875,0.01897077543397918,0.008898771168027508,0.014617301643115895,0.004353473790863286,-0.01821104643713796,-0.2300538283423092,Train
2020-10-12,147.43333435058594,298.28021240234375,0.01912439516394837,0.01613414654178147,0.025413233598776317,-0.006288838434827946,-0.022598313664841503,-0.28547665235069014,Train
2020-10-13,148.88333129882812,296.3730163574219,0.009834932884270176,-0.006393974409369507,-0.008201063975853478,0.01803599686012365,0.0034171178145596323,0.043167263223984995,Train
2020-10-14,153.76666259765625,294.5209045410156,0.032799718116372834,-0.006249259258382156,-0.007985133931825646,0.04078485204819848,0.043798870794162545,0.5532959315681589,Train
2020-10-15,149.6266632080078,294.17071533203125,-0.02692390743031925,-0.0011890130839102842,-0.000434720780262325,-0.026489186650056923,0.03039629761430055,0.38398587679956653,Train
2020-10-16,146.55667114257812,293.92193603515625,-0.02051768046956881,-0.0008456970184615997,7.754246668875068e-05,-0.02059522293625756,0.005447600887179702,0.06881765107253272,Train
2020-10-19,143.61000061035156,289.4807434082031,-0.020106014344170586,-0.015110109462608823,-0.021206443253403883,0.0011004289092332968,0.012836868231240946,0.1621637005164249,Train
2020-10-20,140.64666748046875,290.62335205078125,-0.020634587544658856,0.00394709723736919,0.007228889562117121,-0.027863477106775975,-0.03306260573565868,-0.4176684217854344,Train
2020-10-21,140.8800048828125,290.0981140136719,0.0016590325709362475,-0.001807280913261211,-0.0013572406318596547,0.0030162732027959023,-0.07083118458106126,-0.8947857683599866,Train
2020-10-22,141.92999267578125,291.6921081542969,0.007453064711647084,0.005494672538787659,0.009538032735390525,-0.002084968023743441,-0.04642696595474778,-0.5864957454848132,Train
2020-10-23,140.2100067138672,292.6871337890625,-0.012118551755604834,0.0034112189083952416,0.006429303406974191,-0.018547855162579025,-0.04437959818106925,-0.5606320590686997,Train
2020-10-26,140.0933380126953,287.29693603515625,-0.0008320996760948773,-0.018416244281482252,-0.026139539975693026,0.02530744029959815,-0.020172586790704397,-0.2548332867519933,Train
2020-10-27,141.55999755859375,286.347900390625,0.010469159823756513,-0.0033033267170490266,-0.0035894964397383223,0.014058656263494836,0.021749546579566417,0.27475447238082984,Train
2020-10-28,135.33999633789062,276.4888610839844,-0.043938975190562446,-0.03443028320861197,-0.05003415022905024,0.006095175038487791,0.024828448415258306,0.3136491705430734,Train
2020-10-29,136.94332885742188,279.4004821777344,0.011846701366300838,0.010530699436986035,0.017052308209893927,-0.005205606843593089,0.021707809595408658,0.2742272235474309,Train
2020-10-30,129.34666442871094,276.2585144042969,-0.05547305218949494,-0.011245391378525982,-0.015439882251618398,-0.04003316993787655,0.00022249482011113542,0.0028106998315328246,Train
2020-11-02,133.50332641601562,279.4741516113281,0.03213582666134873,0.011639956922106842,0.01870743565139638,0.013428391009952353,-0.01165655446953466,-0.14725320646749987,Train
2020-11-03,141.3000030517578,284.4036865234375,0.05840061701119437,0.01763860766259695,0.02765804593417746,0.030742571077016907,0.0050273603439874096,0.06350889816150385,Train
2020-11-04,140.32666015625,290.80755615234375,-0.006888484603579825,0.02251683059100751,0.03493686148681665,-0.041825346090396474,-0.042893160784896855,-0.5418544114051768,Train
2020-11-05,146.02999877929688,296.5019226074219,0.040643300543862226,0.019581219038528275,0.030556623982653377,0.01008667656120885,-0.02760087738009492,-0.3486723033086393,Train
2020-11-06,143.31666564941406,296.46502685546875,-0.01858065570474754,-0.00012443680509277577,0.0011537376581781658,-0.019734393362925706,-0.007302100805144079,-0.0922449048144244,Train
2020-11-09,140.4199981689453,300.1598815917969,-0.02021165833954497,0.012463037463536608,0.019935557353490403,-0.04014721569303537,-0.060877707508131804,-0.7690469474828325,Train
2020-11-10,136.7866668701172,299.77294921875,-0.02587474253102262,-0.001289087572246217,-0.0005840423165700834,-0.02529070021445254,-0.11691097879960125,-1.4768958138092447,Train
2020-11-11,139.0433349609375,301.8829345703125,0.0164977197153513,0.007038611579401666,0.011841750229664548,0.004655969485686752,-0.07042966322351803,-0.8897134884235823,Train
2020-11-12,137.25332641601562,299.0910949707031,-0.012873745767280065,-0.00924808685718903,-0.012459696346502168,-0.00041404942077789657,-0.08093038920550477,-1.0223655148114332,Train
2020-11-13,136.1666717529297,303.1544494628906,-0.007917146283160204,0.013585675269220276,0.021610649623751508,-0.02952779590691171,-0.09072379174949077,-1.146082169728457,Train
2020-11-16,136.02999877929688,306.83099365234375,-0.0010037182511209997,0.012127627339684421,0.01943509059298436,-0.02043880884410536,-0.07101538490056077,-0.8971127070578266,Train
2020-11-17,147.20333862304688,305.3014221191406,0.08213879250177958,-0.004985062020612552,-0.006098820278078978,0.08823761277985856,0.04251292809375033,0.5370510638017809,Train
2020-11-18,162.2133331298828,301.59735107421875,0.10196775866118779,-0.012132505047671827,-0.016763548034568067,0.11873130669575585,0.15658826530381942,1.9781252016996294,Train
2020-11-19,166.42333984375,302.8596496582031,0.025953518324515645,0.004185376892364534,0.00758442756931982,0.018369090755195827,0.17537140547979313,2.215406091663254,Train
2020-11-20,163.20333862304688,300.8326110839844,-0.019348255020757876,-0.00669299649691335,-0.008647236004753749,-0.010701019016004128,0.19419818237070074,2.4532382290997505,Train
2020-11-23,173.9499969482422,302.6108703613281,0.06584827501609536,0.0059111253628261196,0.010159423626507368,0.05568885138958799,0.2703258426043941,3.414932535901822,Train
2020-11-24,185.1266632080078,307.5128173828125,0.06425217853318599,0.01619884644471381,0.025509772577545706,0.03874240595564028,0.2208306357801758,2.7896767685404757,Train
2020-11-25,191.3333282470703,307.0060119628906,0.03352658623835669,-0.0016480790109342225,-0.0011196948493742704,0.03464628108773096,0.13674561017215092,1.72745982707254,Train
2020-11-27,195.25332641601562,307.8813781738281,0.020487795852708768,0.002851299899115034,0.005593846058514101,0.014893949794194667,0.13327046921114977,1.6835595775801704,Train
2020-11-30,189.1999969482422,306.4992980957031,-0.031002439645386293,-0.004489001856243124,-0.005358646962417612,-0.02564379268296868,0.11832769554418521,1.494792704682223,Train
2020-12-01,194.9199981689453,309.8716125488281,0.030232565079099327,0.01100268246641134,0.017756555938130084,0.012476009140969243,0.07511485329556646,0.9488998683115638,Train
2020-12-02,189.60667419433594,310.5258483886719,-0.027258998689319136,0.0021113125996357063,0.004489708108434693,-0.03174870679775383,0.00462374054217235,0.05841010930701166,Train
2020-12-03,197.7933349609375,310.4336853027344,0.04317707064578702,-0.0002967968251781361,0.0008965585966096746,0.04228051204917734,0.01225797150361873,0.15485069909917873,Train
2020-12-04,199.67999267578125,313.1057434082031,0.00953853028069096,0.008607500512912925,0.014182695556926592,-0.004644165276235632,-0.007280143566811569,-0.09196752664422123,Train
2020-12-07,213.9199981689453,312.5252685546875,0.07131413268972531,-0.0018539259203522729,-0.0014268398297745415,0.07274097251949985,0.09110462163565695,1.1508930614892416,Train
2020-12-08,216.6266632080078,313.4281921386719,0.01265269756091203,0.0028891218561624132,0.005650280348875123,0.007002417212036907,0.08563102970672462,1.0817470746080866,Train
2020-12-09,201.4933319091797,310.6456298828125,-0.06985904262531573,-0.008877830155840871,-0.011907234871126344,-0.057951807754189386,0.059427928750289065,0.7507323956726238,Train
2020-12-10,209.02333068847656,310.4981994628906,0.03737095767859411,-0.0004745935746062191,0.0006312673698785732,0.03673969030871554,0.05388710700982726,0.6807371179187847,Train
2020-12-11,203.3300018310547,310.1020812988281,-0.027237767375868138,-0.0012757502772889895,-0.0005641416864862439,-0.026673625689381895,0.031857646596681,0.4024465912401803,Train
2020-12-14,213.27667236328125,308.6830139160156,0.048918853305726984,-0.004576129824311104,-0.005488650945087115,0.0544075042508141,0.013524178327995254,0.17084625039418477,Train
2020-12-15,211.0833282470703,312.94915771484375,-0.010284031966116491,0.01382046826842509,0.021960985178182523,-0.03224501714429902,-0.02572325602834067,-0.3249529645194394,Train
2020-12-16,207.58999633789062,313.4281921386719,-0.016549539644792777,0.001530710059506335,0.0036233887825213827,-0.02017292842731416,0.012055623298534556,0.15229450446212167,Train
2020-12-17,218.63333129882812,315.1329650878906,0.053197818564255206,0.005439118088217398,0.009455139721938002,0.0437426788423172,0.01905861183213622,0.24076082777602517,Train
2020-12-18,231.6666717529297,313.8706359863281,0.059612778969587055,-0.004005703120301685,-0.004637515024134584,0.06425029399372163,0.10998253151523975,1.3893711442227266,Train
2020-12-21,216.6199951171875,312.903076171875,-0.06494968189377415,-0.003082670704166346,-0.0032602547380112716,-0.06168942715576287,-0.006114399891337226,-0.0772410914371923,Train
2020-12-22,213.44667053222656,312.2859802246094,-0.01464926902636221,-0.0019721632488095553,-0.001603262211020203,-0.013046006815342008,0.013084610437619784,0.1652933418149718,Train
2020-12-23,215.32666015625,312.5357971191406,0.008807772074100217,0.0007999619270502301,0.002533036629772064,0.006274735444328153,0.0395322743092621,0.49939749916717907,Train
2020-12-24,220.58999633789062,313.7847900390625,0.02444349518922251,0.003996319562222128,0.007302334385966809,0.0171411608032557,0.012930756270200593,0.1633497555228067,Train
2020-12-28,221.22999572753906,316.5140380859375,0.002901307404113318,0.008697834100037882,0.014317482656356068,-0.01141617525224275,-0.06273571297576379,-0.7925184856168519,Train
2020-12-29,221.99667358398438,315.84796142578125,0.003465523985226371,-0.0021044142755380912,-0.0018005944863858593,0.00526611847161223,0.004219832651611313,0.05330768112739101,Train
2020-12-30,231.5933380126953,316.2735290527344,0.0432288658824449,0.0013473812686080056,0.0033498431750285983,0.0398790227074163,0.05714486217436962,0.7218912081020111,Train
2020-12-31,235.22332763671875,317.975830078125,0.01567398119122254,0.005382369591565794,0.009370465067647207,0.006303516123575334,0.0571736428536168,0.7222547844327816,Train
2021-01-04,243.2566680908203,313.66448974609375,0.03415197180829077,-0.01355870454358743,-0.018891585892694216,0.05304355770098498,0.09307603975134608,1.1757973022391182,Train
2021-01-05,245.0366668701172,315.7276611328125,0.007317368906131216,0.006577637744039411,0.011153929363042577,-0.0038365604569113605,0.10065565454667748,1.2715479449627574,Train
2021-01-06,251.9933319091797,317.64276123046875,0.028390302267496503,0.006065670935466949,0.010390021681216631,0.018000280586279872,0.11338981666134512,1.43241419475918,Train
2021-01-07,272.0133361816406,322.3890075683594,0.07944656360858104,0.014942088777672335,0.023634559536443344,0.0558120040721377,0.1293227980260665,1.6336900177885392,Train
2021-01-08,293.3399963378906,324.202392578125,0.07840299470467449,0.005624835112844506,0.009732248822338651,0.06867074588233583,0.19169002778482702,2.4215535828304473,Train
2021-01-11,270.39666748046875,322.0837097167969,-0.07821411721500826,-0.006535062386430646,-0.00841158189944858,-0.06980253531555969,0.06884393476828235,0.8696815312761689,Train
2021-01-12,283.14666748046875,322.1114501953125,0.047152947996006445,8.612816382425059e-05,0.001467922473650225,0.04568502552235622,0.11836552074754993,1.4952705373466948,Train
2021-01-13,284.8033447265625,322.9162902832031,0.005850950889994211,0.0024986385532168587,0.005067638681973669,0.0007833122080205422,0.10114855236929059,1.2777745520643948,Train
2021-01-14,281.6666564941406,321.8246765136719,-0.011013523157297866,-0.0033804852910142014,-0.0037046250503900225,-0.007308898106907844,0.03802765019024505,0.4803901049468145,Train
2021-01-15,275.38665771484375,319.5300598144531,-0.02229585445953386,-0.00713002099179072,-0.009299321966564054,-0.012996532492969805,-0.043639628185060585,-0.5512842749626157,Train
2021-01-19,281.51666259765625,322.0559997558594,0.022259629183487784,0.007905171559987378,0.013134747773349404,0.00912488141013838,0.03528778854063748,0.4457783837699859,Train
2021-01-20,283.48333740234375,326.4320373535156,0.00698599786790699,0.013587815786613389,0.02161384349814395,-0.01462784563023696,-0.025025082611955695,-0.316133182095589,Train
2021-01-21,281.663330078125,326.7373352050781,-0.006420156263490129,0.0009352570110385816,0.002734910954906874,-0.009155067218397003,-0.03496346203837324,-0.44168127964495335,Train
2021-01-22,282.21331787109375,325.5715637207031,0.0019526425140830028,-0.003567916362062773,-0.0039842916861746805,0.005936934200257683,-0.021717629731207715,-0.27435127791427977,Train
2021-01-25,293.6000061035156,326.89459228515625,0.040347806114603646,0.0040637104461251905,0.007402888587990441,0.0329449175266132,0.024223820288375292,0.3060111132906788,Train
2021-01-26,294.36334228515625,326.40435791015625,0.0025999188207492807,-0.0014996711067412072,-0.0008982548338137941,0.003498173654563075,0.018597112532799987,0.23493086732009658,Train
2021-01-27,288.0533447265625,318.484619140625,-0.02143608477064074,-0.024263581590142858,-0.03486437489373844,0.013428290123097701,0.046653248286134645,0.5893542916315965,Train
2021-01-28,278.4766540527344,321.15850830078125,-0.033246240146660666,0.008395661829357026,0.013866610226849296,-0.047112850373509964,0.008695465131021686,0.10984679268782228,Train
2021-01-29,264.510009765625,314.7284240722656,-0.05015373491403896,-0.020021528504838848,-0.02853479085759182,-0.02161894405644714,-0.018860413125683137,-0.23825705231482816,Train
2021-02-01,279.9366760253906,319.9002380371094,0.058321672867634566,0.016432624349353997,0.025858593505397976,0.032463079362236594,-0.019342251290059745,-0.24434394659291941,Train
2021-02-02,290.92999267578125,324.4983215332031,0.039270726531715816,0.014373491949575712,0.02278615398051286,0.016484572551202958,-0.006355852393419861,-0.08029127708460584,Train
2021-02-03,284.89666748046875,324.8221435546875,-0.020738065332563282,0.0009979158596393756,0.002828404468507846,-0.02356646980107113,-0.04335061231758869,-0.5476332378301206,Train
2021-02-04,283.3299865722656,328.4582214355469,-0.005499119810906672,0.011194057896016574,0.01804210796677783,-0.0235412277776845,-0.01977898972176323,-0.2498611116028722,Train
2021-02-05,284.07666015625,329.7720642089844,0.0026353496607176563,0.004000030103357588,0.007307870898939226,-0.00467252123822157,-0.0028325669035376595,-0.03578283447049246,Train
2021-02-08,287.8066711425781,332.2052001953125,0.0131302972383458,0.007378235606962047,0.012348504572410815,0.0007817926659349859,-0.034513853599839266,-0.43600153230606264,Train
2021-02-09,283.1533203125,331.9369201660156,-0.016168321643152184,-0.0008075732382850642,0.00013442710852384194,-0.016302748751676026,-0.06730117490271825,-0.8501923814071037,Train
2021-02-10,268.2733459472656,331.807373046875,-0.052550944303998315,-0.00039027631839150256,0.0007570774783746828,-0.053308021782373,-0.09704272688402012,-1.2259070838959738,Train
2021-02-11,270.5533447265625,332.3439636230469,0.008498789811735685,0.0016171749628242083,0.0037524034036782398,0.0047463864080574455,-0.06875511269827818,-0.868559472897136,Train
2021-02-12,272.0400085449219,334.0369873046875,0.005494900903412869,0.005094191160218919,0.008940472900662284,-0.0034455719972494147,-0.067528163457306,-0.8530598490264442,Train
2021-02-16,265.40667724609375,333.72235107421875,-0.024383660823671716,-0.0009419203334561921,-6.603271878095939e-05,-0.024317628104890757,-0.09262758422813175,-1.1701321192792682,Train
2021-02-17,266.04998779296875,333.7964782714844,0.0024238672272682837,0.00022212236317709078,0.001670839951560709,0.0007530272757075747,-0.07557180820074814,-0.9546724210135582,Train
2021-02-18,262.4599914550781,332.37164306640625,-0.013493691045324274,-0.004268574708925721,-0.005029746751897594,-0.00846394429342668,-0.030727730711801838,-0.38817275607543444,Train
2021-02-19,260.4333190917969,331.760986328125,-0.007721833533733569,-0.0018372708713879637,-0.0014019887659321437,-0.006319844767801425,-0.041793961887660706,-0.5279686132830473,Train
2021-02-22,238.1666717529297,329.15216064453125,-0.08549845855559934,-0.007863569832209039,-0.01039385306664172,-0.07510460548895763,-0.11345299537936893,-1.4332123095737956,Train
2021-02-23,232.94667053222656,329.5683288574219,-0.021917429429917368,0.0012643642140330869,0.003225973102495628,-0.025143402532412994,-0.11427876980689117,-1.4436440312793237,Train
2021-02-24,247.33999633789062,333.2135925292969,0.06178807266392261,0.01106072201935393,0.01784315698257321,0.0439449156813494,-0.07108688140124933,-0.8980158975336325,Train
2021-02-25,227.4066619873047,325.2199401855469,-0.08059082496045267,-0.023989574624111998,-0.0344555280256994,-0.04613529693475327,-0.10875823404257592,-1.3739050192206101,Train
2021-02-26,225.1666717529297,323.43438720703125,-0.009850152211020369,-0.005490293668638291,-0.006852678400453368,-0.002997473810567001,-0.1054358630853415,-1.3319346601573117,Train
2021-03-01,239.47666931152344,331.32623291015625,0.06355291148192554,0.024400144249576705,0.037746961178787425,0.02580595030313812,-0.0045253072932457394,-0.05716663624082046,Train
2021-03-02,228.81333923339844,328.7635192871094,-0.044527636486599076,-0.007734713911837443,-0.010201586642779044,-0.03432604984382003,-0.013707954604652777,-0.17316783230599297,Train
2021-03-03,217.73333740234375,324.42437744140625,-0.048423758283395624,-0.01319836779674377,-0.018353926020317775,-0.03006983226307785,-0.08772270254908002,-1.1081704515779123,Train
2021-03-04,207.14666748046875,320.4275207519531,-0.04862218183112754,-0.012319840823844963,-0.017043072480495563,-0.031579109350631976,-0.07316651496495874,-0.9242871864753184,Train
2021-03-05,199.31666564941406,326.302490234375,-0.037799313531283074,0.01833478431763602,0.028696813849963095,-0.06649612738124616,-0.1366651685356379,-1.7264436358008404,Train
2021-03-08,187.6666717529297,324.701904296875,-0.05844967282854319,-0.004905221337263899,-0.005979689681503132,-0.05246998314704005,-0.21494110198581606,-2.7152763324523668,Train
2021-03-09,224.52667236328125,329.2445373535156,0.1964120760817838,0.013990164506356928,0.022214189599958523,0.17419788648182527,-0.006417165660170754,-0.08106582630081402,Train
2021-03-10,222.68666076660156,331.2799987792969,-0.00819506910832657,0.006182217758698094,0.010563921652988105,-0.018758990761314674,0.004893675841592414,0.061820108246428605,Train
2021-03-11,233.1999969482422,334.7770690917969,0.04721134236531421,0.010556237398533064,0.01709041350241933,0.030120928862894882,0.06659371405511927,0.8412552740885184,Train
2021-03-12,231.2433319091797,335.2490234375,-0.008390501992574073,0.0014097570869577858,0.003442914378082639,-0.011833416370656713,0.12125642506570872,1.5317903281263983,Train
2021-03-15,235.97999572753906,337.1918640136719,0.020483461206222797,0.0057952162134606855,0.009986475130410412,0.010496986075812386,0.18422339428856116,2.3272301936405815,Train
2021-03-16,225.6266632080078,336.81256103515625,-0.04387377195940434,-0.0011248876945033626,-0.0003390390353761343,-0.04353473292402821,-0.033509225117292325,-0.42331040940604486,Train
2021-03-17,233.93666076660156,337.91351318359375,0.03683074261011732,0.00326873838984465,0.006216707666764333,0.030614034943352984,0.015863800587375333,0.20040188628272076,Train
2021-03-18,217.72000122070312,332.9452819824219,-0.06932072763951169,-0.01470267097152922,-0.02059850268382841,-0.048722224955683284,-0.06297935323120284,-0.7955963083930185,Train
2021-03-19,218.2899932861328,332.3531494140625,0.0026180050626212203,-0.001778468115942955,-0.0013142489440436374,0.0039322540066648575,-0.04721368285388126,-0.596434066991597,Train
2021-03-22,223.3333282470703,334.9807434082031,0.023103830299388672,0.007906030073050463,0.013136028764055943,0.00996780153533273,-0.04774286739436091,-0.603119071604437,Train
2021-03-23,220.72000122070312,332.5197448730469,-0.01170146456365928,-0.007346686588958096,-0.009622609553361076,-0.0020788550102982042,-0.00628698948063091,-0.07942135581058209,Train
2021-03-24,210.08999633789062,330.6786193847656,-0.04816058727810224,-0.005536890716021037,-0.006922206037499488,-0.04123838124060275,-0.07813940566458664,-0.9871079885267714,Train
2021-03-25,213.4633331298828,332.5382080078125,0.016056627401557888,0.005623552640042773,0.009730335239644278,0.00632629216191361,-0.02309088854698975,-0.291699179857532,Train
2021-03-26,206.23666381835938,337.9631652832031,-0.03385438241576755,0.016313786340194536,0.02568127484612211,-0.059535657261889655,-0.08655879981554426,-1.093467272351378,Train
2021-03-29,203.76333618164062,337.7588195800781,-0.01199266702111268,-0.0006046389787885964,0.0004372261125594136,-0.012429893133672093,-0.10895649448454908,-1.376409574565203,Train
2021-03-30,211.8733367919922,336.8953552246094,0.039801078851212424,-0.002556452431182299,-0.002475082390275371,0.042276161241487795,-0.06460147823276308,-0.8160880504764216,Train
2021-03-31,222.64332580566406,338.2323913574219,0.05083220558444013,0.0039686986242986055,0.007261121076225402,0.04357108450821472,0.02020798751605439,0.25528049182727397,Train
2021-04-01,220.5833282470703,341.8161315917969,-0.009252455923119962,0.010595496841661056,0.017148992671395746,-0.02640144859451571,-0.012519753240374928,-0.15815769691167383,Train
2021-04-05,230.35000610351562,346.7461853027344,0.04427659122771899,0.014423115983376311,0.02286019819585793,0.021416393031861058,0.06843229705337578,0.8644814549087166,Train
2021-04-06,230.5399932861328,346.5511474609375,0.0008247761127986308,-0.0005624801369525922,0.0005001314857128187,0.0003246446270858121,0.08118683481413369,1.025605103169538,Train
2021-04-07,223.6566619873047,346.9875793457031,-0.029857428208930892,0.0012593577830088964,0.0032185029871407388,-0.033075931196071634,0.005834742376574255,0.07370827512605953,Train
2021-04-08,227.93333435058594,348.6773986816406,0.01912159613436426,0.004869970674811874,0.008605912635509975,0.010515683498854286,-0.027220658632786183,-0.34386913185290613,Train
2021-04-09,225.67333984375,351.1841735839844,-0.009915155733034697,0.007189381680091422,0.012066714887876907,-0.021981870620911604,-0.02280108065918208,-0.2880381374070559,Train
2021-04-12,233.9933319091797,351.3420104980469,0.03686741230129442,0.00044944199065599655,0.0020100244587461405,0.034857387842548285,-0.009360085848494848,-0.11824271551291078,Train
2021-04-13,254.10667419433594,352.29827880859375,0.0859569036478478,0.0027217590893593435,0.005400557708516858,0.08055634593933095,0.07087161546375029,0.8952965176668963,Train
2021-04-14,244.07666015625,351.16558837890625,-0.03947166704647498,-0.0032151460788228947,-0.003457921763799691,-0.036013745282675286,0.06793380137714664,0.8581841320654376,Train
2021-04-15,246.28334045410156,354.93511962890625,0.009040931223980753,0.010734341218914256,0.017356162910923192,-0.00831523168694244,0.049102886191349907,0.6202997169860646,Train
2021-04-16,246.5933380126953,356.17919921875,0.0012587029151958085,0.003505090144769074,0.0065693690467144294,-0.005310666131518621,0.06577409068074289,0.8309012565022692,Train
2021-04-19,238.2100067138672,354.42449951171875,-0.03399658468630862,-0.00492645194014707,-0.006011367947282651,-0.027985216739025966,0.0029314860991686426,0.03703244633272139,Train
2021-04-20,239.663330078125,351.8248596191406,0.006101017267521991,-0.007334819957874217,-0.009604903306607217,0.015705920574129208,-0.0619189392660331,-0.782200466854915,Train
2021-04-21,248.0399932861328,355.1300048828125,0.034951793439894185,0.009394291430258273,0.01535666936867991,0.019595124071214276,-0.006310069912143536,-0.07971292289035427,Train
2021-04-22,239.89666748046875,351.8712158203125,-0.03283069676699324,-0.00917632702867599,-0.012352623225101046,-0.020478073541892194,-0.01847291176709329,-0.23336188215867262,Train
2021-04-23,243.13333129882812,355.6221618652344,0.013491908213451476,0.01065999682917318,0.01724523335558302,-0.0037533251421315444,-0.016915570777706213,-0.21368853401365506,Train
2021-04-26,246.06666564941406,356.3927001953125,0.012064715006025573,0.0021667331586892047,0.00457240134183024,0.007492313664195333,0.018561959625515087,0.23448679284441123,Train
2021-04-27,234.913330078125,356.2813415527344,-0.04532647907368281,-0.000312460503588019,0.0008731867606574087,-0.04619966583434022,-0.04334362678295434,-0.5475449919958575,Train
2021-04-28,231.46665954589844,356.1141357421875,-0.014672094304228334,-0.00046930835563308015,0.0006391534658248529,-0.015311247770053186,-0.0782499986242218,-0.9885050709975453,Train
2021-04-29,225.6666717529297,358.49102783203125,-0.02505755171974844,0.006674523281391176,0.011298492653087135,-0.03635604437283557,-0.09412796945516519,-1.18908596504858,Train
2021-04-30,236.47999572753906,356.1234436035156,0.04791723957558203,-0.006604305393174137,-0.008514899661222179,0.05643213923680421,-0.03394250507622944,-0.42878388473002227,Train
2021-05-03,228.3000030517578,356.93121337890625,-0.034590632711300695,0.0022682297105101057,0.004723844744637978,-0.039314477455938676,-0.08074929619636345,-1.0200778296867592,Train
2021-05-04,224.53334045410156,354.7586975097656,-0.01649874089928205,-0.006086651398667042,-0.007742506106971119,-0.00875623479231093,-0.043305865154334156,-0.5470679624490656,Train
2021-05-05,223.64666748046875,354.8236999511719,-0.003948959080373515,0.00018323001483122603,0.0016128085261476071,-0.005561767606521122,-0.03355638499080209,-0.42390616371827017,Train
2021-05-06,221.17999267578125,357.711181640625,-0.011029338520784915,0.008137792627297635,0.013481842579687235,-0.02451118110047215,-0.021711521718438667,-0.2742741175091414,Train
2021-05-07,224.1233367919922,360.2643737792969,0.013307460953421169,0.007137579896054014,0.01198942124286737,0.001318039710553798,-0.07682562124468907,-0.9705114059823684,Train
2021-05-10,209.67999267578125,356.7362976074219,-0.06444373139784076,-0.00979301987277914,-0.013272793035036702,-0.051170938362804064,-0.08868208215155446,-1.1202899610824664,Train
2021-05-11,205.73333740234375,353.607421875,-0.018822278764288325,-0.008770836478953159,-0.01174758918645935,-0.007074689577828974,-0.08700053693707252,-1.0990475840747749,Train
2021-05-12,196.6300048828125,346.05914306640625,-0.044248212926854213,-0.021346494280490735,-0.030511777484906924,-0.01373643544194729,-0.09517520477249869,-1.2023153253030536,Train
2021-05-13,190.56333923339844,350.1720886230469,-0.030853203980896415,0.011885094322883871,0.01907320612796022,-0.049926410108856636,-0.12059043378088316,-1.5233770913996894,Train
2021-05-14,196.5800018310547,355.54791259765625,0.03157303299711356,0.015351948796799464,0.02424611327751019,0.007326919719603368,-0.11458155377183359,-1.4474689960080729,Train
2021-05-17,192.27667236328125,354.6936950683594,-0.02189098294684022,-0.002402538445679281,-0.0022454267292100665,-0.019645556217630155,-0.08305617162665968,-1.0492197862503418,Train
2021-05-18,192.6233367919922,351.62982177734375,0.0018029458511532592,-0.008638082192087282,-0.01154950599467014,0.013352451845823399,-0.06262903020300731,-0.7911707991796382,Train
2021-05-19,187.82000732421875,350.701416015625,-0.02493638386588848,-0.0026402930133344604,-0.0026001812515343246,-0.022336202614354154,-0.07122879737541417,-0.8998086727743221,Train
2021-05-20,195.5933380126953,354.4430236816406,0.04138712802336375,0.01066892660008234,0.01725855750175858,0.02412857052160517,0.0028261832550476353,0.03570219205496784,Train
2021-05-21,193.6266632080078,354.17376708984375,-0.010054917128925145,-0.0007596611410208842,0.00020591693665264867,-0.010260834065577793,-0.014761570530133526,-0.18647779656839616,Train
2021-05-24,202.14666748046875,357.7482604980469,0.0440022264046771,0.010092484933522439,0.016398446631607642,0.02760377977306946,0.03248776546056609,0.410406664124946,Train
2021-05-25,201.56333923339844,356.9962463378906,-0.002885668382965889,-0.0021020763570152035,-0.001797106068993925,-0.001088562313971964,0.018046751300770728,0.22797834491362362,Train
2021-05-26,206.3766632080078,357.6461486816406,0.023879957500782645,0.0018204738856970604,0.004055746523367085,0.01982421097741556,0.06020716489254044,0.7605762153743869,Train
2021-05-27,210.28334045410156,357.80401611328125,0.018929840154243482,0.00044140677097326275,0.0019980350759619034,0.01693180507828158,0.05301039944921686,0.6696619756225264,Train
2021-05-28,208.4066619873047,358.50030517578125,-0.008924522802159385,0.0019460068393406527,0.004243054735549882,-0.013167577537709266,0.05010365597708538,0.6329420943086684,Train
2021-06-01,207.96665954589844,358.2216796875,-0.002111268599623961,-0.0007771973531365273,0.00017975108581825237,-0.0022910196854422134,0.020208856518573702,0.25529146963445803,Train
2021-06-02,201.7066650390625,358.8253173828125,-0.030100952337768105,0.001685095374012846,0.0038537477154402663,-0.03395470005320837,-0.012657281220662706,-0.15989504014884595,Train
2021-06-03,190.94667053222656,357.46051025390625,-0.05334476431283097,-0.0038035418984948555,-0.004335869472665796,-0.04900889484016518,-0.08149038703824343,-1.029439773049675,Train
2021-06-04,199.68333435058594,360.7007141113281,0.045754470575515294,0.009064508566611673,0.01486459906518378,0.030889871510331512,-0.06753232060619352,-0.8531123648453381,Train
2021-06-07,201.7100067138672,360.39434814453125,0.010149431698305955,-0.0008493633497557163,7.207191939389017e-05,0.010077359778912064,-0.044287383289572185,-0.5594671403534409,Train
2021-06-08,201.19667053222656,360.4500427246094,-0.002544921741878703,0.00015453788430597193,0.0015699968857264058,-0.004114918627605109,-0.04611128223173508,-0.5825078225900409,Train
2021-06-09,199.5933380126953,359.88372802734375,-0.007968981371759054,-0.001571132279482912,-0.0010048823297678655,-0.006964099041991189,-0.019120681220517893,-0.24154492881433506,Train
2021-06-10,203.3733367919922,361.5456237792969,0.018938501740255687,0.004617868557332594,0.008229750077855123,0.010708751662400564,0.04059696528204785,0.5128473706578891,Train
2021-06-11,203.29666137695312,362.1769714355469,-0.0003770180312155924,0.0017462461574015986,0.003944991039027191,-0.004322009070242784,0.005385084701473553,0.06802790579871207,Train
2021-06-14,205.89666748046875,363.08685302734375,0.012789221849023313,0.002512256889747544,0.0050879586552908624,0.007701263193732451,0.0030089881162939395,0.03801150241307741,Train
2021-06-15,199.7866668701172,362.3255615234375,-0.029675082579620482,-0.0020967201030793747,-0.0017891139815013805,-0.0278859685981191,-0.02076206185422005,-0.26227992061469924,Train
2021-06-16,201.6233367919922,360.3387145996094,0.009193155632698069,-0.005483595790134688,-0.006842684469684484,0.016035840102382553,0.002237877290153692,0.02827032700934018,Train
2021-06-17,205.53334045410156,360.20867919921875,0.019392614586788648,-0.00036086991245198874,0.0008009548919412447,0.018591659694847402,0.01012078532260053,0.12785236792031504,Train
2021-06-18,207.77000427246094,355.4270935058594,0.010882243306208794,-0.01327448773302553,-0.01846750487561091,0.029349748181819704,0.043792542574663015,0.5532159893678311,Train
2021-06-21,206.94332885742188,360.4036560058594,-0.003978800587379316,0.014001640817283167,0.02223131344847523,-0.026210114035854548,0.009881165345076017,0.12482533191955045,Train
2021-06-22,207.90333557128906,362.31622314453125,0.004638983624974058,0.005306736229781173,0.009257612232068481,-0.004618628607094423,0.0331485053361007,0.4187535616209169,Train
2021-06-23,218.85667419433594,361.9262390136719,0.05268476618207507,-0.001076363976955541,-0.0002666366062247397,0.05295140278829981,0.07006406802201795,0.8850950511460214,Train
2021-06-24,226.60667419433594,363.9966735839844,0.035411302984154513,0.005720598141640387,0.00987513721296708,0.025536165771187433,0.07700857409835798,0.9728225858773827,Train
2021-06-25,223.9566650390625,365.3428649902344,-0.011694312026312215,0.0036983618366484006,0.006857750495734123,-0.018552062522046338,0.02910676339449194,0.36769563861531823,Train
2021-06-28,229.57333374023438,366.10430908203125,0.025079265670401973,0.002084190399659791,0.0044492389675398125,0.02063002670286216,0.07594690413320865,0.9594108777275112,Train
2021-06-29,226.9199981689453,366.2654113769531,-0.011557681931348984,0.00044004479304216026,0.0019960028633523638,-0.013553684794701348,0.06701184794560172,0.8465374143871113,Train
2021-06-30,226.56666564941406,366.6007995605469,-0.0015570796861552605,0.0009156971233861277,0.002705725569871807,-0.004262805256027067,0.009797639901274847,0.12377018398081018,Train
2021-07-01,225.97332763671875,368.6689453125,-0.0026188230779431443,0.005641410914630551,0.009756981641155736,-0.01237580471909888,-0.028114330589011464,-0.3551585794703983,Train
2021-07-02,226.3000030517578,371.47296142578125,0.0014456370513082906,0.007605783315718151,0.012688029400563962,-0.011242392349255672,-0.0208046604162208,-0.26281805346192344,Train
2021-07-06,219.86000061035156,370.7743225097656,-0.028457809785947474,-0.0018807261592718172,-0.001466828571315221,-0.026990981214632254,-0.06842566833371522,-0.8643977165941621,Train
2021-07-07,214.88333129882812,372.0505676269531,-0.02263562857139878,0.0034421076102266746,0.006475392560051237,-0.02911102113145002,-0.08398300467046388,-1.060928146376561,Train
2021-07-08,217.60333251953125,369.08807373046875,0.012658037290573132,-0.007962610876741882,-0.010541632597400102,0.023199669887973236,-0.05652052952646358,-0.7140042304752356,Train
2021-07-09,218.98333740234375,372.98223876953125,0.006341837079579804,0.010550774506754346,0.017082262300183424,-0.01074042522060362,-0.054885150027968316,-0.6933450489328657,Train
2021-07-12,228.56666564941406,374.33306884765625,0.0437628194032984,0.0036217008149808105,0.0067433642848159035,0.0370194551184825,-0.0066233025602301515,-0.08366988220638631,Train
2021-07-13,222.84666442871094,373.06610107421875,-0.0250255268170938,-0.003384600183301223,-0.0037107648973006193,-0.02131476191979318,-0.0009470832653910785,-0.011964174146403132,Train
2021-07-14,217.7933349609375,373.578369140625,-0.022676262535623493,0.0013731294934897775,0.003388262202299941,-0.026064524737923433,0.002099413128135507,0.02652115731332905,Train
2021-07-15,216.86666870117188,372.376708984375,-0.004254796226577984,-0.003216621345112358,-0.003460123014412797,-0.0007946732121651865,-0.021894929972002916,-0.276591050312958,Train
2021-07-16,214.74000549316406,369.47943115234375,-0.009806316575730722,-0.007780502276668488,-0.010269907641419981,0.0004635910656892589,-0.010690913685710037,-0.13505460163228888,Train
2021-07-19,215.4066619873047,363.9551086425781,0.003104482057777691,-0.014951637476912305,-0.020969986582383877,0.024074468640161568,-0.023635900164030967,-0.29858412243478405,Train
2021-07-20,220.1666717529297,369.09747314453125,0.02209778342837665,0.014129117519829038,0.022421521936014023,-0.0003237385076373736,-0.002644876751875167,-0.033411809934304905,Train
2021-07-21,218.42999267578125,372.19964599609375,-0.007888019850240235,0.008404752341254262,0.013880174215283217,-0.021768194065523452,0.0016514539205248133,0.020862244136222053,Train
2021-07-22,216.4199981689453,372.9915771484375,-0.009202007847976312,0.002127705280923431,0.004514167692438458,-0.013716175540414769,-0.011270048407724768,-0.14237060955008468,Train
2021-07-23,214.4600067138672,376.7178955078125,-0.009056424875986235,0.009990355245721894,0.016246058524122975,-0.02530248340010921,-0.03703612287352324,-0.4678644845270755,Train
2021-07-26,219.2066650390625,377.6773986816406,0.022133069927244398,0.0025470071511595194,0.005139809656554181,0.016993260270690216,-0.04411733124299459,-0.5573189318763684,Train
2021-07-27,214.92666625976562,376.0006103515625,-0.01952494819687245,-0.00443973702406153,-0.005285138713216219,-0.01423980948365623,-0.058033402219013444,-0.73311582606185,Train
2021-07-28,215.66000366210938,375.7956848144531,0.0034120354402995545,-0.0005450138416471795,0.0005261930134006176,0.0028858424268989368,-0.03337936572659105,-0.42166994079924897,Train
2021-07-29,225.78334045410156,377.4166564941406,0.04694118807422987,0.004313438778542178,0.007775509211649326,0.039165678862580544,0.019502488676404257,0.24636816987406737,Train
2021-07-30,229.06666564941406,375.57208251953125,0.014541928508582602,-0.0048873676952782,-0.005953050192315397,0.020494978700898,0.06529995077741146,0.8249116116837922,Train
2021-08-02,236.55667114257812,374.8081359863281,0.032697928666004517,-0.00203408764591384,-0.0016956598466644059,0.034393588512668924,0.08270027901939017,1.0447239184777952,Train
2021-08-03,236.5800018310547,377.8357849121094,9.862621233169833e-05,0.00807786340553629,0.013392421952992714,-0.013293795740661016,0.08364629276238539,1.056674581719017,Train
2021-08-04,236.97332763671875,376.0285949707031,0.001662548831768751,-0.004783003658127893,-0.005797328203407978,0.007459877035176729,0.08822032737066318,1.1144567732167339,Train
2021-08-05,238.2100067138672,378.3761291503906,0.005218642492307302,0.006242967186765203,0.010654566112726412,-0.005435923620419111,0.043618724887663524,0.551020210862413,Train
2021-08-06,233.03334045410156,379.02825927734375,-0.021731523084098314,0.001723497009225694,0.003911046945864147,-0.02564257002996246,-0.0025188238431969358,-0.03181942729362519,Train
2021-08-09,237.9199981689453,378.6649475097656,0.020969779282747014,-0.0009585347759315521,-9.082319352203137e-05,0.021060602476269046,-0.01585180987959681,-0.2002504118334899,Train
2021-08-10,236.663330078125,379.1400451660156,-0.005281893495678203,0.0012546649996900694,0.003211500866756426,-0.008493394362434629,-0.011051408501370423,-0.1396086075059492,Train
2021-08-11,235.94000244140625,380.05303955078125,-0.0030563570472872392,0.0024080663501684363,0.004932495542789488,-0.007988852590076728,-0.02650013812662388,-0.33476704640087285,Train
2021-08-12,240.75,381.16162109375,0.020386528392057013,0.0029169127137598228,0.005691747196427971,0.014694781195629041,-0.006369433310575729,-0.08046284009691773,Train
2021-08-13,239.05667114257812,381.91619873046875,-0.007033557040173943,0.001979678947092056,0.004293297019510225,-0.011326854059684168,0.007946282659702562,0.10038263057891475,Train
2021-08-16,228.72332763671875,382.82916259765625,-0.0432254973537064,0.002390482179656983,0.00490625813304472,-0.04813175548675112,-0.061246075303317604,-0.7737004099740209,Train
2021-08-17,221.90333557128906,380.3045349121094,-0.02981764971635026,-0.006594658746518212,-0.008500505861934935,-0.021317143854415323,-0.07406982479529829,-0.9356983860110609,Train
2021-08-18,229.663330078125,376.21484375,0.03497015710402862,-0.010753727044181871,-0.01470626797116813,0.04967642507519675,-0.016404547130024816,-0.20723294965564643,Train
2021-08-19,224.49000549316406,376.7458190917969,-0.02252568828990298,0.0014113620199145416,0.0034453091048382662,-0.025970997394741246,-0.057070325720395096,-0.7209496149515521,Train
2021-08-20,226.75332641601562,379.7269287109375,0.010082056516856674,0.00791278752960567,0.013146111591469152,-0.003064055074612477,-0.0488075267353234,-0.6165685435013036,Train
2021-08-23,235.43333435058594,383.09002685546875,0.03827951753459802,0.008856622720827323,0.014554411779839339,0.02372510575475868,0.023049334506186382,0.29117424208402704,Train
2021-08-24,236.163330078125,383.69549560546875,0.0031006472789958384,0.0015804868504927239,0.0036976609274621325,-0.0005970136484662941,0.04376946471213541,0.5529244547411549,Train
2021-08-25,237.06666564941406,384.4035949707031,0.0038250458739306215,0.0018454721865237556,0.004093046586016371,-0.00026800071208574975,-0.00617496107514709,-0.07800613985066453,Train
2021-08-26,233.72000122070312,382.1584167480469,-0.01411697599720807,-0.00584067956707679,-0.007375490572920151,-0.006741485424287919,0.013054550895306237,0.16491361005099436,Train
2021-08-27,237.30667114257812,385.5494079589844,0.015346011908018431,0.008873260570296804,0.014579237180248087,0.0007667747277703436,0.016885380697689058,0.21330715321217936,Train
2021-08-30,243.6366729736328,387.3194274902344,0.02667435264494311,0.004590901956301963,0.008189513106756401,0.01848483953818671,0.011645114481117089,0.14710868906479385,Train
2021-08-31,245.24000549316406,386.6580505371094,0.00658083407543808,-0.0017075749528253636,-0.0012084689774761314,0.007789303052914211,0.020031431182497596,0.2530501169505184,Train
2021-09-01,244.69667053222656,387.0679016113281,-0.0022155233598404322,0.0010599832944107046,0.0029210155312157093,-0.005136538891056142,0.015162893003527203,0.1915475640703745,Train
2021-09-02,244.1300048828125,388.2231750488281,-0.002315788147756681,0.002984678999965462,0.005792861537698742,-0.008108649685455424,0.013795728742359698,0.17427665252006605,Train
2021-09-03,244.52333068847656,388.0740661621094,0.0016111325842673718,-0.00038408033394710106,0.0007663225310505585,0.0008448100532168133,0.013873764067806167,0.17526244569932498,Train
2021-09-07,250.97332763671875,386.63946533203125,0.02637783858939624,-0.0036967191450480996,-0.004176478823535021,0.030554317412931263,0.02594324194255072,0.3277319702135987,Train
2021-09-08,251.2899932861328,386.2667541503906,0.0012617502122473923,-0.0009639760424366983,-9.894212860247814e-05,0.0013606923408498704,0.019514631230486378,0.24652156254494367,Train
2021-09-09,251.6199951171875,384.53399658203125,0.001313231087076927,-0.004485909154078316,-0.005354032329395044,0.006667263416471971,0.031318433538014494,0.3956348998381187,Train
2021-09-10,245.42333984375,381.56219482421875,-0.024627038366134335,-0.00772831995149359,-0.01019204618948759,-0.014434992176646745,0.02499209104682317,0.31571641110508386,Train
2021-09-13,247.6666717529297,382.4565124511719,0.00914066245943812,0.002343831855158296,0.004836651001005074,0.004304011458433047,0.028451292452039402,0.3594153017220558,Train
2021-09-14,248.163330078125,380.4721984863281,0.0020053498586631857,-0.0051883388051787716,-0.006402130365113721,0.008407480223776907,0.0063044552628850475,0.07964199497519173,Train
2021-09-15,251.94332885742188,383.6490173339844,0.015231899000174076,0.008349674063689694,0.013797991701438942,0.0014339072987351337,0.006377670220770311,0.08056689412426407,Train
2021-09-16,252.3300018310547,382.9875793457031,0.0015347617076681974,-0.0017240705915986254,-0.001233082184747628,0.002767843892415825,0.002478250696714165,0.03130688081759075,Train
2021-09-17,253.163330078125,379.2331237792969,0.0033025333532406,-0.009803073960832798,-0.013287794779230547,0.016590328132471147,0.03350357100583205,0.42323898297858503,Train
2021-09-20,243.38999938964844,373.0380859375,-0.03860484330594227,-0.016335698158587597,-0.023035148950610655,-0.015569694355331617,0.013629865192067395,0.17218135586268252,Train
2021-09-21,246.4600067138672,372.6748046875,0.012613531089680885,-0.0009738449335193744,-0.00011366753967000597,0.012727198629350891,0.01794958359764138,0.22675085904820133,Train
2021-09-22,250.64666748046875,376.270751953125,0.0169871810945057,0.009649021668208357,0.015736753355190685,0.0012504277393150139,0.017766104038221257,0.2244330254622587,Train
2021-09-23,251.2133331298828,380.81695556640625,0.00226081461648886,0.012082266797732943,0.01936740795053896,-0.0171065933340501,-0.002108333188244667,-0.026633841336415765,Train
2021-09-24,258.1300048828125,381.4504089355469,0.027533059916662994,0.0016634064210676591,0.00382138554373662,0.023711674372926372,0.005013013052210559,0.06332765380462396,Train
2021-09-27,263.78668212890625,380.3697509765625,0.02191406322043732,-0.0028330234643082486,-0.0028877551128773642,0.024801818333314685,0.04538452574085686,0.5733269601076851,Train
2021-09-28,259.1866760253906,372.76800537109375,-0.01743835612317879,-0.019985147572728956,-0.028480506726188407,0.011042150603009619,0.043699477714515586,0.5520403332936478,Train
2021-09-29,260.4366760253906,373.3548889160156,0.004822778775393388,0.0015743935543439669,0.0036885690963946952,0.001134209678998693,0.04358325965419927,0.5505721908785165,Train
2021-09-30,258.49334716796875,368.6255798339844,-0.0074618094773734045,-0.012667060811128339,-0.017561160784518373,0.010099351307144969,0.07078920429539433,0.8942554459830755,Train
2021-10-01,258.40667724609375,373.03704833984375,-0.0003352887910832436,0.011967342331061559,0.019195928703349453,-0.019531217494432696,0.027546312428035263,0.3479830032094951,Train
2021-10-04,260.510009765625,368.44793701171875,0.008139621398127295,-0.012302025626002244,-0.017016490353964256,0.02515611175209155,0.02790060584681213,0.3524586689889138,Train
2021-10-05,260.1966552734375,372.0277404785156,-0.001202850103416031,0.009715900422270662,0.015836543406271532,-0.017039393509687563,-0.0001809382658850521,-0.0022857303068311067,Train
2021-10-06,260.9166564941406,373.6819763183594,0.0027671424905384434,0.004446538953563062,0.0079741085045104,-0.005206966013971956,-0.006522113958855701,-0.08239160172914128,Train
2021-10-07,264.53668212890625,376.8971862792969,0.013874260399496352,0.00860413443702801,0.014177673021904712,-0.0003034126224083604,-0.016924877888409028,-0.213806107512541,Train
2021-10-08,261.8299865722656,376.18682861328125,-0.010231834522373306,-0.0018847518418172449,-0.0014728353080207112,-0.008758999214352595,-0.00615265960832893,-0.07772441316148845,Train
2021-10-11,263.9800109863281,373.4483337402344,0.008211528565575943,-0.007279613917216765,-0.009522530156951259,0.0177340587225272,-0.013574712637893283,-0.171484632789991,Train
2021-10-12,268.5733337402344,372.7006530761719,0.01740026730336086,-0.0020020993441695056,-0.0016479299762472207,0.019048197279608083,0.022512878151402366,0.2843973751652242,Train
2021-10-13,270.3599853515625,373.8970031738281,0.006652379022320076,0.0032099490241883633,0.006128987823832064,0.0005233911984880123,0.028243235363862335,0.35678698874651604,Train
2021-10-14,272.7733459472656,380.1778259277344,0.008926471099504285,0.016798269845950786,0.026404174584089755,-0.01747770348458547,0.011068944501685225,0.13983013371094558,Train
2021-10-15,281.010009765625,383.14068603515625,0.030195999501915205,0.007793353281958737,0.012967903282409052,0.017228096219506155,0.037056039935543975,0.46811608985810454,Train
2021-10-18,290.03668212890625,384.3089904785156,0.03212224493643445,0.0030492831639712392,0.005889257664040536,0.026232987272393916,0.045554968485410685,0.5754801041366748,Train
2021-10-19,288.0899963378906,387.2998962402344,-0.006711860640270406,0.007782554756251336,0.012951790759874087,-0.01966365140014449,0.006843119805658115,0.08644675716636865,Train
2021-10-20,288.6000061035156,388.8045959472656,0.0017703140411262641,0.0038851022725239215,0.007136386632069992,-0.0053660725909437275,0.000953656016226375,0.012047205426215613,Train
2021-10-21,298.0,389.7579650878906,0.03257101073349511,0.002452052137661198,0.004998126908718415,0.027572883824776694,0.04600424332558854,0.5811556372433292,Train
2021-10-22,303.2266540527344,389.36541748046875,0.01753910755951127,-0.0010071573709425907,-0.00016337315812386195,0.01770248071763513,0.04647862782371752,0.5871483719429815,Train
2021-10-25,341.6199951171875,391.38433837890625,0.12661598362581983,0.005185157201432089,0.009076203687315812,0.11753977993850402,0.13778542048982761,1.7405953898836661,Train
2021-10-26,339.4766540527344,391.7582092285156,-0.006274050392506725,0.0009552524537848051,0.0027647462334045997,-0.009038796625911324,0.14841027526406078,1.8748154922172002,Train
2021-10-27,345.9533386230469,390.0570373535156,0.019078438805710585,-0.004342402622143138,-0.005139905670592383,0.02421834447630297,0.1779946923313075,2.2485451638804443,Train
2021-10-28,359.0133361816406,393.87042236328125,0.03775074872979922,0.009776480474853022,0.015926935140185144,0.021823813589614077,0.17224562209614488,2.1759191551788906,Train
2021-10-29,371.3333435058594,394.57147216796875,0.03431629436179362,0.0017798995935798256,0.00399520546306001,0.03032108889873361,0.18486423027724336,2.3353256522428514,Train
2021-11-01,402.86334228515625,395.4032897949219,0.0849102277797451,0.002108154505906734,0.004484995904402922,0.08042523187534219,0.14774968221408152,1.866470449517505,Train
2021-11-02,390.6666564941406,396.93603515625,-0.03027499529203259,0.0038764102395887345,0.00712341721565726,-0.037398412507689854,0.11939006633230301,1.50821326608539,Train
2021-11-03,404.6199951171875,399.328857421875,0.03571673801973452,0.006028231386659311,0.01033415798368905,0.025382580036045467,0.1205543018920455,1.5229206497898655,Train
2021-11-04,409.9700012207031,401.19805908203125,0.013222297879683653,0.0046808579580852605,0.00832373680961757,0.004898561070066084,0.10362904937249749,1.3091098096921854,Train
2021-11-05,407.36334228515625,402.5626220703125,-0.006358169933862068,0.0034012203134867747,0.006414384464319802,-0.01277255439818187,0.06053540607558201,0.7647227723028416,Train
2021-11-08,387.64666748046875,403.0487365722656,-0.04840070953386311,0.0012075500190582567,0.0031412004194792307,-0.05154190995334234,-0.07143173575310252,-0.902372322857031,Train
2021-11-09,341.1666564941406,401.637451171875,-0.11990303254359846,-0.003501525429388308,-0.0038852295152987442,-0.11601780302829973,-0.1500511262737124,-1.8955437934607735,Train
2021-11-10,355.98333740234375,398.40362548828125,0.043429451929624774,-0.008051603938224128,-0.010674419493263632,0.0541038714228884,-0.12132983488686945,-1.53271768891559,Train
2021-11-11,354.5033264160156,398.5343017578125,-0.004157528824601631,0.0003279996997294088,0.001828819940437545,-0.005986348765039176,-0.13221474472197473,-1.670222976564528,Train
2021-11-12,344.47332763671875,401.4972229003906,-0.02829310201599211,0.0074345448547579185,0.012432523821762248,-0.04072562583775436,-0.1601678161615472,-2.0233444251752735,Train
2021-11-15,337.7966613769531,401.68408203125,-0.01938224449936754,0.000465405786644002,0.0020338441013130933,-0.021416088600680633,-0.13004199480888548,-1.6427753811030583,Train
2021-11-16,351.57666015625,403.21697998046875,0.04079376842602822,0.003816177981131652,0.007033544426721219,0.033760223999307004,0.019736032218721236,0.2493184443780672,Train
2021-11-17,363.0033264160156,402.2449035644531,0.032501208284666294,-0.0024108022833332354,-0.0022577572337652754,0.03475896551843157,0.00039112631426440475,0.004940962962921569,Train
2021-11-18,365.4599914550781,403.6375427246094,0.006767610267700563,0.0034621673209915826,0.006505323733111553,0.0002622865345890107,0.006639761613892591,0.08387780371814602,Train
2021-11-19,379.0199890136719,402.88043212890625,0.03710391800920432,-0.0018757189695302046,-0.001459357323875092,0.03856327533307941,0.08592866278472636,1.085506969970056,Train
2021-11-22,385.6233215332031,401.81500244140625,0.017422122080461122,-0.0026445307404731055,-0.0026065043808085045,0.020028626461269627,0.12737337784667663,1.609063669332153,Train
2021-11-23,369.6766662597656,402.33837890625,-0.041352932727292124,0.001302530920109346,0.003282921794233953,-0.044635854521526075,0.04897729932584354,0.6187132217070053,Train
2021-11-24,372.0,403.3291015625,0.006284772484400847,0.0024624115127751534,0.005013584172931564,0.001271188311469283,0.015489522118881254,0.19567375630730288,Train
2021-11-26,360.6400146484375,394.5527038574219,-0.030537595031082,-0.02175989203625106,-0.031128609896671024,0.0005910148655890249,0.015818250449881267,0.19982646720682085,Train
2021-11-29,378.9966735839844,399.3194580078125,0.050900227900227524,0.01208141296153209,0.01936613393819689,0.031534093962030635,0.00878906907883249,0.11102925886933257,Train
2021-11-30,381.586669921875,391.67401123046875,0.006833823403773698,-0.019146191411474334,-0.02722869694952609,0.03406252035329979,0.022822962970862653,0.28831456905487324,Train
2021-12-01,365.0,387.1690673828125,-0.04346763456194869,-0.011501768609828544,-0.015822423723366123,-0.027645210838582564,0.03981360665380616,0.5029514730215805,Train
2021-12-02,361.5333251953125,393.07598876953125,-0.00949773919092467,0.015256697614425718,0.024103988614934513,-0.03360172780585918,0.0049406905364777,0.062414028567484334,Train
2021-12-03,338.3233337402344,389.59906005859375,-0.06419876077133224,-0.008845436532059714,-0.011858900218109276,-0.05233986055322297,-0.047990184882334294,-0.6062433475827932,Train
2021-12-06,336.336669921875,394.2537536621094,-0.005872086315763081,0.011947394336155659,0.019166164221960255,-0.025038250537723336,-0.10456252938208827,-1.3209021386299353,Train
2021-12-07,350.5833435058594,402.3570251464844,0.04235837141187604,0.020553441556627083,0.0320072810127267,0.010351090399149339,-0.12827395933623872,-1.6204404026858974,Train
2021-12-08,356.32000732421875,403.488037109375,0.016363195584229162,0.0028109661126927143,0.00553366385769712,0.010829531726532043,-0.08979921677112411,-1.1344023349591055,Train
2021-12-09,334.6000061035156,400.74017333984375,-0.06095644581905246,-0.006810273209627682,-0.00882222504748403,-0.05213422077156843,-0.10833170973683336,-1.3685168857184618,Train
2021-12-10,339.010009765625,404.5628356933594,0.013179927022311633,0.009539004591570643,0.015572596443905901,-0.0023926694215942682,-0.058384518605204654,-0.7375513574914045,Train
2021-12-13,322.13665771484375,400.97381591796875,-0.04977243020772948,-0.008871353121795211,-0.011897570463238801,-0.037874859744490674,-0.07122112781197198,-0.8997117858415652,Train
2021-12-14,319.5033264160156,398.24462890625,-0.008174578197676419,-0.006806397084734073,-0.00881644146633704,0.000641863268660621,-0.0809303549424607,-1.0223650819782908,Train
2021-12-15,325.3299865722656,404.46942138671875,0.018236618133556703,0.015630574849345047,0.024661852302643273,-0.0064252341690865696,-0.09818512083807932,-1.240338550177366,Train
2021-12-16,308.97332763671875,400.8149719238281,-0.050277132790258694,-0.009035168716491349,-0.01214200035419247,-0.03813513243606623,-0.08418603250257711,-1.0634929265059685,Train
2021-12-17,310.8566589355469,396.65576171875,0.006095449446181567,-0.010376883341245424,-0.014143978004903371,0.020239427451084938,-0.0615539356298979,-0.7775895026172683,Train
2021-12-20,299.9800109863281,392.36566162109375,-0.03498927121736173,-0.010815675736227326,-0.014798701857389282,-0.020190569359972446,-0.04386964524537968,-0.5541900006436254,Train
2021-12-21,312.84332275390625,399.32904052734375,0.04288056302579579,0.017747166960228267,0.027820027687692747,0.015060535338103045,-0.029450973175937256,-0.372043921304493,Train
2021-12-22,336.2900085449219,403.3626708984375,0.07494705523716627,0.01010101936429919,0.01641118088922202,0.05853587434794425,0.03551013534109357,0.4485872137205962,Train
2021-12-23,355.6666564941406,405.84869384765625,0.05761886305530961,0.006163244961863823,0.010535612268464065,0.04708325078684555,0.12072851856400534,1.5251214685337946,Train
2021-12-27,364.64666748046875,411.6365051269531,0.025248391499066658,0.014261007530726344,0.02261831553824283,0.0026300759608238293,0.10311916707374423,1.3026686435990082,Train
2021-12-28,362.8233337402344,411.32696533203125,-0.005000275342793459,-0.0007519736249494979,0.00021738750951550106,-0.00521766285230896,0.11809207358140772,1.491816174213993,Train
2021-12-29,362.0633239746094,411.82415771484375,-0.0020947102761840197,0.0012087522207817614,0.003142994229383139,-0.005237704505567159,0.0977938337377375,1.2353955560597396,Train
2021-12-30,356.7799987792969,410.6609191894531,-0.014592268383646134,-0.0028246000230905954,-0.0028751864632191627,-0.011717081920426971,0.027540877469366287,0.3479143452631769,Train
2021-12-31,352.260009765625,409.53533935546875,-0.012668840823859995,-0.0027408983455401437,-0.002750294862060885,-0.00991854596179911,-0.02946091927927837,-0.3721695669755756,Train
2022-01-03,399.9266662597656,412.0492858886719,0.1353166841897706,0.006138533825089665,0.010498740684423165,0.12481794350534745,0.09272694826524525,1.1713873506695354,Train
2022-01-04,383.1966552734375,411.8804016113281,-0.041832696836128,-0.00040986426412437105,0.0007278502277678495,-0.04256054706389585,0.05538406405365835,0.6996476566396695,Train
2022-01-05,362.7066650390625,403.9912109375,-0.05347121367683638,-0.019154081240487786,-0.027240469394322803,-0.02623074428251358,0.03439102427671194,0.43444987210269775,Train
2022-01-06,354.8999938964844,403.4471130371094,-0.02152337383085412,-0.0013468062810771952,-0.00067016462825666,-0.02085320920259746,0.025254896994541448,0.31903634741914555,Train
2022-01-07,342.32000732421875,402.04937744140625,-0.035446567451716815,-0.003464482829437343,-0.003829958106716126,-0.03161660934500069,0.003556833611339863,0.044932244387485866,Train
2022-01-10,352.7066650390625,401.52410888671875,0.03034195341380186,-0.0013064777217919321,-0.0006099902268713693,0.03095194364067323,-0.09030916625333435,-1.1408443497575742,Train
2022-01-11,354.79998779296875,405.0419006347656,0.005935024657598653,0.008761097204848856,0.01441187778301675,-0.008476853125418097,-0.0562254723148566,-0.7102768751393135,Train
2022-01-12,368.739990234375,406.251953125,0.039289748931841784,0.0029874748472640267,0.005797033232411805,0.03349271569942998,0.0034979876670869596,0.0441888639999541,Train
2022-01-13,343.85333251953125,400.6516418457031,-0.06749107331435766,-0.013785315335022474,-0.019229712742840178,-0.04826136057151749,-0.02391016370183307,-0.30204879850729177,Train
2022-01-14,349.8699951171875,400.77362060546875,0.017497758575059086,0.0003044509170202492,0.0017936827094531054,0.01570407586560598,0.023410521508773603,0.2957369921148667,Train
2022-01-18,343.5033264160156,393.7474060058594,-0.01819724123253097,-0.017531629424597628,-0.02481960268031291,0.00662236144778194,-0.0009190606841176854,-0.011610174604189524,Train
2022-01-19,331.8833312988281,389.6105651855469,-0.0338278969185718,-0.010506331615682929,-0.014337128282589637,-0.01949076863598216,-0.01193297619468175,-0.15074514617160112,Train
2022-01-20,332.0899963378906,385.3235778808594,0.0006227038828787723,-0.011003262456822482,-0.0150786007384725,0.015701304621351272,-0.029724387272760455,-0.37549786668396656,Train
2022-01-21,314.6333312988281,377.7532958984375,-0.05256606712507206,-0.019646557898314154,-0.02797529574582501,-0.024590771379247048,-0.006053798080490013,-0.07647552979645943,Train
2022-01-24,310.0,379.3292236328125,-0.014726129872195681,0.004171843770752082,0.007564234745516138,-0.02229036461771182,-0.04404823856380781,-0.5564461080431958,Train
2022-01-25,306.1333312988281,374.7232360839844,-0.012473124842489969,-0.012142453736405767,-0.01677839251202383,0.00430526766953386,-0.04636533234205589,-0.5857171494495288,Train
2022-01-26,312.4700012207031,373.8790588378906,0.02069905258271132,-0.0022528019743738303,-0.002022004353453545,0.022721056936164864,-0.004153506769908867,-0.052469809286445616,Train
2022-01-27,276.3666687011719,371.98406982421875,-0.11554175561970448,-0.005068454541321432,-0.006223250585102146,-0.10931850503460233,-0.12917331642586247,-1.6318016686202266,Train
2022-01-28,282.1166687011719,381.1022033691406,0.020805692766870276,0.024512161365487062,0.037914102356510465,-0.01710840958964019,-0.12169095463625561,-1.537279589360085,Train
2022-01-31,312.239990234375,388.0721130371094,0.10677611383930952,0.018288820180915044,0.028628230581396217,0.0781478832579133,-0.021252706760630485,-0.26847806740796576,Train
2022-02-01,310.4166564941406,390.6048889160156,-0.0058395266373975074,0.006526559868176074,0.011077715864257074,-0.01691724250165458,-0.042475216931818924,-0.5365746717831507,Train
2022-02-02,301.88665771484375,394.3291015625,-0.02747919159891432,0.009534475251499197,0.015565838197831654,-0.04304502979674597,-0.10824130366472977,-1.3673748171907352,Train
2022-02-03,297.0466613769531,385.16400146484375,-0.016032495024879134,-0.023242261505276196,-0.0333404591918432,0.017307964166964063,0.018385165536836626,0.23225341448973158,Train
2022-02-04,307.7733459472656,386.9744873046875,0.03611110968421327,0.004700558289347345,0.008353131751113062,0.02775797793310021,0.06325155305957703,0.7990349143406646,Train
2022-02-07,302.4466552734375,385.69879150390625,-0.01730718642133755,-0.003296588903487163,-0.003579442921712475,-0.013727743499625075,-0.028624073697961352,-0.36159798722710396,Train
2022-02-08,307.3333435058594,388.8225402832031,0.0161571905234128,0.00809893328189304,0.013423860398092161,0.00273333012532064,-0.00897350107098613,-0.11335912420739559,Train
2022-02-09,310.6666564941406,394.5260314941406,0.010845920427172029,0.014668622880719129,0.023226519999695897,-0.012380599572523868,0.021690929153235977,0.2740139787808909,Train
2022-02-10,301.51666259765625,387.5936584472656,-0.029452771017468238,-0.01757139578501543,-0.024878938222564415,-0.004573832794903823,-0.00019086780863190878,-0.002411166773674908,Train
2022-02-11,286.6666564941406,379.8639221191406,-0.04925102969626416,-0.019942886473145682,-0.02841744877384948,-0.02083358092241468,-0.0487824266641468,-0.6162514630147004,Train
2022-02-14,291.9200134277344,378.6257019042969,0.01832566437213501,-0.0032596415261973988,-0.0035243135952358782,0.021849977967370888,-0.013204705197150834,-0.1668104572256285,Train
2022-02-15,307.4766540527344,384.704345703125,0.053290764282768466,0.016054493311615126,0.025294382701828558,0.027996381580939908,0.012058346258468432,0.1523289026697905,Train
2022-02-16,307.7966613769531,385.16400146484375,0.0010407532409399955,0.00119482861800968,0.0031222187671106068,-0.002081465526170611,0.022357480304821688,0.2824342881100437,Train
2022-02-17,292.1166687011719,376.97467041015625,-0.05094269900666093,-0.021261932640491032,-0.03038560273040733,-0.0205570962762536,0.006374216823471911,0.08052326855491382,Train
2022-02-18,285.6600036621094,374.5638122558594,-0.022103035296720752,-0.0063952788967858165,-0.008203010406640548,-0.013900024890080204,0.013307772855806383,0.1681124751812597,Train
2022-02-22,273.84332275390625,370.4644775390625,-0.04136624223452856,-0.01094428928440283,-0.014990606636748144,-0.026375635597780417,-0.03491784070934492,-0.4411049612311127,Train
2022-02-23,254.67999267578125,363.79473876953125,-0.06997917599526948,-0.018003720124092015,-0.02552401106348118,-0.044455164931788305,-0.10736938722207313,-1.3563601994245256,Train
2022-02-24,266.92333984375,369.3857116699219,0.04807345500262783,0.015368482016262952,0.02427078255907688,0.02380267244355095,-0.08148524925235157,-1.0293748691838973,Train
2022-02-25,269.9566650390625,377.45306396484375,0.011364031324829549,0.021839914322757448,0.03392683206965379,-0.022562800744824238,-0.08349095372092222,-1.0547122375284739,Train
2022-02-28,290.1433410644531,376.5055847167969,0.07477746853358713,-0.0025101909045176507,-0.002406055385007863,0.077183523918595,0.007592595087752993,0.09591461825216775,Train
2022-03-01,288.1233215332031,370.8583984375,-0.006962143345558558,-0.01499894426146331,-0.021040573221040713,0.014078429875482155,0.048046660561015565,0.6069567852281095,Train
2022-03-02,293.2966613769531,377.6688232421875,0.01795529711451649,0.01836394924149265,0.028740330947167245,-0.010785033832650757,0.08171679166015311,1.0322998640501841,Train
2022-03-03,279.7633361816406,375.77392578125,-0.04614210448825773,-0.005017352093483085,-0.006147000422376416,-0.03999510406588131,0.01791901515072085,0.2263646984689715,Train
2022-03-04,279.42999267578125,372.73455810546875,-0.0011915196265851469,-0.008088287843448061,-0.010729155692038072,0.009537636065452925,0.05001945196099801,0.6318783742017781,Train
2022-03-07,268.1933288574219,361.7309265136719,-0.04021280504200253,-0.02952136138845296,-0.04270952873970282,0.0024967236977002927,-0.024667348259896693,-0.3116140482004111,Train
2022-03-08,274.79998779296875,359.0010986328125,0.02463394210323222,-0.007546570339365788,-0.009920856880828213,0.034554798984060435,-0.004190979151318414,-0.05294318487362709,Train
2022-03-09,286.3233337402344,368.56951904296875,0.04193357517885765,0.026652900079124464,0.04110830698217684,0.0008252681966808145,0.007419322878013158,0.09372573057162845,Train
2022-03-10,279.4333190917969,366.9278869628906,-0.024063755330148706,-0.004454063603362535,-0.0053065154583471046,-0.0187572398718016,0.02865718707209287,0.36201629698841187,Train
2022-03-11,265.1166687011719,362.2468566894531,-0.0512345859010529,-0.012757357616459686,-0.01769589300168943,-0.03353869289936347,-0.01441914189272353,-0.1821520144535607,Train
2022-03-14,255.4566650390625,359.6015319824219,-0.036436802368687404,-0.007302547028859463,-0.009556748742724186,-0.02688005362596322,-0.04379591921638704,-0.5532586453106533,Train
2022-03-15,267.2966613769531,367.4907531738281,0.046348355546253384,0.021938786378117747,0.03407435945100543,0.01227399609524795,-0.06607672210519952,-0.8347242942400104,Train
2022-03-16,280.07666015625,375.70831298828125,0.047812040425278646,0.022361269619663338,0.034704748351722076,0.01310729207355657,-0.05379469822832377,-0.6795697498583765,Train
2022-03-17,290.5333251953125,380.3048400878906,0.037335010469022656,0.012234297034978692,0.01959425286344587,0.017740757605576786,-0.01729670075094538,-0.21850321667026862,Train
2022-03-18,301.7966613769531,384.50738525390625,0.03876779427650434,0.01105046458268677,0.01782785182111609,0.02093994245538825,0.03718193460380634,0.46970647350253797,Train
2022-03-21,307.0533447265625,384.5261535644531,0.017417963888751054,4.8811313557717284e-05,0.001412241855096769,0.016005722033654284,0.08006771026342384,1.0114675911835365,Train
2022-03-22,331.32666015625,388.991455078125,0.07905243778179138,0.011612478038957041,0.018666434302139656,0.06038600347965173,0.12817971764782762,1.619249880148752,Train
2022-03-23,333.03668212890625,383.9820861816406,0.005161136057840299,-0.012877837883298215,-0.01787566208008539,0.02303679813792569,0.13810922371219675,1.7446858835954213,Train
2022-03-24,337.97332763671875,389.6897277832031,0.014823128420135223,0.014864343434142668,0.023518555404624508,-0.008695426984489284,0.11167303912213068,1.4107267400227546,Train
2022-03-25,336.8800048828125,391.666259765625,-0.003234937980317265,0.005072065906549739,0.0089074597229382,-0.012142397703255465,0.07859069896348696,0.9928090201218325,Train
2022-03-28,363.9466552734375,394.36773681640625,0.0803450783611821,0.0068973953804389865,0.011631040985667564,0.06871403737551454,0.1312990143053472,1.6586548720735614,Train
2022-03-29,366.5233459472656,399.356201171875,0.007079858095940583,0.012649270946297309,0.020213437063096546,-0.013133578967155963,0.05777943185853952,0.7299075066544956,Train
2022-03-30,364.663330078125,396.8713684082031,-0.00507475414515135,-0.0062220963550343455,-0.007944604057270018,0.0028698499121186678,0.0376124836327325,0.4751454499356294,Train
2022-03-31,359.20001220703125,390.772216796875,-0.014981813142339484,-0.01536808169304571,-0.021591364629611847,0.006609551487272363,0.05291746210449414,0.668487930406441,Train
2022-04-01,361.5299987792969,391.85467529296875,0.006486599368272561,0.002770049787486295,0.005472612448477007,0.0010139869197955537,0.06607384672754517,0.834687970592185,Train
2022-04-04,381.8166809082031,395.1771545410156,0.05611341298759176,0.008478855702213739,0.013990744130633604,0.04212266885695816,0.039482478208988786,0.4987684423173194,Train
2022-04-05,363.7533264160156,390.2921142578125,-0.047308971544201106,-0.012361646484541633,-0.017105450870686604,-0.030203520673514502,0.022412536502630243,0.28312979394621574,Train
2022-04-06,348.586669921875,386.33892822265625,-0.041694894294368345,-0.010128787876418466,-0.013773793789375915,-0.02792110050499243,-0.00837841391448085,-0.10584159472198432,Train
2022-04-07,352.4200134277344,388.2872619628906,0.010996816105212748,0.005043068657869076,0.008864192814521343,0.002132623290691405,-0.01285534211106181,-0.16239707462767083,Train
2022-04-08,341.8299865722656,387.3460388183594,-0.03004944796541842,-0.002424038171566889,-0.002277506554479387,-0.02777194141093903,-0.04164127044179639,-0.5260397152486889,Train
2022-04-11,325.30999755859375,380.6350402832031,-0.048328086073804455,-0.01732558968623732,-0.024512169979092065,-0.02381591609471239,-0.10757985539346696,-1.3590189707774234,Train
2022-04-12,328.98333740234375,379.24200439453125,0.011291813566499442,-0.0036597678648697674,-0.004121343673543094,0.015413157240042536,-0.06196317747990991,-0.7827593128551443,Train
2022-04-13,340.7900085449219,383.5246887207031,0.03588835603591267,0.011292747840549122,0.018189363619849568,0.017698992416063104,-0.016343084558854373,-0.20645651432853163,Train
2022-04-14,328.3333435058594,378.8655090332031,-0.03655231880843268,-0.012148317499562578,-0.016787141856014286,-0.019765176952418397,-0.03824088480196418,-0.4830838237800734,Train
2022-04-18,334.7633361816406,378.931396484375,0.019583733431163042,0.00017390722987697949,0.0015988979621748799,0.017984835468988162,0.007515892077963018,0.0949456557541327,Train
2022-04-19,342.7166748046875,384.9836120605469,0.023758093445249484,0.01597179761910139,0.025170992134886723,-0.001412898689637239,0.029918909483038165,0.3779551982451412,Train
2022-04-20,325.73333740234375,384.6917419433594,-0.04955503671370076,-0.0007581364713820093,0.00020819190219705744,-0.04976322861589782,-0.035257476372902184,-0.44539546067674524,Train
2022-04-21,336.260009765625,378.9878845214844,0.03231684066245499,-0.01482708568959823,-0.020784142372327227,0.05310098303478222,0.00014451424581693462,0.0018255983045756424,Train
2022-04-22,335.01666259765625,368.64373779296875,-0.003697576672395231,-0.027294135646516282,-0.039386276480108125,0.035688699807712894,0.055598391005948225,0.7023551746321927,Train
2022-04-25,332.67333984375,370.657958984375,-0.006994645387893739,0.00546386927244491,0.009492071060941024,-0.016486716448834763,0.021126839088125304,0.2668880247915622,Train
2022-04-26,292.1400146484375,360.05963134765625,-0.12184121881948873,-0.028593282242633578,-0.04132473820843629,-0.08051648061105243,-0.05797674283328989,-0.7324000677092357,Train
2022-04-27,293.836669921875,360.99151611328125,0.005807678470473254,0.00258814008706576,0.005201184271448545,0.000606494199024709,-0.007607020018367366,-0.09609684339353257,Train
2022-04-28,292.5033264160156,370.0367736816406,-0.004537702888526063,0.02505670400719584,0.03872661656664652,-0.04326431945517258,-0.10397232250832217,-1.3134462600623567,Train
2022-04-29,290.2533264160156,356.4453430175781,-0.007692220213591394,-0.03672994586142353,-0.05346548588729212,0.04577326567370073,-0.09388775664233434,-1.1860514399651716,Train
2022-05-02,300.9800109863281,358.6854553222656,0.03695628471433299,0.006284588503031818,0.010716669441870795,0.026239615272462193,-0.05116142492103738,-0.6463045222118506,Train
2022-05-03,303.0833435058594,360.23846435546875,0.006988279761963367,0.004329724024654924,0.0077998084912073926,-0.0008115287292440251,0.028543526960771025,0.3605804682550295,Train
2022-05-04,317.5400085449219,371.1662292480469,0.04769864576468552,0.030334808672166202,0.046602097225822,0.001096548538863519,0.029033581300609835,0.36677115462579024,Train
2022-05-05,291.09332275390625,358.1301574707031,-0.08328615317548016,-0.03512192314412277,-0.05106614888784517,-0.03222000428763499,0.04007789646814743,0.5062901545076205,Train
2022-05-06,288.54998779296875,355.880615234375,-0.008737180698190294,-0.006281353830170366,-0.008033022368191846,-0.0007041583299984486,-0.006399527535551751,-0.08084300999493138,Train
2022-05-09,262.3699951171875,344.39752197265625,-0.09072948807249681,-0.032266700601706666,-0.04680586014069769,-0.043923627931799124,-0.07656277073981307,-0.9671909067931996,Train
2022-05-10,266.67999267578125,345.28228759765625,0.016427173986372612,0.0025690243644385102,0.005172661626788577,0.011254512359584034,-0.064496729650985,-0.8147647980024545,Train
2022-05-11,244.6666717529297,339.7196350097656,-0.08254582843646041,-0.016110448718911874,-0.022699053378760863,-0.059846775057699544,-0.1254400532475481,-1.5846406507542166,Train
2022-05-12,242.6666717529297,339.4560546875,-0.008174386751047313,-0.0007758760315931257,0.00018172263487234246,-0.008356109385919656,-0.10157615834583274,-1.283176349938292,Train
2022-05-13,256.5299987792969,347.4659118652344,0.05712909369145702,0.023596153514210183,0.036547323451146634,0.02058177024031039,-0.08029022977552391,-1.0142786029403947,Train
2022-05-16,241.4566650390625,346.2234802246094,-0.05875856161837267,-0.003575693609642161,-0.003995896147772343,-0.05476266547060033,-0.09112926731432511,-1.1512044017930114,Train
2022-05-17,253.8699951171875,353.1510314941406,0.05141017778952928,0.02000890079736095,0.031194769611390696,0.02021540817813858,-0.08216837149577057,-1.0380045153641322,Train
2022-05-18,236.60333251953125,339.164306640625,-0.06801379812405906,-0.03960550474492297,-0.05775611856868235,-0.010257679555376702,-0.03257927599344773,-0.4115626849223085,Train
2022-05-19,236.47332763671875,336.8959045410156,-0.0005494634476534976,-0.006688209977274928,-0.008640094020039549,0.008090630572386051,-0.016132536035142017,-0.20379672791268516,Train
2022-05-20,221.3000030517578,336.9806213378906,-0.06416505716141863,0.0002514628279333131,0.0017146189740292123,-0.06587967613544783,-0.10259398241090023,-1.2960341680519285,Train
2022-05-23,224.96665954589844,343.3716735839844,0.01656871415985961,0.018965637313860473,0.029638112078382454,-0.013069397918522845,-0.06090071485882276,-0.7693375913579519,Train
2022-05-24,209.3866729736328,340.8961486816406,-0.06925464690507588,-0.00720946162071312,-0.009417855640362394,-0.05983679126471349,-0.14095291430167484,-1.7806092397292188,Train
2022-05-25,219.60000610351562,343.7386169433594,0.04877737911795821,0.008338223452249327,0.01378090619922584,0.03499647291873237,-0.09569876182756575,-1.2089292398460518,Train
2022-05-26,235.91000366210938,350.572021484375,0.07427138936829314,0.019879653330139524,0.031001918958938644,0.0432694704093545,-0.0605199219905973,-0.7645271672319629,Train
2022-05-27,253.2100067138672,359.3631286621094,0.07333306253742577,0.025076465430730943,0.038756102664162045,0.03457695987326373,0.03993671401811426,0.5045066456226702,Train
2022-05-31,252.75332641601562,357.3677062988281,-0.001803563389055185,-0.005552663042282857,-0.006945739987337496,0.005142176598282311,0.058148288534919414,0.7345671450121115,Train
2022-06-01,246.7899932861328,354.3746032714844,-0.02359349020027357,-0.00837541550226406,-0.011157579997210967,-0.012435910203062603,0.1055491695965703,1.333366021983458,Train
2022-06-02,258.3333435058594,361.10443115234375,0.04677398003874078,0.0189907172205106,0.029675533905400755,0.017098446133340026,0.08765114281117795,1.1072664622483386,Train
2022-06-03,234.51666259765625,355.2594299316406,-0.09219359988526965,-0.016186456649260106,-0.022812465109561548,-0.0693811347757081,-0.024999462373884652,-0.3158095305211652,Train
2022-06-06,238.27999877929688,356.22882080078125,0.0160472016783606,0.0027286844133234123,0.00541089101154882,0.01063631066681178,-0.0489401115803366,-0.6182434418263805,Train
2022-06-07,238.8866729736328,359.71142578125,0.0025460558898939833,0.009776314484156723,0.015926687464816562,-0.013380631574922579,-0.06746291975354149,-0.8522356479637503,Train
2022-06-08,241.86666870117188,355.7771301269531,0.012474516432601446,-0.010937366378485414,-0.014980276941693071,0.027454793374294517,-0.02757221617618437,-0.34831023626832497,Train
2022-06-09,239.7066650390625,347.4095153808594,-0.008930555308462429,-0.02351925977678193,-0.033753769398506314,0.024823214090043885,-0.019847448219480507,-0.2507259240416734,Train
2022-06-10,232.22999572753906,337.21588134765625,-0.031190911234383223,-0.029341838901643214,-0.04244166253346017,0.011250751299076947,0.060784437855304546,0.7678687043338112,Train
2022-06-13,215.73666381835938,324.21746826171875,-0.07102153990705962,-0.03854626607142697,-0.05617562439206388,-0.014845915514995735,0.03530221167349703,0.4459605862009381,Train
2022-06-14,220.88999938964844,323.4080505371094,0.023887157055640484,-0.002496527188831088,-0.0023856677012743114,0.026272824756914795,0.0749556680053344,0.946888935795408,Train
2022-06-15,233.0,328.03887939453125,0.05482367080362738,0.014318842248147723,0.022704610946801863,0.03211905985682552,0.0796199344878654,1.005810995239874,Train
2022-06-16,213.10000610351562,317.2618408203125,-0.08540769912654234,-0.03285293070781781,-0.047680576379870755,-0.03772712274667158,0.01706959765114994,0.21563430204107953,Train
2022-06-17,216.75999450683594,318.0900573730469,0.017174980283869212,0.002610514238311712,0.005234568830222532,0.01194041145364668,0.017759257805719672,0.22434653938348514,Train
2022-06-21,237.0366668701172,325.8835144042969,0.0935443480214786,0.02450078790771526,0.03789713197558865,0.055647216045889944,0.08825238936660534,1.1148618012823233,Train
2022-06-22,236.086669921875,325.1963806152344,-0.004007805884153504,-0.0021085257728319373,-0.0018067292676138323,-0.0022010766165396715,0.059778487993150886,0.7551608889038903,Train
2022-06-23,235.07000732421875,328.613037109375,-0.004306310889948484,0.010506440716457899,0.01701611167790705,-0.021322422567855534,0.006337005568469833,0.08005319168699743,Train
2022-06-24,245.7066650390625,338.84423828125,0.04524889345059324,0.03113449564227011,0.04779531328844499,-0.0025464198378517475,0.041517708477289667,0.5244787998410877,Train
2022-06-27,244.9199981689453,337.57366943359375,-0.0032016505127857586,-0.0037497135973185713,-0.004255552053490009,0.0010539015407042508,0.030631198564347237,0.38695329896424135,Train
2022-06-28,232.663330078125,330.279052734375,-0.0500435578248114,-0.02160896230875531,-0.030903407058675746,-0.019140150766135657,-0.04415616824767836,-0.5578095462756941,Train
2022-06-29,228.49000549316406,330.441650390625,-0.01793718238090891,0.0004923038712381089,0.002073978838768313,-0.020011161219677224,-0.06196625285081592,-0.7827981629482975,Train
2022-06-30,224.47332763671875,327.83306884765625,-0.017579227799377373,-0.007894227437385881,-0.010439597399494622,-0.007139630399882751,-0.047783460682843136,-0.603631872527359,Train
2022-07-01,227.26333618164062,331.1976623535156,0.012429131666979787,0.010263130311063628,0.016653067268315096,-0.0042239356013353095,-0.049460976446326695,-0.6248233468792642,Train
2022-07-05,233.06666564941406,331.78363037109375,0.025535704813974602,0.0017692395937043415,0.003979299635461827,0.021556405178512775,-0.028958472808518168,-0.3658223351163595,Train
2022-07-06,231.73333740234375,332.98382568359375,-0.005720802000385383,0.0036174036409137855,0.006736952454546873,-0.012457754454932256,-0.02227607649731477,-0.2814059420661604,Train
2022-07-07,244.5433349609375,337.8699645996094,0.055279044880592876,0.014673802566790517,0.023234248629585817,0.03204479625100706,0.029779880973369515,0.3761988993411543,Train
2022-07-08,250.76333618164062,337.67156982421875,0.02543516968760029,-0.0005871926959406526,0.0004632577795809803,0.02497191190801931,0.061891423281271576,0.7818528669705893,Train
2022-07-11,234.3433380126953,333.8533935546875,-0.06548005948146851,-0.011307366715885725,-0.01553235589541744,-0.04994770358605107,0.01616765529655581,0.20424037735175973,Train
2022-07-12,233.07000732421875,330.7723693847656,-0.005433611636988744,-0.009228674110862922,-0.012430730511616889,0.006997118874628144,0.0016083689926711803,0.02031796719800245,Train
2022-07-13,237.0399932861328,329.23187255859375,0.017033448479672808,-0.004657271794004991,-0.005609723196119333,0.02264317167579214,0.036709295123395574,0.4637357830060008,Train
2022-07-14,238.31333923339844,328.3624267578125,0.005371861218914864,-0.002640831199070881,-0.002600984280581163,0.007972845499496027,0.012637344371884542,0.15964318485857856,Train
2022-07-15,240.06666564941406,334.5716857910156,0.0073572315408600986,0.018909773248152018,0.029554757086968635,-0.022197525546108536,-0.0345320930822433,-0.43623194535610427,Train
2022-07-18,240.54666137695312,331.802490234375,0.001999426810217919,-0.008276837742839827,-0.011010491735979079,0.013009918546196998,0.02842552905000477,0.35908984160697416,Train
2022-07-19,245.52999877929688,340.8092346191406,0.020716718219316865,0.027144896888517955,0.041842417349951484,-0.02112569913063462,0.0003027110447420059,0.003824043553168989,Train
2022-07-20,247.5,342.992431640625,0.008023464466653252,0.006405920966091605,0.010897710085588845,-0.002874245618935593,-0.02521470624998573,-0.3185286316939187,Train
2022-07-21,271.7066650390625,346.4609069824219,0.09780470722853529,0.010112396140072866,0.016428156220947437,0.08137655100758785,0.048188999258106095,0.6087549005807865,Train
2022-07-22,272.24334716796875,343.3043212890625,0.0019752262198982073,-0.009110943340916444,-0.012255063968310755,0.014230290188208962,0.0846168149924236,1.068934852169829,Train
2022-07-25,268.4333190917969,343.6445007324219,-0.013994935471540293,0.0009908976446380002,0.0028179325623950147,-0.016812868033935308,0.054794028412291286,0.6921939411915508,Train
2022-07-26,258.8599853515625,339.52392578125,-0.0356637312112531,-0.011990807192868047,-0.016552120110002632,-0.01911161110125047,0.05680811644167544,0.7176372161498382,Train
2022-07-27,274.82000732421875,348.417236328125,0.061655036992220635,0.026193472305114707,0.04042279299975902,0.021232243992461618,0.08091460605307264,1.0221661317253017,Train
2022-07-28,280.8999938964844,352.82135009765625,0.02212352234272652,0.012640344134363213,0.02020011733201928,0.0019234050107072402,0.001461460056192035,0.018462117597520294,Train
2022-07-29,297.1499938964844,357.990966796875,0.05784976985791013,0.0146522218618228,0.023202047975113653,0.034647721882796474,0.021878891750779547,0.2763884450313245,Train
2022-08-01,297.27667236328125,356.9136047363281,0.00042631152414229767,-0.0030094671666901496,-0.003151027452807322,0.0035773389769496195,0.04226909876166447,0.5339708524859662,Train
2022-08-02,300.586669921875,354.6076354980469,0.011134400598203698,-0.006460861137486784,-0.008300865925053,0.019435266523256698,0.08081597638617163,1.0209201773790193,Train
2022-08-03,307.39666748046875,360.14581298828125,0.02265568716125621,0.015617761536510733,0.02464273350833888,-0.001987046347082671,0.05759668604662736,0.7275989422461274,Train
2022-08-04,308.6333312988281,359.86224365234375,0.004023022853486102,-0.0007873736850766422,0.00016456694104226483,0.0038584559124438377,0.05953173694836395,0.7520437686056884,Train
2022-08-05,288.1700134277344,359.1156921386719,-0.0663030068235908,-0.002074548043981772,-0.0017560309652140847,-0.06454697585837672,-0.039662960792809246,-0.5010484161508019,Train
2022-08-08,290.42333984375,358.79437255859375,0.007819434052879659,-0.0008947522681744813,4.346936310424716e-06,0.007815087116569235,-0.035425212653189625,-0.4475144148821077,Train
2022-08-09,283.3333435058594,357.3767395019531,-0.024412625864385085,-0.003951101703550619,-0.004556044036179287,-0.019856581828205797,-0.07471706100465213,-0.9438746963794735,Train
2022-08-10,294.3566589355469,364.8618469238281,0.03890581776676605,0.02094458478832828,0.03259090736191117,0.006314910404854879,-0.06641510425271457,-0.8389989584525939,Train
2022-08-11,286.6300048828125,364.8618469238281,-0.026249292544206493,0.0,0.0013394103028117196,-0.027588702847018212,-0.09786226301217663,-1.2362599993310117,Train
2022-08-12,300.0299987792969,371.1088562011719,0.046750143628413676,0.01712157445348872,0.026886578656253338,0.01986356497216034,-0.013451722181639564,-0.1699309370477719,Train
2022-08-15,309.32000732421875,372.6966552734375,0.03096359891583922,0.004278526490903545,0.007723416450418119,0.0232401824654211,0.0019733731672123,0.024928938237144222,Train
2022-08-16,306.5633239746094,373.34869384765625,-0.008912075793144236,0.0017495154973696803,0.003949869234008389,-0.012861945027152625,0.008968009968265472,0.1132897570127608,Train
2022-08-17,303.9966735839844,370.7969970703125,-0.008372333511224461,-0.0068346208769246575,-0.008858554297293335,0.00048622078606887394,0.003139320349479467,0.03965794427484696,Train
2022-08-18,302.8699951171875,371.9405212402344,-0.0037062197211366055,0.0030839628663579255,0.005941003383905651,-0.009647223105042256,0.021080800091455423,0.2663064301273838,Train
2022-08-19,296.6666564941406,366.8087158203125,-0.020481852686155544,-0.013797381911521467,-0.019247717328931654,-0.0012341353572238901,-1.690023792880538e-05,-0.00021349483945572797,Train
2022-08-22,289.913330078125,359.07794189453125,-0.022764022407583906,-0.021075763994572894,-0.03010781976410811,0.007343797356524205,-0.0159132853468257,-0.20102701007203466,Train
2022-08-23,296.4533386230469,358.227294921875,0.0225584954757323,-0.0023689758501125313,-0.0021953478488097007,0.024753843324542,0.021702503004868923,0.27416018723113106,Train
2022-08-24,297.0966796875,359.3141174316406,0.002170125887066332,0.0030338908429705658,0.00586629072154219,-0.0036961648344758583,0.017520117384324196,0.22132556144883833,Train
2022-08-25,296.07000732421875,364.5499572753906,-0.003455684406709514,0.014571762114930387,0.02308199367139762,-0.026537678078107134,0.0006296624112593144,0.007954306677185123,Train
2022-08-26,288.0899963378906,352.0558166503906,-0.026953121859416895,-0.034272780384833834,-0.049799139648327474,0.02284601778891058,0.024709815557393787,0.31215052282872435,Train
2022-08-29,284.82000732421875,349.7309265136719,-0.01135058160727187,-0.006603754367244252,-0.008514077473272342,-0.0028365041339995286,0.014529514066870053,0.18354630781789424,Train
2022-08-30,277.70001220703125,345.9316101074219,-0.0249982267189629,-0.010863541420611189,-0.014870122432677445,-0.010128104286285456,-0.020352433543957403,-0.25710522835862243,Train
2022-08-31,275.6099853515625,343.2098388671875,-0.007526203685978228,-0.007867946035313711,-0.010400382816447593,0.0028741791304693655,-0.013782089579012178,-0.17410435370383304,Train
2022-09-01,277.1600036621094,344.2682189941406,0.005623955563764049,0.00308376977316982,0.005940715268802812,-0.0003167597050387624,0.012438828794056195,0.15713540647128812,Train
2022-09-02,270.2099914550781,340.65802001953125,-0.02507581222110289,-0.010486588001522246,-0.014307668758511489,-0.0107681434625914,-0.021175332457445784,-0.26750062469349006,Train
2022-09-06,274.4200134277344,339.5144958496094,0.015580556255471167,-0.0033568097702684208,-0.0036692987130843655,0.01924985496855553,0.0009110266451092738,0.011508683378118773,Train
2022-09-07,283.70001220703125,345.6008605957031,0.03381677109982606,0.01792667123347136,0.0280878667174012,0.005728904382424859,0.01676803531381959,0.2118247697099103,Train
2022-09-08,289.260009765625,347.85968017578125,0.01959815762903916,0.006535920009529628,0.011091682167859633,0.008506475461179526,0.02240033164452975,0.2829756142103019,Train
2022-09-09,299.67999267578125,353.2277526855469,0.03602289482946186,0.01543171806244703,0.02436513731145431,0.011657757518007551,0.034374848867576066,0.4342455337737854,Train
2022-09-12,304.4200134277344,357.112060546875,0.01581694096302666,0.010996610067573132,0.01774749528802163,-0.0019305543249949694,0.0432124380051725,0.5458877297035208,Train
2022-09-13,292.1300048828125,341.5370178222656,-0.04037188096320543,-0.04361388047426351,-0.06373703170605136,0.023365150742845925,0.047327733779462894,0.5978748327458665,Train
2022-09-14,302.6099853515625,342.8128356933594,0.03587437200418364,0.0037355185661240853,0.0069131921974279285,0.028961179806755714,0.07056000920379374,0.8913601039475704,Train
2022-09-15,303.75,338.98529052734375,0.003767273730617582,-0.011165116260230423,-0.015320103432955423,0.019087377163573005,0.08114091090618722,1.0250249623812535,Train
2022-09-16,303.3500061035156,336.320068359375,-0.0013168523341049454,-0.007862353448500947,-0.01039203809574302,0.009075185761638075,0.07855833914981775,0.9924002298282739,Train
2022-09-19,309.07000732421875,338.90020751953125,0.018856110452001085,0.0076716776752057125,0.012786350632641304,0.006069759819359781,0.08655865329417249,1.093465421397748,Train
2022-09-20,308.7300109863281,335.08197021484375,-0.0011000625419275156,-0.011266553457236927,-0.015471458272211944,0.014371395730284429,0.077564898281611,0.9798504361768452,Train
2022-09-21,300.79998779296875,329.18463134765625,-0.025685948599634356,-0.017599690199404994,-0.024921156429180625,-0.0007647921704537312,0.047838926304401556,0.6043325504716466,Train
2022-09-22,288.5899963378906,326.4060363769531,-0.040591728559117746,-0.008440840507431213,-0.0112552009038671,-0.029336527655250647,-0.0005849785144220951,-0.007389830518819417,Train
2022-09-23,275.3299865722656,320.981201171875,-0.04594757245188685,-0.016619898532799215,-0.023459205442951284,-0.02248836700893557,-0.03214853128499574,-0.40612123653769033,Train
2022-09-26,276.010009765625,317.8719177246094,0.0024698479153155706,-0.009686808560482318,-0.013114314719642408,0.015584162634957979,-0.022634128469397545,-0.2859290883448484,Train
2022-09-27,282.94000244140625,316.97406005859375,0.02510775852537339,-0.002824589452389059,-0.0028751706906339665,0.027982929216007358,-0.009022594983674609,-0.1139793105652347,Train
2022-09-28,287.80999755859375,323.2000732421875,0.017212112374233923,0.0196420274341782,0.030647356428153142,-0.013435244053919219,-0.021693046867140096,-0.27404073112555477,Train
2022-09-29,268.2099914550781,316.46051025390625,-0.06810050474193607,-0.020852603530293834,-0.029774841160635834,-0.03832566358130024,-0.03068218279318969,-0.38759736502989955,Train
2022-09-30,265.25,311.6382751464844,-0.011036096899372572,-0.015238031132392638,-0.021397315678302553,0.010361218778929981,0.0021674029946758613,0.02738004969714032,Train
2022-10-03,242.39999389648438,319.8778381347656,-0.08614516909902215,0.026439509025033114,0.04078990535393877,-0.12693507445296093,-0.14035183409324303,-1.7730160020990884,Train
2022-10-04,249.44000244140625,329.5886535644531,0.029042940273044104,0.030357887518285276,0.04663653326257836,-0.017593592989534258,-0.18592835629878465,-2.3487683869005926,Train
2022-10-05,240.80999755859375,329.0190124511719,-0.034597517632881325,-0.0017283395745595342,-0.0012394519509567215,-0.033358065681924606,-0.20585117792679003,-2.6004464770490414,Train
2022-10-06,238.1300048828125,325.5543212890625,-0.011129075632041241,-0.010530367641364058,-0.014372992530722398,0.0032439168986811567,-0.16428159744680862,-2.0753123962034157,Train
2022-10-07,223.07000732421875,316.4130859375,-0.06324275500689214,-0.02807898637427675,-0.040557355327376886,-0.02268539967951525,-0.1973282159052539,-2.492778856265211,Train
2022-10-10,222.9600067138672,314.0494079589844,-0.0004931214719139376,-0.007470228266673207,-0.009806946574925788,0.00931382510301185,-0.06107931634928111,-0.7715938019919436,Train
2022-10-11,216.5,311.98004150390625,-0.02897383620084637,-0.006589302200972091,-0.008492513339329532,-0.02048132286151684,-0.06396704622126369,-0.8080734910949957,Train
2022-10-12,217.24000549316406,311.01190185546875,0.003418039229395209,-0.0031032102046354426,-0.0032909018071698376,0.0067089410365650465,-0.02390003950277404,-0.3019209030148241,Train
2022-10-13,221.72000122070312,319.15643310546875,0.020622332969329804,0.026187201201659738,0.04041343586171303,-0.019791102892383228,-0.04693505929383843,-0.5929143122715442,Train
2022-10-14,204.99000549316406,311.9705505371094,-0.07545550981161053,-0.022515236489012658,-0.0322556623153583,-0.04319984749625223,-0.0674495071105754,-0.8520662107008676,Train
2022-10-17,219.35000610351562,319.8967590332031,0.07005219876844393,0.025406912551352967,0.0392491641080949,0.030803034660349032,-0.04596029755323822,-0.5806004855553936,Train
2022-10-18,220.19000244140625,323.6653137207031,0.003829479437051919,0.011780534128852604,0.018917191452601845,-0.015087712015549926,-0.040566686707271316,-0.5124648719328359,Train
2022-10-19,222.0399932861328,321.4250793457031,0.008401793106927569,-0.006921453365661412,-0.008988117394094528,0.017389910501022097,-0.02988571724281426,-0.3775358921958636,Train
2022-10-20,207.27999877929688,318.7861328125,-0.0664744863679374,-0.008210145078209163,-0.0109109793496686,-0.0555635070182688,-0.06565812136869983,-0.8294362564377303,Train
2022-10-21,214.44000244140625,326.4465637207031,0.03454266549727758,0.024030000428872933,0.03719466813306355,-0.002652002635785973,-0.025110276508233574,-0.31720940701532535,Train
2022-10-24,211.25,330.42401123046875,-0.014875967194030837,0.012184069161066624,0.019519307655903605,-0.034395274849934446,-0.09030858601851705,-1.1408370198525344,Train
2022-10-25,222.4199981689453,335.7967224121094,0.05287573097725584,0.016260050719780095,0.02560109571627435,0.027274635260981492,-0.047946238741985635,-0.6056881912460623,Train
2022-10-26,224.63999938964844,333.2906188964844,0.009981122376490958,-0.00746315657169927,-0.009796394871136272,0.019777517247627233,-0.0455586319953805,-0.5755263839864703,Train
2022-10-27,225.08999633789062,331.5061340332031,0.00200319154854367,-0.005354140687156561,-0.006649524003105988,0.008652715551649658,0.018657590574537957,0.2356948654286343,Train
2022-10-28,228.52000427246094,339.2424621582031,0.015238384603380561,0.023336907920458394,0.036160502084545305,-0.020922117481164744,0.00038747572915918613,0.004894846388454312,Train
2022-10-31,227.5399932861328,336.9358215332031,-0.004288512900427199,-0.006799386522328477,-0.008805980978692366,0.004517468078265167,0.039300218657358804,0.49646602066630857,Train
2022-11-01,227.82000732421875,335.57843017578125,0.0012306146011606955,-0.004028634744875581,-0.004671731391046325,0.00590234599220702,0.01792792938858433,0.22647730894164955,Train
2022-11-02,214.97999572753906,327.01617431640625,-0.05636033352596026,-0.02551491719801524,-0.03673149765910177,-0.019628835866858492,-0.021478423725901395,-0.2713294714808523,Train
2022-11-03,215.30999755859375,323.53240966796875,0.0015350350619269815,-0.010653187585354051,-0.014556252650566884,0.016091287712493865,-0.014039851565057188,-0.177360571400903,Train
2022-11-04,207.47000122070312,328.2691955566406,-0.03641259777431871,0.014640838899364406,0.023185063412211715,-0.059597661186530426,-0.05271539527042287,-0.6659352902317224,Train
2022-11-07,197.0800018310547,331.4206237792969,-0.05007952633400592,0.009600133869742011,0.015663807679473674,-0.06574333401347959,-0.12297619736216764,-1.553515614591573,Train
2022-11-08,191.3000030517578,333.2242431640625,-0.02932818513088775,0.005442085541323083,0.009459567470348512,-0.038787752601236264,-0.16766629595561092,-2.118070117590943,Train
2022-11-09,177.58999633789062,326.4180908203125,-0.07166757185130745,-0.02042514157770625,-0.02913702350565839,-0.042530548345649066,-0.1905680084344015,-2.4073795018444613,Train
2022-11-10,190.72000122070312,344.2829895019531,0.07393437216942544,0.05473011203743283,0.08300242499934385,-0.009068052829918405,-0.21572734897681375,-2.725208717772783,Train
2022-11-11,195.97000122070312,347.5768737792969,0.027527264924482875,0.00956737445003819,0.01561492722092659,0.011912337703556285,-0.14421735008672706,-1.8218477238724136,Train
2022-11-14,190.9499969482422,344.78607177734375,-0.02561618738169713,-0.008029308657989787,-0.010641152618235221,-0.01497503476346191,-0.09344905083670937,-1.1805094218033705,Train
2022-11-15,194.4199981689453,347.6337585449219,0.018172303095892017,0.00825928597665948,0.01366312328248721,0.004509179813404807,-0.050152118422068306,-0.6335543035541742,Train
2022-11-16,186.9199981689453,344.99493408203125,-0.03857627852399581,-0.0075908176292655005,-0.009986878435523561,-0.02858940008847225,-0.036210970164891484,-0.4574406167804841,Train
2022-11-17,183.1699981689453,343.99822998046875,-0.020062058831236462,-0.0028890398179746146,-0.002971337333750105,-0.017090721497486357,-0.04423363883245944,-0.5587882052821562,Train
2022-11-18,180.19000244140625,345.5169982910156,-0.016269016527425406,0.004415046875773543,0.007927119051801242,-0.024196135579226646,-0.08034211211524236,-1.0149340145290031,Train
2022-11-21,167.8699951171875,344.3019104003906,-0.06837231343190053,-0.003516723914120057,-0.003907907233940447,-0.06446440619796008,-0.12983148354974056,-1.6401160654375573,Train
2022-11-22,169.91000366210938,348.8868713378906,0.012152311933396831,0.013316687473990951,0.021209291880139067,-0.009056979946742236,-0.14339764330988758,-1.811492652691798,Train
2022-11-23,183.1999969482422,351.0700988769531,0.07821783885404354,0.006257694738384334,0.010676541150224865,0.06754129770381867,-0.047266945517596665,-0.59710691573413,Train
2022-11-25,182.86000061035156,351.0321044921875,-0.0018558752377418886,-0.00010822449672354129,0.0011779281070432438,-0.0030338033447851326,-0.03321002736489544,-0.419530748055561,Train
2022-11-28,182.9199981689453,345.4790954589844,0.0003281065208000644,-0.015819091650423944,-0.022264318354838473,0.022592424875638537,0.01357853308996974,0.1715328952349428,Train
2022-11-29,180.8300018310547,344.8714904785156,-0.011425739989130657,-0.0017587315367417755,-0.0012847999168561395,-0.010140940072274517,0.0679019992156553,0.8577823863982738,Train
2022-11-30,194.6999969482422,355.4841003417969,0.07670184691003823,0.030772650556171177,0.04725540281715353,0.029446444092884702,0.10640542325528224,1.344182777236856,Train
2022-12-01,194.6999969482422,355.5316162109375,0.0,0.00013366524436664307,0.0015388527378585003,-0.0015388527378585003,0.03732527281360507,0.47151721535231356,Train
2022-12-02,194.86000061035156,355.0189208984375,0.0008217959148295595,-0.00144205265895625,-0.0008122821220269783,0.0016340780368565377,0.04199315419524674,0.5304849405624646,Train
2022-12-05,182.4499969482422,348.6969299316406,-0.06368676805520912,-0.017807476150279444,-0.025231194660938448,-0.03845557339427067,-0.01905484407466247,-0.24071323100369832,Train
2022-12-06,179.82000732421875,343.65643310546875,-0.01441485156488942,-0.014455237180206915,-0.020229305753930806,0.005814454189041387,-0.0030994498133465644,-0.03915427363147694,Train
2022-12-07,174.0399932861328,342.99200439453125,-0.032143331123685615,-0.0019334097864350808,-0.0015454380179094035,-0.03059789310577621,-0.06314378701200747,-0.7976735432687565,Train
2022-12-08,173.44000244140625,345.6973876953125,-0.003447430865732959,0.007887598737343682,0.013108527295802596,-0.016555958161535555,-0.07816089243568453,-0.987379423447705,Train
2022-12-09,179.0500030517578,343.17236328125,0.0323454827685834,-0.007304146643676623,-0.009559135534262877,0.04190461830284628,-0.037890352169694795,-0.4786556667111844,Train
2022-12-12,167.82000732421875,348.0705261230469,-0.0627198857086465,0.014273185623000062,0.022636486517458882,-0.08535637222610538,-0.08479115100152951,-1.0711371784585009,Train
2022-12-13,160.9499969482422,350.6429748535156,-0.04093677795344208,0.007390596265422822,0.012366947959350177,-0.05330372591279226,-0.14390933110336315,-1.8179566269730907,Train
2022-12-14,156.8000030517578,348.526123046875,-0.025784367661833008,-0.0060370575156253325,-0.007668506879691568,-0.01811586078214144,-0.13142729877972836,-1.6602754453091597,Train
2022-12-15,157.6699981689453,339.9543762207031,0.005548438139381551,-0.024594273597732585,-0.03535780173447568,0.040906239873857234,-0.07396510074433559,-0.9343754434263694,Train
2022-12-16,150.22999572753906,335.90118408203125,-0.047187179094365206,-0.011922753234511974,-0.01645057653198861,-0.030736602562376595,-0.14660632160955847,-1.8520267718763401,Train
2022-12-19,149.8699951171875,333.0058898925781,-0.00239632976495896,-0.008619481938908713,-0.011521752483995033,0.009125422719036073,-0.052124526664417005,-0.6584710522304549,Train
2022-12-20,137.8000030517578,333.51336669921875,-0.08053641461716088,0.0015239274200355979,0.0036132683795812017,-0.08414968299674208,-0.08297048374836682,-1.048137321027278,Train
2022-12-21,137.57000732421875,338.5016784667969,-0.0016690545895901021,0.014956857102752519,0.023656595412182853,-0.025325650001772955,-0.09018027296799833,-1.1392160856245093,Train
2022-12-22,125.3499984741211,333.7422180175781,-0.08882756559936855,-0.014060374739576331,-0.019640129958524623,-0.06918743564084393,-0.2002739484826995,-2.529991273412862,Train
2022-12-23,123.1500015258789,335.6117248535156,-0.017550833466474902,0.005601649222092275,0.009697653063865571,-0.027248486530340475,-0.1967858324506634,-2.4859271143519286,Train
2022-12-27,109.0999984741211,334.2763671875,-0.1140885333144338,-0.0039788766813747545,-0.004597487189460189,-0.10949104612497361,-0.31540230129467306,-3.984367791893755,Train
2022-12-28,112.70999908447266,330.175048828125,0.03308891531476843,-0.012269244140356794,-0.016967576970739175,0.050056492285507605,-0.18119612601242338,-2.288987764313485,Train
2022-12-29,121.81999969482422,336.0313415527344,0.0808269069678893,0.0177369330159709,0.027804757579352368,0.05302214938853693,-0.10284832662211346,-1.2992472101859038,Train
2022-12-30,123.18000030517578,335.10614013671875,0.011164017515666869,-0.0027533188176449563,-0.0027688274971729683,0.013932845012839836,-0.019728045968429708,-0.24921755685026872,Train
2023-01-03,108.0999984741211,333.8185119628906,-0.12242248574195735,-0.0038424487635553284,-0.0043939225585256664,-0.11802856318343169,-0.11050812262152092,-1.3960107542286664,Train
2023-01-04,113.63999938964844,336.2220764160156,0.05124885285593783,0.00720021319066988,0.012082876627267267,0.03916597622867057,0.03814889973212326,0.4819218083220224,Train
2023-01-05,110.33999633789062,332.54998779296875,-0.029039097760312105,-0.010921616635617082,-0.014956776688625006,-0.014082321071687099,-0.025989913625071446,-0.3283215573785171,Train
2023-01-06,113.05999755859375,340.1136169433594,0.024651090365942707,0.022744337477165644,0.03527632540341136,-0.01062523503746865,-0.08963729805107702,-1.1323568719729062,Train
2023-01-09,119.7699966430664,339.8655700683594,0.059349011404278285,-0.0007293059220304654,0.0002512100778915259,0.059097801326386756,-0.044472341737530105,-0.5618036562249396,Train
2023-01-10,118.8499984741211,342.28826904296875,-0.007681374256751861,0.007128403663019034,0.01197572934958782,-0.019657103606339682,0.0538991178395619,0.6808888465617027,Train
2023-01-11,123.22000122070312,346.6566467285156,0.036769060182475055,0.012762276947909434,0.02038205376105133,0.016387006421423725,0.03112014803231506,0.3931300278721718,Train
2023-01-12,123.55999755859375,347.95379638671875,0.0027592625752506095,0.0037418860144313726,0.006922693092005703,-0.004163430516755094,0.04103903858724707,0.5184319292729075,Train
2023-01-13,122.4000015258789,349.30816650390625,-0.009388119582672827,0.0038923849409082667,0.0071472531301121295,-0.016535372712784956,0.035128900911930765,0.44377121150855736,Train
2023-01-17,131.49000549316406,348.7740478515625,0.07426473736900463,-0.0015290757662196341,-0.0009421296414789226,0.07520686701048356,0.051237966596027563,0.6472714466233613,Train
2023-01-18,128.77999877929688,343.10845947265625,-0.020609982513142944,-0.016244294590741726,-0.0228987653287535,0.002288782815610558,0.07318385301797779,0.9245062120808377,Train
2023-01-19,127.16999816894531,340.63824462890625,-0.012501946153228194,-0.007199516000120254,-0.009403015740891956,-0.003098930412336238,0.05369791618421784,0.6783471358895297,Train
2023-01-20,133.4199981689453,346.9045715332031,0.0491468120625187,0.018395840758055337,0.028787916404035527,0.02035889565848317,0.0782202423594561,0.9881291704335581,Train
2023-01-23,143.75,351.12994384765625,0.07742468874848996,0.012180215140372486,0.019513557056519287,0.057911131691970666,0.1526667467642117,1.9285860192003574,Train
2023-01-24,143.88999938964844,350.7579040527344,0.0009739087975544347,-0.0010595501791874629,-0.00024154867266999052,0.0012154574702244252,0.07867533722395259,0.9938782258872213,Train
2023-01-25,144.42999267578125,350.88189697265625,0.003752820129427681,0.0003535000023926482,0.001866869041994835,0.0018859510874328458,0.07827250549577487,0.9887893924934388,Train
2023-01-26,160.27000427246094,354.6303405761719,0.10967259156647335,0.010682921050805039,0.01727943867653593,0.09239315288993742,0.1737645887980485,2.195107734270359,Train
2023-01-27,177.89999389648438,355.6413269042969,0.11000180416824756,0.0028508173510546353,0.005593126046661738,0.10440867812158583,0.2578143712611512,3.25687946132186,Train
2023-01-30,166.66000366210938,351.19671630859375,-0.06318150994943417,-0.012497452515970342,-0.01730808758249993,-0.04587342236693424,0.1540298172022463,1.9458052149040483,Train
2023-01-31,173.22000122070312,356.18505859375,0.03936155894904236,0.014203840905998133,0.022533016993409996,0.016828541955632367,0.16964290168765422,2.143039891697531,Train
2023-02-01,181.41000366210938,360.0860595703125,0.047280928205116535,0.01095217466999876,0.017681193057127596,0.02959973514798894,0.19735668574821033,2.493138505909016,Train
2023-02-02,188.27000427246094,365.24609375,0.03781489703913388,0.014330002627274574,0.022721263392242345,0.015093633646891532,0.12005716650516443,1.516640511009746,Train
2023-02-03,189.97999572753906,361.3450622558594,0.009082654784473565,-0.010680556372522854,-0.01459708972517882,0.023679744509652385,0.03932823289323099,0.49681991478396553,Train
2023-02-06,194.75999450683594,359.2562561035156,0.025160537355481072,-0.005780641194606195,-0.007285907082024524,0.03244644443750559,0.11764809969767082,1.4862076062500242,Train
2023-02-07,196.80999755859375,363.8917236328125,0.010525791279409002,0.012902955621630685,0.02059196096152864,-0.010066169682119638,0.09075338805991881,1.1464560496448186,Train
2023-02-08,201.2899932861328,359.90484619140625,0.022763049555982517,-0.010956219068695372,-0.015008407114652192,0.03777145667063471,0.09892510958256458,1.249686571126447,Train
2023-02-09,207.32000732421875,356.8240966796875,0.029956849516678652,-0.008559900052249714,-0.011432850117368174,0.041389699634046824,0.12522117556971987,1.5818756450255853,Train
2023-02-10,196.88999938964844,357.6919860839844,-0.05030873801899527,0.0024322611964067153,0.0049685967676981,-0.05527733478669337,0.04626409627337412,0.5844382693342669,Train
2023-02-13,194.63999938964844,361.8219909667969,-0.011427700782035255,0.011546260591487778,0.01856763098921841,-0.029995331771253665,-0.016177679935385138,-0.20436701513440428,Train
2023-02-14,209.25,361.6883850097656,0.0750616556523096,-0.0003692588078304526,0.0007884377882651073,0.07427321786404449,0.068161707610779,0.86106319240561,Train
2023-02-15,214.24000549316406,362.8997497558594,0.02384709913101113,0.003349194489784546,0.006336756528848219,0.017510342602162908,0.047900593542307184,0.6051115712825844,Train
2023-02-16,202.0399932861328,357.8541564941406,-0.05694553722096751,-0.013903545717827481,-0.019406124760450855,-0.03753941246051666,-0.0310285185522563,-0.39197250445640885,Train
2023-02-17,208.30999755859375,356.9290466308594,0.031033480898909227,-0.0025851589159797683,-0.002517915448762409,0.03355139634767164,0.057800212582108705,0.7301700223220776,Train
2023-02-21,197.3699951171875,349.8423156738281,-0.05251789433835996,-0.019854733101507538,-0.028285914782493662,-0.024231979555866298,0.06356356479749607,0.802976450322344,Train
2023-02-22,200.86000061035156,349.4034729003906,0.017682553475729224,-0.0012544016368981614,-0.0005322872964788788,0.018214840772208103,0.007505187705659683,0.09481043113445564,Train
2023-02-23,202.07000732421875,351.1585693359375,0.006024129792842503,0.005023122469212549,0.008834431028243914,-0.0028103012354014113,-0.012815456131904636,-0.16189320889793568,Train
2023-02-24,196.8800048828125,347.4005432128906,-0.025684180003413215,-0.010701792441384916,-0.014628776146766866,-0.01105540385664635,0.013668552471965675,0.17267007884076466,Train
2023-02-27,207.6300048828125,348.60235595703125,0.0546017865369246,0.0034594440556303674,0.006501260338191707,0.048100526198732896,0.028217682323026932,0.35646418605144503,Train
2023-02-28,205.7100067138672,347.28607177734375,-0.009247209573726933,-0.0037758900856359467,-0.004294610094312279,-0.004952599479414654,0.047497062399478575,0.6000139024262934,Train
2023-03-01,202.77000427246094,346.0176696777344,-0.014291975817664837,-0.0036523264325515337,-0.004110240283212895,-0.010181735534451942,0.01910048609281853,0.24128981077610823,Train
2023-03-02,190.89999389648438,348.60235595703125,-0.05853928157947319,0.0074698100871672946,0.012485143213269318,-0.07102442479274251,-0.049113637464522575,-0.620435534088144,Train
2023-03-03,197.7899932861328,354.12481689453125,0.03609219282314147,0.015841720066231302,0.024976902908384613,0.011115289914756854,-0.02694294369311937,-0.34036085541866934,Train
2023-03-06,193.80999755859375,354.5540466308594,-0.020122331071529054,0.0012120860099336106,0.003147968589244058,-0.02327029966077311,-0.09831376955262537,-1.241963724732535,Train
2023-03-07,187.7100067138672,349.06976318359375,-0.03147407730028162,-0.015468116918647246,-0.021740627581839714,-0.009733449718441908,-0.10309461979165263,-1.3023585463050353,Train
2023-03-08,182.0,349.6133728027344,-0.03041929843714275,0.0015573093876215527,0.003663077744263417,-0.034082376181406165,-0.12699526043860687,-1.6042870433656227,Train
2023-03-09,172.9199981689453,343.2134094238281,-0.04989011995084991,-0.01830583117459117,-0.02597479214611487,-0.02391532780473504,-0.07988616345059939,-1.0091741733144548,Train
2023-03-10,173.44000244140625,338.29180908203125,0.0030071956856769777,-0.014339767056476771,-0.020057012329705113,0.02306420801538209,-0.06793724534997414,-0.8582276385787184,Train
2023-03-13,174.47999572753906,337.71954345703125,0.005996271168666301,-0.0016916331097488468,-0.0011846820909344597,0.0071809532596007605,-0.037485992429600275,-0.47354753047325027,Train
2023-03-14,183.25999450683594,343.3279113769531,0.050320947926932424,0.016606583861012103,0.026118159174611685,0.02420278875232074,-0.0035497539588376266,-0.04484280959486729,Train
2023-03-15,180.4499969482422,341.2104187011719,-0.015333393227232373,-0.0061675517941108815,-0.007863217904117942,-0.00747017532311443,0.02306244689945411,0.29133988639669095,Train
2023-03-16,184.1300048828125,347.0477294921875,0.020393505108375454,0.01710765695032279,0.026865812295227057,-0.006472307186851604,0.04050546751733755,0.5116915111564031,Train
2023-03-17,180.1300048828125,343.2515869140625,-0.02172378153438792,-0.010938387592045795,-0.014981800698449364,-0.006741980835938556,0.010699278666016897,0.13516027352490878,Train
2023-03-20,183.25,346.3514099121094,0.017320796272765726,0.009030760865274434,0.014814243987737709,0.0025065522850280172,0.006024877691444154,0.07611018856029736,Train
2023-03-21,197.5800018310547,350.88189697265625,0.07819919143822474,0.013080608107518765,0.020857036932066236,0.057342154506158496,0.03916424344528191,0.4947482930109579,Train
2023-03-22,191.14999389648438,345.0638122558594,-0.03254381959196684,-0.016581319147537132,-0.02340164099098221,-0.009142178600984627,0.03749224016741172,0.4736264559763488,Train
2023-03-23,192.22000122070312,345.884033203125,0.0055977366381618765,0.002377012361578723,0.004886159764692538,0.0007115768734693387,0.04467612422773266,0.5643779696880374,Train
2023-03-24,190.41000366210938,348.1893005371094,-0.009416281069083654,0.006664856173429046,0.011284068323404704,-0.020700349392488358,0.03071775567118285,0.3880467448497649,Train
2023-03-27,191.80999755859375,348.763916015625,0.007352522816861606,0.0016502961970090713,0.00380182372703069,0.003550699089830916,0.03176190247598575,0.4012370889975035,Train
2023-03-28,189.19000244140625,348.15093994140625,-0.013659325116185062,-0.001757567357373313,-0.0012830628402572257,-0.012376262275927835,-0.03795651430610058,-0.47949147001463527,Train
2023-03-29,193.8800048828125,353.1024475097656,0.024789906342217005,0.014222301307567076,0.0225605618309502,0.0022293445112668044,-0.026584991193849147,-0.3358389657454939,Train
2023-03-30,195.27999877929688,355.2093811035156,0.007220929756684091,0.005966918690620826,0.010242673069602812,-0.003021743312918721,-0.030318311380237207,-0.38300070377471035,Train
2023-03-31,207.4600067138672,360.1703796386719,0.06237201971890638,0.013966406291816114,0.02217873987491716,0.040193279843989224,0.03057531785624037,0.38624737737566933,Train
2023-04-03,194.77000427246094,361.59735107421875,-0.061168427796826186,0.00396193445162929,0.007251028227672005,-0.06841945602449818,-0.04139483725808873,-0.5229266103791675,Train
2023-04-04,192.5800018310547,359.5574645996094,-0.011244043709844997,-0.0056413202932746875,-0.007078025819052005,-0.0041660178907929925,-0.03318459287295389,-0.41920944294751605,Train
2023-04-05,185.52000427246094,358.6859130859375,-0.036660076287605925,-0.0024239561112781027,-0.0022773841120008378,-0.034382692175605085,-0.06979662955982577,-0.8817165938846186,Train
2023-04-06,185.05999755859375,360.0554504394531,-0.002479553165553039,0.003818207806749019,0.007036573137481195,-0.009516126303034233,-0.07629101254994128,-0.9637578799114557,Train
2023-04-10,184.50999450683594,360.4481506347656,-0.0029720256079851515,0.001090665881694708,0.002966797139968629,-0.00593882274795378,-0.12242311514188428,-1.5465287188849774,Train
2023-04-11,186.7899932861328,360.4960021972656,0.012357047570192181,0.00013275574424698178,0.0015374956691649884,0.010819551901027192,-0.04318410721635891,-0.5455298366824348,Train
2023-04-12,180.5399932861328,359.0593566894531,-0.03346003653646468,-0.003985191233899843,-0.004606909158034008,-0.028853127378430668,-0.06787121670399658,-0.857393521613511,Train
2023-04-13,185.89999389648438,363.7139892578125,0.029688716127604264,0.01296340697336329,0.020682160660399868,0.009006555467204396,-0.024481969061187107,-0.3092722171307149,Train
2023-04-14,185.0,362.9669494628906,-0.004841279860318459,-0.0020539209845799045,-0.0017252532490287266,-0.0031160266112897324,-0.018081869369442605,-0.2284219792852036,Train
2023-04-17,187.0399932861328,364.2023620605469,0.011026990735853115,0.0034036503860319645,0.006418010385089628,0.004608980350763487,-0.007534066270725339,-0.09517524402279345,Train
2023-04-18,184.30999755859375,364.451416015625,-0.014595786064655836,0.0006838339918200376,0.0023597616824287265,-0.016955547747084562,-0.03530916591883709,-0.44604843676840744,Train
2023-04-19,180.58999633789062,364.4322814941406,-0.020183393575926356,-5.250225583852686e-05,0.0012610714810820972,-0.021444465057008453,-0.027900503597414878,-0.35245737730777044,Train
2023-04-20,162.99000549316406,362.37310791015625,-0.09745828230593856,-0.0056503599942956395,-0.00709151399237826,-0.0903667683135603,-0.12727382737817958,-1.6078060828189302,Train
2023-04-21,165.0800018310547,362.5838623046875,0.012822849668400638,0.000581595018865233,0.002207210510137025,0.010615639158263614,-0.11354216160862624,-1.4343387155972112,Train
2023-04-24,162.5500030517578,363.062744140625,-0.015325895028073244,0.0013207477930583522,0.0033101032617657957,-0.01863599828983904,-0.13678714024922875,-1.7279844621206186,Train
2023-04-25,160.6699981689453,357.3259582519531,-0.011565701922588656,-0.015801086675117038,-0.022237453060608984,0.010671751138020328,-0.10915984136412386,-1.3789783851104465,Train
2023-04-26,153.75,355.7361145019531,-0.04306963495243776,-0.004449281428580143,-0.0052993799566096195,-0.037770254995828145,-0.12548563130294355,-1.585216422507274,Train
2023-04-27,160.19000244140625,362.7945556640625,0.041886194740853755,0.01984178967038952,0.030945422443811575,0.01094077229704218,-0.024178090692341076,-0.3054334271773336,Train
2023-04-28,164.30999755859375,365.8975524902344,0.025719427270091355,0.008553041322497679,0.014101436785444454,0.0116179904846469,-0.023175739365957793,-0.2927710708006999,Train
2023-05-01,161.8300018310547,365.6485900878906,-0.015093395194377579,-0.0006804155989821314,0.0003241595205472178,-0.015417554714924796,-0.019957295791043547,-0.25211359028366637,Train
2023-05-02,160.30999755859375,361.5495300292969,-0.00939259874721976,-0.011210381141107284,-0.015387643339136423,0.005995044591916663,-0.02463400233714721,-0.3111928007331332,Train
2023-05-03,160.61000061035156,359.0306396484375,0.0018713932775662467,-0.006966930314237341,-0.00905597372732055,0.010927367004886796,0.02406361966356773,0.3039873544052667,Train
2023-05-04,161.1999969482422,356.4065856933594,0.003673471985857102,-0.007308718714501894,-0.009565957539062397,0.013239429524919499,0.026362276891445047,0.33302549327033926,Train
2023-05-05,170.05999755859375,362.94781494140625,0.05496278398315546,0.01835327827997757,0.028724408763663653,0.026238375219491808,0.040982661626289954,0.5177197386943343,Train
2023-05-08,171.7899932861328,363.14892578125,0.010172855182730478,0.0005541040104517503,0.002166191068726833,0.008006664114003645,0.0644068804552184,0.813629764300194,Train
2023-05-09,169.14999389648438,361.5782470703125,-0.015367597024416146,-0.004325164139088344,-0.005114184062456688,-0.010253412961959458,0.04815842290134227,0.608368640079252,Train
2023-05-10,168.5399932861328,363.1584777832031,-0.0036062703657255835,0.004370369970246868,0.00786045646594494,-0.011466726831670524,0.025764329064784958,0.3254718259318392,Train
2023-05-11,172.0800018310547,362.6509094238281,0.021003967520705658,-0.001397649760163433,-0.0007460283826922888,0.021749995903397948,0.034274895443263405,0.43298285685961546,Train
2023-05-12,167.97999572753906,362.1624450683594,-0.023826162598143963,-0.0013469271488794066,-0.0006703449755781044,-0.02315581762256586,-0.015119297398794262,-0.19099683592840136,Train
2023-05-15,166.35000610351562,363.41705322265625,-0.009703474612936969,0.0034642138393450317,0.006508377351168467,-0.016211851964105434,-0.03933781347690334,-0.4969409429719495,Train
2023-05-16,166.52000427246094,361.0132141113281,0.001021930644472091,-0.006614546813397237,-0.008530180924480334,0.009552111568952425,-0.019532288945991457,-0.24674462633568986,Train
2023-05-17,173.86000061035156,365.32293701171875,0.04407876621166107,0.011937853607379534,0.01915192846315663,0.02492683774850444,0.016861275634183506,0.21300264231210403,Train
2023-05-18,176.88999938964844,368.89520263671875,0.01742780840135616,0.009778377602623456,0.015929765851967575,0.0014980425493885847,-0.003390677719825857,-0.04283325468492411,Train
2023-05-19,180.13999938964844,368.31109619140625,0.018373000232992265,-0.0015833939859817292,-0.0010231780700969298,0.019396178303089196,0.0391613182058292,0.49471133947634166,Train
2023-05-22,188.8699951171875,368.5121154785156,0.04846228354123516,0.0005457866710725234,0.0021537807340376346,0.046308502807197525,0.10168167297713215,1.2845092796499562,Train
2023-05-23,185.77000427246094,364.3939514160156,-0.01641335799687571,-0.011175111725031162,-0.015335017705163802,-0.0010783402917119086,0.09105122111646782,1.1502184712663606,Train
2023-05-24,182.89999389648438,361.66448974609375,-0.015449266889003499,-0.007490414314824223,-0.00983706625649512,-0.0056122006325083785,0.06051218273545501,0.7644293999081494,Train
2023-05-25,184.47000122070312,364.81536865234375,0.008583965973816943,0.008712160014554104,0.014338858409558973,-0.00575489243574203,0.05325924775032439,0.6728055898318406,Train
2023-05-26,193.1699981689453,369.5560302734375,0.047162123329924865,0.01299468725401054,0.020728834089762865,0.026433289240162,0.06029635868739719,0.7617029696244518,Train
2023-05-30,201.16000366210938,369.6709899902344,0.041362559242642094,0.0003110752020791807,0.00180356683115473,0.039558992411487366,0.05354684829168704,0.6764387476408762,Train
2023-05-31,203.92999267578125,367.6597595214844,0.013770078361723614,-0.005440595889883437,-0.006778524149972995,0.020548602511696608,0.07517379109509556,0.9496444090749157,Train
2023-06-01,207.52000427246094,371.1841735839844,0.017604137329555458,0.00958607509042353,0.015642830519746406,0.0019613068098090526,0.08274729853741299,1.0453178997278731,Train
2023-06-02,213.97000122070312,376.6336669921875,0.031081326211682914,0.014681373280507337,0.02324554492119759,0.007835781290485323,0.09633797226364034,1.217004163406481,Train
2023-06-05,217.61000061035156,375.9057312011719,0.017011727666879306,-0.0019327422235748681,-0.0015444419447490359,0.018556169611628343,0.08846085263510667,1.1174952453929088,Train
2023-06-06,221.30999755859375,376.68145751953125,0.017002881015874438,0.0020636192906147155,0.004418544735101133,0.012584336280773305,0.06148619650439262,0.7767337777579175,Train
2023-06-07,224.57000732421875,375.4460754394531,0.014730512862447087,-0.0032796466494878773,-0.0035541633181116316,0.01828467618055872,0.05922227017325473,0.7481343822557949,Train
2023-06-08,234.86000061035156,377.6966857910156,0.045820870777622646,0.005994496943211303,0.010283822688391467,0.03553704808923118,0.09279801145267685,1.172285067249375,Train
2023-06-09,244.39999389648438,378.3287658691406,0.0406199151040636,0.0016735123762106063,0.0038364646790176975,0.0367834504250459,0.12174568058723743,1.537970923302728,Train
2023-06-12,249.8300018310547,381.8052978515625,0.02221770896144215,0.009189182256430284,0.015050625166445269,0.007167083794996882,0.11035659477060597,1.3940965554854037,Train
2023-06-13,258.7099914550781,384.3240966796875,0.035544128242966044,0.006597076683583003,0.011182934280930331,0.02436119396203571,0.12213345245186838,1.5428695106678045,Train
2023-06-14,256.7900085449219,384.6210021972656,-0.007421371317580694,0.0007725394273823127,0.0024921194105296638,-0.009913490728110357,0.0939352855431993,1.1866518560718806,Train
2023-06-15,255.89999389648438,389.55328369140625,-0.0034659239799892383,0.01282374458483404,0.020473769863041072,-0.02393969384303031,0.03445854361093781,0.43530282041510826,Train
2023-06-16,260.5400085449219,388.1167297363281,0.01813214052015355,-0.0036876956637750258,-0.0041630148517581515,0.0222951553719117,0.019970248557803612,0.25227721809006753,Train
2023-06-20,274.45001220703125,386.3257751464844,0.05338912722001776,-0.004614474081188091,-0.005545864561071152,0.058934991781088915,0.07173815654389565,0.9062432303443613,Train
2023-06-21,259.4599914550781,384.20916748046875,-0.054618400747766804,-0.005478815554600391,-0.0068355518615066824,-0.047782848886260124,-0.0004058863044001937,-0.005127420794916786,Train
2023-06-22,264.6099853515625,385.6075134277344,0.019848894111198723,0.0036395434196314635,0.0067699873051527545,0.013078906806045967,0.02258651122975613,0.28532755628503986,Train
2023-06-23,256.6000061035156,382.71514892578125,-0.030270888067223778,-0.007500799131848757,-0.009852561482682766,-0.020418326584541013,0.02610787848824543,0.3298117665478105,Train
2023-06-26,241.0500030517578,381.13494873046875,-0.060600166336257755,-0.004128919902302908,-0.004821367267531111,-0.055778799068726646,-0.051966075952392915,-0.6564693993858183,Train
2023-06-27,250.2100067138672,385.3584899902344,0.03800042956291749,0.011081485111333667,0.01787413767350121,0.02012629188941628,-0.09077477584406554,-1.146726234097958,Train
2023-06-28,256.239990234375,385.53082275390625,0.0240996896954786,0.0004472011598246617,0.002006680906279327,0.022093008789199273,-0.02089891816860616,-0.2640087789296798,Train
2023-06-29,257.5,387.0077209472656,0.004917303362650394,0.0038308174241676873,0.0070553879970574745,-0.002138084634407081,-0.03611590960905921,-0.4562397497754467,Train
2023-06-30,261.7699890136719,391.5940246582031,0.016582481606492783,0.011850677551630717,0.01902185272867006,-0.002439371122177278,-0.018136954146695472,-0.22911784615557532,Train
2023-07-03,279.82000732421875,392.3439025878906,0.06895373445427366,0.0019149371095281698,0.004196695469912737,0.06475703898436093,0.1023988839063921,1.2935695563657803,Train
2023-07-05,282.4800109863281,391.4689636230469,0.009506123909958086,-0.002230030743622269,-0.0019880273107928054,0.01149415122075089,0.09376674323772671,1.1845227196301364,Train
2023-07-06,276.5400085449219,388.27685546875,-0.021028045208104085,-0.008154179388204619,-0.010827472724244249,-0.010200572483859836,0.06147316196466761,0.7765691169420347,Train
2023-07-07,274.42999267578125,387.373046875,-0.007630056425625198,-0.002327742642962538,-0.0021338236187995003,-0.005496232806825698,0.058115013792248996,0.7341467967380648,Train
2023-07-10,269.6099853515625,388.4114990234375,-0.01756370459810941,0.0026807547835732137,0.005339375023128903,-0.02290307962123831,0.03765130529318796,0.47563587049664513,Train
2023-07-11,269.7900085449219,390.9017028808594,0.000667717084456676,0.0064112516330820934,0.010905663994699954,-0.010237946910243278,-0.03734368060141624,-0.47174975454614243,Train
2023-07-12,271.989990234375,393.97845458984375,0.008154422401772665,0.007870908942860577,0.013083624388035411,-0.004929201986262746,-0.053767033808429884,-0.6792202748445476,Train
2023-07-13,277.8999938964844,397.1898498535156,0.02172875427149612,0.008151195138361489,0.013501840518979399,0.008226913752516721,-0.03533954757205333,-0.44643223764760953,Train
2023-07-14,281.3800048828125,396.8725280761719,0.012522529912772917,-0.0007989171361271197,0.00014734291248301229,0.012375187000289905,-0.017468127764937724,-0.22066879463342204,Train
2023-07-17,290.3800048828125,398.257080078125,0.03198521516746822,0.003488656694542902,0.006544848631217806,0.02544036653625041,0.030875318392550997,0.3900371800166785,Train
2023-07-18,293.3399963378906,401.2761535644531,0.010193509901870401,0.007580715164526186,0.012650625113910864,-0.0024571152120404626,0.03865615009075381,0.4883297260292109,Train
2023-07-19,291.260009765625,402.1415710449219,-0.007090702250741598,0.0021566631178588924,0.004557375794435818,-0.011648078045177417,0.03193727403183914,0.4034524969887841,Train
2023-07-20,262.8999938964844,399.5166015625,-0.09737009860008494,-0.0065274760716759195,-0.008400262329466996,-0.08896983627061794,-0.06525947599129553,-0.8244003077601298,Train
2023-07-21,260.0199890136719,399.564697265625,-0.010954754468143868,0.0001203847423032478,0.0015190368486741586,-0.012473791316818026,-0.09010845430840346,-1.1383088254270657,Train
2023-07-24,269.05999755859375,401.25689697265625,0.03476659075024635,0.004235108152976563,0.007658631778210523,0.02710795897203583,-0.08844086187261804,-1.1172427090294512,Train
2023-07-25,265.2799987792969,402.4396057128906,-0.014048906614123058,0.0029475100594096304,0.005737401615804385,-0.019786308229927444,-0.10577005489050502,-1.336156389229492,Train
2023-07-26,264.3500061035156,402.5357360839844,-0.0035057022016762307,0.0002388690619141709,0.001695827766388298,-0.005201529968064529,-0.09932350681339214,-1.2547193850544784,Train
2023-07-27,255.7100067138672,399.8050842285156,-0.032683938680391544,-0.006783625926069403,-0.008782464531237434,-0.02390147414915411,-0.03425514469192831,-0.4327333524737494,Train
2023-07-28,266.44000244140625,403.6990966796875,0.04196157931177735,0.009739777218406243,0.015872170067375246,0.026089409244402107,0.004308055869291824,0.05442217441288879,Train
2023-07-31,267.42999267578125,404.4779052734375,0.00371562162326855,0.0019291809175583374,0.004217948711705968,-0.0005023270884374174,-0.02330223019118142,-0.29436898548909096,Train
2023-08-01,261.07000732421875,403.22796630859375,-0.023781870118334214,-0.0030902527642363564,-0.003271567959561115,-0.0205103021587731,-0.024026224120027077,-0.30351494948421154,Train
2023-08-02,254.11000061035156,397.6417236328125,-0.02665954157355066,-0.013853807628774528,-0.019331910362816684,-0.0073276312107339765,-0.026152325362696526,-0.33037324848464594,Train
2023-08-03,259.32000732421875,396.5168151855469,0.020502958173047814,-0.0028289497314029077,-0.0028816766800415046,0.02338463485308932,0.021133783639546905,0.26697575289912456,Train
2023-08-04,253.86000061035156,394.5746154785156,-0.02105509239416581,-0.004898152190903726,-0.005969141780510204,-0.015085950613655605,-0.020041576218510805,-0.2531782756689954,Train
2023-08-07,251.4499969482422,398.1320495605469,-0.009493435973824349,0.00901587163106532,0.014792027703012996,-0.024285463676837343,-0.043824712806910734,-0.5536223847450982,Train
2023-08-08,249.6999969482422,396.4110107421875,-0.006959634206558429,-0.004322783911164696,-0.005110632515042039,-0.0018490016915163904,-0.025163412339654023,-0.31788065352950134,Train
2023-08-09,242.19000244140625,393.7765808105469,-0.03007606967809695,-0.006645703222794563,-0.008576669525065783,-0.021499400153031166,-0.03933518128195121,-0.4969076913667893,Train
2023-08-10,245.33999633789062,394.00732421875,0.013006292021680244,0.0005859754476209567,0.0022137465650533955,0.010792545456626848,-0.051927270678413684,-0.6559791858294688,Train
2023-08-11,242.64999389648438,393.64202880859375,-0.01096438608281991,-0.0009271284763058274,-4.396173074729614e-05,-0.010920424352072614,-0.0477617444168307,-0.6033575384768305,Train
2023-08-14,239.75999450683594,395.8630065917969,-0.011910156448968756,0.005642125638680273,0.009758048083711827,-0.021668204532680584,-0.04514448527267394,-0.5702946121943908,Train
2023-08-15,232.9600067138672,391.32476806640625,-0.028361644764614224,-0.011464164243238706,-0.015766314100579687,-0.012595330664034537,-0.055890814245192086,-0.7060492559095386,Train
2023-08-16,225.60000610351562,388.4306945800781,-0.03159340830287438,-0.007395579637415217,-0.009695563062609902,-0.02189784524026448,-0.0562892593324254,-0.7110826743909323,Train
2023-08-17,219.22000122070312,385.28668212890625,-0.028280162722535862,-0.008094140074513922,-0.010737887828950419,-0.017542274893585445,-0.08462407968263769,-1.0690266244796323,Train
2023-08-18,215.49000549316406,385.6423645019531,-0.017014851321818125,0.0009231629058175095,0.00271686529310128,-0.019731716614919403,-0.09343537194548449,-1.1803366211186528,Train
2023-08-21,231.27999877929688,388.1903076171875,0.073274828918382,0.006607010405936586,0.0111977564269913,0.062077072491390696,-0.009690094921413206,-0.12241160558052054,Train
2023-08-22,233.19000244140625,387.10382080078125,0.008258403978685713,-0.0027988509632694836,-0.002836766190131559,0.011095170168817272,0.014000405911438604,0.17686226815085396,Train
2023-08-23,236.86000061035156,391.27667236328125,0.01573823118710882,0.010779670306192868,0.017423798619727916,-0.0016855674326190957,0.034212683719083994,0.4321969577425794,Train
2023-08-24,230.0399932861328,386.0751037597656,-0.02879341090367582,-0.013293837764716598,-0.01849637713374342,-0.0102970337699324,0.04145792484273704,0.5237235739374844,Train
2023-08-25,238.58999633789062,388.63262939453125,0.037167463490241914,0.00662442516976447,0.011223741064359489,0.025943722425882425,0.08713336388353887,1.1007255407834728,Train
2023-08-28,238.82000732421875,391.19012451171875,0.0009640428763089126,0.006580752422080227,0.011158576786355874,-0.010194533910046962,0.014861757482101208,0.1877434235563714,Train
2023-08-29,257.17999267578125,396.74761962890625,0.07687791972402569,0.01420663449550097,0.022537185319257202,0.054340734404768484,0.05810732171805242,0.7340496254347615,Train
2023-08-30,256.8999938964844,398.4013366699219,-0.0010887269121663268,0.004168183901298361,0.007558773839958661,-0.008647500752124988,0.05114538839854653,0.6461019383897154,Train
2023-08-31,258.0799865722656,397.8917236328125,0.004593198535678855,-0.0012791448978787257,-0.0005692068131740748,0.00516240534885293,0.06660482751733185,0.8413956665990184,Train
2023-09-01,245.00999450683594,398.7378234863281,-0.05064318329763218,0.002126457534201931,0.004512305924664517,-0.0551554892222967,-0.014494384130847263,-0.1831025235301895,Train
2023-09-05,256.489990234375,396.9975280761719,0.046855214011356505,-0.004364510481950634,-0.005172892894867269,0.052028106906223774,0.04772825668542347,0.602934499590003,Train
2023-09-06,251.9199981689453,394.2573547363281,-0.017817428513501543,-0.0069022428253456836,-0.008959453271589925,-0.008857975241911618,-0.01547045296125663,-0.19543286225819095,Train
2023-09-07,251.49000549316406,393.0843200683594,-0.0017068620153485314,-0.0029753019287446225,-0.003100049367351407,0.0013931873520028754,-0.005429764857128767,-0.06859233469602412,Train
2023-09-08,248.5,393.6227722167969,-0.01188916230408743,0.0013698133477924035,0.0033833141683066014,-0.015272476472394032,-0.02586464667837573,-0.32673910352274455,Train
2023-09-11,273.5799865722656,396.2091369628906,0.10092549928477124,0.006570668489345621,0.011143530510796603,0.08978196877397464,0.1190728113178956,1.5042054936118445,Train
2023-09-12,267.4800109863281,394.08428955078125,-0.022296863386701782,-0.005362943995681713,-0.006662659454262672,-0.01563420393243911,0.05141050047923272,0.6494510072810711,Train
2023-09-13,271.29998779296875,394.5457458496094,0.014281354305895722,0.0011709583737888885,0.003086601882144629,0.011194752423751092,0.07146322814489545,0.9027701553111201,Train
2023-09-14,276.0400085449219,397.9590148925781,0.017471511114000693,0.008651136348254429,0.01424780475787892,0.0032237063561217725,0.07329374714901433,0.9258944664924981,Train
2023-09-15,274.3900146484375,392.9977722167969,-0.005977372284481253,-0.012466717652119153,-0.017262227971676203,0.01128485568719495,0.09985107930860332,1.2613840252590043,Train
2023-09-18,265.2799987792969,393.43048095703125,-0.033200974462619715,0.0011010462929434972,0.0029822857922810185,-0.036183260254900734,-0.026114149720272054,-0.32989098884517426,Train
2023-09-19,266.5,392.6419982910156,0.004598918977371191,-0.0020041219584654435,-0.0016509479269662256,0.006249866904337417,-0.004230078883495525,-0.05343711821817998,Train
2023-09-20,262.5899963378906,388.9690856933594,-0.014671683535119606,-0.00935435489235159,-0.012618259298306766,-0.00205342423681284,-0.017478255544059455,-0.22079673535157912,Train
2023-09-21,255.6999969482422,382.5945129394531,-0.026238620989897266,-0.01638837889274214,-0.023113754080535183,-0.0031248669093620826,-0.02382682880954331,-0.30099605773965216,Train
2023-09-22,244.8800048828125,381.6714782714844,-0.042315182614647506,-0.0024125664032061955,-0.002260389483942535,-0.04005479313070497,-0.07516647762744323,-0.9495520205766663,Train
2023-09-25,246.99000549316406,383.25787353515625,0.008616467528091087,0.004156441741091976,0.007541253316688999,0.0010752142114020882,-0.03790800316114041,-0.4788786455592214,Train
2023-09-26,244.1199951171875,377.6332702636719,-0.011619945391094011,-0.014675767048445088,-0.020558359234739337,0.008938413843645326,-0.0352194562218325,-0.4449151653055854,Train
2023-09-27,240.5,377.7197570800781,-0.014828753029631048,0.00022902329645346775,0.0016811368611519615,-0.01650988989078301,-0.04967592187580267,-0.6275386778793977,Train
2023-09-28,246.3800048828125,379.9232482910156,0.02444908475181906,0.005833666811530636,0.010043847418505293,0.014405237333313769,-0.03214581763312682,-0.40608695591557514,Train
2023-09-29,250.22000122070312,379.0160217285156,0.015585665483353939,-0.002387920630234963,-0.002223615429488187,0.017809280912842125,0.025718256410420276,0.3248898060816854,Train
2023-10-02,251.60000610351562,378.9870300292969,0.005515166158101437,-7.649201499859704e-05,0.0012252762674067597,0.004289889890694677,0.028932932089712864,0.3654996880812176,Train
2023-10-03,246.52999877929688,373.89105224609375,-0.020151062008054166,-0.013446311824468427,-0.0187238842759513,-0.0014271777321028661,0.01856734051396467,0.2345547677404164,Train
2023-10-04,261.1600036621094,376.6416931152344,0.05934371052307452,0.007356797796086667,0.012316517130773929,0.04702719339230059,0.08210442379704827,1.037196686283276,Train
2023-10-05,260.04998779296875,376.3232116699219,-0.00425032873937603,-0.0008455820243327139,7.771404987920341e-05,-0.004328042789255234,0.06337114367447927,0.800545661067221,Train
2023-10-06,260.5299987792969,380.8111267089844,0.001845841218459432,0.01192569286158962,0.019133783366697056,-0.017287942148237624,0.02827392061339952,0.35717462485265833,Train
2023-10-09,259.6700134277344,383.34954833984375,-0.003300907210654902,0.0066658284194496265,0.011285519015502921,-0.014586426226157823,0.009397604496547021,0.1187166755705288,Train
2023-10-10,263.6199951171875,385.32806396484375,0.015211543440507347,0.005161126792944559,0.009040347820619637,0.00617119561988771,0.016995977848537597,0.21470428862909705,Train
2023-10-11,262.989990234375,386.9591369628906,-0.002389822071472425,0.004232946288063921,0.007655406051100513,-0.010045228122572938,-0.040076443666335934,-0.5062718017666228,Train
2023-10-12,258.8699951171875,384.6331787109375,-0.015665976919941982,-0.006010862723668353,-0.007629421527936902,-0.00803655539200508,-0.04378495626908578,-0.5531201542027822,Train
2023-10-13,251.1199951171875,382.6063537597656,-0.02993780718577166,-0.005269501081431871,-0.006523232915642534,-0.023414574270129124,-0.04991158839097728,-0.6305157711625956,Train
2023-10-16,253.9199981689453,386.6116943359375,0.01115006015531006,0.010468567855218547,0.01695960143320166,-0.0058095412778916,-0.04113470344271106,-0.5196404301854318,Train
2023-10-17,254.85000610351562,386.621337890625,0.0036626021631882555,2.4943773891950016e-05,0.001376629005607944,0.0022859731575803114,-0.04501992590501845,-0.5687210969390234,Train
2023-10-18,242.67999267578125,381.4481506347656,-0.04775363208267347,-0.013380501148963608,-0.018625687909072625,-0.029127944173600845,-0.06410264195604636,-0.8097864249454101,Train
2023-10-19,220.11000061035156,378.21490478515625,-0.09300310180733784,-0.008476239416101428,-0.011308019754246936,-0.08169508205309091,-0.1377611686171322,-1.7402890243940545,Train
2023-10-20,211.99000549316406,373.5049743652344,-0.036890623300491754,-0.01245305343690073,-0.017241839542589205,-0.01964878375790255,-0.13399537810490558,-1.6927171000094046,Train
2023-10-23,212.0800018310547,372.8486022949219,0.0004245310418349302,-0.0017573315360203123,-0.001282710970292065,0.0017072420121269952,-0.126478594814887,-1.5977601858827253,Train
2023-10-24,216.52000427246094,375.637939453125,0.02093550737020089,0.007481152245266465,0.012502066891826917,0.008433440478373973,-0.12033112749409333,-1.5201013650873574,Train
2023-10-25,212.4199981689453,370.3392639160156,-0.018935922882932887,-0.014105805033494456,-0.019707916678152863,0.0007719937952199753,-0.09043118952527253,-1.1423858273960577,Train
2023-10-26,205.75999450683594,365.79339599609375,-0.031352997455599385,-0.012274874318896845,-0.016975977782207382,-0.014377019673392003,-0.023113127145573623,-0.29198011235412674,Train
2023-10-27,207.3000030517578,364.1719055175781,0.00748448962886572,-0.004432804135515167,-0.005274794123041366,0.012759283751907087,0.009294940364236013,0.11741975522313877,Train
2023-10-30,197.36000061035156,368.5537414550781,-0.04794984223383958,0.012032328334807607,0.0192928945742644,-0.06724273680810398,-0.059655038455994965,-0.7536013937519868,Train
2023-10-31,200.83999633789062,370.7831726074219,0.017632730628176496,0.0060491344994675345,0.010365347600244079,0.007267383027932417,-0.06082109590643652,-0.768331792769261,Train
2023-11-01,205.66000366210938,374.86578369140625,0.023999240251476817,0.011010777687872508,0.01776863484980311,0.006230605401673705,-0.05536248429998279,-0.6993750471021076,Train
2023-11-02,218.50999450683594,381.98858642578125,0.06248172039245192,0.01900094125485352,0.029690789227118947,0.03279093116533298,-0.008194533461257807,-0.10351869678378499,Train
2023-11-03,219.9600067138672,385.5210876464844,0.006635907937775798,0.00924766170046154,0.015137882574106032,-0.008501974636330234,-0.02945579184949513,-0.37210479393492346,Train
2023-11-06,219.27000427246094,386.2643127441406,-0.0031369449915676917,0.0019278455095503855,0.004215956144182907,-0.0073529011357505985,0.030434043822858255,0.3844627115500616,Train
2023-11-07,222.17999267578125,387.35491943359375,0.013271256198382764,0.0028234725639164626,0.005552324782589579,0.007718931415793185,0.030885592210719025,0.3901669655954153,Train
2023-11-08,222.11000061035156,387.67340087890625,-0.00031502415940676265,0.0008221954319780345,0.002566211329623453,-0.002881235489030216,0.021773751320015106,0.2750602424651286,Train
2023-11-09,209.97999572753906,384.74896240234375,-0.054612601186257326,-0.007543562364434653,-0.009916368669643115,-0.04469623251661421,-0.055713412361932085,-0.703808199496884,Train
2023-11-10,214.64999389648438,390.7522277832031,0.022240205086035525,0.015603071008627012,0.02462081371410116,-0.0023806086280656336,-0.049592046353667485,-0.6264791075225806,Train
2023-11-13,223.7100067138672,390.3564758300781,0.04220830689495392,-0.0010127951294613968,-0.00017178527970808008,0.042380092174661994,0.00014094695674510965,0.0017805339799850785,Train
2023-11-14,237.41000366210938,397.85577392578125,0.06123998273248876,0.019211409468117946,0.030004829673102508,0.031235153059386254,0.023657168600338178,0.298852799208094,Train
2023-11-15,242.83999633789062,398.72442626953125,0.022871793909364557,0.0021833347677191473,0.004597172667737101,0.018274621241627455,0.04481302533099585,0.5661073938053554,Train
2023-11-16,233.58999633789062,399.2842712402344,-0.038090924639652135,0.001404089977484091,0.003434458461823585,-0.04152538310147572,0.04798387474613434,0.6061636338225119,Train
2023-11-17,234.3000030517578,399.87298583984375,0.0030395424675642158,0.0014744247194629079,0.0035394052060210837,-0.0004998627384568679,0.0498646206357431,0.629922443813859,Train
2023-11-20,235.60000610351562,402.88421630859375,0.005548455120893081,0.007530467361843929,0.012575650170572486,-0.007027195049679405,0.00045733341140170424,0.005777334239687179,Train
2023-11-21,241.1999969482422,401.83221435546875,0.023769060694616817,-0.0026111768854186757,-0.0025567369629447704,0.026325797657561587,-0.004452021990422963,-0.056240848448570184,Train
2023-11-22,234.2100067138672,403.5694885253906,-0.028980059381488954,0.004323382018309285,0.007790345558680319,-0.036770404940169275,-0.059497048172219694,-0.7516055573375967,Train
2023-11-24,235.4499969482422,403.7914733886719,0.00529435207219775,0.0005500536328759686,0.0021601474844697545,0.0031342045877279954,-0.014837460483015975,-0.1874364880007414,Train
2023-11-27,236.0800018310547,403.0869140625,0.0026757481035388775,-0.0017448593459864492,-0.0012641011666553266,0.003939849270194204,-0.010397748474364903,-0.131351147278936,Train
2023-11-28,246.72000122070312,403.4825744628906,0.04506946504203557,0.000981575899854814,0.0028040235504656038,0.042265441491569966,0.038894888066884466,0.4913456200125214,Train
2023-11-29,244.13999938964844,403.2220458984375,-0.010457205813430348,-0.0006456996681949434,0.0003759592969507252,-0.010833165110381073,0.0017359252989418063,0.021929341738617453,Train
2023-11-30,240.0800018310547,404.78558349609375,-0.016629792613843564,0.003877609405439353,0.007125206495723335,-0.0237549991095669,0.014751331129544184,0.18634844577498405,Train
2023-12-01,238.8300018310547,407.1598815917969,-0.005206597761023168,0.005865569804133219,0.010091449998817685,-0.015298047759840854,-0.0036809212180246662,-0.04649980005026524,Train
2023-12-04,235.5800018310547,405.11370849609375,-0.01360800559009756,-0.005025478167700603,-0.006159125369568127,-0.007448880220529434,-0.015069650708748304,-0.19036966652608164,Train
2023-12-05,238.72000122070312,404.9882507324219,0.013328802806870987,-0.00030968530820052464,0.0008773276405730152,0.012451475166297972,-0.044883617034020294,-0.5669991542863378,Train
2023-12-06,239.3699951171875,403.2992858886719,0.002722829646282676,-0.004170404550491336,-0.004883266673700332,0.0076060963199830085,-0.026444355603656215,-0.33406236515108295,Train
2023-12-07,242.63999938964844,406.4552917480469,0.01366087788429815,0.007825468503919408,0.013015822530978523,0.0006450553533196273,-0.002044301140769684,-0.025824946707045344,Train
2023-12-08,243.83999633789062,408.1829528808594,0.0049455858525417895,0.004250556378248449,0.007681682135691072,-0.002736096283149282,0.010517650335921887,0.1328658258764438,Train
2023-12-11,239.74000549316406,409.76580810546875,-0.01681426716823431,0.00387780825592543,0.007125503201313044,-0.023939770369547354,-0.005973239813096033,-0.07545786516732453,Train
2023-12-12,237.00999450683594,411.80224609375,-0.011387381846063915,0.004969760648641186,0.008754809646607194,-0.02014219149267111,-0.038566906472065114,-0.4872023423719716,Train
2023-12-13,239.2899932861328,417.4098205566406,0.009619842336358264,0.013617153660725911,0.021657618655102837,-0.012037776318744572,-0.0582107791107927,-0.7353565667658032,Train
2023-12-14,251.0500030517578,418.6355285644531,0.04914543063053567,0.0029364618354641436,0.005720916517549629,0.04342451411298604,-0.01543132035112628,-0.19493851357786715,Train
2023-12-15,253.5,417.99853515625,0.009758999874367902,-0.001521594238280355,-0.0009309664243153982,0.0106899662986833,-0.002005257769293698,-0.02533172534766622,Train
2023-12-18,252.0800018310547,420.3631896972656,-0.005601570686174839,0.00565708810470289,0.009780373637912513,-0.015381944324087352,0.006552568276166303,0.08277632054862481,Train
2023-12-19,257.2200012207031,422.9208679199219,0.0203903496997484,0.006084448603832948,0.010418039913788316,0.009972309785960084,0.036667069554797496,0.46320236205496157,Train
2023-12-20,247.13999938964844,416.8162536621094,-0.03918825045959673,-0.014434412489119364,-0.020198233150732582,-0.018990017308864147,0.02971482856467792,0.37537711484271546,Train
2023-12-21,254.5,420.87689208984375,0.029780693649462897,0.009742034750463757,0.015875538539807107,0.01390515510965579,0.00019546956134766993,0.002469299118403136,Train
2023-12-22,252.5399932861328,421.85577392578125,-0.007701401626197146,0.0023258151120555404,0.004809768148001271,-0.012511169774198416,-0.023005666511534045,-0.2906225994653297,Train
2023-12-26,256.6099853515625,423.60986328125,0.01611622781987765,0.004158030928782308,0.0075436245498708785,0.00857260327000677,0.0009488810825600755,0.011986885346652659,Train
2023-12-27,261.44000244140625,424.3851623535156,0.018822405072142834,0.0018302195946529043,0.004070288133900329,0.014752116938242504,0.005728688234842495,0.07236852996637481,Train
2023-12-28,253.17999267578125,424.4530029296875,-0.03159428430420175,0.00015985614528934988,0.0015779322837856777,-0.03317221658798743,-0.008453511044280784,-0.10679027069552761,Train
2023-12-29,248.47999572753906,423.3191223144531,-0.018563856087399966,-0.0026713926098014262,-0.0026465850813236916,-0.015917271006076275,-0.038275937160012846,-0.4835266280521594,Train
2024-01-02,248.4199981689453,420.615234375,-0.0002414583049958896,-0.0063873512839909274,-0.00819118158451545,0.00794972327951956,-0.01781504410629487,-0.22505126835447975,Train
2024-01-03,238.4499969482422,417.4946594238281,-0.04013364984377277,-0.007419072577836583,-0.00973061697109784,-0.03040303287267493,-0.05679068024897657,-0.7174169507798094,Train
2024-01-04,237.92999267578125,416.1766052246094,-0.0021807686270334248,-0.003157056430464933,-0.0033712459717909317,0.001190477344757507,-0.07035231984246157,-0.8887364363376192,Train
2024-01-05,237.49000549316406,416.7096252441406,-0.001849229589212631,0.001280754402914086,0.0032504289675695476,-0.0050996585567821785,-0.04227976181125632,-0.5341055550901727,Train
2024-01-08,240.4499969482422,422.6697998046875,0.012463646412957496,0.014302944303374199,0.022680889561090153,-0.010217243148132656,-0.036579733953312696,-0.46209908171676073,Train
2024-01-09,234.9600067138672,421.642578125,-0.02283214932024613,-0.002430317188883979,-0.0022868755008300648,-0.020545273819416066,-0.06507473105224831,-0.8220664890725884,Train
2024-01-10,233.94000244140625,424.4239501953125,-0.004341182513256769,0.006596516136204711,0.011182097885990006,-0.015523280399246775,-0.05019497857882017,-0.6340957410370861,Train
2024-01-11,227.22000122070312,424.278564453125,-0.028725319101363445,-0.0003425483932294471,0.0008282925025880106,-0.029553611603951455,-0.08093906752752913,-1.0224751450412053,Train
2024-01-12,218.88999938964844,424.4723815917969,-0.036660513098772496,0.00045681576895528764,0.0020210269022494926,-0.03868154000102199,-0.11452094897176894,-1.4467033966055938,Train
2024-01-16,219.91000366210938,423.0284423828125,0.004659894354722027,-0.0034017271125379445,-0.0037363200555471125,0.00839621441026914,-0.09590749141336714,-1.2115660482506467,Train
2024-01-17,215.5500030517578,420.67340087890625,-0.019826295019533036,-0.005567099674529952,-0.006967280942900616,-0.01285901407663242,-0.0882212316705835,-1.1144681969237327,Train
2024-01-18,211.8800048828125,424.41424560546875,-0.017026203279914,0.008892515473397644,0.014607967496638246,-0.03163417077655224,-0.10433212204788897,-1.3179914827544663,Train
2024-01-19,212.19000244140625,429.6088562011719,0.0014630807600990448,0.012239482179238648,0.019601989637520346,-0.0181389088774213,-0.09291741932135882,-1.1737935054063642,Train
2024-01-22,208.8000030517578,430.5876770019531,-0.015976244642273096,0.002278399959992683,0.004739019813755232,-0.02071526445602833,-0.07495114377636515,-0.9468317827812599,Train
2024-01-23,209.13999938964844,431.866943359375,0.0016283349277841364,0.0029709776330084647,0.005772417674356993,-0.004144082746572857,-0.08749144093320715,-1.1052490038585938,Train
2024-01-24,207.8300018310547,432.2254638671875,-0.006263735117226887,0.000830164274727041,0.0025781016711246977,-0.008841836788351584,-0.08347426364492633,-1.0545013975917668,Train
2024-01-25,182.6300048828125,434.6580505371094,-0.12125293136804816,0.0056280503424235295,0.009737046278996239,-0.1309899776470444,-0.18283007051541847,-2.3096288180558076,Train
2024-01-26,183.25,434.3963928222656,0.0033948152034783963,-0.0006019852031279305,0.0004411858216246909,0.0029536293818537055,-0.16173753225614346,-2.043174103728834,Train
2024-01-29,190.92999267578125,437.55572509765625,0.04190991910385411,0.007272924747059983,0.01219136982556424,0.029718549278289867,-0.11130371852182527,-1.4060612410752216,Train
2024-01-30,191.58999633789062,437.24560546875,0.0034567835721344142,-0.0007087545908285309,0.0002818747997329321,0.003174908772401482,-0.10398472700285093,-1.3136029617359724,Train
2024-01-31,187.2899932861328,430.1224670410156,-0.02244377647032403,-0.0162909320039889,-0.02296835319586416,0.0005245767255401303,-0.09461831348895922,-1.1952803110225203,Train
2024-02-01,188.86000061035156,435.78228759765625,0.008382761388752824,0.013158625717872408,0.02097344731428033,-0.012590685925527506,0.023780978232557676,0.3004168433159418,Train
2024-02-02,187.91000366210938,440.2596435546875,-0.0050301649114266045,0.010274295409557821,0.016669726755542087,-0.02169989166696869,-0.000872542816264716,-0.011022530526577744,Train
2024-02-05,181.05999755859375,438.65087890625,-0.03645365318513305,-0.003654126995261797,-0.00411292690989054,-0.03234072627524251,-0.0629318183697971,-0.7949958169888667,Train
2024-02-06,185.10000610351562,440.0173645019531,0.0223130928940527,0.0031152008611274873,0.005987613718344801,0.016325479175707897,-0.04978124796649068,-0.6288692258229629,Train
2024-02-07,187.5800018310547,443.6322937011719,0.01339813963135228,0.008215423960166612,0.013597676595752369,-0.00019953696440008946,-0.0505053616564309,-0.6380167027184205,Train
2024-02-08,189.55999755859375,443.9327087402344,0.010555473441792307,0.0006771712594595414,0.0023498201933577355,0.008205653248434572,-0.029709022482468823,-0.3753037686215368,Train
2024-02-09,193.57000732421875,446.45245361328125,0.021154303741671487,0.005675961296470522,0.009808534401326199,0.011345769340345289,0.003336638524845158,0.042150596292461075,Train
2024-02-12,188.1300048828125,446.2489013671875,-0.028103539988478476,-0.0004559326406347042,0.0006591114226026853,-0.028762651411081162,0.0069147133890065035,0.08735117405371746,Train
2024-02-13,184.02000427246094,439.959228515625,-0.021846598116614713,-0.01409453968915697,-0.019691107613710162,-0.002155490502904551,-0.011566256289605944,-0.1461125009041677,Train
2024-02-14,188.7100067138672,444.1458740234375,0.025486372853585015,0.009515985201487442,0.015538249121733714,0.009948123731851301,-0.001418595593354553,-0.017920625717323366,Train
2024-02-15,200.4499969482422,447.15020751953125,0.06221180550417671,0.0067642945072934335,0.011432440651131935,0.050779364853044774,0.04115511601125565,0.5198982950783798,Train
2024-02-16,199.9499969482422,444.86309814453125,-0.0024943876658132247,-0.0051148570134569304,-0.006292487895659173,0.0037981002298459483,0.03360744690075631,0.4245512111024492,Train
2024-02-20,193.75999450683594,442.42083740234375,-0.030957752117438453,-0.005489915329848327,-0.006852113879661888,-0.024105638237776564,0.0382644600740609,0.4833816420091787,Train
2024-02-21,194.77000427246094,442.86663818359375,0.00521268473502845,0.0010076396579046243,0.0028429133860137703,0.0023697713490146797,0.042789721925980136,0.5405477042054947,Train
2024-02-22,197.41000366210938,452.1703796386719,0.013554445406056326,0.021007998013210516,0.03268552648331861,-0.01913108107726228,0.01371051711686655,0.17320020363330726,Train
2024-02-23,191.97000122070312,452.3738708496094,-0.027556873210526134,0.0004500321562419529,0.0020109050471302163,-0.02956777825765635,-0.06663662599383458,-0.8417973657150004,Train
2024-02-26,199.39999389648438,450.7166748046875,0.03870392576202142,-0.003663332813209297,-0.004126662946934025,0.042830588708955446,-0.027604137514725076,-0.3487134874577857,Train
2024-02-27,199.72999572753906,451.5500793457031,0.0016549741281637331,0.0018490652500859905,0.004098407810241304,-0.0024434336820775707,-0.005941932959026086,-0.0750623765468871,Train
2024-02-28,202.0399932861328,450.8523254394531,0.01156560160219966,-0.0015452414652679103,-0.0009662505443935041,0.012531852146593164,0.004220147838552398,0.05331166277461213,Train
2024-02-29,201.8800048828125,452.51922607421875,-0.0007918650199801869,0.003697220887439956,0.006856048080948027,-0.007647913100928214,0.015703315814886466,0.19837453785828227,Train
2024-03-01,202.63999938964844,456.88037109375,0.003764585340074067,0.009637480063258153,0.015719532081204888,-0.011954946741130821,0.033316147331412,0.4208713247569034,Train
2024-03-04,188.13999938964844,456.3376770019531,-0.07155546804023882,-0.001187825361150252,-0.0004329485744765673,-0.07112251946576226,-0.08063696084330571,-1.018658736164686,Train
2024-03-05,180.74000549316406,451.7633361816406,-0.03933237971984138,-0.010024026178081513,-0.01361747844865319,-0.025714901271188192,-0.10390842843241634,-1.3126391083799276,Train
2024-03-06,176.5399932861328,454.1571044921875,-0.02323786698783792,0.005298721960881769,0.009245654110030171,-0.03248352109786809,-0.14892380167687758,-1.8813026931384211,Train
2024-03-07,178.64999389648438,458.6539306640625,0.011951969472048907,0.00990147710427891,0.016113443100900477,-0.00416147362885157,-0.14543736220480094,-1.8372597134774993,Train
2024-03-08,175.33999633789062,455.8724365234375,-0.018527834714126334,-0.0060644724805863914,-0.007709412856368331,-0.010818421857758003,-0.14430083732142812,-1.822902389128855,Train
2024-03-11,177.77000427246094,455.4944763183594,0.013858834181150304,-0.0008290920327636009,0.00010231883093525431,0.013756515350215048,-0.05942180250545082,-0.750655004948084,Train
2024-03-12,177.5399932861328,460.3692321777344,-0.0012938683737420131,0.010702118494995583,0.017308083258260814,-0.018601951632002827,-0.052308852866265465,-0.6607995811563138,Train
2024-03-13,169.47999572753906,459.6714782714844,-0.04539820808488959,-0.001515639746273556,-0.0009220817034522467,-0.044476126381437345,-0.06430145814983472,-0.8122980009097756,Train
2024-03-14,162.5,458.66357421875,-0.04118477639544138,-0.002192661716851396,-0.001932268839472709,-0.03925250755596867,-0.09939249207695183,-1.2555908519433194,Train
2024-03-15,163.57000732421875,455.50421142578125,0.006584660456730784,-0.006888192066156873,-0.008938488078729576,0.01552314853546036,-0.07305092168373345,-0.9228269366775749,Train
2024-03-18,173.8000030517578,458.35345458984375,0.06254200201423088,0.006255141209658754,0.010672731020004367,0.051869270994226516,-0.03493816603972198,-0.4413617240745718,Train
2024-03-19,171.32000732421875,460.92169189453125,-0.014269250195585559,0.005603180861777579,0.009699938429443576,-0.023969188625029135,-0.040305403032748294,-0.5091641659676485,Train
2024-03-20,175.66000366210938,464.9435729980469,0.025332688257929448,0.00872573622426942,0.014359115525289831,0.010973572732639617,0.015144296081328668,0.19131263560748107,Train
2024-03-21,172.82000732421875,466.49420166015625,-0.016167575308454918,0.0033350900026656305,0.006315711168332764,-0.022483286476787684,0.03191351716050966,0.4031523846796069,Train
2024-03-22,170.8300018310547,465.8845520019531,-0.01151490226146512,-0.0013068751037709214,-0.0006105831620798364,-0.010904319099385284,0.005486049525664012,0.0693033593764678,Train
2024-03-25,172.6300048828125,464.6790466308594,0.010536808713131895,-0.0025875624463476132,-0.0025215017658453825,0.013058310478977278,-0.033324910989585226,-0.4209820330086227,Train
2024-03-26,177.6699981689453,463.3761901855469,0.029195349264770964,-0.0028037770473164914,-0.002844116419446858,0.032039465684217824,0.022683743319661734,0.28655585552625706,Train
2024-03-27,179.8300018310547,467.4207763671875,0.012157391142962881,0.008728515334422093,0.014363262246441905,-0.002205871103479024,0.009504299483543093,0.1200645163059916,Train
2024-03-28,175.7899932861328,467.3623962402344,-0.022465709302040393,-0.0001248984424844224,0.001153048847216611,-0.023618758149257003,0.008368827811073776,0.1057204968051076,Train
2024-04-01,175.22000122070312,466.74993896484375,-0.003242460249155976,-0.0013104547569886549,-0.0006159243766771739,-0.002626535872478802,0.016646611037980256,0.21029085898122396,Train
2024-04-02,166.6300048828125,463.6969909667969,-0.049024062767074494,-0.006540864268386848,-0.008420238910257052,-0.04060382385681744,-0.03701552329781446,-0.46760425723753507,Train
2024-04-03,168.3800048828125,464.11505126953125,0.01050231020055925,0.0009015807971122225,0.0026846625441067852,0.007817647656452466,-0.06123734132557982,-0.7735900766649401,Train
2024-04-04,171.11000061035156,458.3982238769531,0.016213301154368365,-0.012317694453003458,-0.017039869872149827,0.03325317102651819,-0.02577829919558261,-0.3256483057449865,Train
2024-04-05,164.89999389648438,463.2691955566406,-0.036292482565110196,0.010626070141569688,0.0171946112120275,-0.0534870937771377,-0.055646634823463305,-0.7029646220327856,Train
2024-04-08,172.97999572753906,463.45391845703125,0.04899940648952894,0.00039873771483689424,0.001934368410051039,0.0470650380794779,-0.005955060871506601,-0.07522821690837926,Train
2024-04-09,176.8800048828125,464.0276184082031,0.02254601255405486,0.0012378791684011237,0.003186454662094811,0.01935955789196005,0.05400832087727089,0.6822683706312438,Train
2024-04-10,171.75999450683594,459.5357666015625,-0.028946236061948905,-0.009680138915113323,-0.013104362915644338,-0.015841873146304565,0.03034880007451386,0.3833858568664733,Train
2024-04-11,174.60000610351562,462.8511962890625,0.01653476762638495,0.007214736976881797,0.012104547625602917,0.004430220000782033,0.0015258490487777034,0.01927552139057358,Train
2024-04-12,171.0500030517578,456.54119873046875,-0.020332204625772565,-0.013632885923563598,-0.01900227222052522,-0.001329932405247345,0.05368301042066806,0.6781588365525953,Train
2024-04-15,161.47999572753906,450.7466125488281,-0.05594859487563397,-0.012692362042580063,-0.017598912851140663,-0.038349682024493306,-0.03173170968330315,-0.4008556739278667,Train
2024-04-16,157.11000061035156,449.93963623046875,-0.027062145360474688,-0.001790310333773082,-0.0013319187636858805,-0.025730226596788808,-0.076821494172052,-0.9704592701063065,Train
2024-04-17,155.4499969482422,447.2270202636719,-0.010565868854054306,-0.006028844201241723,-0.0076562517611060785,-0.002909617092948227,-0.06388923811869567,-0.8070905683434881,Train
2024-04-18,149.92999267578125,446.2061767578125,-0.03550983840996058,-0.0022826069526333814,-0.002066476478341117,-0.03344336193161947,-0.10176282005109716,-1.2855343824681202,Train
2024-04-19,147.0500030517578,442.47271728515625,-0.0192088959161848,-0.008367117415953307,-0.011145198390100704,-0.008063697526084095,-0.10849658517193392,-1.370599699859616,Train
2024-04-22,142.0500030517578,446.3131408691406,-0.03400203941675628,0.00867945849305185,0.014290064341145391,-0.048292103757901675,-0.11843900690534229,-1.4961988624700564,Train
2024-04-23,144.67999267578125,451.9424743652344,0.018514534090260826,0.012612968296499938,0.020159269737038486,-0.0016447356467776605,-0.09435351595533115,-1.1919352156949665,Train
2024-04-24,162.1300048828125,451.6119079589844,0.12061109407252757,-0.0007314346957857376,0.0002480337262271352,0.12036306034630044,0.02891916148391753,0.36532572879816677,Train
2024-04-25,170.17999267578125,449.74517822265625,0.04965143743002587,-0.004133482096972618,-0.004828174536080209,0.05447961196610608,0.11684213538164309,1.4760261388066516,Train
2024-04-26,168.2899932861328,454.2467346191406,-0.011105884774887609,0.010009126533104817,0.016274067235604803,-0.02737995201049241,0.09752588089723477,1.2320106008356873,Train
2024-04-29,194.0500030517578,455.8315124511719,0.1530691710339953,0.003488804016081648,0.0065450684502632245,0.14652410258373208,0.2923420872388685,3.6930561122358387,Train
2024-04-30,183.27999877929688,448.6270751953125,-0.05550118063944742,-0.015805044318060624,-0.02224335827515787,-0.03325782236428955,0.2607290005213566,3.293698961059193,Train
2024-05-01,179.99000549316406,447.16876220703125,-0.017950640048260635,-0.003250612967677813,-0.003510842047679587,-0.01443979800058105,0.12592614217447515,1.5907812434401112,Train
2024-05-02,180.00999450683594,451.3396911621094,0.0001110562423569661,0.009327415749016632,0.015256883902566822,-0.015145827660209856,0.0563007025481592,0.711227232563204,Train
2024-05-03,181.19000244140625,456.9398498535156,0.006555235656792835,0.012407857764485497,0.019853223508248516,-0.013297987851455681,0.07038266670719594,0.8891197977460054,Train
2024-05-06,184.75999450683594,461.54833984375,0.019703030064167848,0.010085550629282514,0.016388099929070876,0.0033149301350969725,-0.07282650574143917,-0.9199919679763497,Train
2024-05-07,177.80999755859375,462.20947265625,-0.03761635178001177,0.0014324237689249397,0.003476735423092364,-0.04109308720310413,-0.08066177058025376,-1.0189721489597587,Train
2024-05-08,174.72000122070312,462.22894287109375,-0.017378079862311324,4.212422288074613e-05,0.0014022640208862884,-0.018780343883197614,-0.08500231646287032,-1.0738047584332602,Train
2024-05-09,171.97000122070312,464.8831787109375,-0.01573946875450305,0.005742253661913166,0.00990744949964918,-0.02564691825415223,-0.09550340705681269,-1.2064613908373851,Train
2024-05-10,168.47000122070312,465.4567565917969,-0.02035238689978358,0.0012338107875828896,0.003180384215129102,-0.023532771114912684,-0.1057381903202697,-1.3357538551743282,Train
2024-05-13,171.88999938964844,465.4859313964844,0.020300339194899042,6.267994668540666e-05,0.0014329352969474397,0.018867403897951603,-0.09018571655741507,-1.1392848526000683,Train
2024-05-14,177.5500030517578,467.6929931640625,0.03292805679333921,0.00474141454921484,0.008414093536605527,0.024513963256733683,-0.024578666097577258,-0.31049375722659567,Train
2024-05-15,173.99000549316406,473.3903503417969,-0.02005067585133169,0.012181831374445728,0.019515968645715122,-0.03956664449704681,-0.04536496671142645,-0.5730798776780919,Train
2024-05-16,174.83999633789062,472.4862060546875,0.004885285464054867,-0.0019099339191357423,-0.0015104095842937645,0.006395695048348631,-0.013322353408925597,-0.16829666624770953,Test
2024-05-17,177.4600067138672,473.1862487792969,0.014985188920464187,0.0014816151575192116,0.0035501340868292356,0.011435054833634953,0.02164547253962204,0.27343974115970526,Test
2024-05-20,174.9499969482422,473.6529235839844,-0.014144086952910362,0.0009862391519013247,0.002810981607122739,-0.0169550685600331,-0.014176999918362663,-0.1790931189421813,Test
2024-05-21,186.60000610351562,474.9265441894531,0.06659050790792542,0.0026889322160870144,0.005351576602235806,0.061238931305689616,0.022547968130593267,0.2848406546921412,Test
2024-05-22,180.11000061035156,473.54595947265625,-0.03478030697150003,-0.0029069436814762595,-0.0029980517586586366,-0.03178225521284139,0.030332357414798693,0.3831781424537589,Test
2024-05-23,173.74000549316406,470.02642822265625,-0.03536724832380789,-0.00743229074094387,-0.009750339844081423,-0.025616908479726464,-0.001680246113276402,-0.021225965913097257,Test
2024-05-24,179.24000549316406,473.2251281738281,0.03165649721483632,0.006805361909685281,0.011493717483212602,0.02016277973162372,0.007047478784712364,0.08902835321302309,Test
2024-05-28,176.75,473.604248046875,-0.01389201861667555,0.0008011406209764704,0.002534795363599531,-0.016426813980275082,0.007575733364470382,0.09570160995486846,Test
2024-05-29,176.19000244140625,470.26947021484375,-0.0031683030189180172,-0.00704127516968811,-0.00916690397754798,0.005998600958629963,-0.04766459698258928,-0.6021303086612338,Test
2024-05-30,178.7899932861328,467.109619140625,0.014756744473008343,-0.006719234979840727,-0.0086863865479766,0.023443131020984942,0.007560789251237068,0.0955128261596938,Test
2024-05-31,178.0800018310547,471.1736145019531,-0.003971091681523098,0.008700303300978707,0.014321166960758393,-0.01829225864228149,0.014885439088682041,0.18804258507210436,Test
2024-06-03,176.2899932861328,471.68890380859375,-0.0100517100545634,0.0010936293773269323,0.002971218983417477,-0.013022929037980878,-0.018300269680922555,-0.23118095461045743,Test
2024-06-04,174.77000427246094,472.2626037597656,-0.008622094682395387,0.0012162676428035812,0.0031542080200400767,-0.011776302702435463,-0.013649758403082937,-0.17243265989224196,Test
2024-06-05,175.0,477.9113464355469,0.0013159908560766986,0.011961020480577123,0.019186495845461886,-0.017870504989385187,-0.03751886435109809,-0.47396279004724806,Test
2024-06-06,177.94000244140625,477.8044128417969,0.01680001395089281,-0.00022375194593626802,0.0010055491472402904,0.01579446480365252,-0.04516753056843051,-0.5705857354163529,Test
2024-06-07,177.47999572753906,477.18218994140625,-0.0025851787543875737,-0.0013022544029885896,-0.0006036885963307701,-0.0019814901580568036,-0.02885676208420582,-0.36453745884127586,Test
2024-06-10,173.7899932861328,478.7475280761719,-0.020791089307163446,0.003280378370696946,0.006234075727819247,-0.027025165034982694,-0.04285899808120763,-0.5414228458278026,Test
2024-06-11,170.66000366210938,479.8363952636719,-0.018010183238054034,0.0022744079575212073,0.004733063331220102,-0.022743246569274136,-0.05382594194804631,-0.6799644409245179,Test
2024-06-12,177.2899932861328,483.83245849609375,0.03884911216309472,0.008327970266253093,0.013765607380211473,0.02508350478288325,-0.010871932175777872,-0.1373413453833742,Test
2024-06-13,182.47000122070312,484.7463073730469,0.029217711832219218,0.0018887713316995125,0.004157653410252666,0.02506005842196655,-0.0016063385574638413,-0.020292317414819384,Test
2024-06-14,178.00999450683594,485.1352233886719,-0.024442410719736185,0.000802308361527615,0.0025365377538530834,-0.026978948473589268,-0.026603796872996306,-0.3360765313624569,Test
2024-06-17,187.44000244140625,488.9853210449219,0.052974598199923895,0.00793613300093332,0.013180945460744324,0.03979365273917957,0.04021502090116596,0.5080223998722169,Test
2024-06-18,184.86000061035156,490.2881774902344,-0.013764414198944475,0.0026644080900597444,0.005314984057663363,-0.019079398256607837,0.04387886921383225,0.5543065238353238,Test
2024-06-20,181.57000732421875,488.9269714355469,-0.017797215597047833,-0.002776338727267458,-0.0028031755945517826,-0.01499404000249605,0.003801324428452957,0.04802081201403936,Test
2024-06-21,183.00999450683594,487.8575439453125,0.00793075466503601,-0.0021872949391489316,-0.0019242610494267169,0.009855015714462727,-0.011403718279050866,-0.14405921463594515,Test
2024-06-24,182.5800018310547,486.54498291015625,-0.0023495584322592578,-0.0026904596463581676,-0.0026750350813070194,0.0003254766490477616,0.01590070684358616,0.20086811020677647,Test
2024-06-25,187.35000610351562,488.5672912597656,0.026125557150967316,0.0041564673784393324,0.00754129157027548,0.018584265580691837,-0.005308680314901573,-0.06706271570413384,Test
2024-06-26,196.3699951171875,489.11175537109375,0.04814512260377568,0.001114409664888294,0.0030022253319402243,0.04514289727183546,0.05891361521354172,0.7442352512880097,Test
2024-06-27,197.4199981689453,489.8700866699219,0.0053470646120412635,0.0015504254201634815,0.0036528061494361594,0.001694258462605104,0.07560191367864288,0.955052733065788,Test
2024-06-28,197.8800048828125,487.9811706542969,0.002330091774560339,-0.0038559529700326056,-0.0044140722379428145,0.0067441640125031534,0.0724910619766833,0.9157544233332109,Test
2024-07-01,209.86000061035156,489.1031799316406,0.060541719385108106,0.0022992880562160423,0.004770187024005123,0.05577153236110298,0.12793711768873853,1.6161851990752736,Test
2024-07-02,231.25999450683594,492.2742614746094,0.10197271435359379,0.006483461308536054,0.011013408334484887,0.0909593060191089,0.20031215812715558,2.5304739625881965,Test
2024-07-03,246.38999938964844,494.4988098144531,0.06542422054051067,0.004518920678850957,0.00808210956052693,0.05734211097998374,0.21251137183530386,2.6845823948528142,Test
2024-07-05,251.52000427246094,497.4552917480469,0.02082067005771515,0.005978744285963122,0.010260318086765807,0.010560351970949344,0.2213774653436481,2.7965846766039584,Test
2024-07-08,252.94000244140625,497.933349609375,0.005645666924397386,0.0009610066859440103,0.0027733321457641983,0.0028723347786331873,0.21750563610977813,2.7476732018562475,Test
2024-07-09,262.3299865722656,498.4797668457031,0.03712336538398886,0.0010973702339014402,0.002976800730175326,0.034146564653813535,0.1958806684024887,2.4744924911258983,Test
2024-07-10,263.260009765625,503.2803039550781,0.003545241645880992,0.009630354988632739,0.01570890072942817,-0.012163659083547176,0.09275770329983263,1.1717758683459936,Test
2024-07-11,241.02999877929688,498.9676208496094,-0.08444127539962887,-0.008569147394756116,-0.01144664811336876,-0.0729946272862601,-0.03757903496641122,-0.47472290454447263,Test
2024-07-12,248.22999572753906,502.0508728027344,0.029871787680814776,0.006179262589975254,0.010559512234153388,0.01931227544666139,-0.028827111490699175,-0.36416289318562445,Test
2024-07-15,252.63999938964844,503.57293701171875,0.01776579679334911,0.0030316931837750527,0.0058630115856424065,0.011902785207706702,-0.01979666106162566,-0.2500843475053956,Test
2024-07-16,256.55999755859375,506.4317626953125,0.015516142251486675,0.005677083642656511,0.00981020905846957,0.005705933193017106,-0.048237292522422086,-0.6093649726256517,Test
2024-07-17,248.5,499.35791015625,-0.031415644041518975,-0.013968027008049999,-0.01950233754633902,-0.011913306495179955,-0.04798693993405487,-0.6062023552775442,Test
2024-07-18,249.22999572753906,495.6014404296875,0.002937608561525362,-0.007522599823014953,-0.00988509037942396,0.012822698940949322,0.037830386293154564,0.47789813860781033,Test
2024-07-19,239.1999969482422,492.2937316894531,-0.040243947162209914,-0.006674130602539408,-0.008619086129809791,-0.03162486103240012,-0.013106750185906946,-0.16557302557008044,Test
2024-07-22,251.50999450683594,497.406494140625,0.05146320115237035,0.010385593238463331,0.01683579468230581,0.03462740647006454,0.009617871076450894,0.12149922681697528,Test
2024-07-23,246.3800048828125,496.5771484375,-0.020396762498772203,-0.0016673399179435444,-0.0011484341242198068,-0.019248328374552395,-0.015336390491118606,-0.1937392976078157,Test
2024-07-24,215.99000549316406,485.2101135253906,-0.12334604589403697,-0.022890773262273956,-0.032816002206731996,-0.09053004368730497,-0.09395312768324363,-1.186877249633815,Test
2024-07-25,220.25,482.7611083984375,0.01972310939623889,-0.0050473084931379475,-0.006191698483721458,0.02591480787996035,-0.0808610187442326,-1.0214891818535978,Test
2024-07-26,219.8000030517578,488.1762390136719,-0.0020431189477511102,0.011216998471975215,0.018076337690085834,-0.020119456637836944,-0.06935561434966941,-0.8761454018169978,Test
2024-07-29,232.10000610351562,488.5373229980469,0.055959976710561854,0.0007396590729293884,0.002443058504769415,0.053516918205792435,-0.05046610261394152,-0.6375207568619914,Test
2024-07-30,222.6199951171875,485.9809265136719,-0.04084450985365373,-0.005232755746658158,-0.006468405057596083,-0.03437610479605765,-0.06559387903544678,-0.8286247053411184,Test
2024-07-31,232.07000732421875,493.6402282714844,0.04244907202543402,0.015760498694380454,0.024855712181082762,0.01759335984435126,0.042529524496209455,0.5372607203932135,Test
2024-08-01,216.86000061035156,486.90777587890625,-0.06554059651757449,-0.013638378736174461,-0.01901046806775205,-0.04653012844982244,-0.029915411833573335,-0.3779110136535329,Test
2024-08-02,207.6699981689453,478.0093994140625,-0.042377581921705376,-0.01827528108127152,-0.025929208232125505,-0.01644837368957987,-0.026244328885316262,-0.33153549705024654,Test
2024-08-05,198.8800048828125,463.65667724609375,-0.04232673647438423,-0.030026024981019472,-0.04346253926429989,0.001135802789915659,-0.07862544430119303,-0.9932479459125013,Test
2024-08-06,200.63999938964844,468.2815856933594,0.008849529684359148,0.00997485569438017,0.016222931582812437,-0.007373401898453289,-0.051622741403588676,-0.6521321732067933,Test
2024-08-07,191.75999450683594,465.032470703125,-0.044258397676563366,-0.006938378722331273,-0.009013371785123906,-0.03524502589143946,-0.1044611271393794,-1.3196211592958704,Test
2024-08-08,198.83999633789062,475.88238525390625,0.036921162045623124,0.023331520343893963,0.03615246326043585,0.0007686987851872745,-0.05716229990436968,-0.7221114928922323,Test
2024-08-09,200.0,477.92156982421875,0.005833854775063374,0.00428505999276374,0.0077331651141530665,-0.0018993103390896925,-0.042613236553879504,-0.5383182257601832,Test
2024-08-12,197.49000549316406,478.1654968261719,-0.012549972534179665,0.0005103912803994248,0.002100967132875083,-0.014650939667054748,-0.05839997901084991,-0.7377466634294073,Test
2024-08-13,207.8300018310547,486.1077575683594,0.05235706137163754,0.016609857455011534,0.026123043717049734,0.026234017654587802,-0.02479255945780882,-0.3131957978011517,Test
2024-08-14,201.3800048828125,487.6591491699219,-0.0310349655555765,0.0031914561687371723,0.006101394561726944,-0.037136360117303445,-0.026683893683672803,-0.33708836656905766,Test
2024-08-15,214.13999938964844,496.03076171875,0.06336276788880446,0.01716693424716431,0.026954260182193355,0.03640850770661111,0.008955915237751032,0.11313696848041478,Test
2024-08-16,216.1199951171875,497.07476806640625,0.009246267550119258,0.0021047209734306183,0.0044798727171369,0.004766394832982358,0.015621620409823081,0.19734250816368548,Test
2024-08-19,222.72000122070312,501.855712890625,0.030538618603692225,0.00961816034802232,0.015690705058374062,0.014847913545318163,0.045120473622196,0.5699912813486684,Test
2024-08-20,221.10000610351562,501.0263671875,-0.007273684933137958,-0.0016525580596623568,-0.0011263780555380353,-0.006147306877599923,0.012739149090008268,0.16092924852485482,Test
2024-08-21,223.27000427246094,502.7826232910156,0.009814554993405888,0.003505316722898888,0.006569707124830042,0.003244847868575846,0.05312035707588756,0.671051032152493,Test
2024-08-22,210.66000366210938,498.71392822265625,-0.056478704568676985,-0.00809235419022103,-0.010735223103996867,-0.045743481464680116,-0.029031632095403666,-0.36674653099301596,Test
2024-08-23,220.32000732421875,504.10955810546875,0.04585589810206048,0.010819088013125588,0.01748261393474771,0.028373284167312766,-0.005424742761073256,-0.06852889229979163,Test
2024-08-26,213.2100067138672,502.8704528808594,-0.0322712435275504,-0.002458007797483841,-0.0023281927664607254,-0.029943050761089673,-0.05021570706748109,-0.6343575968392036,Test
2024-08-27,209.2100067138672,503.543701171875,-0.018760845523390857,0.0013388105965634889,0.003337054841676534,-0.02209790036506739,-0.06616630055494856,-0.8358559077018106,Test
2024-08-28,205.75,500.6653137207031,-0.01653843794670573,-0.005716261457492378,-0.007189845823927907,-0.009348592122777824,-0.07875974054630223,-0.9949444637609411,Test
2024-08-29,206.27999877929688,500.743408203125,0.002575935743848623,0.00015598141169692603,0.001572150778604639,0.001003784965243984,-0.03201247411637813,-0.4044024735538089,Test
2024-08-30,214.11000061035156,505.45611572265625,0.03795812428442069,0.009411421982452817,0.015382229932755969,0.022575894351664724,-0.03780986393202617,-0.47763888674326166,Test
2024-09-03,210.60000610351562,495.23065185546875,-0.016393416920415627,-0.020230171421643628,-0.028846107771573336,0.01245269085115771,0.004585877680221211,0.057931800914689274,Test
2024-09-04,219.41000366210938,494.0012512207031,0.04183284569452206,-0.0024824809008882065,-0.0023647091799775394,0.0441975548744996,0.0708813329197882,0.8954192749159641,Test
2024-09-05,230.1699981689453,492.7816162109375,0.04904058305110959,-0.0024688905276086803,-0.002344430930737008,0.0513850139818466,0.13161493902441262,1.6626458393878147,Test
2024-09-06,210.72999572753906,484.575927734375,-0.0844593239607937,-0.01665177475502666,-0.023506768079082,-0.060952555881711695,0.06965859817745694,0.8799728913436942,Test
2024-09-09,216.27000427246094,490.0301208496094,0.026289605928169646,0.011255600625345474,0.01813393611443836,0.008155669813731285,0.0552383736395235,0.6978072002089973,Test
2024-09-10,226.1699981689453,492.0498352050781,0.04577608406578748,0.004121612671414976,0.007489284725304532,0.03828679934048295,0.08107248212884874,1.0241605253896813,Test
2024-09-11,228.1300048828125,497.0845031738281,0.008666077418469476,0.01023202856404093,0.01660666022967309,-0.007940582811203613,0.028934344443145528,0.3655175298518856,Test
2024-09-12,229.80999755859375,501.35809326171875,0.007364189890953776,0.008597311041893763,0.014167491807279256,-0.00680330191632548,-0.029253971455026548,-0.3695552669461631,Test
2024-09-13,230.2899932861328,504.0217590332031,0.0020886633855721204,0.005312900713649871,0.009266810282611877,-0.0071781468970397565,0.02452043752964539,0.3097581759398279,Test
2024-09-16,226.77999877929688,504.7828063964844,-0.015241628421408637,0.001509949421114376,0.003592411752601321,-0.01883404017400996,-0.0024692724580958544,-0.031193461845592466,Test
2024-09-17,227.8699951171875,505.0169982910156,0.004806404196833203,0.0004639458625841364,0.002031665742900907,0.002774738453932296,-0.03798133334464651,-0.47980500031356543,Test
2024-09-18,227.1999969482422,503.3777770996094,-0.0029402649901351108,-0.0032458733012025176,-0.0035037699727537407,0.00056350498261863,-0.029477245550824267,-0.3723758110969475,Test
2024-09-19,243.9199981689453,512.1590576171875,0.07359155565707187,0.01744471233548417,0.02736873395658147,0.0462228217004904,0.02354887806599161,0.29748480247678827,Test
2024-09-20,238.25,511.1541748046875,-0.02324531900421767,-0.001962052213183907,-0.0015881754951309732,-0.021657143509086697,0.009069881453944672,0.11457666413038944,Test
2024-09-23,250.0,512.412841796875,0.04931794333683115,0.0024624018627421584,0.005013569774079507,0.044304373562751645,0.07220829519070628,0.9121823286781007,Test
2024-09-24,254.27000427246094,513.88623046875,0.017080017089843746,0.002875393728830611,0.005629796556273235,0.011450220533570511,0.08088377727034449,1.0217766824141803,Test
2024-09-25,257.0199890136719,512.8421630859375,0.010815214909361437,-0.0020317092011983284,-0.0016921109599816072,0.012507325869343043,0.09282759815706891,1.1726588258160187,Test
2024-09-26,254.22000122070312,514.8814086914062,-0.01089404681602335,0.003976361056583055,0.007272554221471445,-0.018166601037494796,0.02843817541908371,0.35924959879782437,Test
2024-09-27,260.4599914550781,514.2149658203125,0.024545630573566513,-0.0012943618857544914,-0.0005919121404294929,0.025137542713996007,0.07523286164216642,0.950390626791884,Test
2024-09-30,261.6300048828125,516.4562377929688,0.004492104223754234,0.0043586284368071215,0.007842936877876235,-0.003350832654122001,0.027577655425292762,0.3483789484142751,Test
2024-10-01,258.0199890136719,511.63092041015625,-0.013798172234708361,-0.009343129252215254,-0.012601509476658225,-0.001196662758050136,0.014930772133672115,0.18861526169375706,Test
2024-10-02,249.02000427246094,511.7191467285156,-0.03488095932262847,0.0001724413338597408,0.0015967106929816893,-0.036477670015610156,-0.03405422375128109,-0.4301951879729018,Test
2024-10-03,240.66000366210938,510.7501525878906,-0.03357160254966751,-0.001893605402142784,-0.0014860457400857252,-0.032085556809581785,-0.047973179523368076,-0.6060285247857607,Test
2024-10-04,250.0800018310547,515.4578857421875,0.03914235030998814,0.009217291723641274,0.015092567412651393,0.024049782897336745,-0.049060939340027344,-0.6197698169736204,Test
2024-10-07,240.8300018310547,510.818603515625,-0.03698816351676526,-0.009000312838133406,-0.012089991761470088,-0.02489817175529517,-0.0706082784412005,-0.8919698724688314,Test
2024-10-08,244.5,515.6536254882812,0.015238957526229946,0.009465242533024387,0.015462535787224082,-0.00022357826099413634,-0.0696351939441445,-0.8796772337881809,Test
2024-10-09,241.0500030517578,519.1771850585938,-0.014110416966225725,0.006833190723668503,0.011535240965637497,-0.02564565793186322,-0.058803181860397576,-0.7428401850706352,Test
2024-10-10,238.77000427246094,518.3060913085938,-0.009458613360014412,-0.0016778351881963083,-0.0011640941581022395,-0.008294519201912173,-0.035012144252727966,-0.4422962651606481,Test
2024-10-11,217.8000030517578,521.3890991210938,-0.08782510719719305,0.005948237661487221,0.010214799032808579,-0.09803990623000164,-0.15710183338006634,-1.984612928940501,Test
2024-10-14,219.16000366210938,525.6565551757812,0.00624426350457119,0.008184781887233816,0.01355195543862169,-0.0073076919340505,-0.13951135355882166,-1.7623985032497902,Test
2024-10-15,219.57000732421875,521.6533813476562,0.0018707960177875016,-0.007615569117722321,-0.010023810228468329,0.01189460624625583,-0.12739316905157172,-1.6093136847538003,Test
2024-10-16,221.3300018310547,523.845703125,0.008015641700267029,0.004202640787413392,0.0076101870947914655,0.0004054546054755633,-0.10134205651423292,-1.2802190227595716,Test
2024-10-17,220.88999938964844,523.9241333007812,-0.001987992760882462,0.00014971999448198936,0.001562808093435371,-0.0035508008543178333,-0.0965983381666386,-1.2202932754825668,Test
2024-10-18,220.6999969482422,525.9403076171875,-0.0008601676940163117,0.003848218068719378,0.007081351566998313,-0.007941519261014624,-0.006499951197651578,-0.08211162725984075,Test
2024-10-21,218.85000610351562,525.1279296875,-0.008382378207102636,-0.001544620022314036,-0.0009653232869261598,-0.007417054920176477,-0.006609314183777555,-0.08349317190221342,Test
2024-10-22,217.97000122070312,524.7657470703125,-0.004021041161846095,-0.000689703587853363,0.00031030087594634726,-0.004331342037792442,-0.022835262467825825,-0.28846994433068895,Test
2024-10-23,213.64999389648438,519.9797973632812,-0.019819274670942355,-0.009120164061298786,-0.012268822241335681,-0.007550452429606674,-0.030791169502908063,-0.38897415630302556,Test
2024-10-24,260.4800109863281,521.1542358398438,0.21919035070290427,0.0022586232821311114,0.0047095109551993876,0.21448083974770488,0.18724047109911465,2.3653438777205458,Test
2024-10-25,269.19000244140625,520.94873046875,0.03343823359841336,-0.00039432735447808565,0.0007510329115510565,0.0326872006868623,0.2278691910469916,2.878592394049384,Test
2024-10-28,262.510009765625,522.5733642578125,-0.024815158866218545,0.003118605908878358,0.005992694403440632,-0.030807853269659177,0.2044783926975089,2.5831045577596665,Test
2024-10-29,259.5199890136719,523.4053955078125,-0.01139012091242797,0.0015921807480212546,0.0037151094378009937,-0.015105230350228965,0.19370450438507236,2.447001766469546,Test
2024-10-30,257.54998779296875,521.8295288085938,-0.007590942139718337,-0.003010795671469557,-0.0031530097199960134,-0.004437932419722324,0.1968170243949567,2.4863211513570445,Test
2024-10-31,249.85000610351562,511.56243896484375,-0.029897037679701755,-0.01967517987567924,-0.028018002710440942,-0.0018790349692608121,-0.019542850322008976,-0.24687804453292414,Test
2024-11-01,248.97999572753906,513.7842407226562,-0.003482130697311625,0.004343168279337339,0.007819868716316436,-0.01130199941362806,-0.06353205042249933,-0.8025783401620717,Test
2024-11-04,242.83999633789062,512.6685180664062,-0.024660613282231236,-0.002171578199208102,-0.0019008100401561397,-0.022759803242075098,-0.05548400039491526,-0.7009101177495258,Test
2024-11-05,251.44000244140625,518.83447265625,0.03541429020427711,0.01202717618218374,0.019285207027139453,0.016129083177137658,-0.024249686867548637,-0.3063378768067397,Test
2024-11-06,288.5299987792969,531.7540283203125,0.14751032444224466,0.024901112676493753,0.038494458132235,0.10901586631000965,0.08920411186218333,1.1268845812133386,Test
2024-11-07,296.9100036621094,535.8942260742188,0.02904379065700735,0.0077859264498365555,0.012956821677088611,0.01608696897991874,0.10717011581136288,1.3538428728627978,Test
2024-11-08,321.2200012207031,538.2627563476562,0.08187665372925301,0.004419771959083274,0.00793416936712859,0.07394248436212442,0.19241459958711535,2.4307068469001814,Test
2024-11-11,350.0,538.703125,0.08959591143118995,0.0008181295234539476,0.002560144571577532,0.08703576685961241,0.3022101696888029,3.8177161724823128,Test
2024-11-12,328.489990234375,537.0881958007812,-0.06145717075892854,-0.0029978092278910573,-0.003133632596629604,-0.05832353816229893,0.22775754834936623,2.877182050602958,Test
2024-11-13,330.239990234375,537.3623657226562,0.005327407385385952,0.0005104746743991306,0.0021010915653889234,0.003226315819997028,0.12196799785935365,1.5407793802320704,Test
2024-11-14,311.17999267578125,533.9464721679688,-0.05771559508909463,-0.006356778540108077,-0.008145563873531944,-0.049570031215562686,0.056310997663872236,0.7113572871864342,Test
2024-11-15,320.7200012207031,527.0560913085938,0.030657525449785616,-0.012904628494684434,-0.017915636456345856,0.04857316190613147,0.030941675207879292,0.39087544263138174,Test
2024-11-18,338.739990234375,529.2386474609375,0.056186046847983784,0.004141032023602609,0.0075182604168216845,0.0486677864311621,-0.007426305220571021,-0.09381393608149734,Test
2024-11-19,346.0,531.1668090820312,0.021432396454288627,0.0036432744100307612,0.0067755543305519,0.014656842123736727,0.06555407506546464,0.828121875604825,Test
2024-11-20,342.0299987792969,531.362548828125,-0.011473991967350106,0.00036850899330853615,0.0018892640161711342,-0.01336325598352124,0.048964503261946374,0.6185515734734774,Test
2024-11-21,339.6400146484375,534.0443725585938,-0.006987644766217049,0.005047069531684656,0.008870162534023784,-0.015857807300240834,0.08267672717726823,1.0444263962314286,Test
2024-11-22,352.55999755859375,535.8353881835938,0.038040225983177356,0.0033536831713425475,0.006343454108195187,0.03169677187498217,0.06580033714611892,0.8312328189888651,Test
2024-11-25,338.5899963378906,537.5580444335938,-0.039624464821427674,0.003214898246716391,0.0061363725781655885,-0.04576083739959326,-0.028628286684636434,-0.3616512084253862,Test
2024-11-26,338.2300109863281,540.5726318359375,-0.001063189566898104,0.005607929103768061,0.009707023299929247,-0.01077021286682735,-0.05405534167520051,-0.68286236804994,Test
2024-11-27,332.8900146484375,538.8499755859375,-0.015788061864523528,-0.0031867248701610285,-0.003415514366952782,-0.012372547497570746,-0.05306463318925002,-0.670347091635108,Test
2024-11-29,345.1600036621094,541.6884155273438,0.03685898787510977,0.005267588512590571,0.009199199769801178,0.027659788105308593,-0.009547037783700588,-0.12060441441684501,Test
2024-12-02,357.0899963378906,543.2152709960938,0.034563659025395044,0.0028186969205601375,0.0055451990264185295,0.029018459998976516,-0.012225349659706237,-0.15443859866851103,Test
2024-12-03,351.4200134277344,543.342529296875,-0.01587830229999254,0.00023426863635100936,0.0016889634533732286,-0.01756726575336577,0.01596822198652125,0.20172100557206538,Test
2024-12-04,357.92999267578125,546.7681274414062,0.018524782309774723,0.006304675153929518,0.010746640812408847,0.0077781414973658765,0.03451657635071448,0.4360359278727659,Test
2024-12-05,369.489990234375,545.8577880859375,0.03229681165351517,-0.001664945906281412,-0.001144862010034938,0.0334416736635501,0.08033079751183533,1.0147910810716123,Test
2024-12-06,389.2200012207031,546.9442749023438,0.053397958017247005,0.00199042102195901,0.00430932531152489,0.04908863270572211,0.10175964211224885,1.2854942366697546,Test
2024-12-09,389.7900085449219,544.0960083007812,0.0014644862094215227,-0.005207599260584783,-0.006430868966120188,0.007895355175541711,0.08063653728881404,1.0186533855478141,Test
2024-12-10,400.989990234375,542.5496826171875,0.02873337295448497,-0.002842008873439328,-0.002901162277061932,0.031634535231546905,0.12983833827372673,1.640202658786308,Test
2024-12-11,424.7699890136719,546.660400390625,0.05930322291934931,0.007576666073433103,0.012644583449219662,0.046658639470129645,0.16871883624649048,2.131366493734797,Test
2024-12-12,418.1000061035156,543.8416748046875,-0.015702575706076027,-0.005156264444842407,-0.006354272086334043,-0.009348303619741984,0.1259288589631984,1.590815563689018,Test
2024-12-13,436.2300109863281,543.802490234375,0.04336284290396253,-7.205142990662772e-05,0.001231902081828237,0.04213094082213429,0.11897116707961058,1.502921457231666,Test
2024-12-16,463.0199890136719,545.93603515625,0.06141250567967771,0.003923382037025025,0.007193504018727182,0.054219001660950526,0.1652948135650194,2.088112003723891,Test
2024-12-17,479.8599853515625,543.6458129882812,0.036369912179738284,-0.004195037551080971,-0.0049200216704340365,0.04128993385017232,0.17495021218364482,2.210085302954845,Test
2024-12-18,440.1300048828125,527.6824951171875,-0.0827949436951747,-0.02936345225091963,-0.0424739118966333,-0.04032103179854141,0.08797054091497378,1.111301307626233,Test
2024-12-19,436.1700134277344,527.4867553710938,-0.008997322180141931,-0.00037094227666256696,0.000785925877822021,-0.009783248057963953,0.0875355964767518,1.1058068055132129,Test
2024-12-20,421.05999755859375,533.4570922851562,-0.034642491239586515,0.011318458431932132,0.018227726494029893,-0.05287021773361641,-0.007465562078998907,-0.09430985434743562,Test
2024-12-23,430.6000061035156,537.275634765625,0.022657123925894362,0.007158106126420316,0.012020048511653543,0.01063707541424082,-0.051047488325708615,-0.6448652007519801,Test
2024-12-24,462.2799987792969,542.8036499023438,0.07357174228224572,0.010288974185717947,0.016691629014986973,0.05688011326725875,-0.035457308908622184,-0.4479198757359472,Test
2024-12-26,454.1300048828125,542.7937622070312,-0.017629994630971146,-1.821597057105606e-05,0.001312230181721554,-0.018942224812692702,-0.01407850192277348,-0.17784882795387624,Test
2024-12-27,431.6600036621094,537.1676025390625,-0.04947922616674816,-0.010365188511180512,-0.01412652810312332,-0.035352698063624836,-0.039647951928434365,-0.5008588143769318,Test
2024-12-30,417.4100036621094,531.1878662109375,-0.03301209257078741,-0.011131975010890915,-0.015270653244912273,-0.017741439325875137,-0.004519173520693094,-0.057089150421277476,Test
2024-12-31,403.8399963378906,529.0474853515625,-0.03251001941775111,-0.004029423478067673,-0.00467290826293384,-0.02783711115481727,-0.04299336008975119,-0.5431201944428812,Test
2025-01-02,379.2799987792969,527.7218627929688,-0.06081615932376483,-0.002505677836674436,-0.0023993214187891417,-0.05841683790497569,-0.15829031126198562,-1.9996265574862013,Test
2025-01-03,410.44000244140625,534.5362548828125,0.08215567328200035,0.012912847790270687,0.020606721105130697,0.061548952176869655,-0.07779913427242327,-0.9828094581423278,Test
2025-01-06,411.04998779296875,537.6487426757812,0.0014861742226248698,0.005822781456893189,0.010027605338183462,-0.008541431115558593,-0.05098786732435703,-0.6441120293371534,Test
2025-01-07,394.3599853515625,531.600341796875,-0.040603340073111505,-0.01124972570158811,-0.015446349512048634,-0.02515699056106287,-0.058403418559544756,-0.7377901140541558,Test
2025-01-08,394.94000244140625,532.3170776367188,0.0014707807875757872,0.0013482606828676413,0.0033511553524924386,-0.0018803745649166514,-0.03244668196964414,-0.4098876706447588,Test
2025-01-10,394.739990234375,524.2166137695312,-0.0005064369418008585,-0.015217366129131937,-0.021366481345936703,0.020860044404135844,0.046830200339467394,0.5915896654989221,Test
2025-01-13,403.30999755859375,524.89404296875,0.021710512074366584,0.0012922696103572218,0.003267610853731579,0.018442901220635004,0.0037241493832327437,0.04704588645626393,Test
2025-01-14,396.3599853515625,525.5618286132812,-0.017232432245921525,0.001272229421302562,0.003237708809091644,-0.02047014105501317,-0.008204560556221832,-0.1036453655939266,Test
2025-01-15,428.2200012207031,535.1743774414062,0.08038151439752794,0.018290043729941585,0.02863005624369466,0.05175145815383328,0.06870388815867431,0.8679123710690438,Test
2025-01-16,413.82000732421875,534.3790893554688,-0.03362756026209679,-0.001486035429684951,-0.0008779089866304257,-0.03274965127546636,0.0378346114481246,0.4779515135239389,Test
2025-01-17,426.5,539.5044555664062,0.030641323404759335,0.00959125518387971,0.01565055975749677,0.014990763647262564,0.03196533069125132,0.40380692702829607,Test
2025-01-21,424.07000732421875,544.4139404296875,-0.00569752092797482,0.009099989467421521,0.014917540256356549,-0.020615061184331367,-0.007092631713715047,-0.08959875449192777,Test
2025-01-22,415.1099853515625,547.5068359375,-0.021128638710367298,0.005681146785792013,0.009816271690268344,-0.030944910400635642,-0.01756740105933752,-0.22192287970248498,Test
2025-01-23,412.3800048828125,550.540771484375,-0.006576523247056931,0.005541365600814752,0.009607703636263823,-0.016184226883320753,-0.08550308609649154,-1.0801308073909524,Test
2025-01-24,406.5799865722656,548.8814697265625,-0.014064741844588391,-0.0030139489094307415,-0.003157714678717635,-0.010907027165870756,-0.06366046198689594,-0.8042005188817207,Test
2025-01-27,397.1499938964844,541.242431640625,-0.023193450212053546,-0.013917463983149303,-0.019426892258692933,-0.003766557953360613,-0.08241778358751913,-1.0411552517449152,Test
2025-01-28,398.0899963378906,545.7786865234375,0.0023668700890153715,0.008381188572119447,0.013845014622994315,-0.011478144533978944,-0.07328086693716669,-0.9257317552471207,Test
2025-01-29,389.1000061035156,543.3829345703125,-0.02258280870425211,-0.004389603354403082,-0.0052103340682100345,-0.017372474636042076,-0.05970843117257313,-0.7542758854071919,Test
2025-01-30,400.2799987792969,546.2205200195312,0.028732954254456988,0.0052220731802381515,0.009131286163991803,0.019601668090465187,-0.023922536198787196,-0.3022050959666539,Test
2025-01-31,404.6000061035156,543.304443359375,0.010792463618949588,-0.00533864355746283,-0.0066264006751459124,0.0174188642940955,0.004403355261179064,0.055626058550905355,Test
2025-02-03,383.67999267578125,539.7401123046875,-0.05170542044525339,-0.006560467336965692,-0.008449488725721642,-0.04325593171953175,-0.03508601850499207,-0.44322949294675845,Test
2025-02-04,392.2099914550781,543.323974609375,0.022232065633156273,0.006639977691086152,0.011246947042384749,0.010985118590771524,-0.012622755380241605,-0.15945888719118767,Test
2025-02-05,378.1700134277344,545.5528564453125,-0.035797094243459227,0.004102307168646346,0.007460478908951731,-0.04325757315241096,-0.03850785389661049,-0.48645635168419293,Test
2025-02-06,374.32000732421875,547.5166015625,-0.010180622383618276,0.003599550609967972,0.006710313877094146,-0.016890936260712423,-0.0750004582477881,-0.9474547553810326,Test
2025-02-07,361.6199951171875,542.1948852539062,-0.0339282217314959,-0.009719735060830459,-0.013163444479873786,-0.020764777251622114,-0.11318409979350572,-1.429815444974844,Test
2025-02-10,350.7300109863281,546.0733032226562,-0.030114441341470455,0.007153180662952563,0.012012699208306981,-0.04212714054977744,-0.1120553086237514,-1.4155558179458667,Test
2025-02-11,328.5,546.5642700195312,-0.06338211812502892,0.0008990858809203583,0.002680939869877588,-0.06606305799490651,-0.18910348520942943,-2.38887868829901,Test
2025-02-12,336.510009765625,544.7575073242188,0.0243835913717656,-0.003305672899635237,-0.003592997187971532,0.027976588559737132,-0.11786932349728135,-1.4890022497207613,Test
2025-02-13,355.94000244140625,550.5114135742188,0.05773971683431944,0.010562325755293367,0.017099497963405895,0.04064021887091355,-0.06033816836565538,-0.7622311367771885,Test
2025-02-14,355.8399963378906,550.5310668945312,-0.0002809633725618932,3.5700114162651175e-05,0.0013926785830874566,-0.0016736419556493498,-0.04124703306968261,-0.5210594513718458,Test
2025-02-18,354.1099853515625,552.1216430664062,-0.004861766535893763,0.0028891669653581253,0.005650347656482859,-0.010512114192376623,-0.009632006712281795,-0.12167779739775858,Test
2025-02-19,360.55999755859375,553.45703125,0.018214714280444966,0.0024186484995900592,0.004948285209420315,0.013266429071024651,0.06969748035364937,0.8804640763790091,Test
2025-02-20,354.3999938964844,551.1299438476562,-0.01708454543992588,-0.004204639693686674,-0.004934349065053498,-0.012150196374872382,0.02957069541903986,0.3735563308444146,Test
2025-02-21,337.79998779296875,541.7529907226562,-0.046839747148427646,-0.017014051277155717,-0.02404732229776511,-0.022792424850662536,-0.033861948302536235,-0.4277662389702908,Test
2025-02-24,330.5299987792969,539.190185546875,-0.021521578674915554,-0.004730578731762414,-0.005719104765288197,-0.015802473909627357,-0.04799078025651424,-0.606250868738146,Test
2025-02-25,302.79998779296875,536.509765625,-0.0838955952220366,-0.004971195681457652,-0.006078130259074097,-0.0778174649629625,-0.11529613102710012,-1.456496002434522,Test
2025-02-26,290.79998779296875,536.8435668945312,-0.039630120487999076,0.0006221718427481537,0.0022677553481016024,-0.041897875836100676,-0.17046043593422544,-2.1533675180573817,Test
2025-02-27,281.95001220703125,528.22265625,-0.030433204805490277,-0.016058515322071365,-0.022621563353771936,-0.007811641451718341,-0.1661218810110714,-2.0985600596836815,Test
2025-02-28,292.9800109863281,536.43115234375,0.03912040539724382,0.015539841005731247,0.02452646797893791,0.014593937418305909,-0.12873551874210293,-1.62627112244673,Test
2025-03-03,284.6499938964844,527.1917724609375,-0.02843203214376444,-0.01722379440948618,-0.02436028084764501,-0.0040717512961194295,-0.11700479612859503,-1.4780809755611723,Test
2025-03-04,272.0400085449219,520.8389892578125,-0.04429996705409467,-0.012050232069195865,-0.016640788200898905,-0.027659178853195764,-0.06684651001882828,-0.8444487577491906,Test
2025-03-05,279.1000061035156,526.68115234375,0.025952056083059283,0.011216831317222509,0.018076088277824125,0.007875967805235157,-0.017072666377492454,-0.21567306819576854,Test
2025-03-06,263.45001220703125,517.1273803710938,-0.056073068986891905,-0.018139574446781714,-0.02572671983087432,-0.030346349156017586,-0.0396073740817917,-0.5003462085254089,Test
2025-03-07,262.6700134277344,519.916015625,-0.0029607088371812473,0.005392549997845997,0.00938565529176201,-0.012346364128943257,-0.06654767562904086,-0.840673686632424,Test
2025-03-10,222.14999389648438,506.1696472167969,-0.1542620682219512,-0.02643959407882135,-0.03811121165740614,-0.11615085656454507,-0.1786267808974665,-2.256530119330326,Test
2025-03-11,230.5800018310547,502.0162353515625,0.037947369642955975,-0.008205572752282064,-0.010904156964230643,0.04885152660718662,-0.10211607543708412,-1.289996935139619,Test
2025-03-12,248.08999633789062,504.4513244628906,0.0759389121683911,0.004850618246684535,0.00857703680164551,0.0673618753667456,-0.042630167875573693,-0.5385321132700573,Test
2025-03-13,240.67999267578125,497.8628845214844,-0.02986820819658198,-0.013060605893782218,-0.01814837094492387,-0.011719837251658111,-0.024003655971214215,-0.3032298538939653,Test
2025-03-14,249.97999572753906,508.0843200683594,0.038640532386444715,0.020530623721226382,0.0319732344310863,0.006667297955358413,-0.004989993886912545,-0.06303686067967465,Test
2025-03-17,238.00999450683594,511.9626159667969,-0.04788383640805238,0.007633173757292333,0.012728898785799043,-0.06061273519385142,0.05054812748378111,0.6385569485707444,Test
2025-03-18,225.30999755859375,506.56231689453125,-0.05335909096824687,-0.010548229311758694,-0.01439964399913058,-0.03895944696911629,-0.0372628460925218,-0.4707286002540193,Test
2025-03-19,235.86000061035156,511.8841857910156,0.046824389357219776,0.010505852328515086,0.01701523374195128,0.029809155615268496,-0.0748155658439989,-0.9451190738225926,Test
2025-03-20,236.25999450683594,510.7059326171875,0.0016958954271570903,-0.0023017963956190046,-0.002095109121436776,0.0037910045485938662,-0.05930472404374692,-0.7491759933808803,Test
2025-03-21,248.7100067138672,510.83355712890625,0.05269623506518384,0.00024989823608412287,0.0017122844403983089,0.05098395062478553,-0.014988071374319803,-0.18933910311152566,Test
2025-03-24,278.3900146484375,519.7980346679688,0.11933580126800525,0.017548724851684572,0.02752393143970168,0.09181186982830357,0.1374365336478352,1.7361880235120701,Test
2025-03-25,288.1400146484375,521.0353393554688,0.03502280788451673,0.0023803566096403106,0.004891149730333673,0.030131658154183054,0.20652763877113453,2.6089919720870287,Test
2025-03-26,272.05999755859375,514.95751953125,-0.05580626179068926,-0.011664889816758173,-0.016065817515611595,-0.03974044427507767,0.13697803888078836,1.73039601826964,Test
2025-03-27,273.1300048828125,513.5406494140625,0.0039329829222258805,-0.002751431066541632,-0.0027660107763522847,0.006698993698578165,0.13988602803077269,1.7671316357994216,Test
2025-03-28,263.54998779296875,503.2837829589844,-0.03507493471452938,-0.019972842396762447,-0.028462146124896212,-0.00661278858963317,0.08228928881635396,1.0395320219030413,Test
2025-03-31,259.1600036621094,506.3480224609375,-0.016657121359109794,0.006088492428540704,0.010424073720485328,-0.027081195079595125,-0.036603776091544735,-0.46240279770369797,Test
2025-04-01,268.4599914550781,508.2101745605469,0.035885119854736525,0.003677613058621132,0.006826791162710704,0.02905832869202582,-0.03767710555370196,-0.4759617962321026,Test
2025-04-02,282.760009765625,511.2744445800781,0.05326685079977622,0.006029533002130272,0.01033610012923521,0.042930750670541015,0.044994089391916715,0.5683947132372088,Test
2025-04-03,267.2799987792969,486.8886413574219,-0.05474611137253549,-0.047696112100194865,-0.06982814551621627,0.015082034143680784,0.05337712983701933,0.6742947533146072,Test
2025-04-04,239.42999267578125,458.6700744628906,-0.10419786826814681,-0.05795692176317624,-0.08513833983361987,-0.019059528434526934,0.04093038999212557,0.5170594092841196,Test
2025-04-07,233.2899932861328,456.73895263671875,-0.025644236634809525,-0.004210263397788183,-0.0049427402159865795,-0.020701496418822945,0.04731008865289775,0.5976519279868288,Test
2025-04-08,221.86000061035156,450.0192565917969,-0.048994783337158565,-0.014712334050182463,-0.020612921001363256,-0.02838186233579531,-0.010130102374923379,-0.127970067008236,Test
2025-04-09,272.20001220703125,491.75592041015625,0.22689989839624536,0.09274417307039329,0.13972335447024087,0.08717654392600449,0.034115690880540096,0.43097168088076726,Test
2025-04-10,252.39999389648438,474.9667053222656,-0.07274069589492627,-0.03414135832647902,-0.04960304427992156,-0.02313765161500471,-0.004103994878145396,-0.05184434274403826,Test
2025-04-11,252.30999755859375,483.3317565917969,-0.00035656236159631316,0.017611868739000558,0.027618148681470795,-0.027974711043067108,-0.01301917748668557,-0.16446675005847325,Test
2025-04-14,252.35000610351562,488.1891784667969,0.00015856900364230597,0.010049871146998512,0.016334862433702142,-0.016176293430059836,-0.008493974497922462,-0.10730143145997639,Test
2025-04-15,254.11000061035156,486.8196716308594,0.0069744183248166,-0.0028052789704158254,-0.0028463574447904587,0.009820775769607059,0.029708663607479906,0.37529923507837215,Test
2025-04-16,241.5500030517578,476.11944580078125,-0.049427403598542585,-0.021979855074944044,-0.03145681760889338,-0.017970585989649207,-0.07543846630817379,-0.9529879591694226,Test
2025-04-17,241.3699951171875,476.77960205078125,-0.0007452201709629014,0.0013865349458468401,0.0034082645303072307,-0.004153484701270132,-0.05645429939443921,-0.7131675682067374,Test
2025-04-21,227.5,465.4192810058594,-0.05746362595919796,-0.023827196037870535,-0.034213242300693586,-0.023250383658504375,-0.051729972009876474,-0.6534867802348479,Test
2025-04-22,237.97000122070312,477.16387939453125,0.04602198338770602,0.025234447449812514,0.03899182825407537,0.007030155133630651,-0.02852352344618599,-0.3603277707987645,Test
2025-04-23,250.74000549316406,484.82940673828125,0.0536622440095611,0.016064768677538366,0.025309714615598947,0.028352529393962152,-0.009991769821830896,-0.12622255988210002,Test
2025-04-24,259.510009765625,495.01727294921875,0.0349764859229853,0.021013300904078713,0.03269343894756877,0.002283046975416529,0.01026186314323484,0.12963455505838778,Test
2025-04-25,284.95001220703125,498.66278076171875,0.09803091011549903,0.007364405267680452,0.012327868268958,0.08570304184654103,0.100118389691046,1.2647608645333899,Test
2025-04-28,285.8800048828125,498.96826171875,0.0032637046356942534,0.0006126002758108928,0.0022534735755568693,0.0010102310601373841,0.12437900440968776,1.5712367890897856,Test
2025-04-29,292.0299987792969,501.9930419921875,0.021512501019458785,0.006062069485177846,0.010384647943123665,0.01112785307633512,0.12847670235239222,1.623001584834149,Test
2025-04-30,282.1600036621094,502.2393798828125,-0.03379788089732105,0.000490719731188749,0.002071615137191313,-0.035869496034512366,0.06425467692391772,0.811707029921156,Test
2025-05-01,280.5199890136719,505.7962646484375,-0.005812356915055328,0.007082050727394096,0.011906565952652368,-0.017718922867707695,0.044252707080793485,0.5590290878445159,Test
2025-05-02,287.2099914550781,513.0479125976562,0.023848576584252656,0.014337092730922318,0.022731842563686204,0.0011167340205664525,-0.04033360074518109,-0.5095203778810083,Test
2025-05-05,280.260009765625,510.36798095703125,-0.024198258752220814,-0.00522355042252487,-0.006454669757374719,-0.017743588994846096,-0.05908742080016456,-0.7464308769335698,Test
2025-05-06,275.3500061035156,506.0229187011719,-0.017519458684867262,-0.008513587093985753,-0.011363746370809735,-0.006155712314057527,-0.07637098619055721,-0.9647681591534353,Test
2025-05-07,276.2200012207031,508.3087463378906,0.003159597232260225,0.004517241319001553,0.00807960378111305,-0.004920006548852825,-0.045421496704897674,-0.5737940014632962,Test
2025-05-08,284.82000732421875,511.69818115234375,0.031134624811778533,0.006668063138539848,0.011288853448616864,0.01984577136316167,-0.007856802474028313,-0.0992522584530625,Test
2025-05-09,298.260009765625,511.0182800292969,0.04718770485146129,-0.001328715145157866,-0.00064317077343965,0.04783087562490094,0.03885733913030617,0.4908712773304665,Test
2025-05-12,318.3800048828125,528.0341796875,0.06745790403815088,0.03329802538028104,0.05102352449091301,0.016434379547237872,0.07303530767239014,0.9226296902921073,Test
2025-05-13,334.07000732421875,531.5023803710938,0.049280740626853614,0.0065681367172978344,0.01113975284380032,0.03814098778305329,0.11733200776950095,1.482214526641195,Test
2025-05-14,347.67999267578125,532.1624755859375,0.04073991993646375,0.0012419421609792813,0.0031925170692463814,0.037547402867217375,0.15979941718557117,2.0186905687879855,Test
2025-05-15,342.82000732421875,534.7734985351562,-0.013978329078298546,0.004906439422178055,0.008660327796401508,-0.022638656874700055,0.11731498894770942,1.4819995337729635,Test
2025-05-16,349.9800109863281,538.2220458984375,0.0208856061756566,0.006448613053428254,0.010961411116443923,0.009924195059212678,0.07940830838202118,1.0031375961029987,Test
2025-05-19,342.0899963378906,538.7738037109375,-0.022544186527114873,0.001025149037845452,0.0028690392004549507,-0.025413225727569825,0.03756070310721348,0.4744913245304614,Test
2025-05-20,343.82000732421875,536.8623046875,0.005057180873010214,-0.0035478692732860972,-0.00395437934643248,0.009011560219442695,0.00843127554360288,0.10650937733370366,Test
2025-05-21,334.6199951171875,527.8863525390625,-0.026758222357769146,-0.016719281778709072,-0.023607495573725632,-0.0031507267840435137,-0.032266854107658005,-0.4076159676849466,Test
2025-05-22,341.0400085449219,528.1327514648438,0.019185982671137136,0.0004667650993364081,0.0020358723371095267,0.01715011033402761,0.007521913101069658,0.09502171724906115,Test
2025-05-23,339.3399963378906,524.56591796875,-0.004984788190348977,-0.006753668440748428,-0.00873776484996573,0.0037529766596167535,0.0013506947014737328,0.017062857319501693,Test
2025-05-27,362.8900146484375,535.344970703125,0.06939947711644767,0.020548519004273347,0.031999936053064774,0.0373995410633829,0.06416346149242645,0.8105547370372244,Test
2025-05-28,356.8999938964844,532.2905883789062,-0.016506435862546853,-0.005705446938648051,-0.007173709437970646,-0.009332726424576207,0.04581917484840756,0.5788177314108481,Test
2025-05-29,358.42999267578125,534.3400268554688,0.004286911755287504,0.003850224898403809,0.007084345965436618,-0.002797434210149115,0.04617246742230196,0.5832807538642734,Test
2025-05-30,346.4599914550781,533.7882690429688,-0.03339564619395741,-0.001032596819944498,-0.00020133145969455013,-0.033194314734262854,-0.00417195764598851,-0.052702892799413606,Test
2025-06-02,342.69000244140625,536.891845703125,-0.01088145559849063,0.005814246659486599,0.010014870533519267,-0.020896326132009896,-0.02882126043761516,-0.36408897886299296,Test
2025-06-03,344.2699890136719,539.9364624023438,0.004610541775392996,0.0056708194091334985,0.009800862171075984,-0.005190320395682988,-0.07141112189668104,-0.902111915164204,Test
2025-06-04,332.04998779296875,539.591552734375,-0.03549540073392177,-0.0006387967695942187,0.00038625913901014033,-0.03588165987293191,-0.09796005534503675,-1.2374953759270055,Test
2025-06-05,284.70001220703125,537.0692749023438,-0.14259893789082123,-0.004674420530213275,-0.00563531089263357,-0.13696362699818765,-0.23212624813307528,-2.932370318536365,Test
2025-06-06,295.1400146484375,542.5572509765625,0.036670186138995975,0.010218376531065942,0.016586289977759273,0.0200838961612367,-0.17884803723757572,-2.259325173873888,Test
2025-06-09,308.5799865722656,543.1385498046875,0.04553761352840424,0.0010714055098861586,0.0029380586636982625,0.04259955486470598,-0.11535215624085986,-1.4572037495128467,Test
2025-06-10,326.0899963378906,546.232421875,0.05674382827003055,0.005696285177005045,0.009838859743135222,0.046904968526895324,-0.06325686731828155,-0.7991020475262285,Test
2025-06-11,326.42999267578125,544.724853515625,0.0010426457165473302,-0.002759939357316221,-0.0027787060303669743,0.0038213517469143045,-0.023553855698435325,-0.2975476831796468,Test
2025-06-12,319.1099853515625,546.7841186523438,-0.022424432461661592,0.0037803766863735433,0.006980125174482403,-0.029404557636143996,0.08400521366360833,1.061208704877916,Test
2025-06-13,325.30999755859375,540.6950073242188,0.019429076154419578,-0.011136225651785181,-0.015276995642851832,0.03470607179727141,0.09862738929964303,1.2459255741349957,Test
2025-06-16,329.1300048828125,545.9170532226562,0.011742668079331553,0.00965802500060109,0.01575018726274422,-0.004007519183412668,0.05202031525152439,0.6571545856245592,Test
2025-06-17,316.3500061035156,541.2664794921875,-0.03882963749794621,-0.008518828461238748,-0.011371567035432502,-0.02745807046251371,-0.022342723737884644,-0.28224787352213,Test
2025-06-18,322.04998779296875,541.1581420898438,0.0180179597897272,-0.00020015538823947576,0.0010407576634710403,0.01697720212625616,-0.00918687335854279,-0.11605458225172094,Test
2025-06-20,322.1600036621094,539.6604614257812,0.0003416111576173275,-0.0027675471319321687,-0.0027900576206916043,0.003131668778308932,0.023349353055910137,0.29496427228223154,Test
2025-06-23,348.67999267578125,545.217529296875,0.0823193093872907,0.010297341140041993,0.016704113380329812,0.06561519600696089,0.054258477265599625,0.6854285094523688,Test
2025-06-24,340.4700012207031,551.2080078125,-0.023545920693855638,0.010987318260567314,0.017733630946367176,-0.04127955164022282,0.016986444808789476,0.21458386104700478,Test
2025-06-25,327.54998779296875,551.48388671875,-0.037947582404945,0.0005004987270500472,0.002086206415246661,-0.040033788820191665,0.00441072645111152,0.055719176234683344,Test
2025-06-26,325.7799987792969,555.8487548828125,-0.0054037218123500486,0.007914770076117517,0.013149069756890461,-0.018552791569240508,-0.031119267244385147,-0.39311890118398646,Test
2025-06-27,323.6300048828125,558.6075439453125,-0.006599526995335614,0.004963200939582357,0.008745021879008441,-0.015344548874344055,-0.04959548489703813,-0.6265225454474176,Test
2025-06-30,317.6600036621094,561.3995971679688,-0.018446995428822777,0.004998237587227505,0.008797300198292824,-0.0272442956271156,-0.14245497653111464,-1.7995842704878202,Test
2025-07-01,300.7099914550781,561.1426391601562,-0.05335897504131726,-0.0004577096405283809,0.0006564599540960283,-0.05401543499541329,-0.1551908598863051,-1.9604722641183019,Test
2025-07-02,315.6499938964844,563.6331787109375,0.04968242780731846,0.004438335954132455,0.007961868776906716,0.04172055903041175,-0.07343651203570169,-0.9276979657504156,Test
2025-07-03,315.3500061035156,568.5056762695312,-0.0009503811144286889,0.008644802581951438,0.014238354120351782,-0.015188735234780471,-0.07007245570124165,-0.8852010097861787,Test
2025-07-07,293.94000244140625,563.9494018554688,-0.06789282780315342,-0.008014474796382398,-0.010619018955186587,-0.05727380884796683,-0.11200171567486443,-1.4148787968254077,Test
2025-07-08,297.80999755859375,563.5739135742188,0.013165935514200422,-0.000665819096561826,0.00034593901902242835,0.012819996495177994,-0.07193742355257084,-0.908760501296708,Test
2025-07-09,295.8800048828125,566.9144897460938,-0.0064806174796113725,0.005927485448517178,0.010183834574493582,-0.016664452054104953,-0.034586440611262495,-0.4369184988254487,Test
2025-07-10,309.8699951171875,568.5748901367188,0.0472826483827995,0.00292883745372019,0.005709540147664207,0.04157310823513529,-0.03473389140653895,-0.43878119354003087,Test
2025-07-11,313.510009765625,566.5289916992188,0.01174690904506881,-0.0035982919277495196,-0.004029615186798901,0.015776524231867713,-0.0037686319398907674,-0.04760781915403373,Test
2025-07-14,316.8999938964844,567.6458129882812,0.010813001260769006,0.001971340046892811,0.004280854513836966,0.0065321467469320405,0.0600373236550081,0.7584306699748086,Test
2025-07-15,310.7799987792969,565.1848754882812,-0.01931207079538977,-0.004335339825805806,-0.005129367244493426,-0.014182703550896344,0.033034623608933764,0.4173149332914894,Test
2025-07-16,321.6700134277344,567.04296875,0.03504091219258654,0.003287584898858942,0.006244828616737171,0.02879608357584937,0.07849515923888808,0.9916020999440925,Test
2025-07-17,319.4100036621094,570.4427490234375,-0.007025863995037018,0.005995630773681926,0.010285514481280957,-0.017311378476317973,0.019610672527434817,0.2477348189120732,Test
2025-07-18,329.6499938964844,570.185791015625,0.03205907804067243,-0.00045045363141593686,0.0006672866737340662,0.031391791366938364,0.035225939662505465,0.4449970683611179,Test
2025-07-21,328.489990234375,571.203857421875,-0.0035188948387289143,0.0017854994324508766,0.00400356100458918,-0.007522455843318094,0.02117133707225534,0.26745015237923087,Test
2025-07-22,332.1099853515625,571.203857421875,0.0110201078413521,0.0,0.0013394103028117196,0.009680697538540381,0.04503473816169207,0.5689082150360486,Test
2025-07-23,332.55999755859375,576.0565185546875,0.0013550095657464123,0.008495497832796461,0.014015575918908202,-0.01266056635316179,0.003578088232680906,0.045200746641123606,Test
2025-07-24,305.29998779296875,576.4518432617188,-0.08197020076301287,0.0006862602788058059,0.002363381954750502,-0.08433358271776337,-0.06344411600876448,-0.8014674952365718,Test
2025-07-25,316.05999755859375,578.7447509765625,0.03524405566934252,0.003977622314242035,0.007274436148968158,0.027969619520374363,-0.0668662878553285,-0.844698604292546,Test
2025-07-28,325.5899963378906,578.6064453125,0.030152499060024596,-0.0002389752370610676,0.0009828344148822819,0.029169664645142312,-0.03017416736686808,-0.3811797824881352,Test
2025-07-29,321.20001220703125,577.1040649414062,-0.013483166498468035,-0.0025965496638779006,-0.0025349116283494974,-0.010948254870118537,-0.050803119775527,-0.6417781776811314,Test
2025-07-30,319.0400085449219,576.4024658203125,-0.006724793213012448,-0.0012157237554113465,-0.00047457587790681005,-0.0062502173351056374,-0.04439277075747085,-0.5607984636540035,Test
2025-07-31,308.2699890136719,574.238037109375,-0.03375758288237862,-0.003755064975055511,-0.004263536865187079,-0.029494046017191543,0.01044676594310098,0.13197036794685912,Test
2025-08-01,302.6300048828125,564.7796630859375,-0.01829559909125389,-0.01647117294954803,-0.023237291417222902,0.004941692325969013,-0.01258116125130437,-0.15893344299820267,Test
2025-08-04,309.260009765625,573.3682861328125,0.021907956170373222,0.015207033128542546,0.024029884040878476,-0.002121927870505254,-0.04387275376695194,-0.5542292695176383,Test
2025-08-05,308.7200012207031,570.6107788085938,-0.0017461311772288823,-0.004809312602232052,-0.005836583882028893,0.0040904527048000105,-0.028834046192033384,-0.3642504968604518,Test
2025-08-06,319.9100036621094,574.8507690429688,0.03624644466558724,0.007430617141912288,0.012426663266029836,0.023819781399557406,0.001235952542629655,0.015613359455364132,Test
2025-08-07,322.2699890136719,574.5048217773438,0.007377028928595486,-0.0006018036058313969,0.00044145678366265496,0.006935572144932831,0.03766557070475403,0.4758160804892439,Test
2025-08-08,329.6499938964844,578.90283203125,0.02290006868278205,0.007655306077850144,0.012761922508055351,0.010138146174726697,0.042862024553511714,0.541461078201891,Test
2025-08-11,339.0299987792969,577.7168579101562,0.02845443669493286,-0.0020486583507156597,-0.0017174008524119546,0.030171837547344815,0.07515578997136178,0.9494170071272179,Test
2025-08-12,340.8399963378906,583.8840942382812,0.005338753399730889,0.010675188448601824,0.017267900830479053,-0.011929147430748164,0.05913618983581362,0.747046959232539,Test
2025-08-13,339.3800048828125,585.9200439453125,-0.004283509772223915,0.0034869072939678336,0.006542238343762625,-0.01082574811598654,0.024490660320269662,0.30938201078985245,Test
2025-08-14,335.5799865722656,585.9298706054688,-0.011196942235471519,1.6771332979281794e-05,0.0013644348744886565,-0.012561377109960175,0.004993711065376657,0.06308381850492935,Test
2025-08-15,330.55999755859375,584.6648559570312,-0.014959143019665277,-0.002158986445136013,-0.0018820218345493103,-0.013077121185115967,-0.018221556294466007,-0.23018659572182223,Test
2025-08-18,335.1600036621094,584.457275390625,0.013915797850586165,-0.0003550419771108926,0.0008096507771074374,0.013106147073478727,-0.035287246768332094,-0.4457715397485084,Test
2025-08-19,329.30999755859375,581.264892578125,-0.017454368181154756,-0.005462132044410484,-0.0068106583305580105,-0.010643709850596745,-0.03400180918818067,-0.42953305299105093,Test
2025-08-20,323.8999938964844,579.7330932617188,-0.016428300696053943,-0.002635286142282145,-0.002592710479611745,-0.0138355902164422,-0.03701165128863634,-0.46755534348961403,Test
2025-08-21,320.1099853515625,577.4500122070312,-0.011701168929731831,-0.003938158923863289,-0.0045367320638760415,-0.0071644368658557896,-0.03161471104453195,-0.3993776707360643,Test
2025-08-22,340.010009765625,586.2857055664062,0.062166209505171155,0.015301226379067279,0.02417043015919547,0.037995779345975686,0.019458189486559703,0.24580855358560305,Test
2025-08-25,346.6000061035156,583.8050537109375,0.019381771561470362,-0.004231131395353027,-0.004973877436949319,0.02435564899841968,0.030707691411500655,0.38791960655063906,Test
2025-08-26,351.6700134277344,586.1373901367188,0.01462783391499567,0.003995060356116964,0.007300455519601586,0.007327378395394084,0.04867877965749148,0.6149421263568876,Test
2025-08-27,349.6000061035156,587.4815673828125,-0.0058862207330171445,0.0022932801570296757,0.0047612226140799985,-0.010647443347097142,0.05186692652683654,0.6552168791088577,Test
2025-08-28,345.9800109863281,589.55712890625,-0.010354676927882056,0.003532981524312362,0.006610985883456737,-0.016965662811338794,0.04206570058135353,0.5314013938763298,Test
2025-08-29,333.8699951171875,586.1572265625,-0.03500206799409333,-0.005766875128891291,-0.007265366681412503,-0.027736701312680828,-0.02366678007730298,-0.298974217660318,Test
2025-09-02,329.3599853515625,581.8381958007812,-0.01350828116207925,-0.0073683826898246485,-0.00965498239050621,-0.0038532987715730396,-0.051875727847295695,-0.6553280631351621,Test
2025-09-03,334.0899963378906,584.8130493164062,0.014361219324440011,0.005112853602762701,0.008968319204332989,0.005392900120107022,-0.05381020612258276,-0.6797656557035526,Test
2025-09-04,338.5299987792969,589.626220703125,0.01328983953448204,0.008230273576051106,0.013619833765819623,-0.0003299942313375829,-0.0434927570068232,-0.5494289023488953,Test
2025-09-05,350.8399963378906,588.0151977539062,0.036363092201525005,-0.002732278336091687,-0.002737432912175014,0.03910052511370002,0.012573430918215611,0.1588357883835945,Test
2025-09-08,346.3999938964844,589.537353515625,-0.01265534855703887,0.002588633367867077,0.005201920297665702,-0.017857268854704574,0.022452863376191866,0.283639229341922,Test
2025-09-09,346.9700012207031,590.9703369140625,0.001645517708609212,0.002430691439468724,0.004966254527217951,-0.0033207368186087393,0.022985425329156164,0.2903668996343353,Test
2025-09-10,347.7900085449219,592.68017578125,0.0023633378140295314,0.002893273588173484,0.005656475164482375,-0.0032931373504528436,0.014299387858596302,0.1806392033086601,Test
2025-09-11,368.80999755859375,597.5131225585938,0.06043873744853956,0.008154392495030027,0.013506611307397194,0.046932126141142366,0.06156150823107625,0.7776851646594031,Test
2025-09-12,395.94000244140625,597.3845825195312,0.07356092584909457,-0.00021512504781828756,0.0010184213757369592,0.07254250447335761,0.09500348759073385,1.2001460817511513,Test
2025-09-15,410.0400085449219,600.4978637695312,0.03561147147692467,0.005211519247566576,0.009115538599684322,0.02649593287724035,0.13935668932267875,1.7604446836406242,Test
2025-09-16,421.6199951171875,599.7070922851562,0.028241113869250656,-0.0013168597793354886,-0.0006254813356266341,0.02886659520487729,0.1715440213461648,2.167056076439407,Test
2025-09-17,425.8599853515625,599.0153198242188,0.01005642588937583,-0.001153517225053191,-0.00038175727012863033,0.010438183159504462,0.1852753418561221,2.340519082116493,Test
2025-09-18,416.8500061035156,601.83203125,-0.021157139806429193,0.0047022360406538954,0.008355635130413843,-0.029512774936843036,0.10883044077813671,1.3748171818470247,Test
2025-09-19,426.07000732421875,604.6389770507812,0.022118270566640064,0.004664002005594803,0.008298585976836323,0.013819684589803741,0.05010762089458284,0.6329921817351378,Test
2025-09-22,434.2099914550781,607.5841064453125,0.019104804353584193,0.0048708890864042065,0.00860728300104679,0.010497521352537403,0.03410920936987989,0.43088980220641604,Test
2025-09-23,425.8500061035156,604.4016723632812,-0.019253323313789705,-0.005237849457008004,-0.0064760054027748915,-0.012777317911014814,-0.007534703746012216,-0.09518329702681637,Test
2025-09-24,442.7900085449219,602.385498046875,0.03977927016229388,-0.003335818560069148,-0.0036379776460668386,0.04341724780836072,0.025444360902844042,0.32142977920727284,Test
2025-09-25,423.3900146484375,599.5094604492188,-0.04381307961359793,-0.004774413738347416,-0.005784511150433641,-0.03802856846316428,0.01692856737652279,0.21385271553521143,Test
2025-09-26,440.3999938964844,603.0377807617188,0.0401756741055197,0.00588534551207287,0.01012095741014923,0.030054716695370468,0.033163599482089516,0.4189442407278135,Test
2025-09-29,443.2099914550781,604.732666015625,0.00638055766924972,0.0028105788857297753,0.005533086074827906,0.0008474715944218145,0.02351354972397393,0.29703851179501944,Test
2025-09-30,444.7200012207031,606.9628295898438,0.0034069849388267404,0.0036878503503250393,0.00684206626578919,-0.0034350813269624497,0.0328557863080263,0.415055743745947,Test
2025-10-01,459.4599914550781,609.1334228515625,0.033144428390707636,0.003576155171125528,0.0066754054510942944,0.02646902293961334,0.01590756143927892,0.20095470193484116,Test
2025-10-02,436.0,609.8074340820312,-0.051059922281332826,0.0011065083694037359,0.0029904357779770275,-0.054050358059309855,-0.00011422815686665255,-0.0014430046555737185,Test
2025-10-03,429.8299865722656,609.85693359375,-0.014151406944344913,8.117236516347326e-05,0.001460527907043248,-0.01561193485138816,-0.04578087970362528,-0.5783339621395712,Test
2025-10-06,453.25,611.9384155273438,0.054486690457546505,0.0034130659486448778,0.0064320593829705125,0.04805463107457599,0.0014262797765288993,0.018017697336082016,Test
2025-10-07,433.0899963378906,609.7578735351562,-0.044478772558432134,-0.003563335683556268,-0.0039774568378202506,-0.040501315720611886,-0.03563995461712054,-0.4502271755726359,Test
2025-10-08,438.69000244140625,613.2963256835938,0.012930352007360923,0.005803044621503384,0.009998155928735911,0.0029321960786250125,-0.05917678147810886,-0.7475597393597523,Test
2025-10-09,435.5400085449219,611.6410522460938,-0.007180455170972544,-0.002698978239687011,-0.002687745707803295,-0.004492709463169249,-0.009619132881968258,-0.12151516676808655,Test
2025-10-10,413.489990234375,595.1978149414062,-0.05062684914805626,-0.02688380259026757,-0.038774016918498,-0.011852832229558262,-0.005860030260138359,-0.07402772818136188,Test
2025-10-13,435.8999938964844,604.21728515625,0.054197209585187034,0.015153735427828607,0.023950358332732347,0.030246851252454687,-0.023667810082259662,-0.2989872293554073,Test
2025-10-14,429.239990234375,603.3649291992188,-0.015278742269702716,-0.0014106778769343853,-0.0007654676867925021,-0.014513274582910215,0.0023202310554420093,0.02931067354013289,Test
2025-10-15,435.1499938964844,606.021240234375,0.013768529951932784,0.004402494919089284,0.007908390228032787,0.0058601397238999976,0.005248174700716994,0.06629836928244888,Test
2025-10-16,428.75,602.0169067382812,-0.01470755828163206,-0.006607579454715351,-0.008519784901281155,-0.006187773380350906,0.0035531107835353373,0.04488521519607467,Test
2025-10-17,439.30999755859375,605.3571166992188,0.02462973191508744,0.005548365707924496,0.009618148523520574,0.015011583391566864,0.030417526404660465,0.38425405273938595,Test
2025-10-20,447.42999267578125,611.71044921875,0.018483519979771268,0.010495181016741961,0.016999311035826286,0.001484208943944982,0.001654884096150758,0.020905576354244726,Test
2025-10-21,442.6000061035156,611.631103515625,-0.010794954856246153,-0.00012971121095994853,0.0011458676965096822,-0.011940822552755834,0.004227336126305138,0.05340246991864157,Test
2025-10-22,438.9700012207031,608.5386962890625,-0.008201547294971134,-0.005056000600341393,-0.006204668010950149,-0.0019968792840209856,-0.003629682881615845,-0.04585252393192522,Test
2025-10-23,448.9800109863281,611.97802734375,0.022803402824313368,0.0056517869375618535,0.009772463745642402,0.013030939078670966,0.015589029577406027,0.19693079949047512,Test
2025-10-24,433.7200012207031,617.0427856445312,-0.03398817183887881,0.008276045992638759,0.013688130968024083,-0.047676302806902895,-0.04709885662106374,-0.5949835070501361,Test
2025-10-27,452.4200134277344,624.4269409179688,0.043115401997602554,0.011967006900055477,0.01919542820543049,0.023919973792172065,-0.02466309177283665,-0.31156027747686527,Test
2025-10-28,460.54998779296875,626.1019287109375,0.017969970655449252,0.002682439983301199,0.005341889516248503,0.01262808113920075,-9.418808088007026e-05,-0.0011898453318139254,Test
2025-10-29,461.510009765625,626.3596801757812,0.0020845119924046696,0.00041167652266205224,0.001953674455923169,0.00013083753648150068,0.002033528739622416,0.02568886270259658,Test
2025-10-30,440.1000061035156,619.7090454101562,-0.04639120107705208,-0.010617916472143607,-0.01450362448429349,-0.03188757659275859,-0.042884986931807145,-0.5417511539563483,Test
2025-10-31,456.55999755859375,621.4931030273438,0.03740057084027071,0.0028788632833440797,0.005634973492162386,0.03176559734810832,0.03655691322320407,0.46181079535467945,Test
2025-11-03,468.3699951171875,622.7122802734375,0.02586735066967427,0.001961690709285424,0.0042664566993705,0.02160089397030377,0.03423783340133578,0.43251466494867474,Test
2025-11-04,444.260009765625,615.49658203125,-0.05147636612701911,-0.011587531626996439,-0.015950391057447416,-0.0355259750695717,-0.013916222807436665,-0.17579881221908003,Test
2025-11-05,462.07000732421875,617.35009765625,0.040089130615176494,0.0030114149763156295,0.005832754392807764,0.03425637622236873,0.020209315878450564,0.25529727256833246,Test
2025-11-06,445.9100036621094,610.7886352539062,-0.03497306340156037,-0.010628430168318048,-0.01451931201156588,-0.020453751389994487,0.031643141081214674,0.3997368175210307,Test
2025-11-07,429.5199890136719,611.4329223632812,-0.03675632866235745,0.0010548446257634403,0.0029133481035851,-0.03966967676594255,-0.0397921330328362,-0.5026802042216483,Test
2025-11-10,445.2300109863281,620.9281616210938,0.03657576451501576,0.01552948640892926,0.02451101784446278,0.012064746670552982,-0.04932828033258699,-0.6231470429349883,Test
2025-11-11,439.6199951171875,622.3553466796875,-0.01260026442672324,0.0022984704943447287,0.004768967136732341,-0.01736923156345558,-0.03117153682647087,-0.3937792046710036,Test
2025-11-12,430.6000061035156,622.6626586914062,-0.02051769508633805,0.0004937886584541751,0.0020761942955933215,-0.02259388938193137,-0.08802180243077097,-1.1119488765617405,Test
2025-11-13,401.989990234375,612.523193359375,-0.06644220962287406,-0.016284042716389058,-0.02295807366283251,-0.04348413596004155,-0.11105218700081804,-1.402883730680296,Test
2025-11-14,404.3500061035156,612.3645629882812,0.005870832424868633,-0.00025897855430379035,0.0009529873868174645,0.004917845038051169,-0.06646466519682433,-0.8396250446562651,Test
2025-11-17,408.9200134277344,606.625732421875,0.011302107716671506,-0.009371591553896108,-0.012643978188559838,0.023946085905231344,-0.054583325962145955,-0.6895322102765065,Test
2025-11-18,401.25,601.63037109375,-0.018756757252943457,-0.00823466770554171,-0.010947569658032771,-0.007809187594910685,-0.04502328199360106,-0.5687634932411442,Test
2025-11-19,403.989990234375,603.8109741210938,0.006828636098130891,0.003624489607097825,0.006747525452464922,8.111064566596916e-05,-0.02234828196600372,-0.28231808868862285,Test
2025-11-20,395.2300109863281,594.6527099609375,-0.02168365419886953,-0.015167435758329795,-0.02129198004395088,-0.00039167415491864893,0.020744179839119185,0.26205402332501687,Test
2025-11-21,391.0899963378906,600.56982421875,-0.010474950113494086,0.009950537782298596,0.016186646730876664,-0.02666159684437075,-0.010835262043302735,-0.13687810432850978,Test
2025-11-24,417.7799987792969,609.5001220703125,0.0682451678419993,0.014869707886471684,0.02352655972497166,0.04471860811702764,0.009937260168493563,0.12553395835252001,Test
2025-11-25,419.3999938964844,615.1694946289062,0.0038776272725380423,0.009301675837793733,0.01521847728013847,-0.011340850007600429,0.0064055977558038196,0.08091969298032103,Test
2025-11-26,426.5799865722656,619.421630859375,0.017119677587676296,0.00691213765896137,0.011653037997236083,0.005466639590440213,0.011791126700578063,0.14895321075044793,Test
2025-11-28,430.1700134277344,622.8510131835938,0.008415835173881447,0.005536426487820378,0.00960033396640509,-0.001184498792523643,0.01099830206297307,0.13893773230363127,Test
2025-12-01,430.1400146484375,619.9866333007812,-6.973703038437584e-05,-0.004598820299210438,-0.005522507491624207,0.005452770461239831,0.043112669368583656,0.5446273871485235,Test
2025-12-02,429.239990234375,621.0371704101562,-0.0020923987153301793,0.001694451223540172,0.003867707615192089,-0.005960106330522268,-0.007566045078966259,-0.09557922120702848,Test
2025-12-03,446.739990234375,623.2078247070312,0.04076973347810542,0.003495208339045819,0.006554624365661072,0.034215109112444346,0.037989914041078515,0.47991339727311627,Test
2025-12-04,454.5299987792969,623.7330932617188,0.017437455153354264,0.0008428465334728852,0.0025970249191099885,0.014840430234244275,0.047363704684882574,0.5983292407080504,Test
2025-12-05,455.0,624.9026489257812,0.0010340378456106247,0.001875089965078569,0.004137239389490738,-0.0031032015438801136,0.04544500193352611,0.5740909348575796,Test
2025-12-08,439.5799865722656,623.0491943359375,-0.033890139401614006,-0.002965989331346064,-0.0030861540042704536,-0.030803985397343553,0.00918824607494272,0.11607192330151299,Test
2025-12-09,445.1700134277344,622.543701171875,0.01271674558948499,-0.000811321431209433,0.00012883441516960917,0.012587911174315382,0.027736263579780374,0.350382590174903,Test
2025-12-10,451.45001220703125,626.5678100585938,0.014106967203253218,0.0064639781579087785,0.010984337449065875,0.003122629754187343,-0.0033562157784766313,-0.042397908942060615,Test
2025-12-11,446.8900146484375,628.1041259765625,-0.010100780674035192,0.002451954749838059,0.004997981595965778,-0.015098762270000971,-0.03329540828272187,-0.4206093355536025,Test
2025-12-12,458.9599914550781,621.3246459960938,0.027008830833098685,-0.0107935606535432,-0.014765703855831865,0.041774534688930554,0.011582327950088792,0.14631552861235897,Test
2025-12-15,475.30999755859375,620.4227294921875,0.035624033484225714,-0.0014516026520408065,-0.0008265317041415284,0.03645056518836724,0.07883687853579958,0.9959189212066322,Test
2025-12-16,489.8800048828125,618.6881713867188,0.030653694218629735,-0.0027957681480955676,-0.002832166309526856,0.033485860528156594,0.0997348278896408,1.259915461435675,Test
2025-12-17,467.260009765625,611.8887939453125,-0.04617456293730249,-0.010989991009794475,-0.015058798360341952,-0.031115764576960536,0.06549643355849293,0.8273937104553902,Test
2025-12-18,483.3699951171875,616.507568359375,0.034477560704677446,0.00754838862840046,0.012602390562647428,0.02187517014203002,0.10247036597052392,1.294472564469576,Test
2025-12-19,481.20001220703125,622.0084838867188,-0.00448927929345333,0.008922705591405178,0.014653014290053414,-0.019142293583506744,0.04155353769808662,0.5249314179506133,Test
2025-12-22,488.7300109863281,625.9256591796875,0.01564837611861325,0.0062976235765976885,0.010736119126231975,0.004912256992381275,0.01001522950210065,0.12651891787977868,Test
2025-12-23,485.55999755859375,628.8479614257812,-0.00648622625268469,0.004668768891698205,0.00830569866627596,-0.01479192491896065,-0.038262555945016596,-0.4833575878079107,Test
2025-12-24,485.3999938964844,630.9451904296875,-0.00032952397832164415,0.003335033477966931,0.006315626827608275,-0.006645150805929919,-0.013791942173985978,-0.17422881811616944,Test
2025-12-26,475.19000244140625,631.0048828125,-0.021034181259704576,9.460787358062106e-05,0.0014805750818156016,-0.022514756341520177,-0.058181868657536176,-0.7349913510450189,Test
2025-12-29,459.6400146484375,628.7783813476562,-0.03272372674735757,-0.003528501166139675,-0.003925480117842184,-0.02879824662951539,-0.06783782170354483,-0.8569716541646558,Test
2025-12-30,454.42999267578125,627.9036865234375,-0.011335005235871831,-0.0013911019369718947,-0.0007362583500427086,-0.010598746885829123,-0.08334882558175521,-1.0529167820809573,Test
2025-12-31,449.7200012207031,623.3414306640625,-0.010364613980130777,-0.007265852960085639,-0.009501997378877117,-0.0008626166012536598,-0.06941951726404823,-0.8769526651527881,Test
2026-01-02,438.07000732421875,624.5043334960938,-0.02590499391813139,0.0018655952818544819,0.004123072335435793,-0.030028066253567184,-0.0928024327116855,-1.1723409194797532,Test
2026-01-05,451.6700134277344,628.6392822265625,0.031045280151877908,0.006621168995450288,0.01121888251390208,0.019826397637975827,-0.05046127873218949,-0.637459818438252,Test
2026-01-06,432.9599914550781,632.3665771484375,-0.041424095947095174,0.00592914733020411,0.010186314274672726,-0.0516104102217679,-0.073273442324442,-0.9256379626917521,Test
2026-01-07,431.4100036621094,630.3388671875,-0.0035799792672750463,-0.0032065419555871166,-0.003445083517794027,-0.00013489574948101924,-0.06280959118809389,-0.7934517634291014,Test
2026-01-08,435.79998779296875,630.2295532226562,0.010175897854927118,-0.00017342094948313846,0.0010806482243302816,0.009095249630596837,-0.0528517249562434,-0.6676574958308338,Test
2026-01-09,445.010009765625,634.453857421875,0.02113359850994656,0.006702802459227719,0.011340688125182862,0.009792910384763698,-0.013030748317912514,-0.16461292035297279,Test
2026-01-12,448.9599914550781,635.4776611328125,0.00887616368794375,0.0016136771791375182,0.0037471843469290755,0.0051289793410146745,-0.02772816661487367,-0.3502803040278015,Test
2026-01-13,447.20001220703125,634.1755981445312,-0.003920124914344347,-0.002048951627914297,-0.0017178384524695995,-0.002202286461874748,0.021679957145019486,0.2738753732096229,Test
2026-01-14,439.20001220703125,631.104248046875,-0.017889087168218576,-0.0048430594091642964,-0.005886937624929767,-0.01200214954328881,0.009812703351211694,0.1239604753151372,Test
2026-01-15,438.57000732421875,632.7740478515625,-0.0014344373071545347,0.002645838322044458,0.005287276034019883,-0.0067217133411744175,-0.006004259620559558,-0.07584972762762072,Test
2026-01-16,437.5,632.247314453125,-0.0024397640202233895,-0.0008324194082008907,9.735404100296927e-05,-0.0025371180612263587,-0.018334288066549614,-0.23161069706784693,Test
2026-01-20,419.25,619.385498046875,-0.041714285714285704,-0.02034301469097588,-0.029014481656055458,-0.012699804058230246,-0.03616307146579453,-0.4568355291410721,Test
2026-01-21,431.44000244140625,626.4822998046875,0.02907573629435012,0.011457810652963252,0.018435654489248967,0.010640081805101152,-0.023320703198818633,-0.2946023485823436,Test
2026-01-22,449.3599853515625,629.7424926757812,0.041535283721378935,0.005203966452220765,0.009104269044144166,0.03243101467723477,0.021112461021704942,0.26670639166929316,Test
2026-01-23,449.05999755859375,630.0009765625,-0.0006675890216037983,0.000410459655692641,0.00195185876394836,-0.0026194477855521585,0.025214726577327203,0.31852888848216765,Test
2026-01-26,435.20001220703125,633.2412719726562,-0.030864440001147186,0.005143318075213843,0.00901377536308885,-0.03987821536423604,-0.012126370725682477,-0.15318823215190214,Test
2026-01-27,430.8999938964844,635.83544921875,-0.009880556502607107,0.004096664827313745,0.0074520599493330866,-0.017332616451940196,-0.01675918311939243,-0.2117129430104272,Test
2026-01-28,431.4599914550781,635.736083984375,0.0012995998294869082,-0.00015627507792637108,0.0011062316464867626,0.0001933681830001456,-0.027205896741493436,-0.34368265000425496,Test
2026-01-29,416.55999755859375,634.4141235351562,-0.03453389466363932,-0.0020794170450945115,-0.0017632960208594144,-0.032770598642779904,-0.0924075100615081,-1.1673519987230017,Test
2026-01-30,430.4100036621094,632.37646484375,0.033248526466028494,-0.003211874729477593,-0.0034530405706188665,0.03670156703664736,-0.053086495239308584,-0.6706232673248876,Test
2026-02-02,421.80999755859375,635.8155517578125,-0.019980962408733927,0.005438353742200475,0.009453999238250145,-0.029434961646984073,-0.04264324152205662,-0.5386972681080384,Test
2026-02-03,421.9599914550781,630.3190307617188,0.0003555958781265023,-0.008644835724602395,-0.011559582967007745,0.011915178845134248,-0.013395446224982175,-0.16922002242145717,Test
2026-02-04,406.010009765625,627.0985717773438,-0.03779974882085746,-0.005109252342394233,-0.006284125143997906,-0.031515623676859554,-0.04510443808484187,-0.5697887099714235,Test
2026-02-05,397.2099914550781,619.335693359375,-0.02167438757390938,-0.012379040181780265,-0.017131404074514398,-0.004542983499394984,-0.016876822941456954,-0.21319904604821097,Test
2026-02-06,411.1099853515625,631.4024047851562,0.03499406912088299,0.01948331341978604,0.03041053862516769,0.0045835304957152975,-0.04899485948238902,-0.6189350530692788,Test
2026-02-09,417.32000732421875,634.3743286132812,0.015105500216312517,0.004706861750291003,0.008362537169894753,0.006742963046417765,-0.012816934788987181,-0.1619118882595978,Test
2026-02-10,425.2099914550781,632.59521484375,0.018906316477488305,-0.002804517284645369,-0.0028452209304667825,0.021751537407955088,-0.0029805762261663413,-0.03765258486724294,Test
2026-02-11,428.2699890136719,632.5056762695312,0.00719643851293883,-0.00014154165589264078,0.0011282154432538478,0.006068223069684982,0.0346032705203782,0.4371311052254206,Test
2026-02-12,417.07000732421875,622.705322265625,-0.02615168463063977,-0.015494491783390685,-0.021779981620904887,-0.004371703009734884,0.0347745510100383,0.43929483219754534,Test
2026-02-13,417.44000244140625,623.1029052734375,0.0008871295242764976,0.0006384769707217242,0.002292084293462135,-0.0014049547691856374,0.02878606574513736,0.3636443765294699,Test
2026-02-17,410.6300048828125,624.1961669921875,-0.016313715788533356,0.0017545444091136009,0.003957372892933306,-0.02027108868146666,0.0017720140172529375,0.022385237990164637,Test
2026-02-18,411.32000732421875,627.337158203125,0.0016803507615161806,0.005032057832192294,0.008847763518369911,-0.0071674127568537305,-0.02714693614755588,-0.34293782128705347,Test
2026-02-19,411.7099914550781,625.7269287109375,0.0009481282794785439,-0.0025667688756069174,-0.0024904755974386843,0.003438603876917228,-0.029776555340323637,-0.3761568877732575,Test
2026-02-20,411.82000732421875,630.1898193359375,0.00026721690370390405,0.007132329487871125,0.01198158708823767,-0.011714370184533767,-0.037119222515122514,-0.4689142534544009,Test
2026-02-23,399.8299865722656,623.8384399414062,-0.02911471161845125,-0.01007851793166703,-0.013698785807769325,-0.015415925810681925,-0.051130193556618804,-0.6459099872259755,Test
2026-02-24,409.3800048828125,628.3907470703125,0.023885197787236967,0.007297253323045982,0.012227670589153606,0.011657527198083361,-0.019201577677068784,-0.24256686566969923,Test
2026-02-25,417.3999938964844,633.6785888671875,0.019590573349979934,0.008414894429187525,0.013895307264442354,0.00569526608553758,-0.006338898834677474,-0.0800771086618205,Test
2026-02-26,408.5799865722656,630.1202392578125,-0.021130827631028026,-0.0056153855785725515,-0.007039328529588712,-0.014091499101439314,-0.023869001813034016,-0.30152881465393605,Test
2026-02-27,402.510009765625,627.227783203125,-0.014856275407819197,-0.004590323996090606,-0.005509830124436169,-0.009346445283383027,-0.021501076911883278,-0.27161564131613725,Test
2026-03-02,403.32000732421875,627.4663696289062,0.0020123662491409178,0.00038038242592319804,0.0019069804115157344,0.00010538583762518335,-0.0059797652635761684,-0.07554029891816884,Test
2026-03-03,392.42999267578125,621.9398803710938,-0.027000928420799375,-0.008807626233547694,-0.011802483323494562,-0.015198445097304813,-0.032835737558964344,-0.4148024748582366,Test
2026-03-04,405.94000244140625,626.3729858398438,0.03442654745501761,0.007127868156814321,0.011974930318680747,0.022451617136336862,-0.01607938650816506,-0.2031253083872977,Test
2026-03-05,405.54998779296875,623.0233154296875,-0.0009607691927178141,-0.005347724895359285,-0.00663995097501731,0.005679181782299496,0.0036912943755737504,0.04663084054892094,Test
2026-03-06,396.7300109863281,614.6939697265625,-0.021748186591348584,-0.013369235944854507,-0.018608879053865244,-0.00313930753748334,0.009898432121473438,0.1250434571122498,Test
2026-03-09,398.67999267578125,620.031494140625,0.004915135319874642,0.00868322234629515,0.014295680401322884,-0.009380545081448243,0.00041250120240001083,0.00521098450522881,Test
2026-03-10,399.239990234375,618.9580078125,0.0014046291985592152,-0.0017313416145301463,-0.00124393130656396,0.0026485605051231754,0.018259506804827998,0.23066601134609496,Test
2026-03-11,407.82000732421875,618.272216796875,0.02149087591352461,-0.0011079766429530347,-0.00031380598907168513,0.021804681902596296,0.01761257157108743,0.22249350309813215,Test
2026-03-12,395.010009765625,608.7998046875,-0.03141091003024221,-0.015320779184368583,-0.021520784371003184,-0.009890125659239028,0.0020432641295489076,0.025811846504253753,Test
2026-03-13,391.20001220703125,605.4104614257812,-0.009645319015724074,-0.005567254187045179,-0.006967511491630229,-0.0026778075240938455,0.002504764142938402,0.031641815980569345,Test
2026-03-16,395.55999755859375,611.4735717773438,0.011145156481373375,0.01001487542399504,0.016282645178236015,-0.00513748869686264,0.006747820527524005,0.08524287446535589,Test
2026-03-17,399.2699890136719,613.1632690429688,0.00937908655570907,0.0027633201884975644,0.005462571187447931,0.00391651536826114,0.00801577539066197,0.10126050812726757,Test
2026-03-18,392.7799987792969,604.7046508789062,-0.016254640751756533,-0.013795050341591342,-0.019244238384299867,0.0029895976325433338,-0.010799308879390991,-0.1364239204886373,Test
2026-03-19,380.29998779296875,603.0845336914062,-0.03177353995904619,-0.0026791875755300953,-0.002658215980241346,-0.029115323978804848,-0.03002450719895681,-0.3792891775359603,Test
2026-03-20,367.9599914550781,594.3277587890625,-0.03244805872728129,-0.014519979228690527,-0.020325907618242444,-0.012122151109038849,-0.03946885078390182,-0.4985962917864575,Test
2026-03-23,380.8500061035156,600.778564453125,0.035031022251806876,0.010853953174265296,0.01753463637834515,0.017496385873461726,-0.01683497621357745,-0.21267041086046873,Test
2026-03-24,383.0299987792969,598.7409057617188,0.005724019012326664,-0.003391696728163196,-0.003721353679705478,0.009445372692032142,-0.011306118889806446,-0.14282627542967521,Test
2026-03-25,385.95001220703125,602.0010375976562,0.007623458833617036,0.005444979296662433,0.009463885254033001,-0.001840426420415965,-0.016136142942765747,-0.2038422927246898,Test
2026-03-26,372.1099853515625,591.3259887695312,-0.03585963575004292,-0.017732608685733897,-0.02511948462363223,-0.010740151126410687,0.0022390299096284143,0.028284887651074696,Test
2026-03-27,361.8299865722656,581.267333984375,-0.027626237359861583,-0.017010337742954462,-0.024041781318827487,-0.003584456041034096,0.010776724977633167,0.1361386258969054,Test
2026-03-30,355.2799987792969,579.2431640625,-0.018102390725044493,-0.0034823390263478693,-0.0038566014081172113,-0.014245789316927281,-0.02096545021275584,-0.2648492551492594,Test
2026-03-31,371.75,595.81494140625,0.04635780589195071,0.02860936196039754,0.04402755142396297,0.0023302544679877427,-0.028080568436800242,-0.354732073920809,Test
2026-04-01,381.260009765625,600.5511474609375,0.025581734406523227,0.007949122664680175,0.013200327388936556,0.01238140701758667,-0.013858734998797606,-0.17507258868733092,Test
2026-04-02,360.5899963378906,601.2391357421875,-0.05421500524128142,0.0011455948159597718,0.003048756818090332,-0.05726376205937175,-0.060382345931758674,-0.7627892166351466,Test
2026-04-06,352.82000732421875,603.9113159179688,-0.021547988276388597,0.004444454821595389,0.00797099876303227,-0.029518987039420866,-0.08631687693014545,-1.0904111445148075,Test
2026-04-07,346.6499938964844,604.2802734375,-0.017487708462248674,0.0006109465244419354,0.002251006006657043,-0.019738714468905717,-0.09180980208212389,-1.1598013612918836,Test
2026-04-08,343.25,619.535888671875,-0.009808146419583275,0.025245926277871256,0.03900895585841535,-0.048817102277998625,-0.14295715882811025,-1.8059281651315666,Test
2026-04-09,345.6199951171875,623.2052001953125,0.006904574267115882,0.0059226779118535244,0.010176661230193656,-0.0032720869630777742,-0.15861065280877468,-2.0036733210519477,Test
2026-04-10,348.95001220703125,622.786376953125,0.009634908676839249,-0.000672047091481609,0.0003366462033907644,0.009298262473448485,-0.09204862827595446,-1.1628183696987755,Test
2026-04-13,352.4200134277344,628.8886108398438,0.009944121218842028,0.009798277728187976,0.015959458907324867,-0.006015337688482839,-0.06854497892501643,-0.8659049258797665,Test
2026-04-14,364.20001220703125,636.4964599609375,0.03342602102735692,0.012097291936856491,0.019389827019519204,0.014036194007837718,-0.034770070448272995,-0.43923823081602725,Test
2026-04-15,391.95001220703125,641.5816650390625,0.07619439612820611,0.007989368987907808,0.013260379085577917,0.06293401704262819,0.07698104887235382,0.9724748692516466,Test
2026-04-16,388.8999938964844,642.987548828125,-0.007781651270713175,0.0021912780019623934,0.004609024798686524,-0.012390676069399698,0.0678624597660319,0.8572828982558537,Test
2026-04-17,400.6199951171875,650.8845825195312,0.03013628543234881,0.01228178322550555,0.019665107194462492,0.010471178237886316,0.06903537553046973,0.8720999359732302,Test
2026-04-20,392.5,649.6481323242188,-0.02026857175416885,-0.0018996458489249912,-0.0014950587144061803,-0.01877351303976267,0.0562772001791899,0.7109303352940017,Test
2026-04-21,386.4200134277344,645.37060546875,-0.015490411649084379,-0.006584374898709,-0.008485161292309239,-0.00700525035677514,0.035235755814577045,0.44512107240292037,Test
2026-04-22,387.510009765625,652.0013427734375,0.0028207553957204645,0.01027430944096297,0.01666974769185671,-0.013848992296136245,-0.04154725352418739,-0.5248520321630652,Test
2026-04-23,373.7200012207031,649.3689575195312,-0.03558619957523779,-0.00403739238129297,-0.004684798694671996,-0.03090140088056579,-0.06005797833535348,-0.7586915933820956,Test
2026-04-24,376.29998779296875,654.5139770507812,0.0069035282132037246,0.007923106689458947,0.013161508850334213,-0.006257980637130489,-0.07678713721037028,-0.9700252505351428,Test
2026-04-27,378.6700134277344,655.5908813476562,0.0062982346841573555,0.0016453495794352957,0.0037944428595596148,0.002503791824597741,-0.055509832346009876,-0.7012364438210881,Test
2026-04-28,376.0199890136719,652.3602905273438,-0.006998242057971282,-0.0049277543544711255,-0.006013311284800644,-0.000984930773170638,-0.049489512762405374,-0.6251838362549488,Test
2026-04-29,372.79998779296875,652.34033203125,-0.008563377785179571,-3.0594284145646355e-05,0.001293760451517664,-0.009857138236697236,-0.04549765870296636,-0.5747561295480486,Test
2026-04-30,381.6300048828125,658.6619262695312,0.02368566893502,0.009690638349153069,0.015798849767953087,0.007886819167066912,-0.0067094386553336605,-0.08475800959683702,Test
2026-05-01,390.82000732421875,660.5963134765625,0.024080922159745333,0.002936843819084878,0.005721486476807387,0.018359435682937946,0.017907977664734773,0.22622526573976856,Test
2026-05-04,392.510009765625,658.2032470703125,0.00432424750456617,-0.00362258516650793,-0.004065863223572471,0.00839011072813864,0.023794296568275676,0.3005850892280947,Test
2026-05-05,389.3699951171875,663.3682250976562,-0.007999833304410453,0.007847086823611571,0.01304807931052847,-0.02104791261493892,0.003731314726507392,0.047136403750665974,Test
2026-05-06,398.7300109863281,672.7009887695312,0.024038873016714035,0.014068752947129948,0.022331451720478852,0.0017074212962351829,0.015295874259439811,0.193227470116744,Test
2026-05-07,411.7900085449219,670.587158203125,0.03275398690529352,-0.0031423033438270354,-0.003349232833390889,0.03610321973868441,0.04351227483105731,0.5496754642475468,Test
2026-05-08,428.3500061035156,676.0711669921875,0.040214665764012114,0.008177920978619913,0.013541718249986198,0.026672947514025915,0.05182578666214528,0.6546971734784109,Test
2026-05-11,445.0,677.5469360351562,0.038870068073398656,0.0021828604960840714,0.004596465005171403,0.03427360306822725,0.07770927900223389,0.9816743477039928,Test
2026-05-12,433.45001220703125,676.6993408203125,-0.025955028748244402,-0.0012509763822469155,-0.000527176460587793,-0.025427852287656608,0.0733293393295162,0.9263440901542557,Test
2026-05-13,445.2699890136719,680.4285278320312,0.027269526989873505,0.005510847708523059,0.009562167769554484,0.01770735922031902,0.08932927725360004,1.1284657521565227,Test
2026-05-14,443.29998779296875,685.7330322265625,-0.004424284747029383,0.007795828918920167,0.01297159719002295,-0.017395881937052333,0.03583017557786329,0.4526301709414567,Test
2026-05-15,422.239990234375,677.4671630859375,-0.04750732717914996,-0.012054062954770961,-0.01664650428028142,-0.03086082289886854,-0.021703594835031165,-0.2741739799425818,Test
2026-05-18,409.989990234375,676.9386596679688,-0.029011937010514632,-0.0007801166562249051,0.0001753951822372991,-0.029187332192751932,-0.08516453009601035,-1.0758539469541943,Test
2026-05-19,404.1099853515625,672.6312866210938,-0.014341825466156255,-0.006363018251886676,-0.008154874171934574,-0.006186951294221681,-0.06592362910257542,-0.8327903234784911,Test
2026-05-20,417.260009765625,679.5910034179688,0.0325407064678751,0.01034700129968158,0.016778211499180837,0.015762494968694266,-0.06786849335420017,-0.8573591184808441,Test
2026-05-21,417.8500061035156,680.8572998046875,0.0014139776735901943,0.0018633212922920528,0.004119679306696341,-0.002705701633106147,-0.053178313050253986,-0.6717831698593693,Test
2026-05-22,426.010009765625,683.5593872070312,0.019528547428303344,0.003968654522935822,0.007261055272409127,0.012267492155894217,-0.010049997995491226,-0.12695813618817225,Test
2026-05-26,433.5899963378906,688.0064697265625,0.017792977626126305,0.006505773459862363,0.011046700382935754,0.006746277243190551,0.02588361144045126,0.32697867877912185,Test
2026-05-27,440.3599853515625,687.9566040039062,0.015613803526030035,-7.247856648218143e-05,0.0012312647496696071,0.014382538776360428,0.04645310151103337,0.5868259068953675,Test
2026-05-28,442.1000061035156,691.8950805664062,0.003951359818862743,0.005724890988149545,0.009881542586070054,-0.005930182767207311,0.02476042377513179,0.31278983887661854,Test
2026-05-29,435.7900085449219,693.4705200195312,-0.014272783242432974,0.00227699184077923,0.0047369187535574375,-0.019009701995990412,0.008456423412247525,0.10682706162912954,Test
2026-06-01,415.8800048828125,695.2752685546875,-0.045687150397476395,0.0026024877526233947,0.0052225924794656,-0.05090974287694199,-0.054720811620588686,-0.6912690188765005,Test
2026-06-02,423.739990234375,696.2325439453125,0.018899647156100485,0.00137682934216099,0.003393782761004544,0.015505864395095941,-0.045961224468683295,-0.5806121949564664,Test
2026-06-03,423.70001220703125,691.3467407226562,-9.43456559803213e-05,-0.007017487569555558,-0.009131410406150006,0.009037064750169684,-0.05130669849487404,-0.6481397128437265,Test
2026-06-04,418.45001220703125,694.0388793945312,-0.012390842220308285,0.003894049849806125,0.007149737347204563,-0.019540579567512848,-0.06491709529517958,-0.820075131271021,Test
2026-06-05,391.0,676.0313110351562,-0.06559926253138726,-0.025946051286182326,-0.037374794521971046,-0.028224468009416213,-0.07413186130860538,-0.936482071749965,Test
2026-06-08,408.95001220703125,677.7064208984375,0.04590795960877547,0.002477858400842914,0.005036632535164596,0.04087132707361088,0.017649208641947495,0.2229563264970895,Test
2026-06-09,396.67999267578125,675.7322387695312,-0.03000371479396924,-0.0029130344173057265,-0.0030071397694636263,-0.02699657502450561,-0.024853230777654056,-0.31396223752492913,Test
2026-06-10,381.5899963378906,665.1130981445312,-0.038040729596927614,-0.015715012568198405,-0.02210902154829124,-0.015931708048636375,-0.04982200357646012,-0.6293840772968889,Test
2026-06-11,399.1499938964844,676.2606201171875,0.046017971453959916,0.016760340465034496,0.026347580006152862,0.019670391447807054,-0.010611032561140217,-0.13404549111340625,Test
2026-06-12,406.42999267578125,679.9698486328125,0.018238754580025995,0.005484909819208905,0.009523465743240159,0.008715288836785837,0.026328724285061833,0.33260163484045907,Test
2026-06-15,411.1499938964844,691.8153686523438,0.011613319158924273,0.017420654817781323,0.027332837640118863,-0.01571951848119459,-0.030262121269743637,-0.38229087361318476,Test
2026-06-16,404.6600036621094,687.7471923828125,-0.015784969793794956,-0.005880436390790278,-0.007434811885417766,-0.00835015790837719,-0.011615704153615215,-0.14673715860618114,Test
2026-06-17,396.3800048828125,679.431396484375,-0.02046161890071707,-0.012091355647161683,-0.016702148852773685,-0.0037594700479433862,0.0005565338470777739,0.0070304989097835025,Test
2026-06-18,400.489990234375,686.1119384765625,0.010368800900483421,0.009832548255431117,0.016010594095354456,-0.005641793194871035,-0.024755650795600315,-0.3127295434829625,Test
2026-06-22,405.04998779296875,684.1077880859375,0.011386046267785943,-0.0029210253870163294,-0.0030190631266910004,0.014405109394476943,-0.019065830237909205,-0.24085201539054998,Test
2026-06-23,381.6099853515625,674.3761596679688,-0.05786940661108486,-0.014225285236405316,-0.0198861935572424,-0.03798321305384246,-0.04132952481055708,-0.5221015409003252,Test
2026-06-24,375.5299987792969,673.72802734375,-0.0159324619523894,-0.0009610842775608086,-9.462731489631986e-05,-0.015837834637493078,-0.048817201539672964,-0.6166907619463975,Test
2026-06-25,375.1199951171875,673.7479858398438,-0.00109180002514353,2.9623965879022052e-05,0.001383612338416791,-0.002475412363560321,-0.0475331438552899,-0.6004697069332015,Test
2026-06-26,379.7099914550781,670.260009765625,0.01223607484974698,-0.005176974399219714,-0.006385173490437178,0.01862124834018416,-0.023270102320234708,-0.2939631252474353,Test
2026-06-29,411.8399963378906,681.010009765625,0.08461722263269356,0.016038551969942194,0.02527059656343314,0.059346626069260416,0.021671414354548765,0.2737674551029233,Test
2026-06-30,420.6000061035156,686.8099975585938,0.02127042017171621,0.008516743821379125,0.014047277141750239,0.00722314302996597,0.0668777704383572,0.8448436597781893,Test
2026-07-01,425.29998779296875,685.4600219726562,0.011174468904540102,-0.0019655735803734142,-0.0015934297409171308,0.012767898645457233,0.09548350372130751,1.2062099589086623,Test
2026-07-02,393.45001220703125,684.8400268554688,-0.07488825887632455,-0.000904494933786526,-1.0190133237608428e-05,-0.07487806874308695,0.023080847341780883,0.29157233279756517,Test
2026-07-06,419.7699890136719,690.6199951171875,0.06689535135353153,0.008439880899278274,0.013932589674404163,0.05296276167912736,0.05742236068072409,0.7253967504093399,Test
2026-07-07,402.8999938964844,687.0800170898438,-0.04018866417017264,-0.005125797185676739,-0.0063088117695105144,-0.033879852400662124,-0.03580411778919845,-0.45230099194226114,Test
2026-07-08,394.05999755859375,685.260009765625,-0.021940919513048773,-0.002648901552875116,-0.0026130260871258066,-0.019327893425922966,-0.06235515424508739,-0.7877110192692479,Test
2026-07-09,406.54998779296875,690.6900024414062,0.03169565627507742,0.007923988848610009,0.013162825123461308,0.018532831151616115,-0.0565902217389285,-0.7148846280042049,Test
2026-07-10,407.760009765625,693.8599853515625,0.002976317818197627,0.004589588525896193,0.008187553332099704,-0.005211235513902077,0.013076611490256367,0.1651922938894715,Test
2026-07-13,394.760009765625,688.5,-0.03188149815738972,-0.007724880328481176,-0.010186913914508487,-0.021694584242881232,-0.06158073443175223,-0.777928042578871,Test
2026-07-14,396.17999267578125,691.0999755859375,0.0035970789214421206,0.0037762898851669835,0.006974027242383071,-0.0033769483209409503,-0.031077830352031058,-0.3925954433061774,Test
2026-07-15,394.4599914550781,693.7999877929688,-0.004341464113536642,0.0039068330233149595,0.007168811170503267,-0.011510275284039908,-0.023260212210148,-0.29383818691969954,Test
2026-07-16,391.05999755859375,690.1400146484375,-0.00861936310433542,-0.005275256859219479,-0.0065318211342403325,-0.0020875419700950876,-0.0438805853318592,-0.5543282029586707,Test
2026-07-17,380.8399963378906,683.1699829101562,-0.02613410035418373,-0.010099445895528691,-0.013730012504678596,-0.012404087849505136,-0.051073437667462265,-0.64519300977899,Test
2026-07-20,369.57000732421875,682.2100219726562,-0.029592451218471427,-0.0014051567860325909,-0.0007572296454169292,-0.028835221573054497,-0.05821407499763553,-0.7353982025602421,Test
2026-07-21,378.92999267578125,687.8699951171875,0.025326690927467865,0.008296525941036581,0.013718689179303674,0.011608001748164192,-0.043229124928530385,-0.5460985298140465,Test
2026-07-22,374.010009765625,687.030029296875,-0.012983883580748534,-0.00122111129468494,-0.000482614646374463,-0.01250126893437407,-0.04422011857886455,-0.5586174086115531,Test
2026-07-23,319.69000244140625,678.6099853515625,-0.14523677416617442,-0.012255714577614318,-0.016947389457139337,-0.1282893847090351,-0.17042196131780454,-2.152881481583191,Test
2026-07-24,313.0299987792969,679.1400146484375,-0.020832692956452514,0.0007810514261743506,0.0025048201972917234,-0.023337513153744237,-0.18135538662204365,-2.2909996483133277,Test
2026-07-27,309.2200012207031,679.3099975585938,-0.012171349626078465,0.0002502914075004359,0.0017128710930097025,-0.013884220719088167,-0.1664043857680773,-2.1021288442177535,Test
2026-07-28,307.44000244140625,680.9600219726562,-0.005756415407379811,0.0024289711913449974,0.004963687738249687,-0.010720103145629498,-0.188732490661871,-2.384192042956879,Test
2026-07-29,298.32000732421875,670.6300048828125,-0.029664308628561287,-0.015169784945552323,-0.021295485275413716,-0.008368823353147571,-0.1846000450806445,-2.3319882923564372,Test
2026-07-30,308.8500061035156,681.7899780273438,0.03529766197629747,0.016641028679415193,0.026169554423164203,0.009128107553133265,-0.04718255281847615,-0.5960408120599764,Test
2026-07-31,311.2099914550781,686.6500244140625,0.007641202217659959,0.007128362902576679,0.011975668530772015,-0.004334466313112056,-0.028179505977843973,-0.3559819175342693,Test
2026-08-03,322.0799865722656,696.4000244140625,0.03492816881091865,0.014199373266344795,0.022526350810771454,0.012401818000147193,-0.0018934672586086113,-0.023919514630164597,Test
2026-08-04,327.3500061035156,708.97998046875,0.01636245575931672,0.018064267107503307,0.028293174060378463,-0.011930718301061745,-0.0031040824140408582,-0.03921279566801022,Test
2026-08-05,321.54998779296875,707.5999755859375,-0.01771809440172356,-0.0019464652329111987,-0.0015649181007698187,-0.016153176300953743,-0.01088843536184703,-0.13754982440450902,Test
2026-08-06,319.5299987792969,706.4000244140625,-0.006282037289245479,-0.0016958044280334095,-0.0011909061312971611,-0.005091131157948318,-0.02510767407292861,-0.3171765313534579,Test
2026-08-07,328.5799865722656,710.7100219726562,0.02832281108985857,0.0061013553364026585,0.010443266515724857,0.01787954457413371,-0.0028936631856828453,-0.036554642595495006,Test
2026-08-10,330.8800048828125,710.6500244140625,0.006999873408422008,-8.441918185875252e-05,0.0012134481106626262,0.005786425297759382,-0.009509055888070658,-0.12012460231337663,Test
2026-08-11,332.80999755859375,708.4199829101562,0.005832908145854354,-0.003138030573832662,-0.0033428574165343195,0.009175765562388673,0.01159742797537976,0.1465062819904388,Test
2026-08-12,327.510009765625,710.1699829101562,-0.015924965691680115,0.00247028604813071,0.005025333798001385,-0.020950299489681502,0.0068003047866520006,0.08590588989293078,Test
2026-08-13,339.9599914550781,714.9500122070312,0.0380140493976433,0.0067308241856227635,0.011382499452973595,0.026631549944669708,0.03852298588927003,0.4866475088949436,Test
2026-08-14,342.2699890136719,713.6099853515625,0.006794910038403712,-0.0018742944717661247,-0.0014572318251777083,0.008252141863581421,0.028895583178717738,0.3650278722529232,Test
2026-08-17,339.29998779296875,710.27001953125,-0.008677363823985429,-0.004680379883791885,-0.005644202867467077,-0.0030331609565183515,0.020075996924440006,0.2536131004991111,Test
2026-08-18,336.8699951171875,705.4000244140625,-0.00716178238492593,-0.006856540446971815,-0.008891260573678781,0.0017294781887528515,0.012629709550804186,0.15954673681401904,Test
2026-08-19,351.1199951171875,706.9099731445312,0.04230118504630487,0.0021405566745238414,0.004533343307203204,0.037767841739101665,0.07134785077958736,0.9013126331042114,Test
2026-08-20,345.1300048828125,701.010009765625,-0.01705966711572726,-0.008346131194983064,-0.01111388476753137,-0.005945782348195892,0.03877051848672176,0.4897745022766724,Test
2026-08-21,362.8599853515625,703.7100219726562,0.05137188948486271,0.0038516029292277043,0.0070864021306304165,0.044285487354232295,0.07480386397737263,0.9449712482033775,Test
2026-08-24,348.95001220703125,701.8300170898438,-0.03833427136104406,-0.002671561899235786,-0.0026468376787522636,-0.0356874336822918,0.042149591251599186,0.5324611555939682,Test
2026-08-25,350.25,704.02001953125,0.003725426988085312,0.003120417178061441,0.005995397005288337,-0.002269970017203025,0.038150143045643306,0.48193751467015045,Test
2026-08-26,345.82000732421875,704.2000122070312,-0.012648087582530332,0.0002556641441830987,0.001720887774473406,-0.014368975357003738,-0.013986674050462096,-0.17668879831765055,Test
2026-08-27,354.80999755859375,708.75,0.025996154195747634,0.0064612151577627674,0.010980214765717887,0.015015939430029747,0.006975047727763544,0.08811335681237834,Test
2026-08-28,348.75,707.239990234375,-0.01707955694679375,-0.002130525242504455,-0.0018395547625434606,-0.01524000218425029,-0.052550441810719044,-0.6638514904328384,Test
2026-08-31,367.95001220703125,704.8900146484375,0.05505379844310032,-0.003322741386779793,-0.0036184651445432293,0.05867226358764355,0.0418092554592163,0.5281618116639057,Test
2026-09-01,356.0899963378906,700.280029296875,-0.03223268236356913,-0.006540006604947801,-0.008418959187277869,-0.02381372317629126,0.020265502300128066,0.2560070561303251,Test
2026-09-02,357.010009765625,703.4099731445312,0.002583654236838928,0.004469560342594603,0.008008458809321242,-0.005424804572482313,0.02920967308464949,0.36899566100974723,Test
2026-09-03,376.3699951171875,710.719970703125,0.05422813036607077,0.01039222905230508,0.016845696006149467,0.03738243435992131,0.05157616801454105,0.6515438277492015,Test
2026-09-04,354.0799865722656,708.010009765625,-0.05922365978717725,-0.003812979864374677,-0.004349951898549049,-0.054873707888628206,0.011942462310163132,0.1508649809757197,Test
2026-09-08,368.1600036621094,704.0700073242188,0.039765074626634034,-0.005564896522734952,-0.006963993611471609,0.046729068238105645,-7.330393747700947e-07,-9.260231973688613e-06,Test
2026-09-09,367.80999755859375,700.8900146484375,-0.0009506901891408459,-0.004516585911487181,-0.005399805239368419,0.004449115050227573,0.028262105187144063,0.3570253646740658,Test
