Date,NVDA_Price,VOO_Price,NVDA_Return,VOO_Return
1999-01-22,0.03755907714366913,,,
1999-01-25,0.041493892669677734,,0.10476337080800313,
1999-01-26,0.038274265825748444,,-0.07759278864385943,
1999-01-27,0.0381552129983902,,-0.0031105189032301084,
1999-01-28,0.03803523629903793,,-0.003144437939773148,
1999-01-29,0.03624684363603592,,-0.04701936512084326,
1999-02-01,0.036962926387786865,,0.019755727117685584,
1999-02-02,0.034101322293281555,,-0.0774182234513453,
1999-02-03,0.034816499799489975,,0.020972134161182376,
1999-02-04,0.03672393783926964,,0.054785462374583815,
1999-02-05,0.037797149270772934,,0.029223756891225472,
1999-02-08,0.03648584336042404,,-0.03469324897904069,
1999-02-09,0.035054586827754974,,-0.03922772233960592,
1999-02-10,0.03469746187329292,,-0.01018768117898039,
1999-02-11,0.037678103893995285,,0.08590374799133649,
1999-02-12,0.039824552834033966,,0.056968072121611035,
1999-02-16,0.040062639862298965,,0.005978398031415644,
1999-02-17,0.03791619837284088,,-0.05357713562650168,
1999-02-18,0.03851233050227165,,0.015722360231604338,
1999-02-19,0.039824552834033966,,0.03407278434331351,
1999-02-22,0.040062639862298965,,0.005978398031415644,
1999-02-23,0.04197010025382042,,0.04761194963880744,
1999-02-24,0.04530879110097885,,0.07954927024160541,
1999-02-25,0.04387843236327171,,-0.0315691216417433,
1999-02-26,0.04185104742646217,,-0.046204589079771985,
1999-03-01,0.0420900397002697,,0.005710544622030467,
1999-03-02,0.04173199459910393,,-0.008506646791389905,
1999-03-03,0.038870375603437424,,-0.06857134491548955,
1999-03-04,0.03803523629903793,,-0.021485238859529687,
1999-03-05,0.04018168896436691,,0.056433267522076,
1999-03-08,0.040777817368507385,,0.014835822472995641,
1999-03-09,0.0420900397002697,,0.0321798079554827,
1999-03-10,0.041373953223228455,,-0.017013205075134596,
1999-03-11,0.039585549384355545,,-0.04322535555700424,
1999-03-12,0.038870375603437424,,-0.018066536704446023,
1999-03-15,0.04053974151611328,,0.04294699721214501,
1999-03-16,0.0392284169793129,,-0.0323466427697664,
1999-03-17,0.03946651890873909,,0.0060696287987291875,
1999-03-18,0.039943598210811615,,0.012088203248320495,
1999-03-19,0.040062639862298965,,0.002980243563914353,
1999-03-22,0.038870375603437424,,-0.029760002410213704,
1999-03-23,0.03648584336042404,,-0.06134574739747334,
1999-03-24,0.03624684363603592,,-0.0065504782780316795,
1999-03-25,0.03672393783926964,,0.0131623654744768,
1999-03-26,0.039943598210811615,,0.08767198075635374,
1999-03-29,0.041135869920253754,,0.029848880993385896,
1999-03-30,0.037678103893995285,,-0.08405719954292235,
1999-03-31,0.04030074179172516,,0.06960641929085609,
1999-04-01,0.039108455181121826,,-0.029584731138823428,
1999-04-05,0.03791619837284088,,-0.03048590906389126,
1999-04-06,0.036962926387786865,,-0.025141549679643993,
1999-04-07,0.040062639862298965,,0.08386006675965718,
1999-04-08,0.040777817368507385,,0.01785148229539013,
1999-04-09,0.040062639862298965,,-0.01753839593093942,
1999-04-12,0.038393281400203705,,-0.04166870849831872,
1999-04-13,0.036842990666627884,,-0.04037921941122735,
1999-04-14,0.035770684480667114,,-0.029104754162426305,
1999-04-15,0.03672393783926964,,0.026649010843438736,
1999-04-16,0.03791619837284088,,0.032465487192289366,
1999-04-19,0.03624684363603592,,-0.044027481879636676,
1999-04-20,0.0355316698551178,,-0.019730649876700146,
1999-04-21,0.03612779453396797,,0.01677727732135592,
1999-04-22,0.03457748144865036,,-0.04291192156388013,
1999-04-23,0.032909050583839417,,-0.048251948809188594,
1999-04-26,0.0312397051602602,,-0.05072602806715365,
1999-04-27,0.03457748144865036,,0.1068440393808876,
1999-04-28,0.03433941677212715,,-0.006884962887674373,
1999-04-29,0.03433941677212715,,0.0,
1999-04-30,0.034816499799489975,,0.013893160461305953,
1999-05-03,0.035054586827754974,,0.006838338995480697,
1999-05-04,0.03314715623855591,,-0.05441315279428227,
1999-05-05,0.03386233001947403,,0.02157572057678503,
1999-05-06,0.03320666030049324,,-0.019362805766871882,
1999-05-07,0.033385224640369415,,0.0053773652110844505,
1999-05-10,0.033385224640369415,,0.0,
1999-05-11,0.03517361357808113,,0.05356827629517258,
1999-05-12,0.03624684363603592,,0.03051236278502767,
1999-05-13,0.03624684363603592,,0.0,
1999-05-14,0.03433941677212715,,-0.0526232541255659,
1999-05-17,0.03600876033306122,,0.04861304348910922,
1999-05-18,0.037678103893995285,,0.04635937326066086,
1999-05-19,0.03600876033306122,,-0.04430540256565585,
1999-05-20,0.03314715623855591,,-0.07946966427161184,
1999-05-21,0.0324319563806057,,-0.021576507281741097,
1999-05-24,0.032311998307704926,,-0.0036987615391745887,
1999-05-25,0.032551027834415436,,0.0073975470174962865,
1999-05-26,0.0324319563806057,,-0.003657993671212001,
1999-05-27,0.032192956656217575,,-0.007369266336675451,
1999-05-28,0.032551027834415436,,0.011122655866052655,
1999-06-01,0.0326700396835804,,0.003656162557150733,
1999-06-02,0.03147779405117035,,-0.03649354711403241,
1999-06-03,0.032311998307704926,,0.026501356962260303,
1999-06-04,0.032551027834415436,,0.0073975470174962865,
1999-06-07,0.032909050583839417,,0.010998815498091563,
1999-06-08,0.033743277192115784,,0.025349458385348633,
1999-06-09,0.03433941677212715,,0.017666914112025145,
1999-06-10,0.03445843607187271,,0.0034659674197543566,
1999-06-11,0.033743277192115784,,-0.020754246602058934,
1999-06-14,0.0324319563806057,,-0.038861690998302945,
1999-06-15,0.0324319563806057,,0.0,
1999-06-16,0.033385224640369415,,0.029392869445697967,
1999-06-17,0.0324319563806057,,-0.028553597288395238,
1999-06-18,0.0312397051602602,,-0.036761618890757464,
1999-06-21,0.032909050583839417,,0.05343665745292547,
1999-06-22,0.032311998307704926,,-0.018142494710184254,
1999-06-23,0.032909050583839417,,0.01847772677037196,
1999-06-24,0.032192956656217575,,-0.021759786895021893,
1999-06-25,0.0326700396835804,,0.014819484661117155,
1999-06-28,0.03314715623855591,,0.014604100870293735,
1999-06-29,0.03350517526268959,,0.010800897113377284,
1999-06-30,0.03648584336042404,,0.0889614238506502,
1999-07-01,0.03457748144865036,,-0.05230417433200052,
1999-07-02,0.03708198294043541,,0.07243157647280896,
1999-07-06,0.03720102831721306,,0.0032103293119158938,
1999-07-07,0.03648584336042404,,-0.019224870632355562,
1999-07-08,0.03732006624341011,,0.022864289438104146,
1999-07-09,0.04048020765185356,,0.08467673631210282,
1999-07-12,0.042328130453825,,0.04565003267434631,
1999-07-13,0.042447179555892944,,0.002812529180749257,
1999-07-14,0.040777817368507385,,-0.03932798845179808,
1999-07-15,0.041016820818185806,,0.005861114328865602,
1999-07-16,0.04185104742646217,,0.020338646234290714,
1999-07-19,0.040777817368507385,,-0.02564404295592826,
1999-07-20,0.040062639862298965,,-0.01753839593093942,
1999-07-21,0.038870375603437424,,-0.029760002410213704,
1999-07-22,0.03708198294043541,,-0.04600914283019841,
1999-07-23,0.03708198294043541,,0.0,
1999-07-26,0.03720102831721306,,0.0032103293119158938,
1999-07-27,0.03732006624341011,,0.0031998557992003462,
1999-07-28,0.03791619837284088,,0.015973501374372034,
1999-07-29,0.038274265825748444,,0.009443653854391831,
1999-07-30,0.038393281400203705,,0.00310954558859744,
1999-08-02,0.038751330226659775,,0.009325819867383567,
1999-08-03,0.037797149270772934,,-0.024623179392959105,
1999-08-04,0.037797149270772934,,0.0,
1999-08-05,0.038393281400203705,,0.01577188070878499,
1999-08-06,0.038393281400203705,,0.0,
1999-08-09,0.038393281400203705,,0.0,
1999-08-10,0.039108455181121826,,0.018627576358042797,
1999-08-11,0.04173199459910393,,0.06708368831833877,
1999-08-12,0.04375847801566124,,0.04855946704739633,
1999-08-13,0.04328231140971184,,-0.010881699445281945,
1999-08-16,0.04161294549703598,,-0.03856924129752648,
1999-08-17,0.04173199459910393,,0.002860866988529498,
1999-08-18,0.04268617555499077,,0.022864494377830002,
1999-08-19,0.05174720287322998,,0.21227076917598953,
1999-08-20,0.05127101391553879,,-0.009202216375979955,
1999-08-23,0.048170413821935654,,-0.06047471771693269,
1999-08-24,0.047932326793670654,,-0.0049425987732864,
1999-08-25,0.04769331216812134,,-0.0049865016271415374,
1999-08-26,0.046978142112493515,,-0.014995185343949502,
1999-08-27,0.04960167035460472,,0.055845721523616776,
1999-08-30,0.04942219331860542,,-0.003618366775074433,
1999-08-31,0.05365554988384247,,0.08565699498495061,
1999-09-01,0.051151059567928314,,-0.046677190362153786,
1999-09-02,0.05055493861436844,,-0.011654127179286045,
1999-09-03,0.05091298371553421,,0.007082297219207945,
1999-09-07,0.05067490041255951,,-0.004676278732846262,
1999-09-08,0.05055493861436844,,-0.002367282366900092,
1999-09-09,0.04983976110816002,,-0.014146540888196335,
1999-09-10,0.05055493861436844,,0.014349537202964724,
1999-09-13,0.048885587602853775,,-0.03302053285532447,
1999-09-14,0.047455210238695145,,-0.029259694611405873,
1999-09-15,0.0478132888674736,,0.0075456125255237705,
1999-09-16,0.046620093286037445,,-0.024955312836634103,
1999-09-17,0.04650106281042099,,-0.002553201146255679,
1999-09-20,0.04483170062303543,,-0.035899441571719315,
1999-09-21,0.04053974151611328,,-0.09573491630422015,
1999-09-22,0.041493892669677734,,0.02353619233574067,
1999-09-23,0.03803523629903793,,-0.08335338403107362,
1999-09-24,0.03457748144865036,,-0.09090925117967608,
1999-09-27,0.03672393783926964,,0.06207671295571071,
1999-09-28,0.040062639862298965,,0.09091350817665278,
1999-09-29,0.036842990666627884,,-0.08036537798651011,
1999-09-30,0.03672393783926964,,-0.0032313562282576536,
1999-10-01,0.03648584336042404,,-0.006483359161745361,
1999-10-04,0.03720102831721306,,0.019601710990317267,
1999-10-05,0.040777817368507385,,0.09614758551282665,
1999-10-06,0.045666832476854324,,0.11989398707059573,
1999-10-07,0.04268617555499077,,-0.06526962261668279,
1999-10-08,0.04483170062303543,,0.05026276165876409,
1999-10-11,0.04363943636417389,,-0.026594223335104417,
1999-10-12,0.04304330423474312,,-0.013660399379497257,
1999-10-13,0.04185104742646217,,-0.02769900753387322,
1999-10-14,0.041016820818185806,,-0.01993323129468183,
1999-10-15,0.040777817368507385,,-0.005826961839335287,
1999-10-18,0.038632284849882126,,-0.05261518779281815,
1999-10-19,0.03708198294043541,,-0.04012969762132634,
1999-10-20,0.038393281400203705,,0.03536214505773949,
1999-10-21,0.04018168896436691,,0.046581263672703876,
1999-10-22,0.041135869920253754,,0.023746661239974376,
1999-10-25,0.039108455181121826,,-0.049285811703077775,
1999-10-26,0.042924266308546066,,0.09756997840370296,
1999-10-27,0.041016820818185806,,-0.044437462871217304,
1999-10-28,0.039108455181121826,,-0.04652641523640122,
1999-10-29,0.04220908507704735,,0.07928285281445313,
1999-11-01,0.04483170062303543,,0.06213391124685197,
1999-11-02,0.04769331216812134,,0.06383009132639406,
1999-11-03,0.052343305200338364,,0.09749780044266099,
1999-11-04,0.05568202957510948,,0.06378512709490747,
1999-11-05,0.053893644362688065,,-0.03211781657507773,
1999-11-08,0.05544394999742508,,0.028766019686921274,
1999-11-09,0.05460880324244499,,-0.015062901453068767,
1999-11-10,0.05413264036178589,,-0.008719526017537782,
1999-11-11,0.05794750526547432,,0.07047254444254802,
1999-11-12,0.06104813888669014,,0.053507629137974355,
1999-11-15,0.0598558746278286,,-0.019529903459865827,
1999-11-16,0.06557910144329071,,0.09561679369064358,
1999-11-17,0.06808269023895264,,0.03817662548833334,
1999-11-18,0.06832076609134674,,0.0034968631756253643,
1999-11-19,0.08179465681314468,,0.19721515862077688,
1999-11-22,0.08167561143636703,,-0.0014554175225601762,
1999-11-23,0.07583333551883698,,-0.07153023791051438,
1999-11-24,0.07344787567853928,,-0.031456612372076864,
1999-11-26,0.07297168672084808,,-0.006483359161745361,
1999-11-29,0.07034813612699509,,-0.03595299371233318,
1999-11-30,0.06605527549982071,,-0.061023089786270135,
1999-12-01,0.06939398497343063,,0.05054417604569661,
1999-12-02,0.07452110946178436,,0.0738842781592206,
1999-12-03,0.07273268699645996,,-0.023998870631972147,
1999-12-06,0.0747600868344307,,0.027874672608608764,
1999-12-07,0.07225558906793594,,-0.03350046625870562,
1999-12-08,0.07547526061534882,,0.044559480988878075,
1999-12-09,0.07320977747440338,,-0.030016234756594096,
1999-12-10,0.07237465679645538,,-0.011407228744001907,
1999-12-13,0.07213656604290009,,-0.003289697859637508,
1999-12-14,0.07094427198171616,,-0.016528289695337928,
1999-12-15,0.0686788335442543,,-0.03193264761453474,
1999-12-16,0.06820172816514969,,-0.006946905683789528,
1999-12-17,0.07177853584289551,,0.0524445314506492,
1999-12-20,0.07774075120687485,,0.08306404266909362,
1999-12-21,0.08107948303222656,,0.04294699721214501,
1999-12-22,0.08298692107200623,,0.023525532828342133,
1999-12-23,0.08847203850746155,,0.0660961674996472,
1999-12-27,0.08513336628675461,,-0.03773703281885343,
1999-12-28,0.08489435911178589,,-0.0028074441948374718,
1999-12-29,0.0877559632062912,,0.03370782375230896,
1999-12-30,0.08847203850746155,,0.008159847775666806,
1999-12-31,0.08954435586929321,,0.012120409791860132,
2000-01-03,0.08930627256631851,,-0.0026588309298045676,
2000-01-04,0.08692175149917603,,-0.026700488091379593,
2000-01-05,0.08406013250350952,,-0.032921782480345385,
2000-01-06,0.07857497036457062,,-0.06525283717236463,
2000-01-07,0.07988719642162323,,0.016700306102110707,
2000-01-10,0.08250982314348221,,0.03282912455730025,
2000-01-11,0.07917109876871109,,-0.040464568309220295,
2000-01-12,0.07714462280273438,,-0.025596158162422666,
2000-01-13,0.08036337792873383,,0.04172364850665078,
2000-01-14,0.0838211253285408,,0.04302640691476789,
2000-01-18,0.08739882707595825,,0.042682578328487875,
2000-01-19,0.08656369894742966,,-0.009555369979997397,
2000-01-20,0.08632562309503555,,-0.0027502966634858073,
2000-01-21,0.08537142723798752,,-0.011053448823619472,
2000-01-24,0.0815565437078476,,-0.04468571808580968,
2000-01-25,0.08084046840667725,,-0.008780108481981297,
2000-01-26,0.07750175893306732,,-0.04129997684840425,
2000-01-27,0.07344787567853928,,-0.052306983871541424,
2000-01-28,0.07130234688520432,,-0.02921158404533497,
2000-01-31,0.07070621103048325,,-0.008360676482091711,
2000-02-01,0.07237465679645538,,0.02359687701626134,
2000-02-02,0.07440205663442612,,0.0280125658305026,
2000-02-03,0.07559429854154587,,0.016024313857045946,
2000-02-04,0.07738271355628967,,0.023658067463393495,
2000-02-07,0.0726136714220047,,-0.06162929568004716,
2000-02-08,0.07607138156890869,,0.04761789452579834,
2000-02-09,0.07797883450984955,,0.02507451424703011,
2000-02-10,0.09395628422498703,,0.20489469758770706,
2000-02-11,0.09538755565881729,,0.015233376305122448,
2000-02-14,0.11064888536930084,,0.15999287962750985,
2000-02-15,0.10635696351528168,,-0.03878865873519177,
2000-02-16,0.11124502122402191,,0.04595898140734245,
2000-02-17,0.1151798814535141,,0.035371113117667274,
2000-02-18,0.1285346895456314,,0.11594740265041192,
2000-02-22,0.12495700269937515,,-0.027834406874154616,
2000-02-23,0.1256730556488037,,0.0057303947274667255,
2000-02-24,0.12448085099458694,,-0.009486557385446348,
2000-02-25,0.11673015356063843,,-0.06226417454589506,
2000-02-28,0.11589594185352325,,-0.0071464971275123634,
2000-02-29,0.12209536880254745,,0.053491320316111146,
2000-03-01,0.11851858347654343,,-0.029295012260361797,
2000-03-02,0.1105298399925232,,-0.06740498620287105,
2000-03-03,0.11231823265552521,,0.01618017960690965,
2000-03-06,0.11160308867692947,,-0.006367122787526824,
2000-03-07,0.15893924236297607,,0.42414734437212664,
2000-03-08,0.16025055944919586,,0.008250429955020566,
2000-03-09,0.19134095311164856,,0.19401113961358285,
2000-03-10,0.2251136600971222,,0.17650537658693,
2000-03-13,0.2847314476966858,,0.2648341623242336,
2000-03-14,0.21009036898612976,,-0.2621455385921,
2000-03-15,0.20150542259216309,,-0.04086311255197739,
2000-03-16,0.1796555072069168,,-0.1084333865767445,
2000-03-17,0.19053608179092407,,0.06056354605080738,
2000-03-20,0.19041700661182404,,-0.0006249481881899221,
2000-03-21,0.1809970587491989,,-0.04947009739433739,
2000-03-22,0.1823093295097351,,0.007250232515405353,
2000-03-23,0.18552809953689575,,0.01765554201650854,
2000-03-24,0.17777828872203827,,-0.04177162830968517,
2000-03-27,0.16609282791614532,,-0.06573052811956981,
2000-03-28,0.1536930948495865,,-0.07465543950410092,
2000-03-29,0.14355795085430145,,-0.06594404260779518,
2000-03-30,0.14272281527519226,,-0.005817410837500647,
2000-03-31,0.16117455065250397,,0.12928371222031898,
2000-04-03,0.14856602251529694,,-0.0782290261468841,
2000-04-04,0.14308087527751923,,-0.03692060368118788,
2000-04-05,0.17491677403450012,,0.22250282363196394,
2000-04-06,0.18302445113658905,,0.04635162720580355,
2000-04-07,0.1956632137298584,,0.06905504982958366,
2000-04-10,0.17837446928024292,,-0.08835970809252425,
2000-04-11,0.16776220500469208,,-0.05949430049251048,
2000-04-12,0.15035441517829895,,-0.10376466991421729,
2000-04-13,0.143915057182312,,-0.04282786101326508,
2000-04-14,0.13124702870845795,,-0.08802434381696533,
2000-04-17,0.1379537433385849,,0.05109993495566845,
2000-04-18,0.16239701211452484,,0.17718452710592958,
2000-04-19,0.1546463668346405,,-0.04772652636255692,
2000-04-20,0.15381212532520294,,-0.005394510886438053,
2000-04-24,0.14618052542209625,,-0.049616373786990464,
2000-04-25,0.16215798258781433,,0.1092994919780399,
2000-04-26,0.16048866510391235,,-0.010294389812095628,
2000-04-27,0.17360442876815796,,0.08172392521150007,
2000-04-28,0.1700277477502823,,-0.02060247565833817,
2000-05-01,0.1755128651857376,,0.032260131114077106,
2000-05-02,0.1687164455652237,,-0.038723199084702786,
2000-05-03,0.16597384214401245,,-0.01625569701888363,
2000-05-04,0.1680012047290802,,0.012214952421892189,
2000-05-05,0.1757509708404541,,0.04612922939374875,
2000-05-08,0.1693125218153,,-0.036633931490477556,
2000-05-09,0.1669279783964157,,-0.014083680245962737,
2000-05-10,0.1504734456539154,,-0.09857264732113724,
2000-05-11,0.15691189467906952,,0.042787941734001134,
2000-05-12,0.15214276313781738,,-0.030393690363668124,
2000-05-15,0.16263507306575775,,0.06896358204324171,
2000-05-16,0.17932772636413574,,0.10263870506965422,
2000-05-17,0.2108054906129837,,0.17553205456322174,
2000-05-18,0.19649738073349,,-0.06787351618730786,
2000-05-19,0.19482803344726562,,-0.008495519278643782,
2000-05-22,0.2074676901102066,,0.06487596491786274,
2000-05-23,0.2057984173297882,,-0.00804594093437716,
2000-05-24,0.20317482948303223,,-0.012748338305010987,
2000-05-25,0.20031322538852692,,-0.01408444196452141,
2000-05-26,0.20132693648338318,,0.0050606298854709575,
2000-05-30,0.20961323380470276,,0.04115841360355432,
2000-05-31,0.21772095561027527,,0.038679436686361646,
2000-06-01,0.22380229830741882,,0.02793182071104483,
2000-06-02,0.2509880065917969,,0.12147197991253544,
2000-06-05,0.256382554769516,,0.02149325081693143,
2000-06-06,0.24359560012817383,,-0.04987451136383847,
2000-06-07,0.2327451854944229,,-0.04454273651922158,
2000-06-08,0.23453356325626373,,0.0076838442782039,
2000-06-09,0.24121011793613434,,0.028467374081446284,
2000-06-12,0.23477162420749664,,-0.026692469551971354,
2000-06-13,0.2421642690896988,,0.031488664386750465,
2000-06-14,0.2419261783361435,,-0.0009831787094367606,
2000-06-15,0.248245507478714,,0.026120898474203624,
2000-06-16,0.2856847047805786,,0.15081520581021945,
2000-06-19,0.303569495677948,,0.0626032496598159,
2000-06-20,0.29951566457748413,,-0.013353881592782058,
2000-06-21,0.32992023229599,,0.10151244597305609,
2000-06-22,0.31191614270210266,,-0.05457103818275333,
2000-06-23,0.28246602416038513,,-0.0944167823011457,
2000-06-26,0.3165663480758667,,0.12072363045022105,
2000-06-27,0.27185359597206116,,-0.1412429096635689,
2000-06-28,0.2613612711429596,,-0.038595497666986445,
2000-06-29,0.22368328273296356,,-0.14416056459025595,
2000-06-30,0.24252228438854218,,0.08422176849965535,
2000-07-03,0.2332223504781723,,-0.03834671908116516,
2000-07-05,0.2081829309463501,,-0.1073628641529607,
2000-07-06,0.22082161903381348,,0.060709530939980993,
2000-07-07,0.22201384603977203,,0.005399050197960831,
2000-07-10,0.23346030712127686,,0.05155741988927254,
2000-07-11,0.252299427986145,,0.08069517725375785,
2000-07-12,0.2594529092311859,,0.028353140956917766,
2000-07-13,0.2837770879268646,,0.09375180555021112,
2000-07-14,0.2816307544708252,,-0.00756344873266368,
2000-07-17,0.2785310447216034,,-0.011006289973714223,
2000-07-18,0.2730458378791809,,-0.019693340998684916,
2000-07-19,0.25563809275627136,,-0.0637539295896985,
2000-07-20,0.2625535726547241,,0.02705183653926757,
2000-07-21,0.26589223742485046,,0.012716127746305483,
2000-07-24,0.2432374507188797,,-0.08520288867919179,
2000-07-25,0.23417545855045319,,-0.037255743889948345,
2000-07-26,0.21676775813102722,,-0.07433614319442217,
2000-07-27,0.20126737654209137,,-0.07150685933452572,
2000-07-28,0.20603640377521515,,0.023694983832247773,
2000-07-31,0.22892943024635315,,0.11111156112059795,
2000-08-01,0.2243983894586563,,-0.019792303605617456,
2000-08-02,0.22892943024635315,,0.020191948786386638,
2000-08-03,0.23894545435905457,,0.04375157926144779,
2000-08-04,0.2432374507188797,,0.017962243187835236,
2000-08-07,0.2623146176338196,,0.07843022058715876,
2000-08-08,0.25659140944480896,,-0.021818106213966293,
2000-08-09,0.2489606887102127,,-0.029738800496505235,
2000-08-10,0.2518223524093628,,0.011494440001654338,
2000-08-11,0.24586103856563568,,-0.02367269540090866,
2000-08-14,0.248245507478714,,0.009698441554584658,
2000-08-15,0.27167510986328125,,0.09438077096551778,
2000-08-16,0.2785310447216034,,0.02523578572130636,
2000-08-17,0.2837770879268646,,0.01883468038726077,
2000-08-18,0.29379236698150635,,0.035292768446559375,
2000-08-21,0.29832327365875244,,0.015422138851998612,
2000-08-22,0.27018433809280396,,-0.09432363496431795,
2000-08-23,0.28592365980148315,,0.05825401213031456,
2000-08-24,0.29355427622795105,,0.026687600570606262,
2000-08-25,0.28616175055503845,,-0.025182824000738235,
2000-08-28,0.29760822653770447,,0.04000002082900478,
2000-08-29,0.2968929409980774,,-0.0024034467996685294,
2000-08-30,0.29951566457748413,,0.008833903462271087,
2000-08-31,0.3028544485569,,0.011147276667902384,
2000-09-01,0.30333149433135986,,0.0015751651551858536,
2000-09-05,0.3038085103034973,,0.0015725896619767088,
2000-09-06,0.2828230857849121,,-0.06907451176275892,
2000-09-07,0.29808539152145386,,0.05396414403083338,
2000-09-08,0.280438631772995,,-0.05920035080682173,
2000-09-11,0.26899194717407227,,-0.040817074760899574,
2000-09-12,0.2673225998878479,,-0.0062059377753196365,
2000-09-13,0.267203688621521,,-0.0004448230953042476,
2000-09-14,0.2647000551223755,,-0.009369756503218696,
2000-09-15,0.2704828679561615,,0.0218466627485685,
2000-09-18,0.2546839714050293,,-0.058409971287692874,
2000-09-19,0.2625535726547241,,0.03089947595162812,
2000-09-20,0.2539687752723694,,-0.03269731695345979,
2000-09-21,0.2648785710334778,,0.04295723263384699,
2000-09-22,0.26946908235549927,,0.017330625516857268,
2000-09-25,0.28878527879714966,,0.07168242186748297,
2000-09-26,0.29570066928863525,,0.023946478574980112,
2000-09-27,0.31191614270210266,,0.05483745928772099,
2000-09-28,0.32145529985427856,,0.030582441388057102,
2000-09-29,0.3123933970928192,,-0.028190242206512894,
2000-10-02,0.3050006628036499,,-0.023664822489742887,
2000-10-03,0.28854626417160034,,-0.053948730736504635,
2000-10-04,0.285207599401474,,-0.011570639390225512,
2000-10-05,0.2785310447216034,,-0.02340945575742648,
2000-10-06,0.2611222565174103,,-0.06250214665152853,
2000-10-09,0.2668455243110657,,0.021917962375121336,
2000-10-10,0.24657614529132843,,-0.07595922424431945,
2000-10-11,0.248722642660141,,0.008705210985744394,
2000-10-12,0.23894545435905457,,-0.039309602843220603,
2000-10-13,0.24848361313343048,,0.03991772431897056,
2000-10-16,0.24276039004325867,,-0.02303259767515764,
2000-10-17,0.2251136600971222,,-0.07269196569914849,
2000-10-18,0.2215367555618286,,-0.015889326901576628,
2000-10-19,0.2429993748664856,,0.09688062484361426,
2000-10-20,0.2656532824039459,,0.09322619677481625,
2000-10-23,0.25969198346138,,-0.02244014788231119,
2000-10-24,0.2513451874256134,,-0.032141138607799546,
2000-10-25,0.2294064462184906,,-0.08728530445252969,
2000-10-26,0.23918364942073822,,0.04261956611688089,
2000-10-27,0.23369848728179932,,-0.022932847425913172,
2000-10-30,0.21724481880664825,,-0.07040554120194553,
2000-10-31,0.23709668219089508,,0.09138014657056259,
2000-11-01,0.23703716695308685,,-0.00025101674666327956,
2000-11-02,0.2551610469818115,,0.07646007696468815,
2000-11-03,0.27185359597206116,,0.06541966020165901,
2000-11-06,0.2928391098976135,,0.0771941744986484,
2000-11-07,0.2730458378791809,,-0.06759094447921599,
2000-11-08,0.26493823528289795,,-0.02969319239310453,
2000-11-09,0.23727616667747498,,-0.10440949973070413,
2000-11-10,0.2243983894586563,,-0.054273370137183585,
2000-11-13,0.22535258531570435,,0.004252240220395276,
2000-11-14,0.26660749316215515,,0.18306826961250677,
2000-11-15,0.26309025287628174,,-0.013192578513666064,
2000-11-16,0.24657614529132843,,-0.06276974309922101,
2000-11-17,0.24180711805820465,,-0.019340991917483286,
2000-11-20,0.22320617735385895,,-0.07692470285290909,
2000-11-21,0.21891416609287262,,-0.019228908948079937,
2000-11-22,0.2074676901102066,,-0.052287506957452656,
2000-11-24,0.21939033269882202,,0.05746746677654779,
2000-11-27,0.21199779212474823,,-0.03369583556000266,
2000-11-28,0.19619978964328766,,-0.07451965571492547,
2000-11-29,0.18409770727157593,,-0.061682443155084976,
2000-11-30,0.15452738106250763,,-0.16062300094507398,
2000-12-01,0.1697896420955658,,0.09876735713837315,
2000-12-04,0.1724122166633606,,0.015446022121412328,
2000-12-05,0.18362058699131012,,0.06500914230361166,
2000-12-06,0.15738897025585175,,-0.14285771092050692,
2000-12-07,0.15452738106250763,,-0.018181637434264375,
2000-12-08,0.18982084095478058,,0.22839615639377486,
2000-12-11,0.18982084095478058,,0.0,
2000-12-12,0.18457476794719696,,-0.027636970636081726,
2000-12-13,0.17026673257350922,,-0.07751891297396063,
2000-12-14,0.15858124196529388,,-0.06863049775839425,
2000-12-15,0.14284281432628632,,-0.09924520355599176,
2000-12-18,0.14755231142044067,,0.03296978651930482,
2000-12-19,0.13640345633029938,,-0.07555866107968556,
2000-12-20,0.12161920219659805,,-0.10838621345416222,
2000-12-21,0.10635696351528168,,-0.12549201446532177,
2000-12-22,0.1337808519601822,,0.25784760619797287,
2000-12-26,0.12829570472240448,,-0.0410009889861539,
2000-12-27,0.136880561709404,,0.06691460953875827,
2000-12-28,0.13759571313858032,,0.00522463832881237,
2000-12-29,0.12501651048660278,,-0.09142147211598317,
2001-01-02,0.11422660201787949,,-0.08630786787061684,
2001-01-03,0.14928117394447327,,0.30688623584466623,
2001-01-04,0.1664508879184723,,0.11501593617146577,
2001-01-05,0.1415305882692337,,-0.14971563060357218,
2001-01-08,0.15500445663928986,,0.09520110482706956,
2001-01-09,0.15810422599315643,,0.019997936969515795,
2001-01-10,0.16907353699207306,,0.0693802517295865,
2001-01-11,0.1831435263156891,,0.0832181639653975,
2001-01-12,0.17932772636413574,,-0.020835025011891273,
2001-01-16,0.16525867581367493,,-0.0784544076686321,
2001-01-17,0.17121993005275726,,0.0360722619235041,
2001-01-18,0.20406953990459442,,0.19185622749475106,
2001-01-19,0.19864389300346375,,-0.026587245228598344,
2001-01-22,0.19077417254447937,,-0.039617228297308626,
2001-01-23,0.20979268848896027,,0.09969125113121224,
2001-01-24,0.20889806747436523,,-0.004264309786192189,
2001-01-25,0.18791256844997406,,-0.10045808119774202,
2001-01-26,0.19387486577033997,,0.0317291034311693,
2001-01-29,0.19482803344726562,,0.004916406637540893,
2001-01-30,0.19912093877792358,,0.022034330761850685,
2001-01-31,0.1969744712114334,,-0.010779717992812854,
2001-02-01,0.19798822700977325,,0.005146635460448357,
2001-02-02,0.17885147035121918,,-0.09665603327822836,
2001-02-05,0.17861254513263702,,-0.0013358862418797468,
2001-02-06,0.17956672608852386,,0.0053421833006088715,
2001-02-07,0.17121993005275726,,-0.046482977206209974,
2001-02-08,0.17026673257350922,,-0.005567094198405176,
2001-02-09,0.16907353699207306,,-0.007007802190137302,
2001-02-12,0.16454347968101501,,-0.02679341422466619,
2001-02-13,0.1695505976676941,,0.030430364037431934,
2001-02-14,0.18195128440856934,,0.07313856106352179,
2001-02-15,0.21533645689487457,,0.18348412650574786,
2001-02-16,0.2270219475030899,,0.05426619707929947,
2001-02-20,0.20436710119247437,,-0.09979143673017421,
2001-02-21,0.2136671245098114,,0.045506460007857186,
2001-02-22,0.22272908687591553,,0.042411589461382126,
2001-02-23,0.20734773576259613,,-0.06905856495469087,
2001-02-26,0.2026977688074112,,-0.022425935533286645,
2001-02-27,0.19053608179092407,,-0.05999911635950117,
2001-02-28,0.17050480842590332,,-0.10513112884834663,
2001-03-01,0.18397767841815948,,0.07901753690489666,
2001-03-02,0.16627237200737,,-0.09623616605568541,
2001-03-05,0.16788128018379211,,0.009676341036085168,
2001-03-06,0.18409770727157593,,0.09659461179966278,
2001-03-07,0.19888286292552948,,0.08031146000174183,
2001-03-08,0.2055594027042389,,0.03357021153305406,
2001-03-09,0.1910131722688675,,-0.07076412094999451,
2001-03-12,0.18409770727157593,,-0.03620412621364899,
2001-03-13,0.20603640377521515,,0.11916876548210276,
2001-03-14,0.21772095561027527,,0.05671110357666653,
2001-03-15,0.22845233976840973,,0.049289624547413036,
2001-03-16,0.22749900817871094,,-0.0041729998942677815,
2001-03-19,0.24061399698257446,,0.057648553762313925,
2001-03-20,0.21819810569286346,,-0.0931612107808274,
2001-03-21,0.23441453278064728,,0.07431974276903275,
2001-03-22,0.25802260637283325,,0.10071079344844702,
2001-03-23,0.25563809275627136,,-0.00924149108515071,
2001-03-26,0.26946908235549927,,0.054103789658666246,
2001-03-27,0.25969198346138,,-0.03628282253628168,
2001-03-28,0.2598706781864166,,0.0006881025846652289,
2001-03-29,0.2637459337711334,,0.014912246397944529,
2001-03-30,0.24770888686180115,,-0.06080490675260419,
2001-04-02,0.23727616667747498,,-0.042116858690446124,
2001-04-03,0.24514488875865936,,0.03316271579808605,
2001-04-04,0.21986748278141022,,-0.10311210690643557,
2001-04-05,0.2401377260684967,,0.09219300203313341,
2001-04-06,0.23918364942073822,,-0.003973039402756506,
2001-04-09,0.2275557965040207,,-0.04861474831109147,
2001-04-10,0.24903671443462372,,0.09439846517038064,
2001-04-11,0.2640700936317444,,0.060366116021287164,
2001-04-12,0.26803773641586304,,0.015024960719905112,
2001-04-16,0.261513352394104,,-0.024341289062508653,
2001-04-17,0.27433329820632935,,0.04902214626848389,
2001-04-18,0.2947849929332733,,0.07455053710454784,
2001-04-19,0.3201192617416382,,0.08594151471645461,
2001-04-20,0.331794798374176,,0.036472458948630715,
2001-04-23,0.3142814338207245,,-0.05278372246722551,
2001-04-24,0.2920379638671875,,-0.07077564106515222,
2001-04-25,0.30546772480010986,,0.04598635312712274,
2001-04-26,0.28139254450798035,,-0.07881415395974711,
2001-04-27,0.30142393708229065,,0.07118664998511437,
2001-04-30,0.31783002614974976,,0.05442862045485164,
2001-05-01,0.347514808177948,,0.09339829338280281,
2001-05-02,0.3395407199859619,,-0.022946038569679805,
2001-05-03,0.3380526602268219,,-0.004382566424438128,
2001-05-04,0.34270718693733215,,0.013768643936679092,
2001-05-07,0.3580840826034546,,0.04486890340275895,
2001-05-08,0.3321765959262848,,-0.0723502884819931,
2001-05-09,0.31660938262939453,,-0.04686426884916617,
2001-05-10,0.30596402287483215,,-0.03362300784062122,
2001-05-11,0.29814207553863525,,-0.025564925126496996,
2001-05-14,0.300698846578598,,0.008575680018808596,
2001-05-15,0.31149691343307495,,0.03590990446867082,
2001-05-16,0.32618600130081177,,0.04715644757389481,
2001-05-17,0.3319476842880249,,0.017663796006682775,
2001-05-18,0.329276442527771,,-0.008047176970019554,
2001-05-21,0.3441569209098816,,0.045191445424631604,
2001-05-22,0.3544587790966034,,0.029933607493598524,
2001-05-23,0.35144513845443726,,-0.008502090567052423,
2001-05-24,0.3566335439682007,,0.014763059567648673,
2001-05-25,0.3498800992965698,,-0.018936650199772087,
2001-05-29,0.3355345129966736,,-0.041001435430988775,
2001-05-30,0.329276442527771,,-0.018651048480859633,
2001-05-31,0.32664382457733154,,-0.007995160328596596,
2001-06-01,0.3447292745113373,,0.05536749380585371,
2001-06-04,0.3393879234790802,,-0.015494335489286692,
2001-06-05,0.3572058081626892,,0.05250005510201161,
2001-06-06,0.3587324619293213,,0.004273877220766664,
2001-06-07,0.37899258732795715,,0.056476978106953624,
2001-06-08,0.3691485524177551,,-0.025974214903796033,
2001-06-11,0.358350545167923,,-0.029251116330025195,
2001-06-12,0.37029317021369934,,0.033326655161582286,
2001-06-13,0.3578551113605499,,-0.033589760367363275,
2001-06-14,0.3570912778377533,,-0.0021344770510405287,
2001-06-15,0.362662672996521,,0.015602159740510713,
2001-06-18,0.34831610321998596,,-0.03955899199108548,
2001-06-19,0.329276442527771,,-0.05466201681806848,
2001-06-20,0.34343260526657104,,0.04299172643547422,
2001-06-21,0.34991851449012756,,0.018885537144972542,
2001-06-22,0.3483545482158661,,-0.004469515642921529,
2001-06-25,0.34766772389411926,,-0.001971624384594528,
2001-06-26,0.3577021062374115,,0.028861989922159603,
2001-06-27,0.3466375470161438,,-0.030932328964045852,
2001-06-28,0.35071977972984314,,0.011776660517128557,
2001-06-29,0.3538863956928253,,0.009028906112513502,
2001-07-02,0.3382047414779663,,-0.0443126788871272,
2001-07-03,0.3425169885158539,,0.012750403850173342,
2001-07-05,0.31767797470092773,,-0.07251907101763055,
2001-07-06,0.3079100549221039,,-0.03074786594198009,
2001-07-09,0.29783710837364197,,-0.03271392534099027,
2001-07-10,0.3002793788909912,,0.008200020913060158,
2001-07-11,0.2997070252895355,,-0.001906070285510597,
2001-07-12,0.31542614102363586,,0.05244827250517292,
2001-07-13,0.3089018166065216,,-0.020684158884045623,
2001-07-16,0.2840628921985626,,-0.08041041869170595,
2001-07-17,0.2999359369277954,,0.05587862816709399,
2001-07-18,0.28955721855163574,,-0.0346031171938499,
2001-07-19,0.29421266913414,,0.016077826019295305,
2001-07-20,0.2857424020767212,,-0.028789606791395417,
2001-07-23,0.2586901783943176,,-0.09467346633118912,
2001-07-24,0.2762032747268677,,0.06769911575790521,
2001-07-25,0.2735321819782257,,-0.009670749745032348,
2001-07-26,0.30142393708229065,,0.10196882466387525,
2001-07-27,0.30905476212501526,,0.025315922539494107,
2001-07-30,0.3016904294490814,,-0.023828568844232567,
2001-07-31,0.30867278575897217,,0.023144109419185988,
2001-08-01,0.327521950006485,,0.061065196276264055,
2001-08-02,0.3353056311607361,,0.023765372531816542,
2001-08-03,0.33267277479171753,,-0.007852109014406694,
2001-08-06,0.34274569153785706,,0.03027875290500126,
2001-08-07,0.3376709222793579,,-0.014806223342237468,
2001-08-08,0.329086035490036,,-0.02542382604747817,
2001-08-09,0.3233242928981781,,-0.017508316885212705,
2001-08-10,0.32294338941574097,,-0.0011780849469207322,
2001-08-13,0.3364877998828888,,0.041940510043112944,
2001-08-14,0.32755959033966064,,-0.0265335312196624,
2001-08-15,0.3279413878917694,,0.0011655819684988078,
2001-08-16,0.3417530953884125,,0.04211639032643655,
2001-08-17,0.31962382793426514,,-0.06475220781540181,
2001-08-20,0.31741049885749817,,-0.006924793721018063,
2001-08-21,0.3107331693172455,,-0.02103688934136516,
2001-08-22,0.3235156536102295,,0.04113652984349936,
2001-08-23,0.31634190678596497,,-0.02217434224344339,
2001-08-24,0.3253847360610962,,0.02858561917074609,
2001-08-27,0.3366405665874481,,0.03459237413103011,
2001-08-28,0.33225250244140625,,-0.013034864426839654,
2001-08-29,0.3215698003768921,,-0.03215235998530386,
2001-08-30,0.3205396234989166,,-0.0032035871427231744,
2001-08-31,0.32320988178253174,,0.008330509203409386,
2001-09-04,0.3007371723651886,,-0.0695297720892818,
2001-09-05,0.30714720487594604,,0.02131440041264221,
2001-09-06,0.29459360241889954,,-0.040871615491720914,
2001-09-07,0.2976842522621155,,0.010491232049300248,
2001-09-10,0.2890618145465851,,-0.02896504484200324,
2001-09-17,0.25937697291374207,,-0.10269374970680889,
2001-09-18,0.24373380839824677,,-0.060310536975452966,
2001-09-19,0.24075770378112793,,-0.012210471073656137,
2001-09-20,0.22038297355175018,,-0.08462753178565097,
2001-09-21,0.20580753684043884,,-0.06613685475066311,
2001-09-24,0.22892943024635315,,0.11234716551629753,
2001-09-25,0.22000113129615784,,-0.03900022352122867,
2001-09-26,0.21206462383270264,,-0.03607484841871722,
2001-09-27,0.20031322538852692,,-0.05541423284935243,
2001-09-28,0.2096232920885086,,0.04647754376638846,
2001-10-01,0.19184277951717377,,-0.08482126386903333,
2001-10-02,0.18222780525684357,,-0.05011903124281758,
2001-10-03,0.21809372305870056,,0.19681912840526872,
2001-10-04,0.2464039921760559,,0.1298078125326676,
2001-10-05,0.25105956196784973,,0.01889405179956416,
2001-10-08,0.2567058503627777,,0.02248983607981847,
2001-10-09,0.2455652356147766,,-0.04339836716715706,
2001-10-10,0.2613612711429596,,0.06432521072715103,
2001-10-11,0.2896716594696045,,0.10831898774765158,
2001-10-12,0.3085209131240845,,0.06507110046248021,
2001-10-15,0.30714720487594604,,-0.004452561203155514,
2001-10-16,0.3380526602268219,,0.10062098843894174,
2001-10-17,0.3182118535041809,,-0.058691467504880745,
2001-10-18,0.33164262771606445,,0.04220702046131386,
2001-10-19,0.33851054310798645,,0.020708783545768883,
2001-10-22,0.34652313590049744,,0.023670142498205538,
2001-10-23,0.3404179811477661,,-0.017618317855937926,
2001-10-24,0.35545143485069275,,0.044161749776669534,
2001-10-25,0.3762839138507843,,0.0586085100735132,
2001-10-26,0.3494221866130829,,-0.07138686042357223,
2001-10-29,0.3210350573062897,,-0.08124020281009359,
2001-10-30,0.3205011188983917,,-0.0016631778858610113,
2001-10-31,0.3270640969276428,,0.020477239055542107,
2001-11-01,0.3549934923648834,,0.08539425665978695,
2001-11-02,0.35995301604270935,,0.013970745336165935,
2001-11-05,0.3612505793571472,,0.0036048130078285556,
2001-11-06,0.3860509991645813,,0.0686515710274207,
2001-11-07,0.386356920003891,,0.0007924363360585218,
2001-11-08,0.3796408474445343,,-0.017383078215058356,
2001-11-09,0.4059678614139557,,0.06934715836463767,
2001-11-12,0.4168803095817566,,0.0268800789545105,
2001-11-13,0.4134465456008911,,-0.008236810187342458,
2001-11-14,0.40192410349845886,,-0.027869242650669368,
2001-11-15,0.40406036376953125,,0.005315083749588112,
2001-11-16,0.4005504548549652,,-0.00868659544287309,
2001-11-19,0.3917742669582367,,-0.021910318139337193,
2001-11-20,0.3807854950428009,,-0.028048733268658532,
2001-11-21,0.37590205669403076,,-0.012824643827941018,
2001-11-23,0.3811674118041992,,0.014007252730873665,
2001-11-26,0.4084100127220154,,0.07147148490178457,
2001-11-27,0.4127596318721771,,0.010650128583214569,
2001-11-28,0.3919271230697632,,-0.05047128448080729,
2001-11-29,0.4090968370437622,,0.043808435199680806,
2001-11-30,0.41695648431777954,,0.0192121927189981,
2001-12-03,0.41062331199645996,,-0.015189048640607772,
2001-12-04,0.44366514682769775,,0.08046750845826955,
2001-12-05,0.479453980922699,,0.080666318620922,
2001-12-06,0.47189927101135254,,-0.015756903085479723,
2001-12-07,0.4574768841266632,,-0.030562426709793256,
2001-12-10,0.4620555341243744,,0.010008483830722836,
2001-12-11,0.47861531376838684,,0.03583937085699951,
2001-12-12,0.4934956133365631,,0.031090312282354482,
2001-12-13,0.4793021082878113,,-0.02876115747572383,
2001-12-14,0.5008972883224487,,0.04505546639838687,
2001-12-17,0.5189065933227539,,0.03595408763465269,
2001-12-18,0.5055519938468933,,-0.025736037367238063,
2001-12-19,0.491740345954895,,-0.027319935555790043,
2001-12-20,0.47235727310180664,,-0.03941729209843259,
2001-12-21,0.49280887842178345,,0.04329689936957726,
2001-12-24,0.5050942301750183,,0.024929241925548462,
2001-12-26,0.517456591129303,,0.02447535571729076,
2001-12-27,0.529437780380249,,0.02315399872441115,
2001-12-28,0.516693651676178,,-0.024071060238500586,
2001-12-31,0.5105125308036804,,-0.0119628349457086,
2002-01-02,0.5135647058486938,,0.005978648634164863,
2002-01-03,0.5472171902656555,,0.06552725300962625,
2002-01-04,0.5312690734863281,,-0.02914403469595883,
2002-01-07,0.5169984102249146,,-0.026861460554753802,
2002-01-08,0.5231035351753235,,0.011808788633901113,
2002-01-09,0.5159307718276978,,-0.013711938202103147,
2002-01-10,0.5035685896873474,,-0.023960931999766122,
2002-01-11,0.4812854528427124,,-0.04425045028815244,
2002-01-14,0.4560273289680481,,-0.05248054709627559,
2002-01-15,0.49860817193984985,,0.09337344555239402,
2002-01-16,0.4791492521762848,,-0.03902647581538743,
2002-01-17,0.4959370493888855,,0.0350366762263552,
2002-01-18,0.4868565797805786,,-0.01830972221070437,
2002-01-22,0.47464650869369507,,-0.025079400369584226,
2002-01-23,0.48357492685317993,,0.01881066856271074,
2002-01-24,0.5008972883224487,,0.03582146324664204,
2002-01-25,0.4995999038219452,,-0.0025901208306569057,
2002-01-28,0.5188297629356384,,0.038490518045709354,
2002-01-29,0.49341878294944763,,-0.04897749088720471,
2002-01-30,0.4993709623813629,,0.012063139137784118,
2002-01-31,0.5016604065895081,,0.004584656258801001,
2002-02-01,0.48937517404556274,,-0.024489141224967925,
2002-02-04,0.46632909774780273,,-0.047092859466578374,
2002-02-05,0.4617506265640259,,-0.009818111728153278,
2002-02-06,0.47327303886413574,,0.02495375563613278,
2002-02-07,0.45793473720550537,,-0.032408991003253784,
2002-02-08,0.44046008586883545,,-0.038159698133640174,
2002-02-11,0.46480268239974976,,0.05526629384112525,
2002-02-12,0.47464650869369507,,0.021178505776090262,
2002-02-13,0.4685424864292145,,-0.01286014360724963,
2002-02-14,0.4743417501449585,,0.012377241944354855,
2002-02-15,0.4376368820667267,,-0.07738063973288212,
2002-02-19,0.4086390435695648,,-0.06626004270988417,
2002-02-20,0.43000540137290955,,0.05228662835715414,
2002-02-21,0.40062645077705383,,-0.06832228270169494,
2002-02-22,0.3809385299682617,,-0.04914283809919562,
2002-02-25,0.4107753336429596,,0.07832445743197392,
2002-02-26,0.4197036325931549,,0.021735236317659945,
2002-02-27,0.4055868089199066,,-0.033635219180798925,
2002-02-28,0.38925600051879883,,-0.040264643824579394,
2002-03-01,0.42687729001045227,,0.09664922169860435,
2002-03-04,0.45068594813346863,,0.05577400972170099,
2002-03-05,0.44954127073287964,,-0.0025398559802667364,
2002-03-06,0.43542370200157166,,-0.03140438854099503,
2002-03-07,0.43191367387771606,,-0.008061178359654253,
2002-03-08,0.4448097050189972,,0.029857890410138532,
2002-03-11,0.43962037563323975,,-0.0116664032443623,
2002-03-12,0.41657555103302,,-0.05241982828258451,
2002-03-13,0.4090208113193512,,-0.01813534110423587,
2002-03-14,0.386356920003891,,-0.05541011774524329,
2002-03-15,0.40268686413764954,,0.042266472498005525,
2002-03-18,0.40268686413764954,,0.0,
2002-03-19,0.3941403925418854,,-0.021223616553935454,
2002-03-20,0.3549934923648834,,-0.09932222354713827,
2002-03-21,0.37384170293807983,,0.05309452420559624,
2002-03-22,0.3706366717815399,,-0.00857323067852267,
2002-03-25,0.35148271918296814,,-0.05167851445056537,
2002-03-26,0.3586563467979431,,0.020409616813168663,
2002-03-27,0.34720975160598755,,-0.03191521715466605,
2002-03-28,0.33851054310798645,,-0.025054620320321352,
2002-04-01,0.3329392969608307,,-0.01645811706779987,
2002-04-02,0.3242399990558624,,-0.026128780784899996,
2002-04-03,0.330345094203949,,0.018828938952207164,
2002-04-04,0.328742653131485,,-0.004850809352339502,
2002-04-05,0.3212638795375824,,-0.022749629604380428,
2002-04-08,0.3320237100124359,,0.0334921886965347,
2002-04-09,0.3110390603542328,,-0.06320226244510418,
2002-04-10,0.2938691973686218,,-0.05520162955114616,
2002-04-11,0.2809723913669586,,-0.043886212359595445,
2002-04-12,0.2799046039581299,,-0.00380032857902457,
2002-04-15,0.29119807481765747,,0.040347570921759335,
2002-04-16,0.3038654327392578,,0.043500829906009564,
2002-04-17,0.3074522316455841,,0.01180390567624734,
2002-04-18,0.30233973264694214,,-0.016628596160379816,
2002-04-19,0.28173595666885376,,-0.06814776145267176,
2002-04-22,0.2831096649169922,,0.004875871239087282,
2002-04-23,0.2716631293296814,,-0.040431454682647194,
2002-04-24,0.24785444140434265,,-0.08764048321200524,
2002-04-25,0.2574695646762848,,0.038793427373997824,
2002-04-26,0.23175255954265594,,-0.09988367039017876,
2002-04-29,0.2703656256198883,,0.16661333170788706,
2002-04-30,0.26563403010368347,,-0.017500728893905526,
2002-05-01,0.27044156193733215,,0.018098328108684614,
2002-05-02,0.25952979922294617,,-0.040347950352817796,
2002-05-03,0.24991489946842194,,-0.03704738254840889,
2002-05-06,0.2403758019208908,,-0.03816938312930174,
2002-05-07,0.2464039921760559,,0.02507819092850716,
2002-05-08,0.2747153341770172,,0.11489806537198,
2002-05-09,0.2629638612270355,,-0.04277690936032508,
2002-05-10,0.2432759404182434,,-0.07486930225668587,
2002-05-13,0.2580033838748932,,0.060538018808313554,
2002-05-14,0.2836434543132782,,0.09937881454616115,
2002-05-15,0.2892138957977295,,0.019638886072438133,
2002-05-16,0.28974857926368713,,0.001848747497013692,
2002-05-17,0.2989058792591095,,0.03160429645140295,
2002-05-20,0.3021107316017151,,0.010721944816038276,
2002-05-21,0.27906492352485657,,-0.07628265290238267,
2002-05-22,0.29035845398902893,,0.04046918660190002,
2002-05-23,0.2726548910140991,,-0.060971405281000424,
2002-05-24,0.26731348037719727,,-0.019590371612389856,
2002-05-28,0.2567058503627777,,-0.03968236094734723,
2002-05-29,0.2663978040218353,,0.03775509457755222,
2002-05-30,0.26250606775283813,,-0.014608740050568114,
2002-05-31,0.25533226132392883,,-0.027328154698746943,
2002-06-03,0.24029985070228577,,-0.058873918022337546,
2002-06-04,0.25243300199508667,,0.050491713820634,
2002-06-05,0.24877025187015533,,-0.014509791096976365,
2002-06-06,0.24884620308876038,,0.0003053066756739664,
2002-06-07,0.2464810013771057,,-0.009504672694608196,
2002-06-10,0.2444206029176712,,-0.008359258717397844,
2002-06-11,0.23343195021152496,,-0.04495796416085096,
2002-06-12,0.2132861167192459,,-0.08630281105060322,
2002-06-13,0.2110728919506073,,-0.01037678777541784,
2002-06-14,0.21504072844982147,,0.018798418226736002,
2002-06-17,0.21694904565811157,,0.008874212908627666,
2002-06-18,0.21580444276332855,,-0.005275906567419497,
2002-06-19,0.1819988489151001,,-0.15664920246939884,
2002-06-20,0.18032032251358032,,-0.009222730866296769,
2002-06-21,0.17291763424873352,,-0.04105298926741485,
2002-06-24,0.17612265050411224,,0.018534930050965626,
2002-06-25,0.16154810786247253,,-0.08275223317343505,
2002-06-26,0.15315376222133636,,-0.05196189390396544,
2002-06-27,0.13033683598041534,,-0.1489805141577013,
2002-06-28,0.13110052049160004,,0.005859314486500455,
2002-07-01,0.1307947188615799,,-0.002332573729482146,
2002-07-02,0.12255314737558365,,-0.06301150044688197,
2002-07-03,0.13316091895103455,,0.08655650060901077,
2002-07-05,0.14491228759288788,,0.08824938078246891,
2002-07-08,0.1492619514465332,,0.030015838724906097,
2002-07-09,0.14193622767925262,,-0.04907964619439342,
2002-07-10,0.13804441690444946,,-0.027419432222743567,
2002-07-11,0.15208514034748077,,0.10171163570309338,
2002-07-12,0.15193313360214233,,-0.0009994845320926427,
2002-07-15,0.16704246401786804,,0.09944723746231388,
2002-07-16,0.16253982484340668,,-0.026955057212157296,
2002-07-17,0.1487281322479248,,-0.08497420622169527,
2002-07-18,0.14491228759288788,,-0.0256565089426124,
2002-07-19,0.13834935426712036,,-0.04528900505804734,
2002-07-22,0.1319393813610077,,-0.046331787669471214,
2002-07-23,0.12209536880254745,,-0.07461011607690815,
2002-07-24,0.12987901270389557,,0.06375052532857173,
2002-07-25,0.11492255330085754,,-0.11515686092514799,
2002-07-26,0.1122513934969902,,-0.023243129630738935,
2002-07-29,0.11538039147853851,,0.027874914369167447,
2002-07-30,0.12377479672431946,,0.0727541754557346,
2002-07-31,0.08447495102882385,,-0.3175108886102813,
2002-08-01,0.07638640701770782,,-0.09575079846280254,
2002-08-02,0.07134998589754105,,-0.065933473202886,
2002-08-05,0.06562674790620804,,-0.08021358265650691,
2002-08-06,0.06906064599752426,,0.05232467249822981,
2002-08-07,0.06745817512273788,,-0.02320382110013597,
2002-08-08,0.07188383489847183,,0.06560598130147466,
2002-08-09,0.07020530104637146,,-0.02335064419519517,
2002-08-12,0.07020530104637146,,0.0,
2002-08-13,0.06875479966402054,,-0.020660852681093855,
2002-08-14,0.07341031730175018,,0.0677118929948084,
2002-08-15,0.07852279394865036,,0.06964248125894268,
2002-08-16,0.08157485723495483,,0.03886850088778493,
2002-08-19,0.0965321883559227,,0.183357122867984,
2002-08-20,0.0922585278749466,,-0.044271869868097724,
2002-08-21,0.0971420407295227,,0.05293291543948708,
2002-08-22,0.09386103600263596,,-0.03377533251563258,
2002-08-23,0.08767994493246078,,-0.06585364207999567,
2002-08-26,0.08836672455072403,,0.007832801660542454,
2002-08-27,0.08333027362823486,,-0.05699488068722247,
2002-08-28,0.07814094424247742,,-0.06227423911877261,
2002-08-29,0.07913356274366379,,0.012702924322314235,
2002-08-30,0.07707320153713226,,-0.02603650252934553,
2002-09-03,0.07234170287847519,,-0.061389673249495624,
2002-09-04,0.07188383489847183,,-0.0063292397301252246,
2002-09-05,0.06913665682077408,,-0.03821691040242703,
2002-09-06,0.07066318392753601,,0.022079851369140036,
2002-09-09,0.07058624923229218,,-0.0010887521757119156,
2002-09-10,0.08065914362668991,,0.14270335233777431,
2002-09-11,0.08462785929441452,,0.04920354332166954,
2002-09-12,0.08195674419403076,,-0.03156307063246311,
2002-09-13,0.08065914362668991,,-0.015832749093458554,
2002-09-16,0.07554671168327332,,-0.0633831666633875,
2002-09-17,0.07440205663442612,,-0.015151619750785716,
2002-09-18,0.07234170287847519,,-0.02769216133465846,
2002-09-19,0.06989943981170654,,-0.0337600992178928,
2002-09-20,0.07028131932020187,,0.005463269942134419,
2002-09-23,0.0672292411327362,,-0.043426592115614504,
2002-09-24,0.06776309013366699,,0.007940726266369103,
2002-09-25,0.0715019628405571,,0.055175652401844966,
2002-09-26,0.06768710166215897,,-0.05335323712588036,
2002-09-27,0.06532087177038193,,-0.03495835740740394,
2002-09-30,0.06532087177038193,,0.0,
2002-10-01,0.06883174180984497,,0.053748058534867305,
2002-10-02,0.06875479966402054,,-0.0011178294170877123,
2002-10-03,0.06539779901504517,,-0.048825691666324444,
2002-10-04,0.062115900218486786,,-0.050183627675349785,
2002-10-07,0.05906377732753754,,-0.049135935891031046,
2002-10-08,0.05730833858251572,,-0.029721071432445845,
2002-10-09,0.05624063313007355,,-0.018630891748935063,
2002-10-10,0.05913978070020676,,0.05154898529374741,
2002-10-11,0.0672292411327362,,0.13678543167985002,
2002-10-14,0.0652448758482933,,-0.029516401658097102,
2002-10-15,0.0720367580652237,,0.10409832387025775,
2002-10-16,0.06600768864154816,,-0.08369434696404132,
2002-10-17,0.07104411721229553,,0.07630063518959851,
2002-10-18,0.07173087447881699,,0.009666631009985993,
2002-10-21,0.07821784168481827,,0.09043479886637895,
2002-10-22,0.08081203699111938,,0.033166285983120325,
2002-10-23,0.08409308642148972,,0.04060099896666247,
2002-10-24,0.07982034236192703,,-0.05080969484396036,
2002-10-25,0.08470388501882553,,0.0611816801631242,
2002-10-28,0.0851617306470871,,0.005405249454140337,
2002-10-29,0.08142285794019699,,-0.04390320251221891,
2002-10-30,0.08577252924442291,,0.05342076431928544,
2002-10-31,0.09080898016691208,,0.05871869428190668,
2002-11-01,0.10759679228067398,,0.1848695149191737,
2002-11-04,0.11934823542833328,,0.10921741158421172,
2002-11-05,0.11461760848760605,,-0.039637175394753976,
2002-11-06,0.12346892058849335,,0.07722471457642066,
2002-11-07,0.11103077977895737,,-0.10073904226465835,
2002-11-08,0.08668822050094604,,-0.21924154118770534,
2002-11-11,0.07997237145900726,,-0.07747129890462445,
2002-11-12,0.08706915378570557,,0.08874042619001266,
2002-11-13,0.08981630951166153,,0.031551423282661695,
2002-11-14,0.09576849639415741,,0.06627066859970521,
2002-11-15,0.10278931260108948,,0.07331028961795827,
2002-11-18,0.10660511255264282,,0.03712253594264148,
2002-11-19,0.10813064873218536,,0.014310159644446818,
2002-11-20,0.11354895681142807,,0.05010890198821061,
2002-11-21,0.12316402792930603,,0.08467775828047297,
2002-11-22,0.11995901167392731,,-0.026022340364009078,
2002-11-25,0.12430863827466965,,0.03625927339719581,
2002-11-26,0.12095075100660324,,-0.02701250142123579,
2002-11-27,0.13033683598041534,,0.07760253570727871,
2002-11-29,0.13071869313716888,,0.0029297715713378913,
2002-12-02,0.1297268569469452,,-0.0075875620113713405,
2002-12-03,0.12117960304021835,,-0.06588654121345461,
2002-12-04,0.10668109357357025,,-0.11964480079899409,
2002-12-05,0.10767282545566559,,0.009296229058726402,
2002-12-06,0.10782574117183685,,0.0014201885714815177,
2002-12-09,0.09920244663953781,,-0.0799743589849895,
2002-12-10,0.10752080380916595,,0.08385233884254628,
2002-12-11,0.10691002756357193,,-0.005680540174142212,
2002-12-12,0.10515458881855011,,-0.01641977637671066,
2002-12-13,0.10103388875722885,,-0.03918706836875896,
2002-12-16,0.10698604583740234,,0.05891248128116433,
2002-12-17,0.10683400928974152,,-0.0014210876425126973,
2002-12-18,0.09866859018802643,,-0.0764308964532997,
2002-12-19,0.0965321883559227,,-0.021652299156525112,
2002-12-20,0.09782886505126953,,0.01343258365350497,
2002-12-23,0.09851562976837158,,0.007020062194753374,
2002-12-24,0.0965321883559227,,-0.020133266336644473,
2002-12-26,0.09477676451206207,,-0.01818485495623723,
2002-12-27,0.09118988364934921,,-0.037845571973037395,
2002-12-30,0.08798489719629288,,-0.03514629391765001,
2002-12-31,0.08783289045095444,,-0.001727645882216744,
2003-01-02,0.09393704682588577,,0.06949738695369323,
2003-01-03,0.09393704682588577,,0.0,
2003-01-06,0.10156864672899246,,0.08124164172684734,
2003-01-07,0.10126280784606934,,-0.0030111544533931722,
2003-01-08,0.09118988364934921,,-0.09947308800711985,
2003-01-09,0.09279239177703857,,0.017573310366876482,
2003-01-10,0.09439491480588913,,0.017269983003575184,
2003-01-13,0.09363213926553726,,-0.008080684663156035,
2003-01-14,0.0943189188838005,,0.007334870522562431,
2003-01-15,0.09141882508993149,,-0.03074774210932052,
2003-01-16,0.08523772656917572,,-0.06761297265279043,
2003-01-17,0.08203273266553879,,-0.037600649766695526,
2003-01-21,0.07997237145900726,,-0.025116330269429943,
2003-01-22,0.08004928380250931,,0.0009617364359573166,
2003-01-23,0.08226163685321808,,0.027637387189707985,
2003-01-24,0.07760704308748245,,-0.05658280024309459,
2003-01-27,0.07646240293979645,,-0.014749178710438793,
2003-01-28,0.0792095884680748,,0.03592857957186335,
2003-01-29,0.08081203699111938,,0.0202304866624885,
2003-01-30,0.07753103971481323,,-0.04060035359171443,
2003-01-31,0.07875173538923264,,0.015744606017274565,
2003-02-03,0.0802781954407692,,0.01938319256067178,
2003-02-04,0.07669135183095932,,-0.044680172369548576,
2003-02-05,0.07737812399864197,,0.008955014500154013,
2003-02-06,0.07798893749713898,,0.007893878359053197,
2003-02-07,0.07447806000709534,,-0.04501763458660324,
2003-02-10,0.07539378106594086,,0.012295178724557099,
2003-02-11,0.07402017712593079,,-0.018219061580273976,
2003-02-12,0.07440205663442612,,0.0051591271910311765,
2003-02-13,0.07531775534152985,,0.012307438107564739,
2003-02-14,0.09187669306993484,,0.21985437103533112,
2003-02-18,0.0971420407295227,,0.05730885041302014,
2003-02-19,0.09805778414011002,,0.009426849628751954,
2003-02-20,0.09805778414011002,,0.0,
2003-02-21,0.09813471138477325,,0.0007845093108909129,
2003-02-24,0.09935540705919266,,0.012438979614799228,
2003-02-25,0.09874456375837326,,-0.006148062988212355,
2003-02-26,0.09393704682588577,,-0.04868639598481006,
2003-02-27,0.09592138975858688,,0.02112417837000069,
2003-02-28,0.09630326181650162,,0.003981093881936237,
2003-03-03,0.09470079839229584,,-0.01663976270356393,
2003-03-04,0.09393704682588577,,-0.00806489046952108,
2003-03-05,0.09546356648206711,,0.016250453977021184,
2003-03-06,0.09386103600263596,,-0.016786828090402328,
2003-03-07,0.09531062096357346,,0.015443948017969777,
2003-03-10,0.09264038503170013,,-0.02801614242859518,
2003-03-11,0.09332718700170517,,0.007413634666673996,
2003-03-12,0.09592138975858688,,0.027796860060020023,
2003-03-13,0.10546046495437622,,0.09944679929885392,
2003-03-14,0.10240740329027176,,-0.0289498217689943,
2003-03-17,0.10835961997509003,,0.05812291390639812,
2003-03-18,0.10752080380916595,,-0.0077410401228511505,
2003-03-19,0.10805467516183853,,0.004965284240435297,
2003-03-20,0.10904639959335327,,0.009177987255335252,
2003-03-21,0.10805467516183853,,-0.009094517886083286,
2003-03-24,0.1040099635720253,,-0.03743208319080393,
2003-03-25,0.10698604583740234,,0.028613434359258783,
2003-03-26,0.1099620908498764,,0.02781713249779383,
2003-03-27,0.10683400928974152,,-0.02844690871152533,
2003-03-28,0.10248441249132156,,-0.04071359698411703,
2003-03-31,0.0982866883277893,,-0.04095963533857139,
2003-04-01,0.10118678957223892,,0.02950655163777305,
2003-04-02,0.10492569208145142,,0.03695050040641146,
2003-04-03,0.1062992513179779,,0.013090780811435776,
2003-04-04,0.10217848420143127,,-0.0387657209759642,
2003-04-07,0.10324713587760925,,0.010458676154084134,
2003-04-08,0.1022554412484169,,-0.009605057038753362,
2003-04-09,0.1017206460237503,,-0.005229992831064845,
2003-04-10,0.1022554412484169,,0.005257489463267095,
2003-04-11,0.10111077129840851,,-0.011194220434955215,
2003-04-14,0.1028653085231781,,0.01735262427769868,
2003-04-15,0.10233145207166672,,-0.005189859041652478,
2003-04-16,0.10233145207166672,,0.0,
2003-04-17,0.10416285693645477,,0.017896793485403295,
2003-04-21,0.10683400928974152,,0.025644000480097295,
2003-04-22,0.1082075759768486,,0.012857017126277404,
2003-04-23,0.11064888536930084,,0.022561353679843688,
2003-04-24,0.10736789554357529,,-0.02965226278398514,
2003-04-25,0.10340007394552231,,-0.036955382034498774,
2003-04-28,0.10652816295623779,,0.030252289880987604,
2003-04-29,0.10981012135744095,,0.03080836381785157,
2003-04-30,0.10935220867395401,,-0.004170040774259753,
2003-05-01,0.11003904789686203,,0.00628098171254976,
2003-05-02,0.1213325634598732,,0.10263189094108127,
2003-05-05,0.12430863827466965,,0.02452824476737181,
2003-05-06,0.1244615763425827,,0.001230309253127837,
2003-05-07,0.12247724086046219,,-0.01594335810642955,
2003-05-08,0.12255314737558365,,0.0006197601659556629,
2003-05-09,0.16307371854782104,,0.3306367240659731,
2003-05-12,0.15849509835243225,,-0.02807699631897531,
2003-05-13,0.15551906824111938,,-0.018776795889897557,
2003-05-14,0.15536707639694214,,-0.000977319668232557,
2003-05-15,0.1607084572315216,,0.03437910372293396,
2003-05-16,0.16223494708538055,,0.009498503564500327,
2003-05-19,0.15307776629924774,,-0.056443947192916455,
2003-05-20,0.1541454941034317,,0.006975067836413773,
2003-05-21,0.15956375002861023,,0.03515027122066172,
2003-05-22,0.1600976586341858,,0.0033460520041665998,
2003-05-23,0.1592588871717453,,-0.005239123854753114,
2003-05-27,0.17337550222873688,,0.08863941791686747,
2003-05-28,0.17291763424873352,,-0.00264090355394786,
2003-05-29,0.18474595248699188,,0.06840434921312832,
2003-05-30,0.19970238208770752,,0.08095673761387934,
2003-06-02,0.188637837767601,,-0.0554051694548493,
2003-06-03,0.1925296187400818,,0.020630966822655195,
2003-06-04,0.19710814952850342,,0.023780916507203598,
2003-06-05,0.202755406498909,,0.028650550390302065,
2003-06-06,0.19657431542873383,,-0.030485456229787045,
2003-06-09,0.19420813024044037,,-0.012037102523454024,
2003-06-10,0.19703222811222076,,0.014541604763322669,
2003-06-11,0.197184219956398,,0.0007714060061823069,
2003-06-12,0.19420813024044037,,-0.015092940584270464,
2003-06-13,0.17909875512123108,,-0.07779991033590128,
2003-06-16,0.182914599776268,,0.021305813390238182,
2003-06-17,0.18726427853107452,,0.023779833649838933,
2003-06-18,0.19443701207637787,,0.03830273238210302,
2003-06-19,0.18260960280895233,,-0.060829001336327626,
2003-06-20,0.18070127069950104,,-0.010450338208378929,
2003-06-23,0.17429131269454956,,-0.03547267808432286,
2003-06-24,0.17391027510166168,,-0.0021862110451578154,
2003-06-25,0.17505499720573425,,0.0065822568758713285,
2003-06-26,0.17528389394283295,,0.0013075704250229414,
2003-06-27,0.17215487360954285,,-0.01785115713090335,
2003-06-30,0.17482607066631317,,0.015516244186201567,
2003-07-01,0.1819988489151001,,0.04102808134650271,
2003-07-02,0.1814649999141693,,-0.0029332548206379983,
2003-07-03,0.1794046014547348,,-0.011354247157352892,
2003-07-07,0.1911560297012329,,0.06550237926569058,
2003-07-08,0.18901970982551575,,-0.011175791206043173,
2003-07-09,0.1933693289756775,,0.023011458192253587,
2003-07-10,0.1854328215122223,,-0.04104325906024875,
2003-07-11,0.18642456829547882,,0.005348280715187004,
2003-07-14,0.18497489392757416,,-0.007776198068523699,
2003-07-15,0.17894670367240906,,-0.032589234826242985,
2003-07-16,0.17673344910144806,,-0.012368233253475913,
2003-07-17,0.16788128018379211,,-0.050087682680682866,
2003-07-18,0.16223494708538055,,-0.03363289279322923,
2003-07-21,0.1597927063703537,,-0.015053727688779439,
2003-07-22,0.16246388852596283,,0.016716546182139913,
2003-07-23,0.16460025310516357,,0.013149781151885476,
2003-07-24,0.15819017589092255,,-0.038943301078313675,
2003-07-25,0.1607084572315216,,0.015919328279497602,
2003-07-28,0.15574797987937927,,-0.030866311814543246,
2003-07-29,0.1455230712890625,,-0.06565034485991772,
2003-07-30,0.1439206302165985,,-0.011011594644542266,
2003-07-31,0.14567513763904572,,0.012190798635377753,
2003-08-01,0.1504826694726944,,0.03300173187795985,
2003-08-04,0.15612982213497162,,0.03752693039049193,
2003-08-05,0.15567198395729065,,-0.0029324197736239066,
2003-08-06,0.1493379771709442,,-0.040688161256326016,
2003-08-07,0.1472775936126709,,-0.013796782287434084,
2003-08-08,0.11828048527240753,,-0.19688743975898737,
2003-08-11,0.12469051033258438,,0.05419342882652334,
2003-08-12,0.12720873951911926,,0.020195836714582915,
2003-08-13,0.12804752588272095,,0.006593779380037246,
2003-08-14,0.12362180650234222,,-0.03456309952003489,
2003-08-15,0.12324000895023346,,-0.003088432072876457,
2003-08-18,0.12690286338329315,,0.029721309372338744,
2003-08-19,0.13659483194351196,,0.07637312746005986,
2003-08-20,0.13468649983406067,,-0.013970748982951808,
2003-08-21,0.13834935426712036,,0.02719540887596361,
2003-08-22,0.13934199512004852,,0.007174886057014884,
2003-08-25,0.13857829570770264,,-0.005480755544571725,
2003-08-26,0.1363658905029297,,-0.015965019583149442,
2003-08-27,0.14048665761947632,,0.030218459332820524,
2003-08-28,0.13682372868061066,,-0.0260731446027217,
2003-08-29,0.13865524530410767,,0.013385957546679261,
2003-09-02,0.13743361830711365,,-0.008810535759499527,
2003-09-03,0.1347634494304657,,-0.019428789764387222,
2003-09-04,0.13606007397174835,,0.00962148525258466,
2003-09-05,0.14254704117774963,,0.047677228276005845,
2003-09-08,0.14910902082920074,,0.04603378363545696,
2003-09-09,0.15826618671417236,,0.06141255461304951,
2003-09-10,0.14743050932884216,,-0.06846489202964978,
2003-09-11,0.1455230712890625,,-0.012937878655259527,
2003-09-12,0.14765948057174683,,0.014680897425815242,
2003-09-15,0.14521721005439758,,-0.01653988289741115,
2003-09-16,0.14971978962421417,,0.031005826156073057,
2003-09-17,0.1514752209186554,,0.011724777992590196,
2003-09-18,0.15261991322040558,,0.007556960767628684,
2003-09-19,0.15139836072921753,,-0.008003886684327721,
2003-09-22,0.14544621109962463,,-0.03931449192001868,
2003-09-23,0.14681971073150635,,0.009443351060832494,
2003-09-24,0.13567911088466644,,-0.07587945645263572,
2003-09-25,0.13377076387405396,,-0.014065149735795868,
2003-09-26,0.12865830957889557,,-0.038218024231152614,
2003-09-29,0.12171439081430435,,-0.053971786100089236,
2003-09-30,0.12186644971370697,,0.0012493091275838086,
2003-10-01,0.12285911291837692,,0.008145500316140808,
2003-10-02,0.12476653605699539,,0.015525288220872069,
2003-10-03,0.12804752588272095,,0.026297033879555176,
2003-10-06,0.12705585360527039,,-0.007744564142214139,
2003-10-07,0.1282004415988922,,0.00900854200057366,
2003-10-08,0.1236979216337204,,-0.03512093959285334,
2003-10-09,0.12545329332351685,,0.014190793722421935,
2003-10-10,0.12766659259796143,,0.017642416678029793,
2003-10-13,0.12896329164505005,,0.010156917488759909,
2003-10-14,0.1313294768333435,,0.018347741889265468,
2003-10-15,0.12965001165866852,,-0.01278818141342497,
2003-10-16,0.13125260174274445,,0.012360894253485188,
2003-10-17,0.12713177502155304,,-0.031396152658887844,
2003-10-20,0.1299559473991394,,0.02221452801321755,
2003-10-21,0.1339237093925476,,0.03053159222657076,
2003-10-22,0.1316343992948532,,-0.017094135967994584,
2003-10-23,0.1310235857963562,,-0.004640227036162625,
2003-10-24,0.13056574761867523,,-0.0034943187892335636,
2003-10-27,0.13125260174274445,,0.005260599633490459,
2003-10-28,0.13949395716190338,,0.06279003470965105,
2003-10-29,0.13949395716190338,,0.0,
2003-10-30,0.13689975440502167,,-0.018597241125440034,
2003-10-31,0.13491544127464294,,-0.014494643463771828,
2003-11-03,0.13743361830711365,,0.018664854138856768,
2003-11-04,0.1378915011882782,,0.003331665765659686,
2003-11-05,0.1384263038635254,,0.0038784310174198033,
2003-11-06,0.13865524530410767,,0.0016538868278097585,
2003-11-07,0.16597384214401245,,0.19702533993566473,
2003-11-10,0.16551600396633148,,-0.0027584959880829762,
2003-11-11,0.16139526665210724,,-0.024896307399147166,
2003-11-12,0.1635315865278244,,0.013236570811720805,
2003-11-13,0.16360847651958466,,0.00047018434415524446,
2003-11-14,0.15391658246517181,,-0.05923833691619684,
2003-11-17,0.15231402218341827,,-0.010411875420350936,
2003-11-18,0.1501017063856125,,-0.014524702099598441,
2003-11-19,0.15429843962192535,,0.027959264004177475,
2003-11-20,0.15017768740653992,,-0.026706376457742764,
2003-11-21,0.15078845620155334,,0.004066974299318016,
2003-11-24,0.1598687618970871,,0.06021883852565235,
2003-11-25,0.16261591017246246,,0.017183771505929313,
2003-11-26,0.16276882588863373,,0.0009403490470833997,
2003-11-28,0.16200600564479828,,-0.00468652544288406,
2003-12-01,0.16429533064365387,,0.014131111928498363,
2003-12-02,0.16360847651958466,,-0.004180606480892357,
2003-12-03,0.16192910075187683,,-0.010264601220137837,
2003-12-04,0.16109028458595276,,-0.005180144656082408,
2003-12-05,0.15590094029903412,,-0.03221388738778819,
2003-12-08,0.15704558789730072,,0.007342146853450915,
2003-12-09,0.14888007938861847,,-0.05199451075328554,
2003-12-10,0.15216203033924103,,0.022044258466948685,
2003-12-11,0.1598687618970871,,0.05064819088352146,
2003-12-12,0.15902996063232422,,-0.005246811539723062,
2003-12-15,0.1558249592781067,,-0.02015344367485228,
2003-12-16,0.15796123445034027,,0.013709454391198639,
2003-12-17,0.15490920841693878,,-0.019321360991015668,
2003-12-18,0.1584191769361496,,0.02265823029554004,
2003-12-19,0.16078448295593262,,0.01493067989323249,
2003-12-22,0.1610133945941925,,0.001423717227256427,
2003-12-23,0.16757623851299286,,0.04075961466026423,
2003-12-24,0.16635563969612122,,-0.007283841836424831,
2003-12-26,0.17352847754955292,,0.0431174913368384,
2003-12-29,0.1808542162179947,,0.042216348416644456,
2003-12-30,0.18123602867126465,,0.0021111614716780025,
2003-12-31,0.17703846096992493,,-0.023160779521126496,
2004-01-02,0.17612265050411224,,-0.005172946380099019,
2004-01-05,0.18184594810009003,,0.032496090534613886,
2004-01-06,0.18924857676029205,,0.040708240890402037,
2004-01-07,0.19092713296413422,,0.008869584292664268,
2004-01-08,0.19161385297775269,,0.0035967649173649363,
2004-01-09,0.19436100125312805,,0.014336898051386271,
2004-01-12,0.19657431542873383,,0.011387645470725127,
2004-01-13,0.18642456829547882,,-0.05163312974595957,
2004-01-14,0.18505093455314636,,-0.007368308559820735,
2004-01-15,0.18535681068897247,,0.0016529294302929376,
2004-01-16,0.18817993998527527,,0.015230782650009989,
2004-01-20,0.1934453547000885,,0.027980743937027652,
2004-01-21,0.1845170557498932,,-0.04615411398240843,
2004-01-22,0.18024343252182007,,-0.0231611284425971,
2004-01-23,0.17619961500167847,,-0.02243531130962051,
2004-01-26,0.1831435263156891,,0.039409344418513514,
2004-01-27,0.1726887822151184,,-0.05708497761777054,
2004-01-28,0.17223094403743744,,-0.002651232881535015,
2004-01-29,0.16719450056552887,,-0.02924238440459226,
2004-01-30,0.1697896420955658,,0.015521691929214043,
2004-02-02,0.17253674566745758,,0.01617945322215575,
2004-02-03,0.17192593216896057,,-0.00354019369111247,
2004-02-04,0.16727139055728912,,-0.02707294677976324,
2004-02-05,0.1697896420955658,,0.015054884938104252,
2004-02-06,0.173681378364563,,0.022920928632423454,
2004-02-09,0.17245981097221375,,-0.00703338149346755,
2004-02-10,0.17879384756088257,,0.03672760948166265,
2004-02-11,0.18505093455314636,,0.0349960978949968,
2004-02-12,0.1794806718826294,,-0.030101240417768294,
2004-02-13,0.17780211567878723,,-0.009352295075760853,
2004-02-17,0.17978554964065552,,0.011155288868730295,
2004-02-18,0.17978554964065552,,0.0,
2004-02-19,0.1797095686197281,,-0.00042262028889028525,
2004-02-20,0.18421217799186707,,0.025054922821982073,
2004-02-23,0.17780211567878723,,-0.034797169128323535,
2004-02-24,0.17070533335208893,,-0.039913936342125256,
2004-02-25,0.17169706523418427,,0.005809612755623972,
2004-02-26,0.1728416532278061,,0.006666322409533798,
2004-02-27,0.1697896420955658,,-0.01765784505785606,
2004-03-01,0.1723078042268753,,0.014831070377615552,
2004-03-02,0.16910283267498016,,-0.018600269246511925,
2004-03-03,0.16688953340053558,,-0.013088481366238192,
2004-03-04,0.17055237293243408,,0.021947688733167325,
2004-03-05,0.16933169960975647,,-0.0071571758380705175,
2004-03-08,0.1634555608034134,,-0.03470194192750253,
2004-03-09,0.1623109132051468,,-0.007002806099960512,
2004-03-10,0.15994572639465332,,-0.014571951840995911,
2004-03-11,0.1587241142988205,,-0.007637666372020457,
2004-03-12,0.1620820015668869,,0.021155495388335943,
2004-03-15,0.1584191769361496,,-0.022598589573967987,
2004-03-16,0.165211021900177,,0.04287261867775549,
2004-03-17,0.1692548394203186,,0.024476681238524867,
2004-03-18,0.1711631715297699,,0.01127490425672395,
2004-03-19,0.1691788136959076,,-0.011593369158371614,
2004-03-22,0.16788128018379211,,-0.007669598123839272,
2004-03-23,0.16856805980205536,,0.004090864791544302,
2004-03-24,0.17612265050411224,,0.04481626418983531,
2004-03-25,0.18634849786758423,,0.05806094408755924,
2004-03-26,0.18581463396549225,,-0.0028648682881862175,
2004-03-29,0.19382719695568085,,0.04312126994086274,
2004-03-30,0.19962643086910248,,0.029919608829444222,
2004-03-31,0.20145782828330994,,0.009174122916660865,
2004-04-01,0.19787099957466125,,-0.017804365008861955,
2004-04-02,0.20069503784179688,,0.014272118062809147,
2004-04-05,0.20786787569522858,,0.03573998605329676,
2004-04-06,0.19947348535060883,,-0.04038329788354322,
2004-04-07,0.19840575754642487,,-0.005352730475968959,
2004-04-08,0.2040521651506424,,0.028458889873174797,
2004-04-12,0.2002371996641159,,-0.018696030418055454,
2004-04-13,0.19558164477348328,,-0.023250199755300183,
2004-04-14,0.19657431542873383,,0.005075479636139857,
2004-04-15,0.186272531747818,,-0.052406560126878055,
2004-04-16,0.18016739189624786,,-0.03277530935068551,
2004-04-19,0.17993846535682678,,-0.001270632476896294,
2004-04-20,0.1723078042268753,,-0.04240705907333098,
2004-04-21,0.17253674566745758,,0.0013286771403622222,
2004-04-22,0.17352847754955292,,0.005747945912963903,
2004-04-23,0.1773442178964615,,0.021989130549589175,
2004-04-26,0.17039944231510162,,-0.03915986471808408,
2004-04-27,0.1689499020576477,,-0.008506719492505366,
2004-04-28,0.16826315224170685,,-0.0040648133415699395,
2004-04-29,0.16360847651958466,,-0.02766307215875663,
2004-04-30,0.15658771991729736,,-0.042911936787375926,
2004-05-03,0.15460339188575745,,-0.012672309377695479,
2004-05-04,0.16444730758666992,,0.06367205519130215,
2004-05-05,0.1658208668231964,,0.008352579660220849,
2004-05-06,0.16719450056552887,,0.008283841283962534,
2004-05-07,0.16849204897880554,,0.007760712277543602,
2004-05-10,0.16192910075187683,,-0.038951085625139825,
2004-05-11,0.16589787602424622,,0.024509339296898247,
2004-05-12,0.16360847651958466,,-0.013800053138275037,
2004-05-13,0.1641424000263214,,0.003263422031026808,
2004-05-14,0.1641424000263214,,0.0,
2004-05-17,0.16154810786247253,,-0.015805131175326226,
2004-05-18,0.1641424000263214,,0.0160589449061046,
2004-05-19,0.1637604683637619,,-0.0023268312300677163,
2004-05-20,0.16139526665210724,,-0.014443056589218073,
2004-05-21,0.16177710890769958,,0.0023658826154759893,
2004-05-24,0.1612422913312912,,-0.003305891544356343,
2004-05-25,0.16826315224170685,,0.04354230427047501,
2004-05-26,0.17169706523418427,,0.0204079915699229,
2004-05-27,0.17223094403743744,,0.003109422997562561,
2004-05-28,0.17894670367240906,,0.03899275866195007,
2004-06-01,0.17879384756088257,,-0.0008541990905086561,
2004-06-02,0.17742031812667847,,-0.00768219630005107,
2004-06-03,0.1688738912343979,,-0.04817050821754476,
2004-06-04,0.16719450056552887,,-0.009944643642622153,
2004-06-07,0.1712391972541809,,0.024191565362323475,
2004-06-08,0.16818709671497345,,-0.017823609244541294,
2004-06-09,0.1603265255689621,,-0.046737064254891436,
2004-06-10,0.1587241142988205,,-0.00999467346064542,
2004-06-14,0.1537645310163498,,-0.03124656454616337,
2004-06-15,0.15605388581752777,,0.014888705386384204,
2004-06-16,0.15361160039901733,,-0.0156502698136346,
2004-06-17,0.15055954456329346,,-0.019868654631524874,
2004-06-18,0.15078845620155334,,0.0015204060222409055,
2004-06-21,0.14811739325523376,,-0.017713975019077566,
2004-06-22,0.15231402218341827,,0.028333127095701238,
2004-06-23,0.15490920841693878,,0.01703839342116087,
2004-06-24,0.15353557467460632,,-0.008867347244040591,
2004-06-25,0.15452738106250763,,0.006459782301289296,
2004-06-28,0.15322978794574738,,-0.00839717277182983,
2004-06-29,0.15849509835243225,,0.03436218555982795,
2004-06-30,0.15620584785938263,,-0.014443667449949849,
2004-07-01,0.1490330994129181,,-0.04591856543630479,
2004-07-02,0.14697265625,,-0.013825406376400506,
2004-07-06,0.13834935426712036,,-0.05867283209613783,
2004-07-07,0.1390361487865448,,0.004964204734186239,
2004-07-08,0.1347634494304657,,-0.030730852324158953,
2004-07-09,0.12896329164505005,,-0.04303954677568844,
2004-07-12,0.1259871870279312,,-0.02307714528030247,
2004-07-13,0.12575823068618774,,-0.001817298624920527,
2004-07-14,0.1201879009604454,,-0.04429395750360332,
2004-07-15,0.11934823542833328,,-0.006986273371963336,
2004-07-16,0.11583825200796127,,-0.029409596277438887,
2004-07-19,0.11713586747646332,,0.011201960026234303,
2004-07-20,0.11950115859508514,,0.020192714405748546,
2004-07-21,0.1122513934969902,,-0.06066690217339121,
2004-07-22,0.11461760848760605,,0.021079604599111734,
2004-07-23,0.11156461387872696,,-0.026636348892318917,
2004-07-26,0.10843653231859207,,-0.028038295041608596,
2004-07-27,0.1120225042104721,,0.033069776533837025,
2004-07-28,0.10919930785894394,,-0.025202046422956537,
2004-07-29,0.11637215316295624,,0.06568581289249265,
2004-07-30,0.1176697164773941,,0.011150118642394569,
2004-08-02,0.11919620633125305,,0.012972665351430601,
2004-08-03,0.11301510781049728,,-0.0518565037512867,
2004-08-04,0.1142357736825943,,0.010800908796581687,
2004-08-05,0.11110677570104599,,-0.027390701534899864,
2004-08-06,0.07195986062288284,,-0.35233598339218664,
2004-08-09,0.07516483217477798,,0.04453832350636855,
2004-08-10,0.08111700415611267,,0.07918825611815805,
2004-08-11,0.07875173538923264,,-0.029158729313128795,
2004-08-12,0.0769202709197998,,-0.02325617918615719,
2004-08-13,0.08012527972459793,,0.04166663437963969,
2004-08-16,0.07936249673366547,,-0.00951987928846254,
2004-08-17,0.08371216803789139,,0.05480764193726273,
2004-08-18,0.08928246051073074,,0.0665410131334554,
2004-08-19,0.08897751569747925,,-0.0034155063772558503,
2004-08-20,0.09424290060997009,,0.05917657816378008,
2004-08-23,0.09630326181650162,,0.021862243131272496,
2004-08-24,0.09271641075611115,,-0.03724537458788191,
2004-08-25,0.09668422490358353,,0.042795165549598835,
2004-08-26,0.09691314399242401,,0.002367698443761279,
2004-08-27,0.09874456375837326,,0.018897537428900435,
2004-08-30,0.09546356648206711,,-0.03322711804504719,
2004-08-31,0.09508168697357178,,-0.0040002644209512495,
2004-09-01,0.09691314399242401,,0.01926193231469786,
2004-09-02,0.10088184475898743,,0.040951109447792344,
2004-09-03,0.09782886505126953,,-0.03026292505863315,
2004-09-07,0.0959974154829979,,-0.018720952832395832,
2004-09-08,0.09401397407054901,,-0.020661404293745522,
2004-09-09,0.10340007394552231,,0.09983728448634532,
2004-09-10,0.10736789554357529,,0.0383734889797418,
2004-09-13,0.10942826420068741,,0.01918980200441678,
2004-09-14,0.10988612473011017,,0.004184115801956434,
2004-09-15,0.10378099232912064,,-0.05555871968352932,
2004-09-16,0.10767282545566559,,0.03750044241437567,
2004-09-17,0.11209942400455475,,0.04111156673149452,
2004-09-20,0.1119464635848999,,-0.0013645067404506328,
2004-09-21,0.11492255330085754,,0.026584937305327072,
2004-09-22,0.10958116501569748,,-0.04647815534672961,
2004-09-23,0.11057288199663162,,0.009050067872449441,
2004-09-24,0.10721497982740402,,-0.03036822508913073,
2004-09-27,0.10530752688646317,,-0.017790918246792575,
2004-09-28,0.10683400928974152,,0.014495472910726726,
2004-09-29,0.10942826420068741,,0.024283043650548564,
2004-09-30,0.1108018159866333,,0.012552075060122014,
2004-10-01,0.11538039147853851,,0.0413222062394496,
2004-10-04,0.11866142600774765,,0.028436673573077886,
2004-10-05,0.11599120497703552,,-0.022502856408769145,
2004-10-06,0.11644907295703888,,0.00394743705002476,
2004-10-07,0.11713586747646332,,0.0058978101068938305,
2004-10-08,0.11072582006454468,,-0.05472318214748906,
2004-10-11,0.11087784171104431,,0.0013729557063657527,
2004-10-12,0.10927533358335495,,-0.014452915956513768,
2004-10-13,0.10858854651451111,,-0.006284923104992957,
2004-10-14,0.10530752688646317,,-0.030215153746527834,
2004-10-15,0.10240740329027176,,-0.027539566087409484,
2004-10-18,0.10423888266086578,,0.017884247737468106,
2004-10-19,0.10355204343795776,,-0.006589088499179385,
2004-10-20,0.10477367043495178,,0.011797227330679894,
2004-10-21,0.10713892430067062,,0.02257488790742812,
2004-10-22,0.10133971273899078,,-0.054127961425160076,
2004-10-25,0.10179755836725235,,0.004517929012102018,
2004-10-26,0.11057288199663162,,0.08620367492234715,
2004-10-27,0.11362498998641968,,0.027602681007093954,
2004-10-28,0.11240435391664505,,-0.010742672627918504,
2004-10-29,0.11041995137929916,,-0.017654142995363387,
2004-11-01,0.11278615891933441,,0.021429166654015175,
2004-11-02,0.11438871175050735,,0.014208772127075386,
2004-11-03,0.11545640230178833,,0.009333880371078074,
2004-11-04,0.11759372800588608,,0.01851197215128053,
2004-11-05,0.13461051881313324,,0.14470831987225874,
2004-11-08,0.13606007397174835,,0.01076851327367212,
2004-11-09,0.13522127270698547,,-0.006164933181919685,
2004-11-10,0.13522127270698547,,0.0,
2004-11-11,0.1378915011882782,,0.019747103601656768,
2004-11-12,0.13812041282653809,,0.0016600851849986054,
2004-11-15,0.140180766582489,,0.01491708367928557,
2004-11-16,0.13972292840480804,,-0.0032660555997998664,
2004-11-17,0.1420891284942627,,0.01693494486888536,
2004-11-18,0.1439206302165985,,0.012889808965291571,
2004-11-19,0.14468340575695038,,0.00529997359797485,
2004-11-22,0.14880411326885223,,0.028480857845053276,
2004-11-23,0.14941491186618805,,0.004104715816774851,
2004-11-24,0.15002474188804626,,0.004081453545977887,
2004-11-26,0.15155118703842163,,0.010174622739990813,
2004-11-29,0.14857518672943115,,-0.019636931700416138,
2004-11-30,0.14598098397254944,,-0.017460538424939,
2004-12-01,0.14964380860328674,,0.02509110797215941,
2004-12-02,0.15162725746631622,,0.013254466600002734,
2004-12-03,0.15819017589092255,,0.04328323636707787,
2004-12-06,0.1657448709011078,,0.04775704286083138,
2004-12-07,0.1740623265504837,,0.050182280779829114,
2004-12-08,0.17612265050411224,,0.011836702372417074,
2004-12-09,0.17452016472816467,,-0.009098692140737219,
2004-12-10,0.17787809669971466,,0.019240939731980822,
2004-12-13,0.17299459874629974,,-0.027454183758549022,
2004-12-14,0.17650452256202698,,0.02028921042138787,
2004-12-15,0.17810703814029694,,0.009079175734473255,
2004-12-16,0.18047231435775757,,0.013280082820744443,
2004-12-17,0.17597071826457977,,-0.024943416441449817,
2004-12-20,0.1740623265504837,,-0.010844939049613478,
2004-12-21,0.17535988986492157,,0.0074545902042826295,
2004-12-22,0.17558877170085907,,0.0013052120192011962,
2004-12-23,0.176046684384346,,0.002607869962591103,
2004-12-27,0.17452016472816467,,-0.008671107107297904,
2004-12-28,0.17360442876815796,,-0.005247164196945819,
2004-12-29,0.1751309037208557,,0.008792834166323704,
2004-12-30,0.17444418370723724,,-0.0039211812365969045,
2004-12-31,0.17978554964065552,,0.03061934092559082,
2005-01-03,0.17993846535682678,,0.0008505450881726162,
2005-01-04,0.1714680790901184,,-0.04707379408794654,
2005-01-05,0.17307066917419434,,0.009346288198829544,
2005-01-06,0.17139208316802979,,-0.009698847379361886,
2005-01-07,0.168110191822052,,-0.019148441896002177,
2005-01-10,0.16849204897880554,,0.0022714694011993775,
2005-01-11,0.16330264508724213,,-0.03079910252747997,
2005-01-12,0.16192910075187683,,-0.00841103544055577,
2005-01-13,0.16360847651958466,,0.010371055973942056,
2005-01-14,0.1641424000263214,,0.003263422031026808,
2005-01-18,0.16673657298088074,,0.015804404920016557,
2005-01-19,0.16292177140712738,,-0.02287921303378826,
2005-01-20,0.16330264508724213,,0.0023377703104086045,
2005-01-21,0.16360847651958466,,0.0018727892140335545,
2005-01-24,0.15704558789730072,,-0.04011337775337287,
2005-01-25,0.1597927063703537,,0.017492490619026135,
2005-01-26,0.16185308992862701,,0.012894102647575956,
2005-01-27,0.17482607066631317,,0.08015281477423075,
2005-01-28,0.17459718883037567,,-0.0013091973929584277,
2005-01-31,0.1749020516872406,,0.0017460925854946296,
2005-02-01,0.17818303406238556,,0.018758970197856772,
2005-02-02,0.18810398876667023,,0.05567844748232953,
2005-02-03,0.18611954152584076,,-0.010549735036671892,
2005-02-04,0.19680330157279968,,0.05740267765207019,
2005-02-07,0.19443701207637787,,-0.01202362703019233,
2005-02-08,0.19634544849395752,,0.009815191033844872,
2005-02-09,0.18947751820087433,,-0.03497881079374521,
2005-02-10,0.19390316307544708,,0.023357097541677252,
2005-02-11,0.19955043494701385,,0.029124186434078103,
2005-02-14,0.19535276293754578,,-0.021035644500512762,
2005-02-15,0.19710814952850342,,0.008985726971872054,
2005-02-16,0.19642138481140137,,-0.0034842025494371542,
2005-02-17,0.19466595351696014,,-0.008937068110617119,
2005-02-18,0.21572747826576233,,0.10819316047974059,
2005-02-22,0.2184746265411377,,0.012734345654340062,
2005-02-23,0.211377814412117,,-0.03248346154139958,
2005-02-24,0.21694904565811157,,0.02635674543938893,
2005-02-25,0.22007718682289124,,0.01441878278510278,
2005-02-28,0.22122186422348022,,0.005201254237724218,
2005-03-01,0.22068795561790466,,-0.002413453152334877,
2005-03-02,0.21420183777809143,,-0.029390447800618502,
2005-03-03,0.21130181849002838,,-0.01353872272126544,
2005-03-04,0.21038609743118286,,-0.004333711206980118,
2005-03-07,0.2125224471092224,,0.010154424194965372,
2005-03-08,0.20176278054714203,,-0.050628376947639,
2005-03-09,0.19649738073349,,-0.026096982800164037,
2005-03-10,0.19642138481140137,,-0.00038675285036848805,
2005-03-11,0.19199569523334503,,-0.02253160765720985,
2005-03-14,0.1974131166934967,,0.028216369401238506,
2005-03-15,0.1934453547000885,,-0.020098775906408184,
2005-03-16,0.19016431272029877,,-0.0169610791888829,
2005-03-17,0.18825602531433105,,-0.010034939672274312,
2005-03-18,0.18444101512432098,,-0.02026500975806833,
2005-03-21,0.19077417254447937,,0.03433703406961608,
2005-03-22,0.18734028935432434,,-0.017999727868584614,
2005-03-23,0.19138500094413757,,0.02159018545211766,
2005-03-24,0.1917668879032135,,0.0019953860396164647,
2005-03-28,0.18962949514389038,,-0.011145786338264463,
2005-03-29,0.1854328215122223,,-0.022130911799789765,
2005-03-30,0.1854328215122223,,0.0,
2005-03-31,0.18131205439567566,,-0.022222425797878587,
2005-04-01,0.17955662310123444,,-0.00968182341925461,
2005-04-04,0.17848891019821167,,-0.005946385516622188,
2005-04-05,0.17535988986492157,,-0.017530614814193934,
2005-04-06,0.1780310571193695,,0.015232487067056821,
2005-04-07,0.18131205439567566,,0.0184293534476192,
2005-04-08,0.17894670367240906,,-0.01304574442747597,
2005-04-11,0.17543591558933258,,-0.019619182756803077,
2005-04-12,0.17757318913936615,,0.012182645399910985,
2005-04-13,0.17017047107219696,,-0.041688264444917134,
2005-04-14,0.16879700124263763,,-0.008071140785504527,
2005-04-15,0.16292177140712738,,-0.034806482296832364,
2005-04-18,0.16177710890769958,,-0.007025841233750052,
2005-04-19,0.16742341220378876,,0.03490174434573823,
2005-04-20,0.1623109132051468,,-0.030536344537160698,
2005-04-21,0.17131519317626953,,0.05547550557948089,
2005-04-22,0.16971270740032196,,-0.00935402019071796,
2005-04-25,0.17238380014896393,,0.01573890835611591,
2005-04-26,0.17162100970745087,,-0.0044249543220065135,
2005-04-27,0.16505812108516693,,-0.038240589735902275,
2005-04-28,0.16559186577796936,,0.0032336772604302233,
2005-04-29,0.16734734177589417,,0.010601221199346922,
2005-05-02,0.16673657298088074,,-0.003649707181075823,
2005-05-03,0.1658208668231964,,-0.005491933421165607,
2005-05-04,0.17108626663684845,,0.031753541725639156,
2005-05-05,0.17444418370723724,,0.019627040418833674,
2005-05-06,0.17680945992469788,,0.013558928519108226,
2005-05-09,0.18009145557880402,,0.018562330632670543,
2005-05-10,0.17307066917419434,,-0.03898456138324424,
2005-05-11,0.17017047107219696,,-0.01675730564766209,
2005-05-12,0.17391027510166168,,0.021976809524597574,
2005-05-13,0.19329237937927246,,0.1114488736578716,
2005-05-16,0.19397921860218048,,0.003553369383281879,
2005-05-17,0.19611646234989166,,0.011017900593229601,
2005-05-18,0.19756601750850677,,0.007391297707731281,
2005-05-19,0.197184219956398,,-0.0019325061917205844,
2005-05-20,0.20069503784179688,,0.017804760878812553,
2005-05-23,0.2053496539592743,,0.023192482323088237,
2005-05-24,0.2082497775554657,,0.01412285601789498,
2005-05-25,0.20557862520217896,,-0.01282667566151563,
2005-05-26,0.211377814412117,,0.0282091059040539,
2005-05-27,0.21000425517559052,,-0.006498123941467648,
2005-05-31,0.20679926872253418,,-0.015261531012200513,
2005-06-01,0.20870761573314667,,0.009228016242034842,
2005-06-02,0.216491237282753,,0.03729438201027824,
2005-06-03,0.21595638990402222,,-0.002470526684792418,
2005-06-06,0.2138960212469101,,-0.009540670030777076,
2005-06-07,0.20870761573314667,,-0.024256671458952495,
2005-06-08,0.20725712180137634,,-0.006949885018210922,
2005-06-09,0.21595638990402222,,0.041973313278868885,
2005-06-10,0.21351516246795654,,-0.011304261185096864,
2005-06-13,0.218245729804039,,0.022155650593631337,
2005-06-14,0.2053496539592743,,-0.05908970524346102,
2005-06-15,0.20473892986774445,,-0.002974069250932243,
2005-06-16,0.20580753684043884,,0.00521936386687516,
2005-06-17,0.2053496539592743,,-0.0022248110452803838,
2005-06-20,0.20847868919372559,,0.015237596821428667,
2005-06-21,0.2104620784521103,,0.009513630702760567,
2005-06-22,0.2102331519126892,,-0.0010877329593281804,
2005-06-23,0.21351516246795654,,0.015611289301462605,
2005-06-24,0.20672327280044556,,-0.03180987049821482,
2005-06-27,0.20504477620124817,,-0.008119533792490197,
2005-06-28,0.20634138584136963,,0.006323543882185367,
2005-06-29,0.20443391799926758,,-0.009244232970153976,
2005-06-30,0.2039000689983368,,-0.0026113523927702165,
2005-07-01,0.20481576025485992,,0.004490882524079032,
2005-07-05,0.20802080631256104,,0.015648434738190886,
2005-07-06,0.2135910838842392,,0.02677750207019458,
2005-07-07,0.21206462383270264,,-0.007146646872038254,
2005-07-08,0.21473579108715057,,0.01259600590693144,
2005-07-11,0.2179407775402069,,0.014925255062653298,
2005-07-12,0.21672014892101288,,-0.005600735360177578,
2005-07-13,0.21702507138252258,,0.0014069871353810104,
2005-07-14,0.2074100226163864,,-0.04430386178373347,
2005-07-15,0.20519673824310303,,-0.010671057962213126,
2005-07-18,0.20008426904678345,,-0.024914963269360935,
2005-07-19,0.2028314173221588,,0.01372995632521734,
2005-07-20,0.20588353276252747,,0.015047547764856173,
2005-07-21,0.20237357914447784,,-0.017048248448787384,
2005-07-22,0.19710814952850342,,-0.0260183648390947,
2005-07-25,0.1982528120279312,,0.005807281445064039,
2005-07-26,0.20237357914447784,,0.020785415724474454,
2005-07-27,0.2064942717552185,,0.020361811201643265,
2005-07-28,0.20809680223464966,,0.007760653435126885,
2005-07-29,0.2064942717552185,,-0.0077008895005706846,
2005-08-01,0.2096232920885086,,0.015153061180308569,
2005-08-02,0.21244648098945618,,0.013467916054650697,
2005-08-03,0.21244648098945618,,0.0,
2005-08-04,0.2102331519126892,,-0.010418290133395125,
2005-08-05,0.2155754268169403,,0.02541119160155003,
2005-08-08,0.2163383513689041,,0.003539014456465095,
2005-08-09,0.21580444276332855,,-0.0024679332268051635,
2005-08-10,0.21259939670562744,,-0.014851622221772609,
2005-08-11,0.2155754268169403,,0.013998299889032895,
2005-08-12,0.22854752838611603,,0.06017430539609325,
2005-08-15,0.23434770107269287,,0.025378409154256154,
2005-08-16,0.23037894070148468,,-0.01693535013589531,
2005-08-17,0.23037894070148468,,0.0,
2005-08-18,0.22442682087421417,,-0.02583621492983168,
2005-08-19,0.22282429039478302,,-0.007140547966543287,
2005-08-22,0.22099292278289795,,-0.008218886767867195,
2005-08-23,0.2224433720111847,,0.006563328861493245,
2005-08-24,0.22259533405303955,,0.0006831493358552265,
2005-08-25,0.2241218090057373,,0.006857623315383643,
2005-08-26,0.22068795561790466,,-0.015321371012781415,
2005-08-29,0.22106972336769104,,0.0017298984383513627,
2005-08-30,0.2290053516626358,,0.03589649534118222,
2005-08-31,0.23411880433559418,,0.022328965833476877,
2005-09-01,0.23419474065303802,,0.0003243495013540709,
2005-09-02,0.23037894070148468,,-0.016293277726533106,
2005-09-06,0.23228736221790314,,0.008283836667568156,
2005-09-07,0.23968912661075592,,0.03186468829892419,
2005-09-08,0.2425122708082199,,0.011778357397282502,
2005-09-09,0.24564120173454285,,0.012902155078154065,
2005-09-12,0.24480144679546356,,-0.0034186241279945406,
2005-09-13,0.25220417976379395,,0.030239743535974695,
2005-09-14,0.2491512894630432,,-0.012104836262467833,
2005-09-15,0.2535778284072876,,0.017766470138622203,
2005-09-16,0.25372979044914246,,0.0005992718007301612,
2005-09-19,0.2501439154148102,,-0.01413265280353837,
2005-09-20,0.2550274133682251,,0.01952275331309461,
2005-09-21,0.2528141140937805,,-0.008678672011031563,
2005-09-22,0.24602313339710236,,-0.0268615568439311,
2005-09-23,0.24960902333259583,,0.014575417709624672,
2005-09-26,0.2516694664955139,,0.008254682204227093,
2005-09-27,0.2525090277194977,,0.0033359677503774776,
2005-09-28,0.2540355324745178,,0.006045347244835408,
2005-09-29,0.25930100679397583,,0.020727314278313314,
2005-09-30,0.2615903317928314,,0.008828831893717082,
2005-10-03,0.2687631845474243,,0.02742017530018459,
2005-10-04,0.2652531564235687,,-0.013059929058982567,
2005-10-05,0.2564769983291626,,-0.03308597044700934,
2005-10-06,0.2555612325668335,,-0.0035705570803421516,
2005-10-07,0.25228023529052734,,-0.012838399796996303,
2005-10-10,0.2458701729774475,,-0.02540849982043969,
2005-10-11,0.2428181916475296,,-0.012412979146510184,
2005-10-12,0.24571724236011505,,0.011939182533710957,
2005-10-13,0.2444206029176712,,-0.005276957489794398,
2005-10-14,0.2444206029176712,,0.0,
2005-10-17,0.24678587913513184,,0.009677073819580384,
2005-10-18,0.24274112284183502,,-0.016389739589119823,
2005-10-19,0.24068081378936768,,-0.008487680325223623,
2005-10-20,0.2423602193593979,,0.006977729315390979,
2005-10-21,0.24373380839824677,,0.005667551558087958,
2005-10-24,0.2503727972507477,,0.027238686730128192,
2005-10-25,0.25197523832321167,,0.006400220351650887,
2005-10-26,0.24510720372200012,,-0.027256783828900844,
2005-10-27,0.23999400436878204,,-0.02086107334086129,
2005-10-28,0.24739676713943481,,0.030845615456615683,
2005-10-31,0.2560190260410309,,0.034851946536295975,
2005-11-01,0.25289100408554077,,-0.01221792772146868,
2005-11-02,0.26754242181777954,,0.05793570152967131,
2005-11-03,0.264413446187973,,-0.011695250452422257,
2005-11-04,0.2599109411239624,,-0.01702827571336807,
2005-11-07,0.25876617431640625,,-0.00440445793703681,
2005-11-08,0.25395867228507996,,-0.018578556660376777,
2005-11-09,0.26540523767471313,,0.045072551713390085,
2005-11-10,0.2555612325668335,,-0.03709047038455471,
2005-11-11,0.25975894927978516,,0.016425483125081852,
2005-11-14,0.2652531564235687,,0.021151175576498815,
2005-11-15,0.26586297154426575,,0.002298992890110041,
2005-11-16,0.26494723558425903,,-0.0034443907501960913,
2005-11-17,0.27669960260391235,,0.044357386834918744,
2005-11-18,0.2761647403240204,,-0.0019330070403376087,
2005-11-21,0.2810492515563965,,0.017686947387436813,
2005-11-22,0.28852707147598267,,0.02660679535054955,
2005-11-23,0.28768807649612427,,-0.002907855320356756,
2005-11-25,0.2905113697052002,,0.009813730354980343,
2005-11-28,0.2890618145465851,,-0.004989667564770595,
2005-11-29,0.27074751257896423,,-0.06335773542537326,
2005-11-30,0.27585986256599426,,0.01888235255915416,
2005-12-01,0.2791408896446228,,0.011893818289145264,
2005-12-02,0.2792179584503174,,0.00027609285688212637,
2005-12-05,0.2740284204483032,,-0.018585975024015378,
2005-12-06,0.2751731276512146,,0.004177330223772646,
2005-12-07,0.27563101053237915,,0.0016639810910057395,
2005-12-08,0.273417592048645,,-0.008030368134046006,
2005-12-09,0.27730950713157654,,0.014234325793634595,
2005-12-12,0.281354159116745,,0.01458533472943424,
2005-12-13,0.28501710295677185,,0.013018978825569683,
2005-12-14,0.2823459208011627,,-0.009372006549425493,
2005-12-15,0.27876001596450806,,-0.012700395410281007,
2005-12-16,0.2812013328075409,,0.008757772647507878,
2005-12-19,0.2765466272830963,,-0.016552928387541965,
2005-12-20,0.2763938009738922,,-0.0005526240211479738,
2005-12-21,0.27585986256599426,,-0.0019318031229954569,
2005-12-22,0.284254252910614,,0.0304299083836872,
2005-12-23,0.2864667475223541,,0.007783505749114905,
2005-12-27,0.2882220447063446,,0.006127402915598434,
2005-12-28,0.2908933758735657,,0.009268309680970921,
2005-12-29,0.28440627455711365,,-0.022300615464243445,
2005-12-30,0.2789888381958008,,-0.019048230809074362,
2006-01-03,0.2916560471057892,,0.04540399892664615,
2006-01-04,0.2998214364051819,,0.027996639810560664,
2006-01-05,0.3066123425960541,,0.022649835423024456,
2006-01-06,0.31164899468421936,,0.016426775404801086,
2006-01-09,0.32034817337989807,,0.02791338603383986,
2006-01-10,0.3204251229763031,,0.00024020613444797334,
2006-01-11,0.3320237100124359,,0.03619749577810283,
2006-01-12,0.3272929787635803,,-0.014248172965353634,
2006-01-13,0.32439297437667847,,-0.008860576227016081,
2006-01-17,0.3241640031337738,,-0.0007058452586546915,
2006-01-18,0.32584258913993835,,0.005178199892453383,
2006-01-19,0.343927800655365,,0.05550290882220943,
2006-01-20,0.33431288599967957,,-0.02795620079959782,
2006-01-23,0.33622124791145325,,0.005708310961652474,
2006-01-24,0.3378998041152954,,0.004992415602134148,
2006-01-25,0.3349236845970154,,-0.008807698264496566,
2006-01-26,0.3463701903820038,,0.03417645962769389,
2006-01-27,0.35293304920196533,,0.018947527824849875,
2006-01-30,0.3489644229412079,,-0.011244700006789121,
2006-01-31,0.34308916330337524,,-0.01683627112561692,
2006-02-01,0.34331804513931274,,0.00066712056345275,
2006-02-02,0.33286339044570923,,-0.03045180654387447,
2006-02-03,0.3359154164791107,,0.009169004826018234,
2006-02-06,0.34537845849990845,,0.028170907188435734,
2006-02-07,0.33309218287467957,,-0.03557336980016701,
2006-02-08,0.34270718693733215,,0.028865895259601704,
2006-02-09,0.3369080126285553,,-0.016921659451038296,
2006-02-10,0.3349997103214264,,-0.005664164209810085,
2006-02-13,0.3361443281173706,,0.0034167724946567724,
2006-02-14,0.33675509691238403,,0.0018169837891781615,
2006-02-15,0.3432410657405853,,0.019260194983444556,
2006-02-16,0.360181987285614,,0.04935575382996937,
2006-02-17,0.36224228143692017,,0.005720147658778929,
2006-02-21,0.35453569889068604,,-0.021274663232751623,
2006-02-22,0.3539249002933502,,-0.0017228126793633614,
2006-02-23,0.3485063910484314,,-0.015309771198431354,
2006-02-24,0.34843048453330994,,-0.00021780523132763907,
2006-02-27,0.36254820227622986,,0.040518032633767076,
2006-02-28,0.35964807868003845,,-0.007999277276740657,
2006-03-01,0.3733077943325043,,0.03798078305492125,
2006-03-02,0.37384170293807983,,0.0014302101742349471,
2006-03-03,0.3751392364501953,,0.00347080997630278,
2006-03-06,0.37437543272972107,,-0.0020360539401366173,
2006-03-07,0.3679655194282532,,-0.017121618410510187,
2006-03-08,0.36613404750823975,,-0.004977292227976049,
2006-03-09,0.368042528629303,,0.005212520206879345,
2006-03-10,0.36163243651390076,,-0.01741671577813375,
2006-03-13,0.36598214507102966,,0.012027982332170284,
2006-03-14,0.37613099813461304,,0.027730459532701257,
2006-03-15,0.38215911388397217,,0.01602663906791779,
2006-03-16,0.36918720602989197,,-0.033943735430626454,
2006-03-17,0.37216320633888245,,0.008060951897530089,
2006-03-20,0.36933910846710205,,-0.007588331741770427,
2006-03-21,0.3875773549079895,,0.04938076153533566,
2006-03-22,0.37643593549728394,,-0.02874631159333474,
2006-03-23,0.3834567368030548,,0.018650720198899684,
2006-03-24,0.39642977714538574,,0.03383182272526852,
2006-03-27,0.4071124196052551,,0.026947124246803567,
2006-03-28,0.41337043046951294,,0.01537170217092787,
2006-03-29,0.4355766177177429,,0.05371982515296958,
2006-03-30,0.43855270743370056,,0.006832528641117719,
2006-03-31,0.436950147151947,,-0.003654202230631065,
2006-04-03,0.4418337345123291,,0.011176532133501782,
2006-04-04,0.462513267993927,,0.04680388088614995,
2006-04-05,0.46625328063964844,,0.008086281852936139,
2006-04-06,0.4671688973903656,,0.0019637754601127266,
2006-04-07,0.4659472703933716,,-0.0026149578959945297,
2006-04-10,0.4578588604927063,,-0.017359067033136055,
2006-04-11,0.44671738147735596,,-0.02433387224036876,
2006-04-12,0.46472665667533875,,0.040314695475747175,
2006-04-13,0.4517536759376526,,-0.027915292896032784,
2006-04-17,0.45297515392303467,,0.002703858430917583,
2006-04-18,0.4422915279865265,,-0.023585456826895723,
2006-04-19,0.445038765668869,,0.006211373061674852,
2006-04-20,0.4444279968738556,,-0.0013723945915036229,
2006-04-21,0.42840278148651123,,-0.036058069023704786,
2006-04-24,0.4415287673473358,,0.03063935723124578,
2006-04-25,0.4412229061126709,,-0.0006927322912672063,
2006-04-26,0.4381707012653351,,-0.006917602882921092,
2006-04-27,0.4451915919780731,,0.01602318615202547,
2006-04-28,0.4459543824195862,,0.0017133981307324575,
2006-05-01,0.47159454226493835,,0.05749502831710718,
2006-05-02,0.4709838628768921,,-0.001294924629774874,
2006-05-03,0.4740367829799652,,0.006482005740971797,
2006-05-04,0.4709838628768921,,-0.006440259939073489,
2006-05-05,0.47739377617836,,0.013609624037465906,
2006-05-08,0.4752573072910309,,-0.004475275954437419,
2006-05-09,0.460758775472641,,-0.030506699415168592,
2006-05-10,0.450533002614975,,-0.022193332828390644,
2006-05-11,0.43450796604156494,,-0.03556906260007109,
2006-05-12,0.4018470346927643,,-0.0751676238443838,
2006-05-15,0.4076472222805023,,0.01443381955567391,
2006-05-16,0.39696353673934937,,-0.026208164700314063,
2006-05-17,0.3809385299682617,,-0.04036896411876201,
2006-05-18,0.3636928200721741,,-0.04527163450104266,
2006-05-19,0.3713234066963196,,0.020980855829464184,
2006-05-22,0.3662870526313782,,-0.013563255033530064,
2006-05-23,0.3623192012310028,,-0.010832628049150639,
2006-05-24,0.36704981327056885,,0.013056476232817582,
2006-05-25,0.36506637930870056,,-0.005403718760118803,
2006-05-26,0.365829199552536,,0.0020895384704555653,
2006-05-30,0.35056689381599426,,-0.04171975816913964,
2006-05-31,0.35071977972984314,,0.0004361105299610646,
2006-06-01,0.3690341114997864,,0.052219272560135144,
2006-06-02,0.3636928200721741,,-0.014473706525136243,
2006-06-05,0.34843048453330994,,-0.04196490746183923,
2006-06-06,0.33912035822868347,,-0.026720182985987884,
2006-06-07,0.3330162465572357,,-0.017999838474254903,
2006-06-08,0.3269111216068268,,-0.01833281413001464,
2006-06-09,0.32584258913993835,,-0.0032685717807224846,
2006-06-12,0.30783411860466003,,-0.05526739332268282,
2006-06-13,0.30310237407684326,,-0.015371085405557539,
2006-06-14,0.3119547963142395,,0.02920604717913533,
2006-06-15,0.33927324414253235,,0.08757181537537351,
2006-06-16,0.33057406544685364,,-0.02564062697506464,
2006-06-19,0.320654034614563,,-0.030008496942678264,
2006-06-20,0.3156176209449768,,-0.015706690469808438,
2006-06-21,0.31912750005722046,,0.011120669060665556,
2006-06-22,0.30981752276420593,,-0.029173221647602388,
2006-06-23,0.3099703788757324,,0.0004933746489310664,
2006-06-26,0.30707016587257385,,-0.009356419841398012,
2006-06-27,0.29730328917503357,,-0.03180666109254415,
2006-06-28,0.31378617882728577,,0.055441329619962954,
2006-06-29,0.32797980308532715,,0.045233427141651905,
2006-06-30,0.32492685317993164,,-0.009308347272228956,
2006-07-03,0.3296583294868469,,0.014561665989160977,
2006-07-05,0.3148540258407593,,-0.04490802240347558,
2006-07-06,0.3050868809223175,,-0.031021184793049494,
2006-07-07,0.2956238389015198,,-0.031017531767310702,
2006-07-10,0.2828037738800049,,-0.043366140799577346,
2006-07-11,0.2922667860984802,,0.033461407139816046,
2006-07-12,0.27822521328926086,,-0.04804368295372441,
2006-07-13,0.27105236053466797,,-0.02578074312458356,
2006-07-14,0.2696787714958191,,-0.005067615113697577,
2006-07-17,0.2718152105808258,,0.007922162627620244,
2006-07-18,0.286619633436203,,0.05446502726518698,
2006-07-19,0.2991347312927246,,0.04366448210990148,
2006-07-20,0.2931825518608093,,-0.01989798846223123,
2006-07-21,0.27120527625083923,,-0.07496106255465018,
2006-07-24,0.2985239028930664,,0.10073043939218951,
2006-07-25,0.30905476212501526,,0.03527643558821181,
2006-07-26,0.30905476212501526,,0.0,
2006-07-27,0.31348028779029846,,0.014319551767634664,
2006-07-28,0.3459882438182831,,0.10370016008703775,
2006-07-31,0.3378998041152954,,-0.023377787677768103,
2006-08-01,0.32431694865226746,,-0.04019787906829719,
2006-08-02,0.34919342398643494,,0.07670420999440286,
2006-08-03,0.3711705207824707,,0.06293674303812069,
2006-08-04,0.36613404750823975,,-0.013569162937868806,
2006-08-07,0.3618614077568054,,-0.011669605109145609,
2006-08-08,0.3714764714241028,,0.02657112215116153,
2006-08-09,0.3713234066963196,,-0.0004120442061819052,
2006-08-10,0.3687290847301483,,-0.006986691168362036,
2006-08-11,0.357129842042923,,-0.03145735763077695,
2006-08-14,0.35529834032058716,,-0.005128391712826086,
2006-08-15,0.38948503136634827,,0.09621967559689226,
2006-08-16,0.4174143671989441,,0.07170836767363609,
2006-08-17,0.41085219383239746,,-0.01572100503052165,
2006-08-18,0.4175671637058258,,0.0163440039367726,
2006-08-21,0.40215298533439636,,-0.03691424927820397,
2006-08-22,0.40154218673706055,,-0.0015188214923430587,
2006-08-23,0.40123727917671204,,-0.0007593412857219706,
2006-08-24,0.4053579568862915,,0.010269927355789576,
2006-08-25,0.4041364789009094,,-0.0030133317099896306,
2006-08-28,0.4180251359939575,,0.03436625451585007,
2006-08-29,0.436950147151947,,0.04527242390099495,
2006-08-30,0.4459543824195862,,0.020607008205235866,
2006-08-31,0.44427594542503357,,-0.003763696603778177,
2006-09-01,0.425655722618103,,-0.0419113908791906,
2006-09-05,0.4349658489227295,,0.02187243307187825,
2006-09-06,0.41314148902893066,,-0.050174881425405604,
2006-09-07,0.42138293385505676,,0.019948238182268208,
2006-09-08,0.4227566123008728,,0.003259928999138184,
2006-09-11,0.42931851744651794,,0.015521709074948875,
2006-09-12,0.4406130015850067,,0.026307936134843724,
2006-09-13,0.44412311911582947,,0.007966441113167022,
2006-09-14,0.4424446225166321,,-0.0037793497499949424,
2006-09-15,0.45114371180534363,,0.019661419409351177,
2006-09-18,0.46823662519454956,,0.03788795663538158,
2006-09-19,0.4560273289680481,,-0.026075056007053177,
2006-09-20,0.47266316413879395,,0.03647990836073656,
2006-09-21,0.46884748339653015,,-0.008072727116817058,
2006-09-22,0.4549587368965149,,-0.02962316529759168,
2006-09-25,0.4712895452976227,,0.03589514185947462,
2006-09-26,0.4613686800003052,,-0.02105046758686835,
2006-09-27,0.45999518036842346,,-0.0029770109923387134,
2006-09-28,0.45129573345184326,,-0.01891203927313445,
2006-09-29,0.45160168409347534,,0.0006779382541286516,
2006-10-02,0.4401552975177765,,-0.025346199934297875,
2006-10-03,0.43191367387771606,,-0.018724354078068495,
2006-10-04,0.4743417501449585,,0.09823276926225466,
2006-10-05,0.46091073751449585,,-0.028315054760324476,
2006-10-06,0.47205251455307007,,0.024173394394448877,
2006-10-09,0.5024240016937256,,0.06433921270266008,
2006-10-10,0.4909774363040924,,-0.022782680268151112,
2006-10-11,0.49372461438179016,,0.005595324498774534,
2006-10-12,0.4957079589366913,,0.004017106899530498,
2006-10-13,0.5153958797454834,,0.03971677366452475,
2006-10-16,0.5144804120063782,,-0.0017762418658785473,
2006-10-17,0.4947925806045532,,-0.03826740715947974,
2006-10-18,0.4816673994064331,,-0.02652663300262781,
2006-10-19,0.49082455039024353,,0.01901135720435909,
2006-10-20,0.4851773977279663,,-0.01150544050371416,
2006-10-23,0.48197227716445923,,-0.006606079711289792,
2006-10-24,0.4960139989852905,,0.029133878619412634,
2006-10-25,0.5005924701690674,,0.00923052815675196,
2006-10-26,0.5164649486541748,,0.03170738560998876,
2006-10-27,0.49418264627456665,,-0.043143881182396315,
2006-10-30,0.5001345872879028,,0.01204401056614457,
2006-10-31,0.5321848392486572,,0.06408325433870599,
2006-11-01,0.4911295175552368,,-0.07714485394094017,
2006-11-02,0.4877726435661316,,-0.006835007608207322,
2006-11-03,0.4975395202636719,,0.02002342039138183,
2006-11-06,0.51264888048172,,0.030368160925268617,
2006-11-07,0.5204326510429382,,0.015183434232615811,
2006-11-08,0.5280640721321106,,0.014663609352486118,
2006-11-09,0.5385949015617371,,0.019942332730774837,
2006-11-10,0.5256220102310181,,-0.024086546852007173,
2006-11-13,0.5494306683540344,,0.04529615894994987,
2006-11-14,0.5549249649047852,,0.00999998155765569,
2006-11-15,0.545767605304718,,-0.0165019780676805,
2006-11-16,0.5527886152267456,,0.012864468051575928,
2006-11-17,0.5543140769004822,,0.002759575055848229,
2006-11-20,0.5595036745071411,,0.009362197033994324,
2006-11-21,0.5508041977882385,,-0.015548560474720419,
2006-11-22,0.5602661967277527,,0.01717851639023249,
2006-11-24,0.5643869042396545,,0.0073549101051766375,
2006-11-27,0.5388996005058289,,-0.045159275564982004,
2006-11-28,0.5489726066589355,,0.01869180482533639,
2006-11-29,0.5570610761642456,,0.014733830809039228,
2006-11-30,0.5645396113395691,,0.013424982457612034,
2006-12-01,0.5424096584320068,,-0.03920000025339432,
2006-12-04,0.5643869042396545,,0.040517799537676646,
2006-12-05,0.5585876107215881,,-0.010275386396286557,
2006-12-06,0.5578251481056213,,-0.0013649830417503672,
2006-12-07,0.5443940162658691,,-0.02407767359604429,
2006-12-08,0.5425627827644348,,-0.0033638016707001617,
2006-12-11,0.5518726706504822,,0.01715909786257752,
2006-12-12,0.5462254881858826,,-0.010232763398019706,
2006-12-13,0.5526354312896729,,0.011734976200175051,
2006-12-14,0.5624035000801086,,0.017675429835615653,
2006-12-15,0.5723235011100769,,0.017638583381069495,
2006-12-18,0.5822433829307556,,0.017332648059075195,
2006-12-19,0.5906379222869873,,0.01441757794477172,
2006-12-20,0.5839230418205261,,-0.011368861045123468,
2006-12-21,0.5788863301277161,,-0.008625642990738758,
2006-12-22,0.5651507377624512,,-0.02372761568274462,
2006-12-26,0.5649978518486023,,-0.0002705223644476895,
2006-12-27,0.5724760890007019,,0.013235868291590513,
2006-12-28,0.5683556199073792,,-0.007197626542822633,
2006-12-29,0.5648448467254639,,-0.006177071289428682,
2007-01-03,0.5506512522697449,,-0.025128306539402012,
2007-01-04,0.5480568408966064,,-0.004711532685060527,
2007-01-05,0.5137174129486084,,-0.06265669066701118,
2007-01-08,0.5175333023071289,,0.007427993021724255,
2007-01-09,0.5074604749679565,,-0.01946314815736183,
2007-01-10,0.5324897170066833,,0.049322544854961015,
2007-01-11,0.5305052995681763,,-0.0037266774833929484,
2007-01-12,0.537679135799408,,0.013522647628725126,
2007-01-16,0.5385949015617371,,0.0017031826257636329,
2007-01-17,0.5273004174232483,,-0.020970276743687566,
2007-01-18,0.4836518466472626,,-0.08277742503842989,
2007-01-19,0.4865509271621704,,0.005994147515417714,
2007-01-22,0.4865509271621704,,0.0,
2007-01-23,0.48670369386672974,,0.0003139788581851821,
2007-01-24,0.5018131732940674,,0.031044513566965026,
2007-01-25,0.48426157236099243,,-0.03497636544266158,
2007-01-26,0.4802939295768738,,-0.008193181145418227,
2007-01-29,0.4606059491634369,,-0.04099152456659505,
2007-01-30,0.46945828199386597,,0.019218885137082697,
2007-01-31,0.4677787721157074,,-0.0035775487249376514,
2007-02-01,0.47373077273368835,,0.012723964773050156,
2007-02-02,0.48609286546707153,,0.026095186221589683,
2007-02-05,0.494029700756073,,0.016327816869674106,
2007-02-06,0.5115811228752136,,0.0355270585802423,
2007-02-07,0.5315738320350647,,0.03908023237348379,
2007-02-08,0.524706244468689,,-0.01291934845642051,
2007-02-09,0.4983033537864685,,-0.05031937576606449,
2007-02-12,0.5092918872833252,,0.022051895523796716,
2007-02-13,0.5189065933227539,,0.018878576862308982,
2007-02-14,0.5120390057563782,,-0.013234727896594967,
2007-02-15,0.515091061592102,,0.005960592457630032,
2007-02-16,0.4993709623813629,,-0.03051906814719263,
2007-02-20,0.5037975907325745,,0.008864408795622003,
2007-02-21,0.4963187277317047,,-0.014844975717320685,
2007-02-22,0.49952375888824463,,0.00645760673023088,
2007-02-23,0.4983033537864685,,-0.0024431372483508795,
2007-02-26,0.4906718134880066,,-0.015315049036840667,
2007-02-27,0.4758681654930115,,-0.03017016178239662,
2007-02-28,0.4731210768222809,,-0.005772793538068588,
2007-03-01,0.46732088923454285,,-0.012259414919104872,
2007-03-02,0.4543488025665283,,-0.027758413901125656,
2007-03-05,0.4389336109161377,,-0.033928100092513014,
2007-03-06,0.4648795425891876,,0.059111289333473094,
2007-03-07,0.4517536759376526,,-0.028234984440118294,
2007-03-08,0.4703739583492279,,0.041217777305137204,
2007-03-09,0.46564236283302307,,-0.010059220822535186,
2007-03-12,0.46289512515068054,,-0.005899887771439016,
2007-03-13,0.44336020946502686,,-0.042201601667969046,
2007-03-14,0.4412229061126709,,-0.004820692761163481,
2007-03-15,0.43679723143577576,,-0.010030473521619454,
2007-03-16,0.4326767027378082,,-0.009433504613623911,
2007-03-19,0.4348129332065582,,0.004937244032860555,
2007-03-20,0.4326767027378082,,-0.004912987415061965,
2007-03-21,0.4574008882045746,,0.05714240057373421,
2007-03-22,0.4674735963344574,,0.02202161908653255,
2007-03-23,0.4622844457626343,,-0.01110041425336572,
2007-03-26,0.4632003605365753,,0.0019812796695550805,
2007-03-27,0.45450085401535034,,-0.018781303432379493,
2007-03-28,0.4458015263080597,,-0.019140399034314748,
2007-03-29,0.4380178451538086,,-0.01745996972848496,
2007-03-30,0.439239501953125,,0.0027890571419240118,
2007-04-02,0.43878164887428284,,-0.0010423768281456747,
2007-04-03,0.4371022582054138,,-0.0038273949541363095,
2007-04-04,0.4361865222454071,,-0.002095015394718791,
2007-04-05,0.47159454226493835,,0.08117632758861348,
2007-04-09,0.4630481004714966,,-0.018122435752533472,
2007-04-10,0.4583166837692261,,-0.010217981020660183,
2007-04-11,0.4500751495361328,,-0.01798218246238459,
2007-04-12,0.46289512515068054,,0.028484077887349635,
2007-04-13,0.4667109251022339,,0.008243335788665318,
2007-04-16,0.4642687439918518,,-0.00523274896521253,
2007-04-17,0.46869441866874695,,0.009532570809834162,
2007-04-18,0.474494606256485,,0.01237520089147326,
2007-04-19,0.4810566008090973,,0.013829439715622893,
2007-04-20,0.48670369386672974,,0.011738936848874948,
2007-04-23,0.4787672758102417,,-0.01630646768557542,
2007-04-24,0.4967767596244812,,0.03761636336518848,
2007-04-25,0.505323052406311,,0.017203487514774407,
2007-04-26,0.5115811228752136,,0.012384296420086427,
2007-04-27,0.5047135353088379,,-0.013424239596211418,
2007-04-30,0.5019658803939819,,-0.005443988961331581,
2007-05-01,0.507307767868042,,0.010641933411624116,
2007-05-02,0.5013554096221924,,-0.011733229063028872,
2007-05-03,0.5108174681663513,,0.018872955916221734,
2007-05-04,0.5144804120063782,,0.007170748982362474,
2007-05-07,0.5042552947998047,,-0.019874648223627056,
2007-05-08,0.5080702304840088,,0.007565484633569763,
2007-05-09,0.5103593468666077,,0.004505511728994938,
2007-05-10,0.5008972883224487,,-0.018539992658608062,
2007-05-11,0.5363056659698486,,0.07068989685687033,
2007-05-14,0.530963122844696,,-0.009961750293074334,
2007-05-15,0.5262324213981628,,-0.008909661034815275,
2007-05-16,0.5329477190971375,,0.012761086975850988,
2007-05-17,0.5240952968597412,,-0.016610301386396853,
2007-05-18,0.5344738960266113,,0.01980288552302656,
2007-05-21,0.5361528396606445,,0.003141301467695312,
2007-05-22,0.5390529036521912,,0.005409024772455195,
2007-05-23,0.524706244468689,,-0.026614566188774225,
2007-05-24,0.5057812333106995,,-0.036067821485815776,
2007-05-25,0.5137174129486084,,0.015690933382326078,
2007-05-29,0.5192117094993591,,0.010695172895181626,
2007-05-30,0.5204326510429382,,0.00235152929188831,
2007-05-31,0.5286737084388733,,0.015835012233417878,
2007-06-01,0.5323368310928345,,0.006928891290580941,
2007-06-04,0.5352370142936707,,0.005448022814582343,
2007-06-05,0.5511091351509094,,0.029654378216320776,
2007-06-06,0.5552297234535217,,0.007476900743958792,
2007-06-07,0.549277663230896,,-0.010719995654418502,
2007-06-08,0.5578251481056213,,0.015561318886423203,
2007-06-11,0.5598083734512329,,0.003555281349983286,
2007-06-12,0.5540090799331665,,-0.010359426177056985,
2007-06-13,0.5672869086265564,,0.023966806997083312,
2007-06-14,0.5773597955703735,,0.01775624783622165,
2007-06-15,0.603610634803772,,0.045467037079478745,
2007-06-18,0.6039155125617981,,0.0005050901035321687,
2007-06-19,0.607731819152832,,0.006319272334709858,
2007-06-20,0.6083415150642395,,0.0010032318404149532,
2007-06-21,0.6559585928916931,,0.07827359574896908,
2007-06-22,0.6657267808914185,,0.014891470445815402,
2007-06-25,0.648175060749054,,-0.02636474999377747,
2007-06-26,0.6181095242500305,,-0.04638490173361287,
2007-06-27,0.6347450613975525,,0.026913575175380622,
2007-06-28,0.6408493518829346,,0.009616916864137348,
2007-06-29,0.6304716467857361,,-0.016193673390956675,
2007-07-02,0.6567224860191345,,0.04163682755161191,
2007-07-03,0.6577901840209961,,0.001625797843977761,
2007-07-05,0.6648108959197998,,0.010673178270747208,
2007-07-06,0.6680159568786621,,0.004821011476395798,
2007-07-09,0.6873989701271057,,0.029015793782848798,
2007-07-10,0.6941139101982117,,0.009768621081675866,
2007-07-11,0.691061794757843,,-0.004397139137432227,
2007-07-12,0.7043396830558777,,0.019213749622329246,
2007-07-13,0.700066089630127,,-0.006067517603451145,
2007-07-16,0.7127331495285034,,0.018094091523657374,
2007-07-17,0.7096812725067139,,-0.0042819350044381865,
2007-07-18,0.6967082023620605,,-0.018280135952905008,
2007-07-19,0.6959455013275146,,-0.0010947209060552243,
2007-07-20,0.6883147954940796,,-0.010964516357788834,
2007-07-23,0.6951823830604553,,0.00997739349979554,
2007-07-24,0.6768680810928345,,-0.02634460022849594,
2007-07-25,0.6736629009246826,,-0.00473530996317173,
2007-07-26,0.6770201921463013,,0.004983636796698221,
2007-07-27,0.6753418445587158,,-0.0024790214635470598,
2007-07-30,0.6942669153213501,,0.028022950029107596,
2007-07-31,0.6983878016471863,,0.005935593695875374,
2007-08-01,0.6931983232498169,,-0.007430654408810855,
2007-08-02,0.6901460289955139,,-0.004403204901006319,
2007-08-03,0.6492436528205872,,-0.059266263162390254,
2007-08-06,0.6547381281852722,,0.008462886530834268,
2007-08-07,0.6651158332824707,,0.01585016153857155,
2007-08-08,0.6957923769950867,,0.04612210712414022,
2007-08-09,0.7040340304374695,,0.01184498956136304,
2007-08-10,0.671373724937439,,-0.04639023696018818,
2007-08-13,0.6640482544898987,,-0.010911166427049146,
2007-08-14,0.6898401975631714,,0.03884046513018147,
2007-08-15,0.660690188407898,,-0.04225617651485736,
2007-08-16,0.6497016549110413,,-0.016631900533192967,
2007-08-17,0.6880087852478027,,0.058961109375666565,
2007-08-20,0.685261607170105,,-0.003992940405126211,
2007-08-21,0.7223482728004456,,0.05412044866119925,
2007-08-22,0.7388312816619873,,0.022818645080494804,
2007-08-23,0.7325741052627563,,-0.00846901932083266,
2007-08-24,0.7363899946212769,,0.00520887829791894,
2007-08-27,0.7530249357223511,,0.022589852147067102,
2007-08-28,0.7070868611335754,,-0.061004718980134154,
2007-08-29,0.7472255825996399,,0.05676632344959076,
2007-08-30,0.7429519891738892,,-0.005719281466358028,
2007-08-31,0.780802309513092,,0.05094584965212867,
2007-09-04,0.8049156069755554,,0.030882717902692258,
2007-09-05,0.7988104224205017,,-0.007584875361025367,
2007-09-06,0.8023213744163513,,0.004395225572058736,
2007-09-07,0.7730183005332947,,-0.03652286330321586,
2007-09-10,0.775154709815979,,0.00276372406864156,
2007-09-11,0.7916377186775208,,0.02126415366224732,
2007-09-12,0.7605034112930298,,-0.039328984268843015,
2007-09-13,0.7607323527336121,,0.0003010393341866813,
2007-09-14,0.7382971048355103,,-0.029491644226097513,
2007-09-17,0.7366946339607239,,-0.0021704959484344366,
2007-09-18,0.8012529015541077,,0.0876323304356057,
2007-09-19,0.7866014838218689,,-0.018285634540381568,
2007-09-20,0.7820227742195129,,-0.005820875877463827,
2007-09-21,0.789577305316925,,0.009660244364304793,
2007-09-24,0.8097230792045593,,0.025514631375515684,
2007-09-25,0.8200249671936035,,0.012722729848782866,
2007-09-26,0.8394842147827148,,0.023730067214547512,
2007-09-27,0.8420023322105408,,0.0029996006875216974,
2007-09-28,0.8296400904655457,,-0.014681956655084427,
2007-10-01,0.8646664023399353,,0.04221868286853758,
2007-10-02,0.856424868106842,,-0.009531461163276633,
2007-10-03,0.8200249671936035,,-0.04250215315874917,
2007-10-04,0.823687732219696,,0.004466650617514389,
2007-10-05,0.845436155796051,,0.026403724039626875,
2007-10-08,0.859171986579895,,0.016247034964941287,
2007-10-09,0.8440624475479126,,-0.017586163501592922,
2007-10-10,0.8449783325195312,,0.001085091481417555,
2007-10-11,0.80743408203125,,-0.044432204996704416,
2007-10-12,0.8271219730377197,,0.02438327963186948,
2007-10-15,0.8330739736557007,,0.007196037358458085,
2007-10-16,0.8406287431716919,,0.009068545837339403,
2007-10-17,0.9051869511604309,,0.07679752627201508,
2007-10-18,0.9044998288154602,,-0.0007590943993280863,
2007-10-19,0.855967104434967,,-0.053656974644265,
2007-10-22,0.8964872360229492,,0.047338421509468986,
2007-10-23,0.9008371829986572,,0.004852212949517876,
2007-10-24,0.8703894019126892,,-0.033799427533192095,
2007-10-25,0.7943848371505737,,-0.08732248416064659,
2007-10-26,0.7875173687934875,,-0.00864501440097909,
2007-10-29,0.7689738273620605,,-0.023546834858812815,
2007-10-30,0.7971322536468506,,0.0366181855387544,
2007-10-31,0.8099520802497864,,0.016082433679336816,
2007-11-01,0.8099520802497864,,0.0,
2007-11-02,0.841086745262146,,0.038440132165297625,
2007-11-05,0.841086745262146,,0.0,
2007-11-06,0.8676421642303467,,0.0315727469464806,
2007-11-07,0.8264349102973938,,-0.047493374148669165,
2007-11-08,0.7746970653533936,,-0.06260365371712373,
2007-11-09,0.7637085318565369,,-0.01418429730573978,
2007-11-12,0.6874748468399048,,-0.0998203919907924,
2007-11-13,0.7481411695480347,,0.0882451525128416,
2007-11-14,0.7364659905433655,,-0.015605582849721245,
2007-11-15,0.7266217470169067,,-0.013366867788688563,
2007-11-16,0.7428759932518005,,0.02236961156423467,
2007-11-19,0.6927403807640076,,-0.06748853502229046,
2007-11-20,0.6874748468399048,,-0.007601020628096644,
2007-11-21,0.6801493167877197,,-0.010655706293631106,
2007-11-23,0.6918247938156128,,0.01716604977718017,
2007-11-26,0.6757996082305908,,-0.023163647397830944,
2007-11-27,0.7048736810684204,,0.04302173674523524,
2007-11-28,0.752032995223999,,0.06690463188254725,
2007-11-29,0.7582141160964966,,0.00821921499688516,
2007-11-30,0.7220432758331299,,-0.04770531106646303,
2007-12-03,0.7325741052627563,,0.014584762135587237,
2007-12-04,0.7318872809410095,,-0.0009375492756469317,
2007-12-05,0.7698897123336792,,0.05192388552484317,
2007-12-06,0.785456657409668,,0.02021970787062788,
2007-12-07,0.7756126523017883,,-0.01253284317475123,
2007-12-10,0.7840831279754639,,0.010921012761379911,
2007-12-11,0.7849987745285034,,0.0011677926999957844,
2007-12-12,0.8120125532150269,,0.03441251064722839,
2007-12-13,0.7898063659667969,,-0.02734709846579131,
2007-12-14,0.802855372428894,,0.016521779292224315,
2007-12-17,0.7618770599365234,,-0.051040715301434836,
2007-12-18,0.7813357710838318,,0.025540487003151924,
2007-12-19,0.7886617183685303,,0.00937618314151445,
2007-12-20,0.8051446676254272,,0.020899897729275585,
2007-12-21,0.8049156069755554,,-0.0002844962639414472,
2007-12-24,0.8191092610359192,,0.017633717047301323,
2007-12-26,0.8300979137420654,,0.01341536865576276,
2007-12-27,0.8044579029083252,,-0.030887935518540854,
2007-12-28,0.7964454293251038,,-0.009960090583055026,
2007-12-31,0.778817892074585,,-0.02213276214725235,
2008-01-02,0.7556958198547363,,-0.029688676204211117,
2008-01-03,0.7497437000274658,,-0.00787634345842303,
2008-01-04,0.6867882609367371,,-0.08396928055337105,
2008-01-07,0.6158201098442078,,-0.10333337817354815,
2008-01-08,0.6288690567016602,,0.02118954325923772,
2008-01-09,0.661376953125,,0.05169263152148029,
2008-01-10,0.6476414799690247,,-0.020767994849344773,
2008-01-11,0.6192537546157837,,-0.043832469400506446,
2008-01-14,0.6604611873626709,,0.06654369463202436,
2008-01-15,0.6119280457496643,,-0.0734837149277573,
2008-01-16,0.5427915453910828,,-0.11298142132688727,
2008-01-17,0.5334053635597229,,-0.01729242452477242,
2008-01-18,0.5686606764793396,,0.06609478518239409,
2008-01-22,0.5402732491493225,,-0.049919800162317784,
2008-01-23,0.5501174330711365,,0.01822075021725378,
2008-01-24,0.5922405123710632,,0.07657106786230461,
2008-01-25,0.5711786150932312,,-0.035563080940730796,
2008-01-28,0.5643110275268555,,-0.012023537620109881,
2008-01-29,0.5817095041275024,,0.030831360281753373,
2008-01-30,0.5766732692718506,,-0.008657645817916726,
2008-01-31,0.5629374384880066,,-0.023819087021647145,
2008-02-01,0.6149044632911682,,0.09231403216446199,
2008-02-04,0.5956742167472839,,-0.03127355173348023,
2008-02-05,0.558358907699585,,-0.06264382106625588,
2008-02-06,0.5565274357795715,,-0.003280097970602802,
2008-02-07,0.5620216727256775,,0.009872355957455614,
2008-02-08,0.5720945596694946,,0.017922595217664705,
2008-02-11,0.5739259719848633,,0.003201240571884867,
2008-02-12,0.5952164530754089,,0.037096214720715226,
2008-02-13,0.6185672283172607,,0.03923072878983991,
2008-02-14,0.5176092386245728,,-0.16321263893551607,
2008-02-15,0.5098258852958679,,-0.01503712211433339,
2008-02-19,0.5022712349891663,,-0.014818098736429364,
2008-02-20,0.49860817193984985,,-0.007292997874734808,
2008-02-21,0.48739054799079895,,-0.022497874243433302,
2008-02-22,0.5109703540802002,,0.048379695065088546,
2008-02-25,0.5107412934303284,,-0.0004482855963026111,
2008-02-26,0.515091061592102,,0.008516578192765634,
2008-02-27,0.5231035351753235,,0.015555450639068713,
2008-02-28,0.5034157633781433,,-0.03763647246348967,
2008-02-29,0.4896796941757202,,-0.027285735174933712,
2008-03-03,0.483956903219223,,-0.01168680471043504,
2008-03-04,0.4791492521762848,,-0.009934047868639384,
2008-03-05,0.48464348912239075,,0.011466650362389696,
2008-03-06,0.4541958272457123,,-0.06282486520517205,
2008-03-07,0.44755685329437256,,-0.014616985786943704,
2008-03-10,0.4219168722629547,,-0.0572887686618746,
2008-03-11,0.4358815550804138,,0.03309818529550479,
2008-03-12,0.42397722601890564,,-0.027310926380704537,
2008-03-13,0.4509909451007843,,0.06371502388355665,
2008-03-14,0.41939863562583923,,-0.07005087312315117,
2008-03-17,0.40886783599853516,,-0.02510928442003557,
2008-03-18,0.4342789947986603,,0.06215005574617072,
2008-03-19,0.4042893350124359,,-0.06905620613801067,
2008-03-20,0.42397722601890564,,0.048697527491948556,
2008-03-24,0.45854559540748596,,0.08153355243434435,
2008-03-25,0.4651845395565033,,0.014478263918591638,
2008-03-26,0.4503040909767151,,-0.0319882698465751,
2008-03-27,0.44389399886131287,,-0.01423502971402868,
2008-03-28,0.450533002614975,,0.014956281839116237,
2008-03-31,0.45305126905441284,,0.0055895271263624036,
2008-04-01,0.4807516038417816,,0.06114172209512536,
2008-04-02,0.46610021591186523,,-0.0304760042667237,
2008-04-03,0.4574008882045746,,-0.0186640713956151,
2008-04-04,0.4299294650554657,,-0.06005983778680857,
2008-04-07,0.44023123383522034,,0.0239615323374629,
2008-04-08,0.43771305680274963,,-0.005720123514483033,
2008-04-09,0.4464123547077179,,0.01987443090802854,
2008-04-10,0.4551115930080414,,0.019487001666921078,
2008-04-11,0.4242061674594879,,-0.0679073572797505,
2008-04-14,0.41001248359680176,,-0.03345940005467196,
2008-04-15,0.4148200452327728,,0.011725403075040886,
2008-04-16,0.4313029646873474,,0.0397351083777191,
2008-04-17,0.4253508746623993,,-0.013800252982872019,
2008-04-18,0.43542370200157166,,0.023681219292583267,
2008-04-21,0.4548826813697815,,0.04468975684777865,
2008-04-22,0.4464123547077179,,-0.01862090382636028,
2008-04-23,0.4679316282272339,,0.04820492374949037,
2008-04-24,0.45671412348747253,,-0.023972529453200386,
2008-04-25,0.4612927734851837,,0.010025199051758138,
2008-04-28,0.45305126905441284,,-0.017866103491074092,
2008-04-29,0.462437242269516,,0.020717242961691973,
2008-04-30,0.4704499840736389,,0.017327198313004777,
2008-05-01,0.4921981394290924,,0.04622841129068744,
2008-05-02,0.5155488848686218,,0.04744175885470492,
2008-05-05,0.5027289390563965,,-0.024866595949465164,
2008-05-06,0.515777587890625,,0.02595563497641562,
2008-05-07,0.5038734674453735,,-0.02307994904147681,
2008-05-08,0.5024998188018799,,-0.0027261777653386776,
2008-05-09,0.515777587890625,,0.026423430600240883,
2008-05-12,0.5011262893676758,,-0.028406233358972854,
2008-05-13,0.49082455039024353,,-0.020557171307917343,
2008-05-14,0.505247175693512,,0.029384482279464885,
2008-05-15,0.5443940162658691,,0.07748057278820708,
2008-05-16,0.5588166117668152,,0.02649293539240949,
2008-05-19,0.5471413731575012,,-0.020892790878925815,
2008-05-20,0.5329477190971375,,-0.025941474647500185,
2008-05-21,0.5285979509353638,,-0.008161716442173006,
2008-05-22,0.5414178371429443,,0.024252621836493127,
2008-05-23,0.5290558934211731,,-0.022832538704312122,
2008-05-27,0.5347791910171509,,0.010817945073757107,
2008-05-28,0.5398155450820923,,0.009417632827788625,
2008-05-29,0.538442075252533,,-0.0025443317482649608,
2008-05-30,0.5654554963111877,,0.050169595394240485,
2008-06-02,0.5677449107170105,,0.004048796803210797,
2008-06-03,0.5485149025917053,,-0.03387085953975244,
2008-06-04,0.5549249649047852,,0.0116862135974658,
2008-06-05,0.5688893795013428,,0.02516450958185601,
2008-06-06,0.5508041977882385,,-0.03179033106393503,
2008-06-09,0.5423337817192078,,-0.015378270723142351,
2008-06-10,0.5102837085723877,,-0.05909658263444473,
2008-06-11,0.4864749014377594,,-0.04665798012881461,
2008-06-12,0.489451140165329,,0.006117969742680307,
2008-06-13,0.48784857988357544,,-0.0032741986896019926,
2008-06-16,0.48120954632759094,,-0.013608799594269416,
2008-06-17,0.4695342779159546,,-0.02426233748008033,
2008-06-18,0.45579835772514343,,-0.029254350186696754,
2008-06-19,0.4546537697315216,,-0.002511171824607694,
2008-06-20,0.45236456394195557,,-0.005035052917119476,
2008-06-23,0.4429783821105957,,-0.02074915362416463,
2008-06-24,0.45762965083122253,,0.03307445535111664,
2008-06-25,0.46014800667762756,,0.005503043436610344,
2008-06-26,0.43656831979751587,,-0.051243701022117505,
2008-06-27,0.4413759112358093,,0.01101223158043907,
2008-06-30,0.4285556972026825,,-0.02904602110530108,
2008-07-01,0.42924249172210693,,0.0016025793704468327,
2008-07-02,0.4127596318721771,,-0.03839987924727839,
2008-07-03,0.285932719707489,,-0.3072657846636604,
2008-07-07,0.27700453996658325,,-0.031224757173783257,
2008-07-08,0.27540209889411926,,-0.0057848910081303995,
2008-07-09,0.2705945670604706,,-0.017456409566061315,
2008-07-10,0.26990777254104614,,-0.0025380942673212115,
2008-07-11,0.26716065406799316,,-0.010177989493189599,
2008-07-14,0.2550274133682251,,-0.04541552251433001,
2008-07-15,0.2577744424343109,,0.010771505030792383,
2008-07-16,0.25914809107780457,,0.0053288783423270925,
2008-07-17,0.2600638270378113,,0.003533639612000039,
2008-07-18,0.26464229822158813,,0.017605182681216025,
2008-07-21,0.2662448585033417,,0.006055571208846144,
2008-07-22,0.26052165031433105,,-0.021496032716585955,
2008-07-23,0.2683052122592926,,0.02987683340547842,
2008-07-24,0.2525090277194977,,-0.0588739384031397,
2008-07-25,0.26464229822158813,,0.04805083846573921,
2008-07-28,0.2639555037021637,,-0.0025951804531616496,
2008-07-29,0.26670268177986145,,0.010407731754658034,
2008-07-30,0.26281100511550903,,-0.014591816769074062,
2008-07-31,0.2618953585624695,,-0.0034840495078853895,
2008-08-01,0.24815936386585236,,-0.05244840829563879,
2008-08-04,0.24220727384090424,,-0.023984950365063207,
2008-08-05,0.2561720013618469,,0.05765610297119128,
2008-08-06,0.26303982734680176,,0.026809432523634547,
2008-08-07,0.2589191198348999,,-0.015665717064469287,
2008-08-08,0.2518223524093628,,-0.027409205739855613,
2008-08-11,0.2570877969264984,,0.020909361169719087,
2008-08-12,0.25342482328414917,,-0.014247948312367753,
2008-08-13,0.2806674540042877,,0.10749787793910426,
2008-08-14,0.29760822653770447,,0.06035887770998172,
2008-08-15,0.29669249057769775,,-0.003076984701196439,
2008-08-18,0.3026446998119354,,0.020061880307951085,
2008-08-19,0.30722320079803467,,0.01512830387891917,
2008-08-20,0.32233256101608276,,0.049180401020497255,
2008-08-21,0.31180188059806824,,-0.032670234694313405,
2008-08-22,0.3115728199481964,,-0.0007346352415593671,
2008-08-25,0.3069942891597748,,-0.014694897934880435,
2008-08-26,0.299668550491333,,-0.023862784837111795,
2008-08-27,0.30195775628089905,,0.0076391259136558975,
2008-08-28,0.3008131980895996,,-0.003790457994510721,
2008-08-29,0.28936681151390076,,-0.038051477290200086,
2008-09-02,0.2820410430431366,,-0.025316546954494923,
2008-09-03,0.2669316530227661,,-0.053571600279678444,
2008-09-04,0.2632687985897064,,-0.013722068520466202,
2008-09-05,0.26716065406799316,,0.014782820824704057,
2008-09-08,0.2561720013618469,,-0.041131253943365476,
2008-09-09,0.2474726438522339,,-0.03395904885532386,
2008-09-10,0.24770162999629974,,0.0009252988148564789,
2008-09-11,0.23579727113246918,,-0.04805926736940891,
2008-09-12,0.2332790344953537,,-0.010679668280388022,
2008-09-15,0.21290433406829834,,-0.08734046962742026,
2008-09-16,0.21954327821731567,,0.031182757166829722,
2008-09-17,0.22892943024635315,,0.04275308315177173,
2008-09-18,0.24930408596992493,,0.08899972232336584,
2008-09-19,0.2612084746360779,,0.047750475568174355,
2008-09-22,0.2557142376899719,,-0.02103391535730481,
2008-09-23,0.2483883798122406,,-0.028648611606105434,
2008-09-24,0.257545530796051,,0.036866261580885684,
2008-09-25,0.2625819444656372,,0.019555430272927055,
2008-09-26,0.2676185071468353,,0.01918091775673192,
2008-09-29,0.231218621134758,,-0.1360140836302688,
2008-09-30,0.24518342316150665,,0.06039652843794863,
2008-10-01,0.23831552267074585,,-0.028011275812218295,
2008-10-02,0.2135910838842392,,-0.10374665699248498,
2008-10-03,0.20672327280044556,,-0.03215401578989041,
2008-10-06,0.1797095686197281,,-0.1306756796889259,
2008-10-07,0.1657448709011078,,-0.07770703488899977,
2008-10-08,0.1691788136959076,,0.02071824471026118,
2008-10-09,0.1584191769361496,,-0.06359919735043196,
2008-10-10,0.15590094029903412,,-0.015896034090181144,
2008-10-13,0.1842881292104721,,0.18208478317698673,
2008-10-14,0.18016739189624786,,-0.022360297062422374,
2008-10-15,0.1607084572315216,,-0.1080047530239655,
2008-10-16,0.1762755960226059,,0.09686570986527343,
2008-10-17,0.1751309037208557,,-0.006493765033722454,
2008-10-20,0.1785649210214615,,0.019608288586686617,
2008-10-21,0.16482916474342346,,-0.07692303840790282,
2008-10-22,0.1586480289697647,,-0.037500255390363946,
2008-10-23,0.14971978962421417,,-0.056277026594840907,
2008-10-24,0.1513223499059677,,0.010703730520700283,
2008-10-27,0.15956375002861023,,0.05446254388570981,
2008-10-28,0.18360140919685364,,0.15064611582476206,
2008-10-29,0.18955352902412415,,0.03241870448221218,
2008-10-30,0.19756601750850677,,0.04227032081984028,
2008-10-31,0.20054209232330322,,0.015063697959434297,
2008-11-03,0.19321635365486145,,-0.03652968104387588,
2008-11-04,0.20557862520217896,,0.06398149697721744,
2008-11-05,0.1948188692331314,,-0.05233888473797177,
2008-11-06,0.17444418370723724,,-0.10458271114135587,
2008-11-07,0.19962643086910248,,0.144357046630615,
2008-11-10,0.18680639564990997,,-0.06422012938556598,
2008-11-11,0.1785649210214615,,-0.044117732692052325,
2008-11-12,0.16803418099880219,,-0.05897429328458992,
2008-11-13,0.1817699521780014,,0.08174391125396752,
2008-11-14,0.1641424000263214,,-0.09697726131554407,
2008-11-17,0.1607084572315216,,-0.02092051044854437,
2008-11-18,0.15544310212135315,,-0.03276339777553228,
2008-11-19,0.14262299239635468,,-0.08247461321886074,
2008-11-20,0.13506831228733063,,-0.05296958072531044,
2008-11-21,0.14605696499347687,,0.08135625980703809,
2008-11-24,0.15567198395729065,,0.06583060906573812,
2008-11-25,0.16002163290977478,,0.027941115940794292,
2008-11-26,0.17421524226665497,,0.08869806599763286,
2008-11-28,0.17101022601127625,,-0.018396876264552664,
2008-12-01,0.15635879337787628,,-0.08567576907613617,
2008-12-02,0.16505812108516693,,0.055636958557660154,
2008-12-03,0.17352847754955292,,0.051317417214603145,
2008-12-04,0.1620820015668869,,-0.0659630980707322,
2008-12-05,0.16849204897880554,,0.039548175306024946,
2008-12-08,0.16299766302108765,,-0.03260917052773826,
2008-12-09,0.17879384756088257,,0.09691049704038579,
2008-12-10,0.1957346498966217,,0.0947504769702463,
2008-12-11,0.18749314546585083,,-0.04210549555290122,
2008-12-12,0.1968793421983719,,0.05006154603252222,
2008-12-15,0.19046926498413086,,-0.03255840426255774,
2008-12-16,0.20328927040100098,,0.0673074756598564,
2008-12-17,0.2133621871471405,,0.04954967237705188,
2008-12-18,0.1936742663383484,,-0.09227464843718902,
2008-12-19,0.19504788517951965,,0.0070924179403966114,
2008-12-22,0.18360140919685364,,-0.058685465736430964,
2008-12-23,0.18108317255973816,,-0.0137157805494591,
2008-12-24,0.17673344910144806,,-0.024020583452364463,
2008-12-26,0.17192593216896057,,-0.027202077235124245,
2008-12-29,0.17742031812667847,,0.03195786632302955,
2008-12-30,0.18360140919685364,,0.034838687786377776,
2008-12-31,0.18474595248699188,,0.00623384806873184,
2009-01-02,0.1993974894285202,,0.07930640289702673,
2009-01-05,0.2030603438615799,,0.018369611591186885,
2009-01-06,0.20992818474769592,,0.033821674658433665,
2009-01-07,0.19733718037605286,,-0.05997767468325266,
2009-01-08,0.1923006772994995,,-0.025522322083226245,
2009-01-09,0.18154095113277435,,-0.05595261710892141,
2009-01-12,0.17421524226665497,,-0.04035292764750109,
2009-01-13,0.1751309037208557,,0.00525592044810419,
2009-01-14,0.16734734177589417,,-0.04444425158319232,
2009-01-15,0.17329958081245422,,0.03556817200318063,
2009-01-16,0.182914599776268,,0.05548206705831116,
2009-01-20,0.16505812108516693,,-0.0976219433164014,
2009-01-21,0.17307066917419434,,0.04854379800490438,
2009-01-22,0.16986560821533203,,-0.018518799136533315,
2009-01-23,0.17650452256202698,,0.039083334269047976,
2009-01-26,0.18245676159858704,,0.03372286981750472,
2009-01-27,0.19321635365486145,,0.058970640287620446,
2009-01-28,0.20122890174388885,,0.04146930597469023,
2009-01-29,0.18955352902412415,,-0.05802035700927477,
2009-01-30,0.1819988489151001,,-0.0398551277199517,
2009-02-02,0.19184277951717377,,0.054087872867073505,
2009-02-03,0.19413210451602936,,0.011933339397069309,
2009-02-04,0.19962643086910248,,0.02830199758443075,
2009-02-05,0.21427784860134125,,0.07339417765699507,
2009-02-06,0.22595329582691193,,0.05448742042996968,
2009-02-09,0.2229771912097931,,-0.013171326429328278,
2009-02-10,0.2133621871471405,,-0.04312102063213319,
2009-02-11,0.1865774244070053,,-0.12553659623700653,
2009-02-12,0.19046926498413086,,0.020859118349901618,
2009-02-13,0.1902403086423874,,-0.001202064499815969,
2009-02-17,0.17925171554088593,,-0.05776164462683753,
2009-02-18,0.184059277176857,,0.02682017085004973,
2009-02-19,0.16986560821533203,,-0.07711466207642825,
2009-02-20,0.17421524226665497,,0.025606325477073977,
2009-02-23,0.16620272397994995,,-0.04599206236180531,
2009-02-24,0.18108317255973816,,0.0895319175489766,
2009-02-25,0.1831435263156891,,0.011377941565891447,
2009-02-26,0.18909570574760437,,0.032500080956480826,
2009-02-27,0.18955352902412415,,0.002421119372910896,
2009-03-02,0.17352847754955292,,-0.0845410346991311,
2009-03-03,0.18039637804031372,,0.03957794471400011,
2009-03-04,0.1936742663383484,,0.07360396279723203,
2009-03-05,0.18909570574760437,,-0.023640521155997463,
2009-03-06,0.19207178056240082,,0.015738457957203744,
2009-03-09,0.1900114268064499,,-0.01072699878096639,
2009-03-10,0.20718111097812653,,0.09036132437006583,
2009-03-11,0.21290433406829834,,0.02762425137673885,
2009-03-12,0.22549547255039215,,0.059139888049694056,
2009-03-13,0.22435082495212555,,-0.005076144480066214,
2009-03-16,0.2156514823436737,,-0.03877562121872391,
2009-03-17,0.22641116380691528,,0.049893844207824056,
2009-03-18,0.2335079461336136,,0.031344666081706496,
2009-03-19,0.23076078295707703,,-0.011764752429301195,
2009-03-20,0.2181696742773056,,-0.05456346836071124,
2009-03-23,0.23396581411361694,,0.07240300416928513,
2009-03-24,0.2238929271697998,,-0.04305281513873482,
2009-03-25,0.2275557965040207,,0.01635991534222514,
2009-03-26,0.2417493760585785,,0.062374062856742185,
2009-03-27,0.23946012556552887,,-0.009469519757912104,
2009-03-30,0.2241218090057373,,-0.06405373973461059,
2009-03-31,0.22572441399097443,,0.0071505981160275844,
2009-04-01,0.23144756257534027,,0.025354583862579716,
2009-04-02,0.24220727384090424,,0.04648876465078988,
2009-04-03,0.25914809107780457,,0.06994347018672964,
2009-04-06,0.25983479619026184,,0.0026498559553391754,
2009-04-07,0.2509065866470337,,-0.034361100492062424,
2009-04-08,0.2612084746360779,,0.0410586590280968,
2009-04-09,0.27563101053237915,,0.05521465532998149,
2009-04-13,0.26670268177986145,,-0.032392323110787546,
2009-04-14,0.2683052122592926,,0.006008677785827032,
2009-04-15,0.26075050234794617,,-0.02815714926941293,
2009-04-16,0.26738959550857544,,0.025461477929465515,
2009-04-17,0.2692210376262665,,0.006849339497326579,
2009-04-20,0.25296691060066223,,-0.0603746541091944,
2009-04-21,0.25228023529052734,,-0.0027144866832756742,
2009-04-22,0.25983479619026184,,0.029945115958190716,
2009-04-23,0.2557142376899719,,-0.01585837832617565,
2009-04-24,0.26166635751724243,,0.023276450623319844,
2009-04-27,0.25228023529052734,,-0.03587057318247955,
2009-04-28,0.25296691060066223,,0.0027218751771977967,
2009-04-29,0.24907512962818146,,-0.015384545604165578,
2009-04-30,0.26281100511550903,,0.05514751917556948,
2009-05-01,0.26716065406799316,,0.0165504825438052,
2009-05-04,0.2815832197666168,,0.05398461741657923,
2009-05-05,0.27013662457466125,,-0.04065084276485931,
2009-05-06,0.26464229822158813,,-0.020339064951759522,
2009-05-07,0.24564120173454285,,-0.07179916670439224,
2009-05-08,0.21175967156887054,,-0.13793097382045483,
2009-05-11,0.21588042378425598,,0.019459570298989926,
2009-05-12,0.20557862520217896,,-0.04771992940115921,
2009-05-13,0.1923006772994995,,-0.06458817345247381,
2009-05-14,0.19504788517951965,,0.014286002101498108,
2009-05-15,0.20008426904678345,,0.025821268775246597,
2009-05-18,0.2122175693511963,,0.0606409507464869,
2009-05-19,0.2163383513689041,,0.019417723189960823,
2009-05-20,0.22274832427501678,,0.029629387787939,
2009-05-21,0.2213747352361679,,-0.006166551615234495,
2009-05-22,0.2248087078332901,,0.015512034801345997,
2009-05-26,0.23694193363189697,,0.05397133374212726,
2009-05-27,0.2373998463153839,,0.0019325945241854825,
2009-05-28,0.24060477316379547,,0.013500121833077472,
2009-05-29,0.238773375749588,,-0.007611642072290481,
2009-06-01,0.25044864416122437,,0.04889686035967733,
2009-06-02,0.2483883798122406,,-0.008226294679628987,
2009-06-03,0.24060477316379547,,-0.03133643632737104,
2009-06-04,0.24930408596992493,,0.03615602754566827,
2009-06-05,0.24793051183223724,,-0.005509633475695996,
2009-06-08,0.24655702710151672,,-0.005539797101092092,
2009-06-09,0.2600638270378113,,0.05478164664409779,
2009-06-10,0.2683052122592926,,0.03168985596863916,
2009-06-11,0.2648712396621704,,-0.012798754702549653,
2009-06-12,0.2634977698326111,,-0.0051854245531191,
2009-06-15,0.25914809107780457,,-0.016507459465670893,
2009-06-16,0.2520512640476227,,-0.027385218238212605,
2009-06-17,0.2582324743270874,,0.0245236234097872,
2009-06-18,0.25319597125053406,,-0.019503755635992936,
2009-06-19,0.25594305992126465,,0.010849653954455585,
2009-06-22,0.24152056872844696,,-0.05635038979863116,
2009-06-23,0.2403758019208908,,-0.004739831533119965,
2009-06-24,0.2483883798122406,,0.03333354616945505,
2009-06-25,0.26143738627433777,,0.052534689714394345,
2009-06-26,0.2648712396621704,,0.013134515444663153,
2009-06-29,0.2648712396621704,,0.0,
2009-06-30,0.25846123695373535,,-0.024200448174783618,
2009-07-01,0.25960585474967957,,0.004428585924275863,
2009-07-02,0.24953307211399078,,-0.03880029071532798,
2009-07-06,0.24152056872844696,,-0.03210998573320811,
2009-07-07,0.23098978400230408,,-0.04360202024028492,
2009-07-08,0.23144756257534027,,0.0019818130702768944,
2009-07-09,0.2364841103553772,,0.021761075053004397,
2009-07-10,0.2373998463153839,,0.00387229382401455,
2009-07-13,0.2401469647884369,,0.011571694403725408,
2009-07-14,0.24518342316150665,,0.020972400702656158,
2009-07-15,0.2552562654018402,,0.04108288443994201,
2009-07-16,0.2685340642929077,,0.05201752391920644,
2009-07-17,0.2763177156448364,,0.028985713125164514,
2009-07-20,0.27975183725357056,,0.012428162996064085,
2009-07-21,0.2740284204483032,,-0.020458906942153687,
2009-07-22,0.2808964252471924,,0.025063111292081608,
2009-07-23,0.29760822653770447,,0.05949453175064612,
2009-07-24,0.29669249057769775,,-0.003076984701196439,
2009-07-27,0.2980661988258362,,0.004630074207350621,
2009-07-28,0.2985239028930664,,0.0015355785695703172,
2009-07-29,0.2925717532634735,,-0.019938603146713474,
2009-07-30,0.2948610186576843,,0.00782462889419544,
2009-07-31,0.2960057258605957,,0.0038821923905794087,
2009-08-03,0.30401811003685,,0.02706834184696727,
2009-08-04,0.30607855319976807,,0.006777369817437373,
2009-08-05,0.3067654073238373,,0.0022440452520726684,
2009-08-06,0.30035537481307983,,-0.020895551968122317,
2009-08-07,0.3138621747493744,,0.04496939648474818,
2009-08-10,0.3035603165626526,,-0.032822872634933,
2009-08-11,0.29646360874176025,,-0.023378246212322762,
2009-08-12,0.3074522316455841,,0.03706567207510347,
2009-08-13,0.31660938262939453,,0.029783979562608476,
2009-08-14,0.30722320079803467,,-0.02964593706417984,
2009-08-17,0.2944032847881317,,-0.04172834596020836,
2009-08-18,0.3051629066467285,,0.03654722081766182,
2009-08-19,0.3017289936542511,,-0.011252720817909512,
2009-08-20,0.3136332035064697,,0.03945331772080074,
2009-08-21,0.3188987076282501,,0.016788733026067426,
2009-08-24,0.3099703788757324,,-0.0279973814222092,
2009-08-25,0.31271758675575256,,0.00886280776242021,
2009-08-26,0.3163803517818451,,0.01171269279764986,
2009-08-27,0.3207300901412964,,0.01374844656108909,
2009-08-28,0.33721300959587097,,0.05139187111291332,
2009-08-31,0.3324054479598999,,-0.014256750182125688,
2009-09-01,0.32118791341781616,,-0.033746542395529544,
2009-09-02,0.32576656341552734,,0.014255362068232857,
2009-09-03,0.3335500955581665,,0.023892974346513718,
2009-09-04,0.3459123969078064,,0.03706280260226791,
2009-09-08,0.3555273115634918,,0.027795808249821086,
2009-09-09,0.3653712570667267,,0.027688296181647587,
2009-09-10,0.3770466446876526,,0.031954860693362175,
2009-09-11,0.37361279129981995,,-0.009107237622223763,
2009-09-14,0.36743175983428955,,-0.01654395033967182,
2009-09-15,0.37498629093170166,,0.020560365007149084,
2009-09-16,0.3649135231971741,,-0.026861695955605502,
2009-09-17,0.3488883674144745,,-0.0439149408393964,
2009-09-18,0.34843048453330994,,-0.0013124051241886203,
2009-09-21,0.3468281030654907,,-0.004598855550671632,
2009-09-22,0.347514808177948,,0.0019799581013988377,
2009-09-23,0.3420204520225525,,-0.015810423113198913,
2009-09-24,0.33744195103645325,,-0.013386629246947335,
2009-09-25,0.3319476842880249,,-0.016282109357039665,
2009-09-28,0.3395023047924042,,0.022758467258425785,
2009-09-29,0.33332109451293945,,-0.0182066813456373,
2009-09-30,0.3440808951854706,,0.03228058724652194,
2009-10-01,0.3195854127407074,,-0.07119105648559576,
2009-10-02,0.31706711649894714,,-0.007879884817532212,
2009-10-05,0.31546473503112793,,-0.005053761126390888,
2009-10-06,0.3207300901412964,,0.01669078830522497,
2009-10-07,0.3182118535041809,,-0.007851575871805738,
2009-10-08,0.32027220726013184,,0.006474786320063597,
2009-10-09,0.32439297437667847,,0.012866452421204544,
2009-10-12,0.3207300901412964,,-0.01129150297542758,
2009-10-13,0.3195854127407074,,-0.003568974149212867,
2009-10-14,0.31912750005722046,,-0.0014328334937441234,
2009-10-15,0.3097414970397949,,-0.029411451585158233,
2009-10-16,0.3026446998119354,,-0.022912000153946788,
2009-10-19,0.3136332035064697,,0.03630826411750343,
2009-10-20,0.3138621747493744,,0.0007300605941740201,
2009-10-21,0.30630752444267273,,-0.024069961003533535,
2009-10-22,0.3083678185939789,,0.006726227685901254,
2009-10-23,0.30104219913482666,,-0.023756108833126066,
2009-10-26,0.2971503734588623,,-0.01292784097096411,
2009-10-27,0.287077397108078,,-0.03389858216745201,
2009-10-28,0.2751731276512146,,-0.04146710809274101,
2009-10-29,0.28730642795562744,,0.044093332833691434,
2009-10-30,0.27379950881004333,,-0.0470122413956926,
2009-11-02,0.2763177156448364,,0.009197265713650982,
2009-11-03,0.2749442160129547,,-0.004970725922065489,
2009-11-04,0.27425745129585266,,-0.002497832931570687,
2009-11-05,0.2808964252471924,,0.024207086881216533,
2009-11-06,0.3012710213661194,,0.07253419512547055,
2009-11-09,0.30813902616500854,,0.02279676540991571,
2009-11-10,0.30058425664901733,,-0.0245174056983799,
2009-11-11,0.30905476212501526,,0.028180136812317125,
2009-11-12,0.30813902616500854,,-0.0029630216784567454,
2009-11-13,0.3104281723499298,,0.007428939506336496,
2009-11-16,0.3147779405117035,,0.014012156592767111,
2009-11-17,0.31431999802589417,,-0.0014548112395198487,
2009-11-18,0.30951249599456787,,-0.015294928930771556,
2009-11-19,0.2971503734588623,,-0.039940625001203545,
2009-11-20,0.29531896114349365,,-0.006163250929321795,
2009-11-23,0.29760822653770447,,0.007751840197956161,
2009-11-24,0.2957767844200134,,-0.006153869262948697,
2009-11-25,0.299210786819458,,0.011610114722757192,
2009-11-27,0.2928006649017334,,-0.02142343190853091,
2009-11-30,0.29898178577423096,,0.021110337555319436,
2009-12-01,0.3049338161945343,,0.019907668973513593,
2009-12-02,0.31409117579460144,,0.0300306463689326,
2009-12-03,0.31660938262939453,,0.008017438975872038,
2009-12-04,0.32645341753959656,,0.0310920504896246,
2009-12-07,0.36834731698036194,,0.12833040547257846,
2009-12-08,0.3504908084869385,,-0.048477368152990974,
2009-12-09,0.3591902554035187,,0.024820756225064855,
2009-12-10,0.3527802526950836,,-0.01784570325059065,
2009-12-11,0.3482016324996948,,-0.012978674856118477,
2009-12-14,0.3587324619293213,,0.03024348092232354,
2009-12-15,0.35827451944351196,,-0.0012765571405120024,
2009-12-16,0.3871195614337921,,0.08051100601595551,
2009-12-17,0.38528814911842346,,-0.004730869989068909,
2009-12-18,0.3850592374801636,,-0.0005941310128112498,
2009-12-21,0.3987949788570404,,0.03567176174441067,
2009-12-22,0.40932580828666687,,0.0264066249274455,
2009-12-23,0.4150489568710327,,0.013981890387809948,
2009-12-24,0.4141331911087036,,-0.002206404201646195,
2009-12-28,0.4074943959712982,,-0.016030579726373118,
2009-12-29,0.41253072023391724,,0.012359247912144822,
2009-12-30,0.42741113901138306,,0.03607105616044337,
2009-12-31,0.4276401102542877,,0.0005357166016644044,
2010-01-04,0.4232904613018036,,-0.01017128386272681,
2010-01-05,0.42947158217430115,,0.014602551764308469,
2010-01-06,0.4322187006473541,,0.00639650814413617,
2010-01-07,0.42374828457832336,,-0.019597523328685695,
2010-01-08,0.42466405034065247,,0.002161107892720837,
2010-01-11,0.4187120199203491,,-0.014015856570691154,
2010-01-12,0.4045183062553406,,-0.03389851016865619,
2010-01-13,0.41001248359680176,,0.013582023993725434,
2010-01-14,0.4036025106906891,,-0.015633604250001598,
2010-01-15,0.3916981518268585,,-0.02949525473332293,
2010-01-19,0.39902403950691223,,0.018702890595439836,
2010-01-20,0.39742162823677063,,-0.004015826395125877,
2010-01-21,0.39032459259033203,,-0.017857698580537318,
2010-01-22,0.3768177628517151,,-0.0346040961677071,
2010-01-25,0.38322770595550537,,0.017010724375837727,
2010-01-26,0.3710945248603821,,-0.031660500810794745,
2010-01-27,0.3811674118041992,,0.0271437228765552,
2010-01-28,0.36834731698036194,,-0.033633764133075505,
2010-01-29,0.3523223102092743,,-0.04350515405530153,
2010-02-01,0.37933599948883057,,0.0766732293039023,
2010-02-02,0.38322770595550537,,0.010259259526960385,
2010-02-03,0.3864327073097229,,0.008363177568872393,
2010-02-04,0.3639976978302002,,-0.05805670445369737,
2010-02-05,0.3713234066963196,,0.020125701095880855,
2010-02-08,0.3706366717815399,,-0.0018494253321911236,
2010-02-09,0.3676605820655823,,-0.008029668790334399,
2010-02-10,0.3747573494911194,,0.019302497389484197,
2010-02-11,0.3919271230697632,,0.045815708756502094,
2010-02-12,0.39719241857528687,,0.013434373881254569,
2010-02-16,0.4045183062553406,,0.018444178029206615,
2010-02-17,0.4084100127220154,,0.009620594189421627,
2010-02-18,0.3816252648830414,,-0.06558298524675266,
2010-02-19,0.37956488132476807,,-0.005398970529125635,
2010-02-22,0.3802517056465149,,0.0018095043971129154,
2010-02-23,0.3710945248603821,,-0.024081892730930754,
2010-02-24,0.3788782060146332,,0.02097492857696981,
2010-02-25,0.3754441440105438,,-0.009063762310880241,
2010-02-26,0.3708656430244446,,-0.012194892526997791,
2010-03-01,0.38574597239494324,,0.04012323505932813,
2010-03-02,0.38551706075668335,,-0.0005934258673879755,
2010-03-03,0.3807096481323242,,-0.012470038589014076,
2010-03-04,0.3813963830471039,,0.0018038285032928592,
2010-03-05,0.3930717706680298,,0.030612213801419097,
2010-03-08,0.3873485326766968,,-0.0145602875057812,
2010-03-09,0.40177100896835327,,0.03723384774944871,
2010-03-10,0.40268686413764954,,0.0022795451858210747,
2010-03-11,0.39352959394454956,,-0.022740424405723214,
2010-03-12,0.39490318298339844,,0.0034904339088723813,
2010-03-15,0.39284276962280273,,-0.0052175152021560756,
2010-03-16,0.40657854080200195,,0.03496506042961656,
2010-03-17,0.41436222195625305,,0.019144348196285188,
2010-03-18,0.39971068501472473,,-0.035359248901496554,
2010-03-19,0.39490318298339844,,-0.012027454385286629,
2010-03-22,0.4013132154941559,,0.01623190895128057,
2010-03-23,0.4095546305179596,,0.02053611669293187,
2010-03-24,0.3958188593387604,,-0.03353831248795236,
2010-03-25,0.39696353673934937,,0.0028919223366496993,
2010-03-26,0.39696353673934937,,0.0,
2010-03-29,0.4020000100135803,,0.0126874959740646,
2010-03-30,0.4036025106906891,,0.003986319993013465,
2010-03-31,0.398337185382843,,-0.013045819013453253,
2010-04-01,0.39421629905700684,,-0.010345221277485273,
2010-04-05,0.4001685380935669,,0.015098916637384718,
2010-04-06,0.39032459259033203,,-0.02459949887647883,
2010-04-07,0.39284276962280273,,0.006451494679746483,
2010-04-08,0.3864327073097229,,-0.016317119236366806,
2010-04-09,0.38895106315612793,,0.006516932440676193,
2010-04-12,0.3960478603839874,,0.01824599004890959,
2010-04-13,0.4042893350124359,,0.02080928961580053,
2010-04-14,0.40932580828666687,,0.012457596176945973,
2010-04-15,0.4123019576072693,,0.007270856760925426,
2010-04-16,0.3905535936355591,,-0.05274863136212948,
2010-04-19,0.3887220025062561,,-0.004689730575138662,
2010-04-20,0.3900957703590393,,0.0035340625020603422,
2010-04-21,0.3800228536128998,,-0.02582165076249998,
2010-04-22,0.3816252648830414,,0.004216618171531961,
2010-04-23,0.37635987997055054,,-0.01379726500577616,
2010-04-26,0.3800228536128998,,0.009732635802295997,
2010-04-27,0.36926308274269104,,-0.02831348369687492,
2010-04-28,0.3699497878551483,,0.0018596635963628039,
2010-04-29,0.3811674118041992,,0.030322017520505007,
2010-04-30,0.35964807868003845,,-0.056456382307979114,
2010-05-03,0.3557561933994293,,-0.010821370977131095,
2010-05-04,0.3376709222793579,,-0.05083613850052071,
2010-05-05,0.3319476842880249,,-0.016949158525998653,
2010-05-06,0.32507964968681335,,-0.020690111503390618,
2010-05-07,0.3195854127407074,,-0.01690120237117021,
2010-05-10,0.33332109451293945,,0.04297968938706331,
2010-05-11,0.3296583294868469,,-0.010988698544401099,
2010-05-12,0.33606836199760437,,0.019444473072272928,
2010-05-13,0.3353816270828247,,-0.0020434381585272554,
2010-05-14,0.29669249057769775,,-0.11535854495563169,
2010-05-17,0.2973792850971222,,0.0023148362066298667,
2010-05-18,0.28753533959388733,,-0.033102324191881416,
2010-05-19,0.29211392998695374,,0.015923574470996016,
2010-05-20,0.28524598479270935,,-0.023511186866545963,
2010-05-21,0.2914270758628845,,0.02166933594058129,
2010-05-24,0.2829567492008209,,-0.029064995546429162,
2010-05-25,0.2905113697052002,,0.026698852477335944,
2010-05-26,0.2918848991394043,,0.004727971354780092,
2010-05-27,0.30905476212501526,,0.05882408797520777,
2010-05-28,0.3008131980895996,,-0.026667002244999738,
2010-06-01,0.2879931628704071,,-0.0426179280051866,
2010-06-02,0.29119807481765747,,0.011128430672822986,
2010-06-03,0.29074016213417053,,-0.0015725127433403596,
2010-06-04,0.27700453996658325,,-0.04724363523347208,
2010-06-07,0.2632687985897064,,-0.049586701281263634,
2010-06-08,0.25594305992126465,,-0.027826080066018943,
2010-06-09,0.24976187944412231,,-0.024150607869749763,
2010-06-10,0.25983479619026184,,0.04033008066946864,
2010-06-11,0.26578691601753235,,0.022907323863244677,
2010-06-14,0.2600638270378113,,-0.021532621189462753,
2010-06-15,0.272883802652359,,0.04929549703459446,
2010-06-16,0.26944980025291443,,-0.01258411956322425,
2010-06-17,0.27975183725357056,,0.03823360414810595,
2010-06-18,0.2815832197666168,,0.006546453925113216,
2010-06-21,0.2749442160129547,,-0.023577412599957825,
2010-06-22,0.26464229822158813,,-0.03746911988459933,
2010-06-23,0.2676185071468353,,0.011246157342372998,
2010-06-24,0.2543405294418335,,-0.049615319383410794,
2010-06-25,0.253653883934021,,-0.002699709359414326,
2010-06-28,0.25411170721054077,,0.001804913330792468,
2010-06-29,0.23991802334785461,,-0.05585608006216802,
2010-06-30,0.2337367981672287,,-0.02576390508046089,
2010-07-01,0.23762865364551544,,0.016650589504106694,
2010-07-02,0.2346525341272354,,-0.012524245172552684,
2010-07-06,0.2321343719959259,,-0.010731450826540367,
2010-07-07,0.24335184693336487,,0.048323196780336586,
2010-07-08,0.23602625727653503,,-0.030102872647750023,
2010-07-09,0.23694193363189697,,0.003879552918932605,
2010-07-12,0.24129146337509155,,0.018356943730997832,
2010-07-13,0.24999085068702698,,0.03605344006062938,
2010-07-14,0.2525090277194977,,0.010073076776810908,
2010-07-15,0.24541227519512177,,-0.028104945745779153,
2010-07-16,0.23007400333881378,,-0.0625000189746534,
2010-07-19,0.23946012556552887,,0.04079610077846474,
2010-07-20,0.24541227519512177,,0.02485653766169138,
2010-07-21,0.2373998463153839,,-0.032648851298767934,
2010-07-22,0.24129146337509155,,0.016392668824804835,
2010-07-23,0.23717087507247925,,-0.01707722372343845,
2010-07-26,0.24152056872844696,,0.01833991485943809,
2010-07-27,0.23946012556552887,,-0.008531129144676464,
2010-07-28,0.23190544545650482,,-0.031548802086285965,
2010-07-29,0.20901256799697876,,-0.09871642907936695,
2010-07-30,0.21038609743118286,,0.00657151599718131,
2010-08-02,0.21015718579292297,,-0.0010880549668200734,
2010-08-03,0.20466290414333344,,-0.026143677309246494,
2010-08-04,0.2133621871471405,,0.042505421489155815,
2010-08-05,0.21610935032367706,,0.012875585938018297,
2010-08-06,0.21862755715847015,,0.011652465897572073,
2010-08-09,0.22068795561790466,,0.009424239497590081,
2010-08-10,0.21153075993061066,,-0.04149386250669984,
2010-08-11,0.20328927040100098,,-0.038961187168774725,
2010-08-12,0.20512071251869202,,0.009009044668606414,
2010-08-13,0.21496473252773285,,0.04799135049876435,
2010-08-16,0.20947037637233734,,-0.02555933752847883,
2010-08-17,0.2122175693511963,,0.01311494745192876,
2010-08-18,0.2133621871471405,,0.0053936052488190445,
2010-08-19,0.22618228197097778,,0.0600860677107522,
2010-08-20,0.22824254631996155,,0.009108867109441032,
2010-08-23,0.2248087078332901,,-0.015044690580421904,
2010-08-24,0.2225193828344345,,-0.010183435601405888,
2010-08-25,0.22709791362285614,,0.0205758740209534,
2010-08-26,0.22435082495212555,,-0.012096494533598845,
2010-08-27,0.23167650401592255,,0.03265278416230566,
2010-08-30,0.22068795561790466,,-0.04743056895084474,
2010-08-31,0.2135910838842392,,-0.03215794769494751,
2010-09-01,0.21519358456134796,,0.0075026571707332845,
2010-09-02,0.21908535063266754,,0.018084953969480955,
2010-09-03,0.22664010524749756,,0.03448315733121188,
2010-09-07,0.2287004441022873,,0.009090795525971807,
2010-09-08,0.23625510931015015,,0.03303301503203038,
2010-09-09,0.23305010795593262,76.31312561035156,-0.013565849913578343,
2010-09-10,0.2305319458246231,76.65959167480469,-0.010805239068096273,0.004540058629260546
2010-09-13,0.2435809075832367,77.62367248535156,0.05660370284880423,0.01257612765062155
2010-09-14,0.24129146337509155,77.60858917236328,-0.009399111904379365,-0.00019431331326313916
2010-09-15,0.2417493760585785,77.804443359375,0.0018977574966052568,0.0025236148356819754
2010-09-16,0.2419784516096115,77.77433013916016,0.0009475745284963644,-0.0003870372810940159
2010-09-17,0.24152056872844696,77.84963989257812,-0.0018922465125252863,0.0009683111803497901
2010-09-20,0.24518342316150665,79.11495971679688,0.015165807418986432,0.01625338056752379
2010-09-21,0.25846123695373535,78.87397766113281,0.05415461461879656,-0.0030459733093044505
2010-09-22,0.26075050234794617,78.4521484375,0.00885728715529055,-0.005348141885846314
2010-09-23,0.2660159170627594,77.804443359375,0.020193306119836496,-0.008256052778987999
2010-09-24,0.2806674540042877,79.3932113647461,0.0550776701759228,0.02042001634832924
2010-09-27,0.2747153341770172,79.01457214355469,-0.021207018278576628,-0.004769163694007483
2010-09-28,0.2740284204483032,79.52952575683594,-0.002500456448023991,0.006517198021976034
2010-09-29,0.2719680368900299,79.15087890625,-0.007518868133832957,-0.004761085231963613
2010-09-30,0.26738959550857544,79.02971649169922,-0.016834483323147853,-0.0015307778792233995
2010-10-01,0.25983479619026184,79.30235290527344,-0.028253901592335207,0.0034497961738588767
2010-10-04,0.25731661915779114,78.63591766357422,-0.009691454221653961,-0.008403725958740171
2010-10-05,0.25914809107780457,80.36253356933594,0.007117581157439101,0.021957089801490692
2010-10-06,0.24678587913513184,80.22622680664062,-0.047703272253551754,-0.0016961481506516662
2010-10-07,0.24495448172092438,80.18075561523438,-0.007420997589593248,-0.0005667871120978996
2010-10-08,0.2486172765493393,80.78656768798828,0.014952961067223658,0.0075555794916803976
2010-10-11,0.2474726438522339,80.65027618408203,-0.004603994995811322,-0.0016870564972215618
2010-10-12,0.25228023529052734,81.11981964111328,0.019426759109439473,0.005821969610612765
2010-10-13,0.25960585474967957,81.60445404052734,0.02903762734609794,0.005974303216626398
2010-10-14,0.2554851770401001,81.3015365600586,-0.015872822720245483,-0.003712021409006838
2010-10-15,0.25846123695373535,81.45301055908203,0.011648659809207373,0.001863113606857203
2010-10-18,0.2600638270378113,82.04369354248047,0.006200504582289712,0.007251825062622785
2010-10-19,0.25846123695373535,80.74118041992188,-0.006162295242401861,-0.015875846958111173
2010-10-20,0.25846123695373535,81.60445404052734,0.0,0.010691862765886295
2010-10-21,0.2538827657699585,81.72563934326172,-0.017714343697103008,0.0014850329453119926
2010-10-22,0.27013662457466125,81.92251586914062,0.06402111917840969,0.0024089934011037872
2010-10-25,0.2726548910140991,82.16484069824219,0.00932219554976288,0.002957975918227884
2010-10-26,0.27173924446105957,82.14971160888672,-0.0033582619759137122,-0.00018413094003344455
2010-10-27,0.27563101053237915,81.89221954345703,0.01432169313283449,-0.0031344244597668602
2010-10-28,0.27585986256599426,81.95283508300781,0.0008302840568377157,0.0007401867953842345
2010-10-29,0.2751731276512146,82.01341247558594,-0.002489433977062805,0.0007391738494069156
2010-11-01,0.27563101053237915,82.058837890625,0.0016639810910057395,0.0005538778800673327
2010-11-02,0.281354159116745,82.69495391845703,0.020763805107820055,0.007751950236973837
2010-11-03,0.2834145128726959,83.04330444335938,0.007322990221360071,0.0042124761958974855
2010-11-04,0.28387245535850525,84.60332489013672,0.001615804643056551,0.0187856258518877
2010-11-05,0.28867989778518677,84.93649291992188,0.016935219800068957,0.003938001611849096
2010-11-08,0.28982457518577576,84.83048248291016,0.003965213405475065,-0.0012481141305382693
2010-11-09,0.2882220447063446,84.16405487060547,-0.005529311923959335,-0.007855992242398746
2010-11-10,0.2916560471057892,84.48213958740234,0.011914433550505477,0.003779341635641309
2010-11-11,0.28867989778518677,84.20952606201172,-0.010204312065996368,-0.0032268776184176673
2010-11-12,0.3035603165626526,83.1644515991211,0.05154643219576949,-0.01241040665780535
2010-11-15,0.2998974919319153,83.0887222290039,-0.012066216929185858,-0.0009105978415180349
2010-11-16,0.29096928238868713,81.75590515136719,-0.029770870992329224,-0.016040890290300647
2010-11-17,0.2957767844200134,81.81651306152344,0.016522369618743094,0.0007413276147336667
2010-11-18,0.3049338161945343,83.02813720703125,0.030959264745800796,0.014809041600156059
2010-11-19,0.3147779405117035,83.22506713867188,0.03228282267942717,0.0023718457171884033
2010-11-22,0.31500694155693054,83.1493148803711,0.0007275002970499322,-0.0009102096388166059
2010-11-23,0.3076810836791992,81.98313903808594,-0.02325617918615719,-0.014025080591018257
2010-11-24,0.31523582339286804,83.04330444335938,0.024553799743976867,0.012931505401140297
2010-11-26,0.3113439679145813,82.5737533569336,-0.012345854085994645,-0.005654291933265276
2010-11-29,0.3147779405117035,82.49805450439453,0.011029513820753678,-0.0009167422996002594
2010-11-30,0.3115728199481964,81.92251586914062,-0.01018216383999726,-0.006976390397463783
2010-12-01,0.32530859112739563,83.77030181884766,0.04408526771200072,0.022555288129317175
2010-12-02,0.32920050621032715,84.86077117919922,0.011963763605023825,0.013017374137074045
2010-12-03,0.33858656883239746,85.07279968261719,0.028511689517492833,0.002498545564360244
2010-12-06,0.3321765959262848,84.96676635742188,-0.01893156284437747,-0.0012463833985820738
2010-12-07,0.3429361581802368,84.9970474243164,0.03239109072073143,0.00035638718751695997
2010-12-08,0.3459123969078064,85.34542083740234,0.008678696184627244,0.004098653113758344
2010-12-09,0.3401890993118286,85.66350555419922,-0.01654551165884688,0.003727027339907041
2010-12-10,0.3422492444515228,86.17845153808594,0.006055882283887648,0.006011264429995888
2010-12-13,0.3335500955581665,86.22388458251953,-0.025417583922784925,0.0005271972705789274
2010-12-14,0.33400797843933105,86.26932525634766,0.0013727559585865468,0.0005270079636070513
2010-12-15,0.3266822099685669,85.89068603515625,-0.02193291461178315,-0.004389036544174774
2010-12-16,0.32714009284973145,86.39049530029297,0.00140161559825569,0.0058191322972100945
2010-12-17,0.3289714753627777,86.51165008544922,0.005598159788648971,0.0014024087341450997
2010-12-20,0.3275979459285736,86.69341278076172,-0.0041752234982970204,0.002101019864179765
2010-12-21,0.3404179811477661,87.22349548339844,0.03913344200878366,0.0061144519016369525
2010-12-22,0.3440808951854706,87.54156494140625,0.010760048647707965,0.003646602973717661
2010-12-23,0.3415626585483551,87.4052505493164,-0.00731873426380758,-0.0015571390822300968
2010-12-27,0.34339413046836853,87.47067260742188,0.005362037898982264,0.0007484911683715012
2010-12-28,0.3420204520225525,87.56193542480469,-0.004000296813292725,0.0010433533281768437
2010-12-29,0.3420204520225525,87.63801574707031,0.0,0.0008688743789926345
2010-12-30,0.34316515922546387,87.5010757446289,0.0033468969359642387,-0.0015625639315776096
2010-12-31,0.3525511920452118,87.59236145019531,0.027351357116009556,0.0010432523804944083
2011-01-03,0.3621663451194763,88.41398620605469,0.027273069248426873,0.009380095961067925
2011-01-04,0.36102163791656494,88.33790588378906,-0.003160722188401466,-0.0008605009855376933
2011-01-05,0.3887220025062561,88.8095703125,0.07672771291368674,0.005339320917697732
2011-01-06,0.4425204396247864,88.65740203857422,0.13839823002471907,-0.001713422026368705
2011-01-07,0.4548826813697815,88.47484588623047,0.0279359790826319,-0.00205911912763157
2011-01-10,0.472281277179718,88.39876556396484,0.038248534232045106,-0.0008599090679791699
2011-01-11,0.464955598115921,88.68785858154297,-0.015511262922686897,0.0032703286718289704
2011-01-12,0.5345501899719238,89.47901153564453,0.1496800815777075,0.008920645585033915
2011-01-13,0.5354657173156738,89.3572998046875,0.001712706048796031,-0.0013602265924511636
2011-01-14,0.5400445461273193,89.99633026123047,0.008551114783966973,0.007151407416514655
2011-01-18,0.5274533629417419,90.14848327636719,-0.023315082572112344,0.0016906579934434784
2011-01-19,0.5130308270454407,89.25082397460938,-0.02734371777603828,-0.009957564111265915
2011-01-20,0.5134885311126709,89.14432525634766,0.0008921570461295492,-0.0011932519333605063
2011-01-21,0.508681058883667,89.34210205078125,-0.009362375082821561,0.002218613398720093
2011-01-24,0.5661424994468689,89.88984680175781,0.11296162803723164,0.006130869303536457
2011-01-25,0.5487439632415771,89.85942840576172,-0.030731726062414366,-0.0003383963492915587
2011-01-26,0.5617928504943848,90.33106231689453,0.023779554996330887,0.005248574573645692
2011-01-27,0.5601903200149536,90.45278930664062,-0.0028525291448990853,0.0013475651301326774
2011-01-28,0.5439360737800598,88.85521697998047,-0.029015578552767374,-0.01766194651271935
2011-01-31,0.5475990176200867,89.53990936279297,0.0067341439860229,0.007705708298104463
2011-02-01,0.5601903200149536,90.93965148925781,0.02299365409673282,0.015632606023683104
2011-02-02,0.5856013298034668,90.78753662109375,0.045361386801247905,-0.0016727012438796374
2011-02-03,0.5746128559112549,91.01573181152344,-0.018764427833351638,0.00251350789901994
2011-02-04,0.5876618027687073,91.25920104980469,0.0227091105310524,0.0026750236847563613
2011-02-07,0.5631664395332336,91.83731079101562,-0.04168275548974987,0.0063348104581304465
2011-02-08,0.5464544296264648,92.26336669921875,-0.0296750813500537,0.004639246342618364
2011-02-09,0.5331766605377197,92.03512573242188,-0.024298035424145548,-0.0024737983769977934
2011-02-10,0.5224169492721558,92.06558227539062,-0.020180386843476228,0.00033092303320469973
2011-02-11,0.537297248840332,92.64375305175781,0.028483569663863006,0.0062799882657313955
2011-02-14,0.5290558934211731,92.87196350097656,-0.0153385401413213,0.002463311790609879
2011-02-15,0.5162357687950134,92.5372314453125,-0.02423207979644182,-0.0036042314929687347
2011-02-16,0.5352370142936707,93.13062286376953,0.0368073013286343,0.00641246133247142
2011-02-17,0.587890625,93.48052978515625,0.09837438237677576,0.0037571629033186227
2011-02-18,0.5867459177970886,93.63270568847656,-0.0019471431491382418,0.0016278887557661381
2011-02-22,0.5313450694084167,91.71564483642578,-0.09442050930097967,-0.02047426524689988
2011-02-23,0.5061627626419067,91.19831085205078,-0.04739350794117125,-0.0056406296362814246
2011-02-24,0.5185254216194153,91.10701751708984,0.02442427592456986,-0.0010010419503168055
2011-02-25,0.5292845964431763,92.09600067138672,0.020749560918650545,0.010855180876833792
2011-02-28,0.5187539458274841,92.64375305175781,-0.019896008095566575,0.005947623961713111
2011-03-01,0.495632141828537,91.06139373779297,-0.04457181325544368,-0.017080043303953962
2011-03-02,0.4750283360481262,91.32003021240234,-0.041570761945335266,0.00284024287344109
2011-03-03,0.4777756631374359,92.8871841430664,0.005783501489964538,0.017161119274917036
2011-03-04,0.4752573072910309,92.2025146484375,-0.00527100068234454,-0.007370979117790499
2011-03-07,0.4686185419559479,91.39613342285156,-0.013968781191233015,-0.00874576174696129
2011-03-08,0.44755685329437256,92.2481689453125,-0.04494420680339872,0.009322446043958266
2011-03-09,0.4381707012653351,92.1416244506836,-0.020971976990069474,-0.0011549767962556468
2011-03-10,0.41024142503738403,90.45278930664062,-0.06374062927370039,-0.018328688625919298
2011-03-11,0.4132174551486969,91.06139373779297,0.00725433837170808,0.00672842082391889
2011-03-14,0.4166514277458191,90.52886199951172,0.008310328023017455,-0.005848051698117529
2011-03-15,0.4042893350124359,89.52467346191406,-0.029670107697134185,-0.011092468362223218
2011-03-16,0.4013132154941559,87.82061004638672,-0.007361360442981968,-0.019034567227461552
2011-03-17,0.40886783599853516,88.91610717773438,0.018824748881187237,0.012474260094174072
2011-03-18,0.40337347984313965,89.29644012451172,-0.013437975970834737,0.0042774358757868836
2011-03-21,0.40657854080200195,90.6506118774414,0.007945641245697743,0.015164901882331216
2011-03-22,0.399481862783432,90.33106231689453,-0.017454630056400133,-0.0035250678834788385
2011-03-23,0.40772321820259094,90.62015533447266,0.020630111619427183,0.0032003721661542084
2011-03-24,0.44023123383522034,91.47219848632812,0.07973059708480146,0.009402358103565822
2011-03-25,0.42649540305137634,91.74420928955078,-0.031201399919264627,0.0029736991973938753
2011-03-28,0.4422915279865265,91.54554748535156,0.03703703444899098,-0.0021653879382428354
2011-03-29,0.43885764479637146,92.14155578613281,-0.00776384572814981,0.006510511075119352
2011-03-30,0.4223747253417969,92.7682113647461,-0.03755869277889101,0.006801009308631478
2011-03-31,0.42260363698005676,92.64593505859375,0.0005419633906234012,-0.0013180841190478798
2011-04-01,0.4166514277458191,93.0738754272461,-0.014084614313242594,0.00461909492717294
2011-04-04,0.40177100896835327,93.11970520019531,-0.035714311260067744,0.0004924021132550749
2011-04-05,0.4024578034877777,93.11970520019531,0.0017094178128680415,0.0
2011-04-06,0.39971068501472473,93.3947982788086,-0.006825854659161523,0.0029541876020964253
2011-04-07,0.41436222195625305,93.22669219970703,0.036655354712342936,-0.0017999511985637984
2011-04-08,0.40177100896835327,92.87516784667969,-0.030386971400180207,-0.0037706406259091496
2011-04-11,0.3965056240558624,92.55425262451172,-0.01310543766214245,-0.0034553393507481545
2011-04-12,0.39765027165412903,91.88178253173828,0.0028868382409257265,-0.007265685516381626
2011-04-13,0.40657854080200195,91.912353515625,0.02245256644924054,0.0003327208402401638
2011-04-14,0.42374828457832336,91.9276351928711,0.04222983274634462,0.00016626358331151003
2011-04-15,0.4283267855644226,92.2485580444336,0.010804765830864316,0.003491037824362442
2011-04-18,0.4141331911087036,91.23988342285156,-0.03313730295203354,-0.010934313153124653
2011-04-19,0.41253072023391724,91.80537414550781,-0.003869457723241876,0.006197845738529439
2011-04-20,0.4251217842102051,93.04329681396484,0.030521518419642346,0.013484206997457227
2011-04-21,0.42397722601890564,93.45592498779297,-0.0026923066137996,0.004434797432566917
2011-04-25,0.430616170167923,93.36420440673828,0.01565872820895642,-0.0009814314187855944
2011-04-26,0.4418337345123291,94.17424774169922,0.02605003044830334,0.008676165990040507
2011-04-27,0.4418337345123291,94.78555297851562,0.0,0.00649121443999312
2011-04-28,0.4466412663459778,95.09122467041016,0.010880861867541558,0.0032248763897997357
2011-04-29,0.4578588604927063,95.36632537841797,0.025115444971085976,0.002893018876992226
2011-05-02,0.45167770981788635,95.15232849121094,-0.013500122435477935,-0.0022439460297739577
2011-05-03,0.43015819787979126,94.84669494628906,-0.047643511004276995,-0.003212044831358063
2011-05-04,0.4269533157348633,94.20479583740234,-0.00745047324617909,-0.006767754103084167
2011-05-05,0.4271821677684784,93.3795166015625,0.0005360118429369454,-0.008760480063714327
2011-05-06,0.4422915279865265,93.82273864746094,0.03536982898180563,0.004746458988319713
2011-05-09,0.4521355926990509,94.20479583740234,0.022256959696556278,0.004072117222851279
2011-05-10,0.45282232761383057,94.98424530029297,0.0015188693964129918,0.008273989195156872
2011-05-11,0.4548826813697815,93.9755630493164,0.004550026865521639,-0.010619469026548645
2011-05-12,0.4693050682544708,94.47990417480469,0.0317057286974729,0.005366726296958779
2011-05-13,0.4180251359939575,93.65459442138672,-0.10926779983698753,-0.00873529414139751
2011-05-16,0.40520498156547546,93.0738754272461,-0.030668381694318403,-0.006200646083925787
2011-05-17,0.4036025106906891,93.05855560302734,-0.003954716619216647,-0.00016459854227002246
2011-05-18,0.412988543510437,93.92967987060547,0.023255635361845384,0.009361033619457837
2011-05-19,0.4070364236831665,94.05197143554688,-0.01441231220768735,0.001301948064870162
2011-05-20,0.4141331911087036,93.42537689208984,0.0174352146702752,-0.006662215941815042
2011-05-23,0.4136753976345062,92.30970764160156,-0.0011054257036771098,-0.011941822314261885
2011-05-24,0.4152778685092926,92.23326873779297,0.003873739854846736,-0.0008280700455186585
2011-05-25,0.42031437158584595,92.53892517089844,0.012128031514495818,0.0033139499151266794
2011-05-26,0.43084514141082764,92.9057388305664,0.02505450809414178,0.00396388502449696
2011-05-27,0.4464123547077179,93.31838989257812,0.036131806537064604,0.0044416100362139055
2011-05-31,0.45877453684806824,94.2506332397461,0.027692293929553857,0.009989921046013706
2011-06-01,0.4381707012653351,92.1568603515625,-0.044910590993755384,-0.02221494770075072
2011-06-02,0.4361105263233185,92.0499038696289,-0.004701763344895693,-0.0011605916426142837
2011-06-03,0.42260363698005676,91.16344451904297,-0.030971252762764356,-0.00963020397980463
2011-06-06,0.4136753976345062,90.20062255859375,-0.021126745168006833,-0.010561491676064239
2011-06-07,0.4134465456008911,90.078369140625,-0.0005532164468173839,-0.0013553500463850954
2011-06-08,0.4022289514541626,89.71160888671875,-0.02713190923006792,-0.004071568539764314
2011-06-09,0.39765027165412903,90.39932250976562,-0.011383267622781634,0.00766582643630076
2011-06-10,0.3919271230697632,89.13082885742188,-0.014392417137196745,-0.014032114590313616
2011-06-13,0.38917994499206543,89.19197082519531,-0.0070094104643243504,0.0006859800201257649
2011-06-14,0.39238494634628296,90.33818054199219,0.008235268531842976,0.012851041480441028
2011-06-15,0.383914589881897,88.76403045654297,-0.021586853785442672,-0.017425080691297556
2011-06-16,0.3706366717815399,88.93217468261719,-0.03458560432527902,0.001894283362409377
2011-06-17,0.3619372844696045,89.1766586303711,-0.023471469431559644,0.0027491056934840774
2011-06-20,0.35758769512176514,89.68099975585938,-0.01201752219093255,0.005655528399855392
2011-06-21,0.3653712570667267,90.90364074707031,0.02176686181081,0.013633222137792389
2011-06-22,0.3603347837924957,90.36875915527344,-0.013784536076167475,-0.005884050269066021
2011-06-23,0.3710945248603821,90.0630874633789,0.029860400804609943,-0.0033824929627430667
2011-06-24,0.3603347837924957,89.07254028320312,-0.02899461012510096,-0.01099837023218364
2011-06-27,0.3527802526950836,89.82508087158203,-0.020965311807817355,0.008448626097181444
2011-06-28,0.35484063625335693,90.97688293457031,0.005840416357018041,0.012822722248755358
2011-06-29,0.3603347837924957,91.79077911376953,0.015483422634875232,0.008946186689915203
2011-06-30,0.3649135231971741,92.66614532470703,0.012706903720166807,0.009536537541015244
2011-07-01,0.369720995426178,94.06366729736328,0.013174278077949575,0.015081257213832133
2011-07-05,0.3635399043560028,93.91010284423828,-0.01671825821806583,-0.0016325586439186468
2011-07-06,0.3587324619293213,94.04832458496094,-0.01322397450480084,0.0014718516595804143
2011-07-07,0.360105961561203,95.07725524902344,0.003828757577429176,0.010940446505594004
2011-07-08,0.3532380759716034,94.43226623535156,-0.019071846408275417,-0.006783841329690676
2011-07-11,0.3408758342266083,92.6815185546875,-0.03499691167491503,-0.018539719001349764
2011-07-12,0.33629727363586426,92.26687622070312,-0.013431754706613397,-0.004473840528839812
2011-07-13,0.33561038970947266,92.58934020996094,-0.0020424903210346512,0.0034949052408199677
2011-07-14,0.32233256101608276,91.9904556274414,-0.03956322301250592,-0.006468180690795133
2011-07-15,0.3227905333042145,92.49724578857422,0.0014208067800784985,0.0055091602457681965
2011-07-18,0.31592246890068054,91.7140121459961,-0.021277155600660458,-0.008467642856830548
2011-07-19,0.32553765177726746,93.20367431640625,0.030435261252689694,0.01624247086736119
2011-07-20,0.3214169144630432,93.20367431640625,-0.012658251024811218,0.0
2011-07-21,0.3365263044834137,94.44759368896484,0.047008695997259986,0.013346248221242307
2011-07-22,0.34339413046836853,94.5243911743164,0.0204079915699229,0.0008131227313685763
2011-07-25,0.3378998041152954,93.98688507080078,-0.016000059015508494,-0.005686427564758234
2011-07-26,0.3296583294868469,93.58757781982422,-0.02439029122856906,-0.004248542237310637
2011-07-27,0.3172960579395294,91.7293472290039,-0.037500255390363946,-0.019855526065625906
2011-07-28,0.31660938262939453,91.46829986572266,-0.0021641469944317926,-0.0028458434641374097
2011-07-29,0.31660938262939453,90.7618408203125,0.0,-0.007723539701156024
2011-08-01,0.3335500955581665,90.4393539428711,0.0535066673895821,-0.0035531108065541828
2011-08-02,0.33011624217033386,88.18184661865234,-0.010294865549615229,-0.024961559606504702
2011-08-03,0.3390445113182068,88.62713623046875,0.02704583418608686,0.0050496743818724266
2011-08-04,0.3067654073238373,84.48069763183594,-0.09520609511968847,-0.04678520343758241
2011-08-05,0.29646360874176025,84.29643249511719,-0.033582008714567735,-0.00218115074666847
2011-08-08,0.2731127440929413,78.89064025878906,-0.07876469138294528,-0.06412836316224002
2011-08-09,0.2960057258605957,82.42279815673828,0.08382245890314022,0.04477283853144676
2011-08-10,0.28249892592430115,78.84456634521484,-0.04563019818966474,-0.0434131319434089
2011-08-11,0.3069942891597748,82.2999496459961,0.0867095800641644,0.043825255955523
2011-08-12,0.2948610186576843,82.9603500366211,-0.03952278895903405,0.00802431099248091
2011-08-15,0.30607855319976807,84.66497039794922,0.038043463978894465,0.020547410426494883
2011-08-16,0.2973792850971222,83.94317626953125,-0.02842168460254102,-0.008525298302536899
2011-08-17,0.2932584881782532,84.03533172607422,-0.013857040908290541,0.001097831421663864
2011-08-18,0.2733418047428131,80.54918670654297,-0.0679151132475797,-0.04148427748098693
2011-08-19,0.2685340642929077,79.01349639892578,-0.017588749201495113,-0.019065249078330515
2011-08-22,0.2733418047428131,79.07493591308594,0.01790365204714317,0.0007775825265339265
2011-08-23,0.30287355184555054,81.80853271484375,0.10803962873708173,0.03456969987003733
2011-08-24,0.2985239028930664,82.92958068847656,-0.014361270325453201,0.01370331353503662
2011-08-25,0.2857038974761963,81.68567657470703,-0.04294465298298855,-0.014999522527941345
2011-08-26,0.29783710837364197,82.76066589355469,0.042467782220074746,0.013160071189035172
2011-08-29,0.3058496117591858,85.17178344726562,0.026902300486653985,0.029133617131743117
2011-08-30,0.3131754398345947,85.32534790039062,0.023952386381242308,0.0018029968014006137
2011-08-31,0.3047049939632416,85.75535583496094,-0.027046967271210254,0.005039627087982224
2011-09-01,0.30401811003685,84.92607116699219,-0.0022542588405178865,-0.009670354229125211
2011-09-02,0.2957767844200134,82.72994232177734,-0.027108008848017673,-0.025859301096085585
2011-09-06,0.3017289936542511,82.1617431640625,0.020123990616468745,-0.006868119833866704
2011-09-07,0.32622432708740234,84.48069763183594,0.081183227161856,0.028224260811298585
2011-09-08,0.3246218264102936,83.58995819091797,-0.004912266020796863,-0.010543703661157977
2011-09-09,0.31775403022766113,81.39390563964844,-0.02115629826428289,-0.02627172687721402
2011-09-12,0.32530859112739563,81.97744750976562,0.02377487043774673,0.007169355807800537
2011-09-13,0.3326343894004822,82.65314483642578,0.022519535213312736,0.008242478232560968
2011-09-14,0.3498041033744812,83.82034301757812,0.05161737487499285,0.014121642721063754
2011-09-15,0.35484063625335693,85.26390075683594,0.014398152652554508,0.017222045237336836
2011-09-16,0.3539249002933502,85.77070617675781,-0.0025806964210065564,0.005943962397019886
2011-09-19,0.34659916162490845,84.97212982177734,-0.020698568149259522,-0.009310595546861311
2011-09-20,0.3376709222793579,84.83390808105469,-0.025759552630461147,-0.0016266714864340281
2011-09-21,0.3312608003616333,82.26922607421875,-0.018983339976254898,-0.03023180311798801
2011-09-22,0.30928361415863037,79.68921661376953,-0.06634405936051202,-0.03136056559133882
2011-09-23,0.31569361686706543,80.05986022949219,0.02072532269733296,0.0046511138077698355
2011-09-26,0.3163803517818451,82.00572967529297,0.0021753208746975172,0.02430518165061657
2011-09-27,0.3168383538722992,82.94781494140625,0.0014476312700035798,0.011488041992230746
2011-09-28,0.30722320079803467,81.29537963867188,-0.030347187948526866,-0.019921384353543736
2011-09-29,0.299668550491333,81.8822021484375,-0.024590103504806615,0.007218399278948295
2011-09-30,0.2863907217979431,79.93629455566406,-0.04430838228309153,-0.023764719825754788
2011-10-03,0.2703656256198883,77.48076629638672,-0.05595536083519137,-0.030718564988866492
2011-10-04,0.29531896114349365,79.1795654296875,0.09229477847412326,0.02192543020034643
2011-10-05,0.3058496117591858,80.75480651855469,0.035658565826308,0.01989454072295982
2011-10-06,0.31798291206359863,82.31461334228516,0.03967080499015352,0.01931534345726016
2011-10-07,0.3239351212978363,81.68146514892578,0.018718644959912822,-0.007691807902037828
2011-10-10,0.3383576273918152,84.44583129882812,0.04452282307702715,0.03384324883083578
2011-10-11,0.33469468355178833,84.41495513916016,-0.0108256576577338,-0.0003656327280231464
2011-10-12,0.33446577191352844,85.1871566772461,-0.000683941662385168,0.009147686411879796
2011-10-13,0.3539249002933502,85.06361389160156,0.058179730226184834,-0.001450251310917694
2011-10-14,0.35987693071365356,86.4689712524414,0.01681721296063099,0.016521251526307346
2011-10-17,0.3420204520225525,84.84735870361328,-0.04961829216363156,-0.018753693091755563
2011-10-18,0.3543825149536133,86.54618835449219,0.03614422137026363,0.020022186628262828
2011-10-19,0.3472858965396881,85.46514892578125,-0.020025306313021907,-0.012490895893450649
2011-10-20,0.3298872411251068,85.85120391845703,-0.05009894034839668,0.004517104311267728
2011-10-21,0.3314897418022156,87.50367736816406,0.004857722510404727,0.0192481103849933
2011-10-24,0.34385186433792114,88.61563873291016,0.037292624708373134,0.012707595819860362
2011-10-25,0.33080291748046875,86.90140533447266,-0.037949327052734905,-0.019344592251986592
2011-10-26,0.33469468355178833,87.73533630371094,0.011764606252450571,0.00959628864491413
2011-10-27,0.34911733865737915,90.76229858398438,0.04309197550596644,0.03450106203269221
2011-10-28,0.357129842042923,90.85497283935547,0.022950746062507132,0.0010210655395128665
2011-10-31,0.3388155400753021,88.52296447753906,-0.051281914339210255,-0.02566737173472855
2011-11-01,0.3218747079372406,86.17555236816406,-0.050000162726586916,-0.026517549691533526
2011-11-02,0.3163803517818451,87.53459167480469,-0.01706985985511733,0.01577059002574721
2011-11-03,0.3353816270828247,89.15619659423828,0.06005832914074771,0.018525303978773833
2011-11-04,0.33927324414253235,88.64653015136719,0.011603548749993253,-0.005716556586533805
2011-11-07,0.33744195103645325,89.15619659423828,-0.0053976938579622935,0.005749423491261618
2011-11-08,0.34522560238838196,90.2217788696289,0.023066638063291345,0.01195185882861538
2011-11-09,0.32782697677612305,86.96317291259766,-0.05039784272049819,-0.03611773119370609
2011-11-10,0.3312608003616333,87.75077819824219,0.010474499747637367,0.009056768046355801
2011-11-11,0.3429361581802368,89.4650650024414,0.03524521406051573,0.01953585870573571
2011-11-14,0.33629727363586426,88.6002197265625,-0.019358951764087085,-0.009666849019282608
2011-11-15,0.3406469225883484,89.0634994506836,0.012933940574236802,0.005228877823902245
2011-11-16,0.33377906680107117,87.62725067138672,-0.0201612148293987,-0.01612612111757583
2011-11-17,0.3218747079372406,86.22187042236328,-0.03566538482452353,-0.016038164363889384
2011-11-18,0.3188987076282501,86.09830474853516,-0.0092458345921691,-0.0014331128891409417
2011-11-21,0.3349236845970154,84.553955078125,0.05025099376522424,-0.017937050850428404
2011-11-22,0.34522560238838196,84.10609436035156,0.03075900052802183,-0.005296744751438598
2011-11-23,0.33057406544685364,82.330078125,-0.04244047034798193,-0.021116379839756227
2011-11-25,0.3214169144630432,82.08296966552734,-0.027700754357218638,-0.0030014359891348263
2011-11-28,0.3395023047924042,84.53852081298828,0.056267699413312666,0.02991547646810111
2011-11-29,0.34133362770080566,84.78561401367188,0.0053941398410277674,0.0029228474582634334
2011-11-30,0.357816606760025,88.26043701171875,0.04828993606708876,0.04098363901081803
2011-12-01,0.3621663451194763,88.19867706298828,0.012156334494470622,-0.0006997466908335026
2011-12-02,0.35987693071365356,88.15233612060547,-0.0063214443768028206,-0.000525415390864814
2011-12-05,0.3543825149536133,89.10983276367188,-0.015267485329344632,0.010861840822419255
2011-12-06,0.34934622049331665,89.18705749511719,-0.014211464301380206,0.0008666241317063506
2011-12-07,0.3472858965396881,89.48048400878906,-0.005897656344239666,0.003290012272105125
2011-12-08,0.33629727363586426,87.55004119873047,-0.0316414314929373,-0.021573897721306246
2011-12-09,0.34110474586486816,89.03263854980469,0.014295305391649915,0.016934285018882722
2011-12-12,0.3326343894004822,87.75077819824219,-0.024832127277823357,-0.01439764531796317
2011-12-13,0.32347723841667175,86.91683197021484,-0.027529177005163663,-0.009503576437160821
2011-12-14,0.3108862042427063,85.94388580322266,-0.038924018999280885,-0.011193990219588335
2011-12-15,0.30813902616500854,86.26819610595703,-0.008836603362280648,0.003773512213270269
2011-12-16,0.30928361415863037,86.32997131347656,0.0037145181117335113,0.0007160832184742727
2011-12-19,0.3012710213661194,85.44967651367188,-0.025906942449273607,-0.010196861952012082
2011-12-20,0.3182118535041809,87.99790954589844,0.05623120358952205,0.029821447385103284
2011-12-21,0.31409117579460144,88.26043701171875,-0.01294947898452603,0.0029833375267100948
2011-12-22,0.3275979459285736,89.09439086914062,0.04300270486683422,0.009448784593159676
2011-12-23,0.32439297437667847,89.79818725585938,-0.009783246786882804,0.0078994466413993
2011-12-27,0.3218747079372406,89.89139556884766,-0.007763011650535057,0.0010379754406701913
2011-12-28,0.3138621747493744,88.78832244873047,-0.0248933295791246,-0.012271175824301706
2011-12-29,0.31981438398361206,89.59619903564453,0.01896440448419967,0.009098905854207917
2011-12-30,0.3172960579395294,89.25442504882812,-0.007874336396988646,-0.0038146036382685766
2012-01-03,0.3214169144630432,90.5749740600586,0.012987417966280335,0.014795333794465071
2012-01-04,0.32507964968681335,90.73035430908203,0.011395589525489358,0.0017154876458524981
2012-01-05,0.33675509691238403,91.02550506591797,0.03591565093914362,0.0032530541634443466
2012-01-06,0.33286339044570923,90.8390884399414,-0.011556488683784782,-0.0020479603583805073
2012-01-09,0.33286339044570923,90.97892761230469,0.0,0.0015394162883497486
2012-01-10,0.3314897418022156,91.75572204589844,-0.004126763960597524,0.008538179707986426
2012-01-11,0.32485082745552063,91.84890747070312,-0.020027510687362637,0.0010155816196191214
2012-01-12,0.3227905333042145,92.05089569091797,-0.0063422776769385125,0.0021991357957009683
2012-01-13,0.31431999802589417,91.6624984741211,-0.026241585190285743,-0.004219374660959341
2012-01-17,0.30951249599456787,91.91109466552734,-0.015294928930771556,0.0027120817732939617
2012-01-18,0.32004326581954956,92.93643188476562,0.034023730741929326,0.011155750271167664
2012-01-19,0.3285136818885803,93.43360900878906,0.02646647179824324,0.005349647215205033
2012-01-20,0.32553765177726746,93.43360900878906,-0.009059075086931156,0.0
2012-01-23,0.33446577191352844,93.5268325805664,0.027425768071736245,0.0009977520162853803
2012-01-24,0.3420204520225525,93.38700103759766,0.02258730412323695,-0.0014950954620247536
2012-01-25,0.3399602472782135,94.21040344238281,-0.006023630259991419,0.008817098692929015
2012-01-26,0.33675509691238403,93.72879028320312,-0.009428015162038839,-0.005112101653128254
2012-01-27,0.34133362770080566,93.6045150756836,0.013596025213577834,-0.001325902181645966
2012-01-30,0.3388155400753021,93.29378509521484,-0.0073772034782074725,-0.003319604617549765
2012-01-31,0.3381286859512329,93.24720001220703,-0.0020272214312145875,-0.0004993374741979473
2012-02-01,0.3417915999889374,94.13272857666016,0.010832899395683881,0.009496570023949324
2012-02-02,0.35461151599884033,94.31916809082031,0.037507990279216585,0.001980602463980574
2012-02-03,0.3621663451194763,95.65526580810547,0.021304522779967083,0.014165707186885035
2012-02-06,0.3594191372394562,95.51541900634766,-0.00758548638503076,-0.0014619874878436523
2012-02-07,0.3603347837924957,95.81061553955078,0.0025475731761870346,0.0030905641861185273
2012-02-08,0.37338390946388245,96.01258850097656,0.03621389401835051,0.0021080436681091275
2012-02-09,0.3731548488140106,96.1213150024414,-0.0006134722039863316,0.0011324192292112567
2012-02-10,0.3639976978302002,95.46884155273438,-0.02453981507386116,-0.006788020427003771
2012-02-13,0.369720995426178,96.19900512695312,0.01572344448905727,0.007648187223633807
2012-02-14,0.3717813193798065,96.0591812133789,0.005572645262554188,-0.001453486066614662
2012-02-15,0.37017881870269775,95.63971710205078,-0.004310331352263774,-0.004366725866592147
2012-02-16,0.37658876180648804,96.68063354492188,0.017315801931223618,0.010883725657201637
2012-02-17,0.3628532290458679,96.91368103027344,-0.03647355989788725,0.002410487776161263
2012-02-21,0.3646845519542694,96.97579193115234,0.005047007334665343,0.0006408888839906091
2012-02-22,0.3621663451194763,96.6495590209961,-0.006905164535482844,-0.0033640654400415304
2012-02-23,0.36422663927078247,97.11563110351562,0.005688806204857233,0.004822288764072757
2012-02-24,0.3614795506000519,97.25546264648438,-0.007542250825558816,0.0014398458968949424
2012-02-27,0.3541537821292877,97.42636108398438,-0.020266066112463288,0.001757211706669981
2012-02-28,0.3509488105773926,97.76815795898438,-0.009049660666125892,0.0035082586601522525
2012-02-29,0.3468281030654907,97.23994445800781,-0.01174161982518851,-0.005402715076192388
2012-03-01,0.34911733865737915,97.87689208984375,0.006600490478293697,0.006550267334953119
2012-03-02,0.352093368768692,97.61278533935547,0.008524440873541206,-0.002698356525724699
2012-03-05,0.3401890993118286,97.19331359863281,-0.033809979149831526,-0.004297303260677787
2012-03-06,0.3369840979576111,95.67079162597656,-0.009421234721221139,-0.01566488389256504
2012-03-07,0.3390445113182068,96.4320297241211,0.006114274747928583,0.007956849579760839
2012-03-08,0.3401890993118286,97.36420440673828,0.003375922498115802,0.009666650025764278
2012-03-09,0.33927324414253235,97.73709869384766,-0.0026921943447011376,0.003829890968467309
2012-03-12,0.33400797843933105,97.7836685180664,-0.015519248258165863,0.00047648052623938675
2012-03-13,0.33858656883239746,99.53926849365234,0.013708027019175173,0.01795391809483582
2012-03-14,0.3289714753627777,99.4615707397461,-0.028397740355670442,-0.0007805738888989611
2012-03-15,0.33377906680107117,99.97425079345703,0.014614006983407313,0.005154554164969127
2012-03-16,0.3342367708683014,100.11410522460938,0.00137127852749086,0.0013989045183371296
2012-03-19,0.3351524770259857,100.53353118896484,0.0027396930484502313,0.004189479228870585
2012-03-20,0.3296583294868469,100.25389099121094,-0.01639297906401216,-0.002781561479505701
2012-03-21,0.33103200793266296,100.0985336303711,0.004166976299231795,-0.0015496392140377235
2012-03-22,0.33057406544685364,99.32176971435547,-0.0013833782680691131,-0.007759992957378836
2012-03-23,0.33309218287467957,99.71015167236328,0.007617407688718991,0.003910340694943004
2012-03-26,0.3369840979576111,101.0600357055664,0.011684198198057993,0.013538080231175531
2012-03-27,0.33927324414253235,100.77910614013672,0.006793039193229822,-0.002779828479856916
2012-03-28,0.34705695509910583,100.2953872680664,0.022942307095997982,-0.004799793236880734
2012-03-29,0.3486594557762146,100.12366485595703,0.0046173996906391235,-0.0017121665989523471
2012-03-30,0.3525511920452118,100.4513931274414,0.011161998346877144,0.0032732348736521644
2012-04-02,0.3509488105773926,101.26287841796875,-0.004545102963695924,0.008078387618754235
2012-04-03,0.34522560238838196,100.87274932861328,-0.01630781474823806,-0.0038526367751979818
2012-04-04,0.3353816270828247,99.81158447265625,-0.028514615478844707,-0.01051983675492052
2012-04-05,0.3349236845970154,99.7803726196289,-0.0013654370091544799,-0.00031270772017344406
2012-04-09,0.33057406544685364,98.67239379882812,-0.012986896269803316,-0.011104176018909895
2012-04-10,0.3241640031337738,96.95581817626953,-0.019390699341205186,-0.017396716107428434
2012-04-11,0.3282848000526428,97.75167846679688,0.012712074379117588,0.008208484085817647
2012-04-12,0.33606836199760437,99.09375762939453,0.02370978474700447,0.013729474354279514
2012-04-13,0.3241640031337738,97.90776062011719,-0.03542243248686239,-0.011968433104665444
2012-04-16,0.32027220726013184,97.79849243164062,-0.012005638615080638,-0.0011160319446026357
2012-04-17,0.3209590017795563,99.29657745361328,0.002144408736867387,0.015318078885723008
2012-04-18,0.31752511858940125,98.95328521728516,-0.010698821877921705,-0.0034572413786214673
2012-04-19,0.31271758675575256,98.3134765625,-0.01514063471578575,-0.006465764662388351
2012-04-20,0.3065365254878998,98.46952819824219,-0.019765633688777706,0.001587286313112779
2012-04-23,0.30287355184555054,97.62682342529297,-0.01194955033994416,-0.008558025902720479
2012-04-24,0.29348745942115784,97.98576354980469,-0.03099013554402108,0.0036766547544835326
2012-04-25,0.29943957924842834,99.35899353027344,0.020280661528127242,0.014014586718720246
2012-04-26,0.299668550491333,100.04570007324219,0.000764665925190533,0.006911367744073527
2012-04-27,0.2971503734588623,100.24851989746094,-0.008403207571638482,0.0020272717775002835
2012-04-30,0.29760822653770447,99.81158447265625,0.001540812732330421,-0.004358522452517111
2012-05-01,0.30287355184555054,100.46703338623047,0.01769213629979749,0.006566862123642325
2012-05-02,0.2941741943359375,100.15489959716797,-0.02872273744803322,-0.0031068279667674226
2012-05-03,0.28913792967796326,99.42144775390625,-0.01712000833160432,-0.007323174864252602
2012-05-04,0.2806674540042877,97.79849243164062,-0.029295622622427353,-0.016323996068563162
2012-05-07,0.285474956035614,97.87652587890625,0.01712881904452246,0.0007979003083320446
2012-05-08,0.28524598479270935,97.45518493652344,-0.000802071208222177,-0.004304821187708474
2012-05-09,0.2863907217979431,96.90898132324219,0.004013157296729908,-0.00560466447872443
2012-05-10,0.2843303382396698,97.08065795898438,-0.007194309736496929,0.0017715245109177769
2012-05-11,0.30241572856903076,96.76853942871094,0.06360696660556941,-0.003215043416839092
2012-05-14,0.30058425664901733,95.73860931396484,-0.006056139767199209,-0.010643233026213395
2012-05-15,0.29760822653770447,95.20802307128906,-0.00990081830795242,-0.005542029975971086
2012-05-16,0.2916560471057892,94.8022689819336,-0.020000050069722053,-0.004261763623131354
2012-05-17,0.28959575295448303,93.36659240722656,-0.007064122865790723,-0.015143905205271313
2012-05-18,0.2765466272830963,92.63313293457031,-0.045059796417103226,-0.007855694994813534
2012-05-21,0.281354159116745,94.19366455078125,0.01738416367930351,0.016846365514952222
2012-05-22,0.2779202163219452,94.39654541015625,-0.012205054318656483,0.0021538694809524195
2012-05-23,0.2847880423069,94.39654541015625,0.024711502012502384,0.0
2012-05-24,0.2772334814071655,94.56819915771484,-0.026526959624215474,0.0018184325158590031
2012-05-25,0.28387245535850525,94.3497314453125,0.023947230030233024,-0.002310160438161679
2012-05-29,0.29119807481765747,95.42648315429688,0.025806024222746915,0.011412345244548927
2012-05-30,0.28776437044143677,94.0532455444336,-0.011791645182993804,-0.014390529384205264
2012-05-31,0.28455930948257446,93.81912994384766,-0.0111377963642465,-0.0024891815187316757
2012-06-01,0.27425745129585266,91.52515411376953,-0.03620285066566287,-0.024451045660422444
2012-06-04,0.2685340642929077,91.49398040771484,-0.020868665467072,-0.0003406026065352341
2012-06-05,0.2763177156448364,92.0245590209961,0.028985713125164514,0.005799054876800547
2012-06-06,0.2836434543132782,94.22488403320312,0.026512012273067098,0.02391019349198964
2012-06-07,0.27219700813293457,94.20929718017578,-0.04035505140795981,-0.00016542183296130997
2012-06-08,0.2774624824523926,94.98954772949219,0.019344350459893578,0.00828209712491712
2012-06-11,0.2806674540042877,93.83476257324219,0.011551008711403243,-0.012156970781022736
2012-06-12,0.2863907217979431,94.92713165283203,0.0203916332727625,0.011641411451722927
2012-06-13,0.2788359820842743,94.30294036865234,-0.026379135700488665,-0.006575478193763251
2012-06-14,0.27540209889411926,95.34844970703125,-0.012315064807945753,0.01108670985540594
2012-06-15,0.281354159116745,96.19117736816406,0.021612254396485397,0.008838399194975866
2012-06-18,0.28387245535850525,96.39403533935547,0.008950627386017374,0.0021089041296893374
2012-06-19,0.30310237407684326,97.37716674804688,0.0677414041247939,0.010199089655602567
2012-06-20,0.3079100549221039,97.22111511230469,0.015861574360489072,-0.0016025485332301637
2012-06-21,0.2939453125,95.08318328857422,-0.04535331730442105,-0.021990406315138933
2012-06-22,0.29760822653770447,95.76980590820312,0.012461209217971447,0.0072212834686553595
2012-06-25,0.2882220447063446,94.24815368652344,-0.03153871766434757,-0.0158886426389776
2012-06-26,0.2914270758628845,94.70311737060547,0.01112000700642235,0.004827295456580227
2012-06-27,0.3008131980895996,95.5501937866211,0.0322074474340579,0.008944546278246923
2012-06-28,0.30310237407684326,95.33055114746094,0.007609958611462853,-0.002298714743066421
2012-06-29,0.3163803517818451,97.69932556152344,0.04380690763456552,0.024848009222126377
2012-07-02,0.3079100549221039,97.96598815917969,-0.026772512300579754,0.0027294210694250864
2012-07-03,0.31592246890068054,98.60920715332031,0.02602193026987587,0.0065657378262289345
2012-07-05,0.31271758675575256,98.1856460571289,-0.01014452107847863,-0.004295350387848118
2012-07-06,0.3067654073238373,97.27577209472656,-0.019033721427903605,-0.00926687350891331
2012-07-09,0.3026446998119354,97.15027618408203,-0.01343276462574483,-0.0012901044930522243
2012-07-10,0.29348745942115784,96.25613403320312,-0.0302573955415969,-0.009203701584796997
2012-07-11,0.28867989778518677,96.27180480957031,-0.016380807702833233,0.00016280288549497257
2012-07-12,0.28387245535850525,95.76981353759766,-0.016653194294321216,-0.005214312466309434
2012-07-13,0.28753533959388733,97.40127563476562,0.012903274573632606,0.017035243537646405
2012-07-16,0.2884511351585388,97.181640625,0.003184984377728739,-0.00225495003360332
2012-07-17,0.28318554162979126,97.87188720703125,-0.018254715918706532,0.007102643849106638
2012-07-18,0.29898178577423096,98.57781219482422,0.0557805460459917,0.007212745231934825
2012-07-19,0.30195775628089905,98.82879638671875,0.009953684967670018,0.002546051553654838
2012-07-20,0.2932584881782532,97.91890716552734,-0.028809553395122256,-0.009206721668763351
2012-07-23,0.2971503734588623,96.94634246826172,0.013271176922399874,-0.009932348362727828
2012-07-24,0.2939453125,96.17768859863281,-0.010785990007534108,-0.007928652593371943
2012-07-25,0.299668550491333,96.11493682861328,0.01947041761835555,-0.0006524566241283836
2012-07-26,0.30104219913482666,97.68366241455078,0.0045838932421884415,0.016321350642249932
2012-07-27,0.3085968792438507,99.56610107421875,0.025095086771009578,0.019270762511741868
2012-07-30,0.3051629066467285,99.5190200805664,-0.011127697096407485,-0.000472861678265879
2012-07-31,0.3099703788757324,98.87584686279297,0.015753789612999336,-0.006462817029877832
2012-08-01,0.3065365254878998,98.76605224609375,-0.011078004938043673,-0.0011104290904488945
2012-08-02,0.3076810836791992,98.0758285522461,0.0037338395138317715,-0.006988471019656051
2012-08-03,0.31409117579460144,99.98965454101562,0.0208335593425224,0.01951373765606279
2012-08-06,0.3207300901412964,100.2563247680664,0.021136901824444942,0.0026669781816417437
2012-08-07,0.3239351212978363,100.71122741699219,0.009992923193230752,0.004537396019434814
2012-08-08,0.32576656341552734,100.82108306884766,0.005653731248261851,0.0010907984608370391
2012-08-09,0.33675509691238403,100.9308853149414,0.03373131171488719,0.001089080207745452
2012-08-10,0.33469468355178833,101.08776092529297,-0.0061184325923707705,0.0015542874697080933
2012-08-13,0.3390445113182068,101.00931549072266,0.012996405321584303,-0.0007760131775822465
2012-08-14,0.33400797843933105,101.05635833740234,-0.014855078642310615,0.00046572780392728497
2012-08-15,0.3314897418022156,101.16619110107422,-0.007539450551097837,0.0010868466416054101
2012-08-16,0.3383576273918152,101.85640716552734,0.02071824471026118,0.006822596135536374
2012-08-17,0.3353816270828247,102.09168243408203,-0.008795428469961175,0.0023098720551997243
2012-08-20,0.3353816270828247,102.06034088134766,0.0,-0.0003069941839249912
2012-08-21,0.33446577191352844,101.74662780761719,-0.0027307851573815656,-0.0030737999797118
2012-08-22,0.3351524770259857,101.76229095458984,0.0020531401719481313,0.0001539426643433206
2012-08-23,0.3275979459285736,100.96224975585938,-0.022540579632435054,-0.007861863085290355
2012-08-24,0.3342367708683014,101.5897445678711,0.020265160457310305,0.0062151429225190125
2012-08-27,0.3285136818885803,101.5897445678711,-0.017122858639560423,0.0
2012-08-28,0.32714009284973145,101.49561309814453,-0.004181223232324172,-0.0009265843725364542
2012-08-29,0.32782697677612305,101.5897445678711,0.0020996629315841453,0.000927443727400723
2012-08-30,0.32164573669433594,100.82108306884766,-0.018855190450077997,-0.007566329675235073
2012-08-31,0.32118791341781616,101.35440826416016,-0.0014233774127553334,0.005289818151906767
2012-09-04,0.30401811003685,101.08776092529297,-0.053457190210737804,-0.0026308410599391596
2012-09-05,0.3049338161945343,101.08776092529297,0.0030120118751260083,0.0
2012-09-06,0.31431999802589417,103.1898193359375,0.03078104602663001,0.020794390848146493
2012-09-07,0.3067654073238373,103.61335754394531,-0.024034712234359712,0.004104457307255949
2012-09-10,0.30401811003685,103.00159454345703,-0.008955694551593063,-0.005904287004972475
2012-09-11,0.3076810836791992,103.2839126586914,0.012048537641080825,0.0027409101430488914
2012-09-12,0.31111499667167664,103.61335754394531,0.0111606243432818,0.003189701830357494
2012-09-13,0.3131754398345947,105.2605209350586,0.006622770309888004,0.015897210843830445
2012-09-14,0.3168383538722992,105.69973754882812,0.011696045001610145,0.004172662360663271
2012-09-17,0.30813902616500854,105.38599395751953,-0.027456674992058838,-0.002968253267077947
2012-09-18,0.3101993501186371,105.27622985839844,0.006686345378807079,-0.001041543520150734
2012-09-19,0.3138621747493744,105.3546371459961,0.01180797003390377,0.0007447767430797114
2012-09-20,0.3115728199481964,105.33895874023438,-0.0072941405029327555,-0.00014881552617362903
2012-09-21,0.31294646859169006,105.27622985839844,0.004408756334143726,-0.0005954955563081121
2012-09-24,0.31271758675575256,105.13902282714844,-0.0007313769571118955,-0.0013033049477032543
2012-09-25,0.3069942891597748,104.06682586669922,-0.018301809167029504,-0.01019789733267673
2012-09-26,0.3017289936542511,103.40460205078125,-0.017151118738835458,-0.006363447817330559
2012-09-27,0.30401811003685,104.4137191772461,0.007586663631079293,0.00975891891126146
2012-09-28,0.3053918778896332,103.94066619873047,0.004518704009496943,-0.004530563437862067
2012-10-01,0.30035537481307983,104.12989807128906,-0.016491935251708,0.0018205759062270843
2012-10-02,0.30150002241134644,104.27178955078125,0.00381097757607618,0.001362639185481962
2012-10-03,0.2985239028930664,104.6975326538086,-0.009871042444632439,0.004083013294981397
2012-10-04,0.31180188059806824,105.50167083740234,0.04447877565689651,0.007680583899266402
2012-10-05,0.30447614192962646,105.47013854980469,-0.023494850814851587,-0.0002988795091809493
2012-10-08,0.30150002241134644,105.15476989746094,-0.00977455737391697,-0.0029901226705493222
2012-10-09,0.2950899004936218,104.12989807128906,-0.021260767632644062,-0.009746317995572129
2012-10-10,0.2900535762310028,103.42035675048828,-0.017067084485759554,-0.006814001875955156
2012-10-11,0.2916560471057892,103.48343658447266,0.0055247409654763935,0.0006099363410296821
2012-10-12,0.28913792967796326,103.1207504272461,-0.008633859825003198,-0.0035047749591357036
2012-10-15,0.2928006649017334,103.98798370361328,0.012667778412364106,0.008409881355344151
2012-10-16,0.3012710213661194,105.04441833496094,0.028928747368892394,0.01015919910860763
2012-10-17,0.29898178577423096,105.53321075439453,-0.007598592063411402,0.004653197449054014
2012-10-18,0.2944032847881317,105.26516723632812,-0.015313645191605718,-0.0025398973095798194
2012-10-19,0.2772334814071655,103.4676513671875,-0.05832069228888692,-0.0170760747959966
2012-10-22,0.2740284204483032,103.5307388305664,-0.011560872599493566,0.0006097312787647358
2012-10-23,0.28226980566978455,102.01702117919922,0.030074928753735186,-0.014620948990274885
2012-10-24,0.27860698103904724,101.79624938964844,-0.012976324626879476,-0.0021640681819456997
2012-10-25,0.2788359820842743,102.080078125,0.000821950133385041,0.002788204251662929
2012-10-26,0.27585986256599426,102.00128936767578,-0.01067336968505217,-0.0007718328470295299
2012-10-31,0.27425745129585266,101.9066390991211,-0.005808787314095953,-0.000927932079500593
2012-11-01,0.28730642795562744,103.1050033569336,0.047579296745153155,0.011759432637621359
2012-11-02,0.285932719707489,102.1747055053711,-0.004781334890114564,-0.009022819662222958
2012-11-05,0.2980661988258362,102.41120910644531,0.04243473475424486,0.002314698142797944
2012-11-06,0.29783710837364197,103.1680908203125,-0.0007685891694417801,0.007390613981331784
2012-11-07,0.28867989778518677,100.91326904296875,-0.03074570069008098,-0.021855805990158017
2012-11-08,0.2902824282646179,99.5730209350586,0.005551236825723338,-0.013281188099649066
2012-11-09,0.27906492352485657,99.68340301513672,-0.03864341636806079,0.0011085540946891292
2012-11-12,0.272883802652359,99.82530975341797,-0.022149400915113526,0.0014235743763653108
2012-11-13,0.2708234488964081,99.46265411376953,-0.007550296997934081,-0.0036329027232095967
2012-11-14,0.2641843855381012,98.2485580444336,-0.024514359393031593,-0.012206552098913415
2012-11-15,0.26532912254333496,97.87007904052734,0.004333098653435341,-0.003852260139381225
2012-11-16,0.26052165031433105,98.37467956542969,-0.018118901471958604,0.005155820142879408
2012-11-19,0.2678474187850952,100.37718963623047,0.02811961486473491,0.02035595012504099
2012-11-20,0.2647368013858795,100.48755645751953,-0.01161339322710242,0.0010995209338797718
2012-11-21,0.2723403871059418,100.70831298828125,0.028721302366191637,0.0021968544021173653
2012-11-23,0.2741835415363312,101.98550415039062,0.006767833628996023,0.012682082781567239
2012-11-26,0.27902209758758545,101.85934448242188,0.01764714258245559,-0.0012370352926108774
2012-11-27,0.28017398715019226,101.37054443359375,0.004128309451351786,-0.004798774735021771
2012-11-28,0.2824781537055969,102.12739562988281,0.008224055983361067,0.007466184585650071
2012-11-29,0.27740931510925293,102.58465576171875,-0.017944179151024975,0.0044773503624149225
2012-11-30,0.27579638361930847,102.49007415771484,-0.00581426578739519,-0.000921985878897913
2012-12-03,0.27072736620903015,102.12739562988281,-0.018379564458957054,-0.0035386697766842667
2012-12-04,0.2787916958332062,101.93820190429688,0.029787641113272256,-0.0018525266841386001
2012-12-05,0.2755659818649292,102.15894317626953,-0.011570337339627312,0.002165442080093838
2012-12-06,0.27602681517601013,102.47425079345703,0.0016723156754043789,0.00308644165047256
2012-12-07,0.2755659818649292,102.78961944580078,-0.0016695237047424927,0.0030775404543272877
2012-12-10,0.2847822904586792,102.85272216796875,0.03344501571412195,0.0006139017004653802
2012-12-11,0.29146406054496765,103.51496124267578,0.023462730338767113,0.00643871217745251
2012-12-12,0.28846871852874756,103.59378051757812,-0.010276882887789052,0.0007614288210722187
2012-12-13,0.288699209690094,102.96310424804688,0.0007990161377704474,-0.0060879742623567434
2012-12-14,0.29008153080940247,102.6319580078125,0.004788101501186359,-0.0032161641070631575
2012-12-17,0.2889295518398285,103.8618392944336,-0.003971224801384787,0.011983414430497996
2012-12-18,0.2893903851509094,104.91826629638672,0.0015949677287991904,0.010171464410121844
2012-12-19,0.29146406054496765,104.14564514160156,0.007165667902120809,-0.0073640289918873725
2012-12-20,0.2912336587905884,104.7921371459961,-0.000790497991239425,0.006207575972240864
2012-12-21,0.2845517694950104,103.81452941894531,-0.02294339645810861,-0.009329017936610895
2012-12-24,0.28224778175354004,103.51280212402344,-0.008096901824083513,-0.0029064071918512013
2012-12-26,0.282017320394516,103.0205078125,-0.0008165214181392599,-0.004755878513786116
2012-12-27,0.28017398715019226,102.9251708984375,-0.006536241255484132,-0.0009254168523029627
2012-12-28,0.2787916958332062,101.78174591064453,-0.004933688994635643,-0.01110928432580649
2012-12-31,0.2824781537055969,103.52867126464844,0.013222983064015814,0.01716344456831731
2013-01-02,0.2930767834186554,106.08552551269531,0.037520174831305875,0.024697064270349234
2013-01-03,0.29330724477767944,105.99024963378906,0.0007863514684984807,-0.0008981044157135853
2013-01-04,0.3029843866825104,106.43490600585938,0.032993190850659104,0.004195257333638347
2013-01-07,0.2942289113998413,106.1490478515625,-0.028897447088069628,-0.002685755688844549
2013-01-08,0.28777748346328735,105.8314208984375,-0.021926560193762934,-0.0029922732191547396
2013-01-09,0.2813261151313782,106.1490478515625,-0.022417905161548846,0.0030012537904959835
2013-01-10,0.2817870080471039,106.92720031738281,0.0016382869948297074,0.007330753139759505
2013-01-11,0.2813261151313782,106.9748764038086,-0.0016356074004968413,0.0004458742610324862
2013-01-14,0.2810957431793213,106.87960052490234,-0.0008188786595559883,-0.0008906378965711781
2013-01-15,0.27602681517601013,106.92720031738281,-0.018032745519299787,0.00044535900440023646
2013-01-16,0.2785612940788269,106.92720031738281,0.009182002484797058,0.0
2013-01-17,0.28224778175354004,107.59423828125,0.013234026955912803,0.006238243981767644
2013-01-18,0.2804044485092163,107.89595794677734,-0.006530904274504978,0.002804236270892657
2013-01-22,0.27902209758758545,108.42002868652344,-0.004929846616129607,0.00485718603105223
2013-01-23,0.27948296070098877,108.57886505126953,0.0016517082961813312,0.0014650094329464736
2013-01-24,0.280865341424942,108.64237213134766,0.004946207527235291,0.0005848935706607161
2013-01-25,0.28593429923057556,109.2458724975586,0.018047644397549023,0.0055549262628518115
2013-01-28,0.2905423641204834,109.11882781982422,0.016115817173062874,-0.0011629242810726748
2013-01-29,0.2843214273452759,109.5634765625,-0.021411461953368627,0.0040749039515892704
2013-01-30,0.28386062383651733,109.13468933105469,-0.0016207132647760858,-0.0039135964364978015
2013-01-31,0.2824781537055969,108.88062286376953,-0.004870242699517968,-0.002328008343107646
2013-02-01,0.28501254320144653,109.92872619628906,0.00897198407240718,0.009626169514394656
2013-02-04,0.28017398715019226,108.72176361083984,-0.016976642490553084,-0.010979501238776002
2013-02-05,0.2866254448890686,109.83343505859375,0.023026612158030035,0.010224921035433487
2013-02-06,0.2843214273452759,109.92872619628906,-0.008038426402388832,0.0008675968082441088
2013-02-07,0.28316929936408997,109.78580474853516,-0.004052202438428187,-0.0013001282985732887
2013-02-08,0.28501254320144653,110.38929748535156,0.006509335021472662,0.0054970015312882925
2013-02-11,0.2882383167743683,110.34168243408203,0.011318005645252427,-0.0004313375694401378
2013-02-12,0.28639522194862366,110.516357421875,-0.006394343563931537,0.0015830371980898317
2013-02-13,0.28501254320144653,110.61162567138672,-0.004827869465731438,0.0008620284972662429
2013-02-14,0.29330724477767944,110.77045440673828,0.029102935200891134,0.0014359135794950184
2013-02-15,0.29330724477767944,110.6275634765625,0.0,-0.0012899733141031877
2013-02-19,0.2893903851509094,111.38978576660156,-0.013354118237818846,0.006889985335350346
2013-02-20,0.2852430045604706,110.00814819335938,-0.014331438787353212,-0.012403628965919511
2013-02-21,0.28316929936408997,109.48409271240234,-0.0072699598700973755,-0.004763787860840196
2013-02-22,0.28846871852874756,110.4369125366211,0.018714667079229308,0.008702815181760304
2013-02-25,0.28339987993240356,108.35652160644531,-0.017571536429309087,-0.01883782226785735
2013-02-26,0.28676116466522217,109.0870590209961,0.011860572183800322,0.006741979197192327
2013-02-27,0.29209306836128235,110.45281219482422,0.01859353480547088,0.012519845947678077
2013-02-28,0.2934839427471161,110.32575988769531,0.004761750744846083,-0.0011502858515254344
2013-03-01,0.2946431040763855,110.61162567138672,0.003949658432482739,0.0025911064105281767
2013-03-04,0.2934839427471161,111.23101043701172,-0.00393412000224147,0.005599635317404372
2013-03-05,0.2967294454574585,112.18387603759766,0.011058535877511044,0.00856654629713649
2013-03-06,0.2964977025985718,112.39030456542969,-0.0007809904356793629,0.0018400908858136056
2013-03-07,0.2958022356033325,112.5968246459961,-0.002345606691532609,0.0018375257667015976
2013-03-08,0.2971930503845215,113.04143524169922,0.004701839992359069,0.003948695685699555
2013-03-11,0.2944112718105316,113.45435333251953,-0.00936017369985831,0.0036528029738602807
2013-03-12,0.29533854126930237,113.20024871826172,0.0031495718661460614,-0.002239707924763912
2013-03-13,0.29533854126930237,113.35907745361328,0.0,0.001403077618202575
2013-03-14,0.2955702841281891,113.96256256103516,0.0007846685295145317,0.005323659304380168
2013-03-15,0.2930203080177307,113.80374145507812,-0.008627308790461696,-0.0013936252606813193
2013-03-18,0.2909339368343353,113.18436431884766,-0.007120227254928446,-0.005442502402040583
2013-03-19,0.2890794277191162,112.91439819335938,-0.006374330665573469,-0.002385189218607753
2013-03-20,0.2925567626953125,113.69255828857422,0.012028994950048943,0.006891593168501853
2013-03-21,0.2879202365875244,112.77143096923828,-0.015848295780524713,-0.00810191390889392
2013-03-22,0.28931111097335815,113.59317016601562,0.004830762860987381,0.007286767488137169
2013-03-25,0.28768831491470337,113.27407836914062,-0.005609172952933061,-0.0028090755492486963
2013-03-26,0.2897747755050659,114.11976623535156,0.007252503776460806,0.0074658551928799
2013-03-27,0.29325219988822937,114.05597686767578,0.012000438537489888,-0.0005589686149919393
2013-03-28,0.29742497205734253,114.3112564086914,0.014229295366594341,0.0022381952092855872
2013-04-01,0.28768831491470337,113.99213409423828,-0.03273651528077459,-0.0027916963252698768
2013-04-02,0.284674733877182,114.55059814453125,-0.010475159682501678,0.004899145495699475
2013-04-03,0.28119751811027527,113.40168762207031,-0.012214697523549534,-0.01002972084887177
2013-04-04,0.28397929668426514,113.8485336303711,0.009892614247395182,0.003940382349422844
2013-04-05,0.28884756565093994,113.40168762207031,0.0171430418467704,-0.00392491667702588
2013-04-08,0.28815212845802307,114.10382080078125,-0.0024076269825907826,0.006191558462965041
2013-04-09,0.29278865456581116,114.5186538696289,0.016090549573932744,0.0036355756182075982
2013-04-10,0.29742497205734253,115.9228286743164,0.015835031239194608,0.012261537812748413
2013-04-11,0.296034038066864,116.30574798583984,-0.004676587782314168,0.0033032260849952255
2013-04-12,0.3034522831439972,116.05049133300781,0.02505875718067818,-0.0021947036776127637
2013-04-15,0.2971930503845215,113.40168762207031,-0.02062674465528902,-0.022824579892012142
2013-04-16,0.3004385828971863,114.99739074707031,0.010920620480410204,0.014071246720048336
2013-04-17,0.2964977025985718,113.30595397949219,-0.013117091222478283,-0.014708479528012353
2013-04-18,0.2907021939754486,112.38053894042969,-0.019546554905249036,-0.008167399916424456
2013-04-19,0.2913975715637207,113.57725524902344,0.0023920617136135025,0.0106487859897888
2013-04-22,0.2918612062931061,114.0878677368164,0.0015910727289090154,0.004495728362808427
2013-04-23,0.299511194229126,115.30055236816406,0.02621104748103198,0.010629391673312227
2013-04-24,0.3097112774848938,115.33245086669922,0.03405576636966945,0.00027665521005748595
2013-04-25,0.3122613728046417,115.8430404663086,0.008233782574715187,0.0044271113270584195
2013-04-26,0.310870498418808,115.58771514892578,-0.004454199292539207,-0.0022040626381614192
2013-04-29,0.31457963585853577,116.33770751953125,0.011931455247743639,0.006488512811583469
2013-04-30,0.3192160725593567,116.7046890258789,0.01473851506047863,0.0031544502137113017
2013-05-01,0.3164341449737549,115.6515884399414,-0.008714873168187753,-0.009023635594487378
2013-05-02,0.3201431930065155,116.68871307373047,0.011721390032255474,0.008967664411523746
2013-05-03,0.32153406739234924,117.78974151611328,0.004344538369758233,0.009435603610497667
2013-05-06,0.32060688734054565,118.15668487548828,-0.002883613731269774,0.0031152403821583796
2013-05-07,0.3164341449737549,118.76309967041016,-0.013015136391497761,0.005132293577472247
2013-05-08,0.32222968339920044,119.38541412353516,0.01831514872052198,0.005239964726855728
2013-05-09,0.32246148586273193,119.03428649902344,0.0007193702984971129,-0.0029411266618247778
2013-05-10,0.33706605434417725,119.4491958618164,0.045290892468511146,0.0034856290149340996
2013-05-13,0.330111563205719,119.43321990966797,-0.020632428121513113,-0.00013374683716516067
2013-05-14,0.3349798023700714,120.69377899169922,0.014747254282997169,0.010554509733428086
2013-05-15,0.3407752811908722,121.37991333007812,0.017300979879372402,0.005684918842636444
2013-05-16,0.33915260434150696,120.82142639160156,-0.0047617211075129395,-0.004601147942475681
2013-05-17,0.3447161316871643,121.97026062011719,0.016404200570593774,0.00950853058787815
2013-05-20,0.3440207242965698,121.97026062011719,-0.0020173334714302937,0.0
2013-05-21,0.34763211011886597,122.12982177734375,0.010497582172354525,0.0013081972311554946
2013-05-22,0.3355163335800171,121.31608581542969,-0.03485229409534729,-0.006662876847536858
2013-05-23,0.3408753573894501,120.88525390625,0.01597246772534522,-0.003551317257590725
2013-05-24,0.3387783169746399,120.72564697265625,-0.006151927293513104,-0.0013203176436848985
2013-05-28,0.3385452628135681,121.58732604980469,-0.000687925257888411,0.007137498110435514
2013-05-29,0.3364483416080475,120.6618881225586,-0.006193916843182601,-0.007611302570031175
2013-05-30,0.3408753573894501,121.18848419189453,0.01315808471589941,0.0043642286518925655
2013-05-31,0.33714723587036133,119.4172592163086,-0.010936905347573633,-0.014615456141701677
2013-06-03,0.3366813659667969,120.03964233398438,-0.0013817995641037806,0.005211835556771627
2013-06-04,0.33714723587036133,119.67259216308594,0.0013837115761565766,-0.003057741290807936
2013-06-05,0.32992443442344666,117.83760833740234,-0.02142328537343241,-0.01533336741952529
2013-06-06,0.3320212960243225,118.76309967041016,0.0063555814062095095,0.007853955507632682
2013-06-07,0.3366813659667969,120.42255401611328,0.014035454949049342,0.013972811001973007
2013-06-10,0.3364483416080475,120.3746109008789,-0.0006921213417329097,-0.00039812405264183504
2013-06-11,0.33015739917755127,119.14600372314453,-0.0186980931468671,-0.010206530833533178
2013-06-12,0.3273613154888153,118.22052764892578,-0.008468941467618896,-0.007767579652686041
2013-06-13,0.3348173201084137,119.92789459228516,0.022776071169145595,0.014442220630495495
2013-06-14,0.33435124158859253,119.1938705444336,-0.0013920382603571646,-0.00612054476856283
2013-06-17,0.3376133143901825,120.15129852294922,0.009756424968218935,0.008032526959167008
2013-06-18,0.3355163335800171,121.0766830444336,-0.006211191089880774,0.007701827053559596
2013-06-19,0.3457682430744171,119.46517944335938,0.03055561970712528,-0.01330977658582555
2013-06-20,0.3364483416080475,116.43343353271484,-0.026954185796535857,-0.02537765334443698
2013-06-21,0.3359823524951935,116.8004379272461,-0.0013850242525399459,0.003152053352683648
2013-06-24,0.32899221777915955,115.32343292236328,-0.020805065099762765,-0.012645543382318714
2013-06-25,0.3313223123550415,116.47809600830078,0.0070825218651404676,0.010012389127497023
2013-06-26,0.3294583857059479,117.56856536865234,-0.005625720271734247,0.009362012238540052
2013-06-27,0.3264293670654297,118.35442352294922,-0.009193933959300349,0.006684254008141544
2013-06-28,0.32712846994400024,117.61668395996094,0.002141666617974547,-0.00623330789867127
2013-07-01,0.32852646708488464,118.49878692626953,0.004273541649015389,0.007499811562523551
2013-07-02,0.32829344272613525,118.32239532470703,-0.0007093016304503541,-0.0014885519602175767
2013-07-03,0.32922545075416565,118.43463134765625,0.0028389480468784534,0.000948561112553703
2013-07-05,0.3317883610725403,119.74964904785156,0.0077846664421103995,0.011103320753666823
2013-07-08,0.33015739917755127,120.37518310546875,-0.004915669403582346,0.005223681760998078
2013-07-09,0.3317883610725403,121.28926849365234,0.004939952577321716,0.0075936365337256895
2013-07-10,0.3362152576446533,121.32132720947266,0.013342531238294875,0.00026431617750244385
2013-07-11,0.3408753573894501,123.03730010986328,0.013860464802944783,0.01414403336874015
2013-07-12,0.34110820293426514,123.0693588256836,0.0006830811901401557,0.00026056095014825864
2013-07-15,0.34040921926498413,123.51839447021484,-0.0020491552629583465,0.00364863885548683
2013-07-16,0.34227320551872253,123.05335998535156,0.005475722008243977,-0.003764900660001902
2013-07-17,0.34040921926498413,123.35808563232422,-0.005445901764099537,0.0024763699829808417
2013-07-18,0.33901122212409973,124.06367492675781,-0.004106813393312203,0.005719846338541945
2013-07-19,0.3317883610725403,124.28814697265625,-0.02130566948876822,0.0018093293305310176
2013-07-22,0.3315553367137909,124.5127182006836,-0.0007023283095166644,0.0018068595718685465
2013-07-23,0.33108943700790405,124.25613403320312,-0.0014051944103949943,-0.0020607064980054934
2013-07-24,0.33108943700790405,123.79106903076172,0.0,-0.0037427931108586776
2013-07-25,0.3322543501853943,124.01559448242188,0.0035184244717008095,0.0018137451547846073
2013-07-26,0.3308562934398651,124.17594146728516,-0.004207790642166365,0.0012929582407155138
2013-07-29,0.33015739917755127,123.80702209472656,-0.0021123801365466877,-0.0029709408134891424
2013-07-30,0.3357492685317993,123.82311248779297,0.016936980265103374,0.00012996349313776356
2013-07-31,0.3364483416080475,123.85517120361328,0.002082128367115077,0.000258907365322969
2013-08-01,0.34110820293426514,125.36271667480469,0.013850153946207477,0.012171841163685082
2013-08-02,0.34390413761138916,125.55511474609375,0.008196621051833386,0.0015347311895621552
2013-08-05,0.34553512930870056,125.47494506835938,0.00474257654659116,-0.0006385217989446357
2013-08-06,0.34040921926498413,124.72122955322266,-0.014834700176423854,-0.006006900538797488
2013-08-07,0.3401762843132019,124.28814697265625,-0.0006842792104314599,-0.0034724046749522453
2013-08-08,0.3425062298774719,124.72122955322266,0.006849229860259154,0.0034845042839175555
2013-08-09,0.3376133143901825,124.36837768554688,-0.014285624787145679,-0.00282912435148186
2013-08-12,0.3348173201084137,124.2080307006836,-0.008281646968867573,-0.0012892906367943935
2013-08-13,0.3359823524951935,124.68914031982422,0.0034796060920700977,0.003873417978101701
2013-08-14,0.3501951992511749,123.9834976196289,0.04230236097351203,-0.00565921537661862
2013-08-15,0.35252517461776733,122.1712646484375,0.006653361815280867,-0.014616727274069818
2013-08-16,0.35392311215400696,121.81844329833984,0.003965497039340127,-0.002887924186697588
2013-08-19,0.34833112359046936,121.0487060546875,-0.01580000958260186,-0.00631872500428543
2013-08-20,0.35008755326271057,121.5298080444336,0.005042413822045511,0.003974449669282176
2013-08-21,0.3484482765197754,120.90432739257812,-0.004682476505255995,-0.005146726238774102
2013-08-22,0.35032162070274353,121.96279907226562,0.005376247521378774,0.008754621960309406
2013-08-23,0.35032162070274353,122.36375427246094,0.0,0.0032875204836659844
2013-08-26,0.35102424025535583,121.97879791259766,0.002005641419455806,-0.0031459999094676228
2013-08-27,0.34657493233680725,119.97418975830078,-0.012675215578593413,-0.016434070417165825
2013-08-28,0.34657493233680725,120.37518310546875,0.0,0.003342330112633407
2013-08-29,0.3458723723888397,120.56755065917969,-0.00202715165586409,0.0015980665511627912
2013-08-30,0.3454040586948395,120.03833770751953,-0.0013540072332627329,-0.004389348118683523
2013-09-03,0.3456381857395172,120.74391174316406,0.0006778352447924796,0.005877905751774826
2013-09-04,0.34891659021377563,121.75431060791016,0.00948507604055382,0.008368114384891934
2013-09-05,0.3498533070087433,121.72224426269531,0.002684643898399175,-0.0002633692807649801
2013-09-06,0.3484482765197754,121.93073272705078,-0.004016056046406868,0.0017128213961083993
2013-09-09,0.35430261492729187,123.13355255126953,0.016801169074470268,0.009864779759105824
2013-09-10,0.3617960810661316,124.06367492675781,0.021149903565847117,0.007553768702490693
2013-09-11,0.36788463592529297,124.44859313964844,0.01682869212187099,0.0031025859351487828
2013-09-12,0.3676503896713257,124.1438980102539,-0.0006367383442859031,-0.0024483613812541494
2013-09-13,0.3699921667575836,124.40043640136719,0.006369575966862051,0.002066459932586362
2013-09-16,0.37022632360458374,125.15416717529297,0.0006328697416817519,0.006058907795901458
2013-09-17,0.37139713764190674,125.66731262207031,0.003162427852033245,0.004100106759199029
2013-09-18,0.37467557191848755,127.17488098144531,0.008827300870966281,0.011996503529194014
2013-09-19,0.3730364441871643,126.9664077758789,-0.004374792097948221,-0.001639264011552899
2013-09-20,0.36975789070129395,125.97212219238281,-0.00878882891191568,-0.007831091710897353
2013-09-23,0.366245299577713,125.5094985961914,-0.009499705650415913,-0.0036724283765331434
2013-09-24,0.3676503896713257,125.2355728149414,0.0038364727007629273,-0.002182510362274015
2013-09-25,0.3681187331676483,124.83257293701172,0.0012738827687395204,-0.003217934560216351
2013-09-26,0.3669479489326477,125.33219909667969,-0.0031804527439449615,0.004002370117934362
2013-09-27,0.36484023928642273,124.80033111572266,-0.005743892702918085,-0.004243665911796146
2013-09-30,0.36437201499938965,124.10726165771484,-0.001283367996767204,-0.00555342643574519
2013-10-01,0.3641377091407776,125.05823516845703,-0.0006430402143052794,0.007662513039446095
2013-10-02,0.36390355229377747,124.89701080322266,-0.0006430447633469782,-0.0012891943102922854
2013-10-03,0.3601568639278412,123.78494262695312,-0.010295827953093473,-0.008903881438937056
2013-10-04,0.3650745451450348,124.68749237060547,0.013654275982864172,0.007291272464150511
2013-10-07,0.3650745451450348,123.62374114990234,0.0,-0.008531338632918883
2013-10-08,0.36203017830848694,122.18920135498047,-0.00833902795205399,-0.011604080102885717
2013-10-09,0.35641005635261536,122.18920135498047,-0.015523904615163509,0.0
2013-10-10,0.3603910207748413,124.9454345703125,0.011169618677334237,0.022557093300943132
2013-10-11,0.35734689235687256,125.68684387207031,-0.008446737689035255,0.005933864685072399
2013-10-14,0.3627326786518097,126.23481750488281,0.015071591246856197,0.004359832866598579
2013-10-15,0.3608594536781311,125.29998016357422,-0.005164202411100383,-0.007405542779609364
2013-10-16,0.36530864238739014,127.00846099853516,0.012329422615674268,0.01363512454455762
2013-10-17,0.3660111725330353,127.87883758544922,0.0019231139483968374,0.006852902397771032
2013-10-18,0.37022632360458374,128.73309326171875,0.01151645465458584,0.006680195819724455
2013-10-21,0.37116292119026184,128.7975616455078,0.0025297973859861322,0.0005007910720982167
2013-10-22,0.36928969621658325,129.49061584472656,-0.005046907615856244,0.005380957452643775
2013-10-23,0.3629668653011322,128.89425659179688,-0.01712160122589179,-0.0046054244860862514
2013-10-24,0.3603910207748413,129.31336975097656,-0.007096638212840345,0.0032516046118873376
2013-10-25,0.35687845945358276,129.9097442626953,-0.009746528406025523,0.004611855006695809
2013-10-28,0.35617595911026,130.0708770751953,-0.001968458237570192,0.0012403443130037939
2013-10-29,0.35664427280426025,130.86866760253906,0.0013148380232346213,0.006133506172042891
2013-10-30,0.35641005635261536,130.13534545898438,-0.0006567228734764008,-0.005603496673335595
2013-10-31,0.35570764541625977,129.65182495117188,-0.001970794380898866,-0.0037155202232501683
2013-11-01,0.35734689235687256,130.02252197265625,0.00460841076017493,0.0028591731865246217
2013-11-04,0.3470431864261627,130.61083984375,-0.028833903837114705,0.004524738192799083
2013-11-05,0.34657493233680725,130.21591186523438,-0.0013492674908202051,-0.0030236998627991563
2013-11-06,0.34891659021377563,130.8203125,0.006756570249266458,0.004641526723639933
2013-11-07,0.3407205045223236,129.14404296875,-0.023490100274195624,-0.012813526425798694
2013-11-08,0.36437201499938965,130.9170379638672,0.06941616416723884,0.013728817484413236
2013-11-11,0.3674162030220032,130.8928680419922,0.008354615330759207,-0.0001846201399826608
2013-11-12,0.3681187331676483,130.65916442871094,0.0019120826459662066,-0.0017854571969977417
2013-11-13,0.3781881630420685,131.66648864746094,0.027353755642298028,0.007709556563861186
2013-11-14,0.3798272907733917,132.39990234375,0.004334159266483839,0.005570238135937489
2013-11-15,0.3786565363407135,132.9720458984375,-0.0030823336319366623,0.0043213291290959965
2013-11-18,0.3695237636566162,132.48049926757812,-0.02411888296543141,-0.003696616289071808
2013-11-19,0.36351996660232544,132.22259521484375,-0.01624739095229033,-0.0019467321919844904
2013-11-20,0.3581048846244812,131.80355834960938,-0.014896243605150072,-0.0031691774356228386
2013-11-21,0.36093011498451233,132.83509826660156,0.0078893935305957,0.007826343460743512
2013-11-22,0.3573986291885376,133.5120086669922,-0.009784403266339448,0.005095870061631258
2013-11-25,0.36516812443733215,133.431396484375,0.02173901804389944,-0.0006037822621502986
2013-11-26,0.3682289123535156,133.36697387695312,0.0083818595089582,-0.00048281445836040326
2013-11-27,0.3696415424346924,133.72959899902344,0.0038362823607414054,0.002719002400136006
2013-11-29,0.3672870397567749,133.53623962402344,-0.006369691735429006,-0.0014458981141595162
2013-12-02,0.3708188235759735,133.32667541503906,0.009615868345197898,-0.0015693433451055006
2013-12-03,0.37058326601982117,132.8109130859375,-0.0006352362425422475,-0.003868410634976227
2013-12-04,0.37576282024383545,132.6577911376953,0.013976762306739499,-0.001152931974371052
2013-12-05,0.3696415424346924,132.15005493164062,-0.01629027003036365,-0.003827413389747125
2013-12-06,0.3642263412475586,133.64901733398438,-0.01464987174186605,0.011342881417031103
2013-12-09,0.3581048846244812,133.95521545410156,-0.016806737816133732,0.0022910615148932223
2013-12-10,0.3663454055786133,133.49586486816406,0.023011473196667742,-0.0034291355090604325
2013-12-11,0.3628136217594147,131.98081970214844,-0.009640584446856781,-0.011349004461762457
2013-12-12,0.35575053095817566,131.545654296875,-0.019467545807645092,-0.0032971867143688494
2013-12-13,0.3536314368247986,131.50538635253906,-0.005956685792343097,-0.0003061138321229784
2013-12-16,0.3541024327278137,132.3434600830078,0.00133188357699221,0.006372923221730664
2013-12-17,0.35575053095817566,131.87612915039062,0.004654297960242415,-0.00353119778131894
2013-12-18,0.3606947064399719,134.17286682128906,0.013897872389619925,0.017415871133730665
2013-12-19,0.36210742592811584,134.0519561767578,0.003916662659364523,-0.0009011557060363273
2013-12-20,0.36940592527389526,134.7289276123047,0.020155619087547594,0.0050500675622684454
2013-12-23,0.37152495980262756,136.1553497314453,0.005736330642669429,0.010587348570347821
2013-12-24,0.3724668622016907,135.84254455566406,0.0025352331632402247,-0.0022974137732981736
2013-12-26,0.36893507838249207,136.47454833984375,-0.0094821423799204,0.004652473098519572
2013-12-27,0.37105414271354675,136.4827117919922,0.0057437323128644024,5.9816663603218245e-05
2013-12-30,0.37599849700927734,136.42593383789062,0.013325155891191987,-0.0004160083966392447
2013-12-31,0.37717559933662415,137.05799865722656,0.00313060381014707,0.004633025419397141
2014-01-02,0.37340855598449707,135.82635498046875,-0.009987505445083311,-0.008986295501352548
2014-01-03,0.36893507838249207,135.70486450195312,-0.011980115426682203,-0.0008944543828264262
2014-01-06,0.37387943267822266,135.36453247070312,0.01340169201965824,-0.002507883799884758
2014-01-07,0.38000068068504333,136.2071990966797,0.01637225124413,0.00622516556291397
2014-01-08,0.38518059253692627,136.26393127441406,0.013631322561172388,0.0004165137974396771
2014-01-09,0.3708188235759735,136.34495544433594,-0.037285806292475465,0.0005946120089452833
2014-01-10,0.37034788727760315,136.66094970703125,-0.0012699902713376732,0.0023176087568881343
2014-01-13,0.3616364300251007,134.9269561767578,-0.0235223624914932,-0.012688288307601492
2014-01-14,0.37293770909309387,136.32876586914062,0.031250388870415424,0.01038939684184692
2014-01-15,0.37694013118743896,137.09844970703125,0.010732146406106535,0.0056457918692627285
2014-01-16,0.37811729311943054,136.88784790039062,0.003122941376083377,-0.0015361355806040589
2014-01-17,0.3764691948890686,136.2963104248047,-0.004358695728421402,-0.00432132935581242
2014-01-21,0.3778819143772125,136.72576904296875,0.003752550028854884,0.00315091888273078
2014-01-22,0.37741103768348694,136.8068389892578,-0.0012460948137770211,0.0005929383089706697
2014-01-23,0.37599849700927734,135.70486450195312,-0.0037427116145823947,-0.00805496637044012
2014-01-24,0.3663454055786133,132.787841796875,-0.025673218131044506,-0.0214953437062394
2014-01-27,0.3639909029006958,132.1396484375,-0.00642700206434621,-0.004881420999119368
2014-01-28,0.3675225079059601,132.95803833007812,0.009702454036956354,0.006193371196724584
2014-01-29,0.3639909029006958,131.57241821289062,-0.009609221011758873,-0.010421484361461397
2014-01-30,0.37011241912841797,133.0470733642578,0.01681777258425665,0.01120793530587183
2014-01-31,0.3696415424346924,132.2206573486328,-0.0012722531571203177,-0.006211455800778309
2014-02-03,0.3646971881389618,129.3280029296875,-0.013376078519648948,-0.021877477218390395
2014-02-04,0.36681613326072693,130.2030487060547,0.005810149325740754,0.00676609671953976
2014-02-05,0.36351996660232544,129.98428344726562,-0.008985882461332806,-0.0016801853793988464
2014-02-06,0.3682289123535156,131.72637939453125,0.012953747204597299,0.013402358354903665
2014-02-07,0.373644083738327,133.4279022216797,0.01470599185218946,0.012917100090121147
2014-02-10,0.37482109665870667,133.6386260986328,0.0031500911471782356,0.0015793089259772408
2014-02-11,0.3825908303260803,135.11331176757812,0.02072917916476924,0.011034876008504613
2014-02-12,0.39624637365341187,135.23487854003906,0.03569229120230877,0.0008997394177567841
2014-02-13,0.4087246060371399,135.8992919921875,0.03149109547345019,0.004913033230193875
2014-02-14,0.42167383432388306,136.6204833984375,0.031682037478229175,0.0053068076785232066
2014-02-18,0.4214382469654083,136.82298278808594,-0.0005586957010327298,0.001482203726785869
2014-02-19,0.42708903551101685,135.88307189941406,0.013408342945371965,-0.006869539528513435
2014-02-20,0.4421570599079132,136.6529083251953,0.035280756807224645,0.005665432897713041
2014-02-21,0.4388609528541565,136.5880126953125,-0.0074546068640025664,-0.00047489388025589996
2014-02-24,0.4452177882194519,137.23619079589844,0.01448485066614702,0.0047454977036076595
2014-02-25,0.44320762157440186,137.1876220703125,-0.0045150187127276364,-0.00035390610380736653
2014-02-26,0.442498117685318,137.1876220703125,-0.001600838646599767,0.0
2014-02-27,0.4375315010547638,137.9492950439453,-0.011224040130462631,0.005552053181900218
2014-02-28,0.43469348549842834,138.2572021484375,-0.006486425661909601,0.0022320310110617303
2014-03-03,0.43256500363349915,137.30921936035156,-0.004896511992786401,-0.006856661160177024
2014-03-04,0.4370585083961487,139.27003479003906,0.01038804509126856,0.014280289690829617
2014-03-05,0.44084253907203674,139.2943115234375,0.008657949915616747,0.00017431411886303927
2014-03-06,0.43469348549842834,139.74002075195312,-0.01394841247977574,0.003199766190312925
2014-03-07,0.43422040343284607,139.70758056640625,-0.0010883118366492583,-0.0002321467062357252
2014-03-10,0.42783480882644653,139.73190307617188,-0.014705883362266081,0.0001740958483928967
2014-03-11,0.43209195137023926,138.96209716796875,0.009950435205284158,-0.005509163557183339
2014-03-12,0.433274507522583,139.0594024658203,0.002736815968438222,0.0007002290540703004
2014-03-13,0.4195571541786194,137.5198211669922,-0.03165972866116207,-0.011071393027210386
2014-03-14,0.4214491844177246,137.12278747558594,0.004509588789659125,-0.002887101568610384
2014-03-17,0.4214491844177246,138.3544464111328,0.0,0.008982160866341626
2014-03-18,0.43138235807418823,139.33485412597656,0.02356908975915406,0.007086203156278614
2014-03-19,0.43895047903060913,138.57318115234375,0.0175438814656379,-0.005466492776776133
2014-03-20,0.4391869306564331,139.35914611816406,0.0005386749465365881,0.005671840389925409
2014-03-21,0.4384775161743164,138.8972930908203,-0.001615290512075096,-0.003314120674592358
2014-03-24,0.43634897470474243,138.31048583984375,-0.004854391367989264,-0.004224756565938792
2014-03-25,0.43634897470474243,138.98602294921875,0.0,0.004884207479086022
2014-03-26,0.42641589045524597,137.96035766601562,-0.022764082936639674,-0.007379628983109177
2014-03-27,0.42073968052864075,137.6836700439453,-0.013311440904665295,-0.002005558892070547
2014-03-28,0.42334118485450745,138.2941436767578,0.006183168467965849,0.004433885533539739
2014-03-31,0.42357784509658813,139.47445678710938,0.000559029573657055,0.008534801828704808
2014-04-01,0.44107893109321594,140.4105224609375,0.041317283704101815,0.00671137708933256
2014-04-02,0.43824100494384766,140.89071655273438,-0.006434055107403247,0.003419929527934462
2014-04-03,0.4429711103439331,140.6709747314453,0.010793388447736696,-0.0015596614643293982
2014-04-04,0.4292539060115814,138.97793579101562,-0.030966363295568677,-0.01203545325296751
2014-04-07,0.430672824382782,137.48016357421875,0.003305545625395645,-0.010777050387689724
2014-04-08,0.4460456073284149,138.05001831054688,0.035694806069234586,0.004144996059889605
2014-04-09,0.4455725848674774,139.5395050048828,-0.0010604800342517429,0.010789471182722332
2014-04-10,0.43469348549842834,136.56039428710938,-0.024415998062997435,-0.021349586396119058
2014-04-11,0.42854437232017517,135.331298828125,-0.014145859975799868,-0.009000380127786367
2014-04-14,0.433274507522583,136.4219970703125,0.011037678961453912,0.008059467777463025
2014-04-15,0.43634897470474243,137.36619567871094,0.007095887546532342,0.006921161020035482
2014-04-16,0.43729501962661743,138.81507873535156,0.0021680924597453632,0.010547595421725564
2014-04-17,0.43895047903060913,138.97793579101562,0.0037856809012031256,0.0011731942750581315
2014-04-21,0.442498117685318,139.4906463623047,0.008082093138487068,0.003689150859601531
2014-04-22,0.4462820887565613,140.10118103027344,0.008551383429690196,0.0043768860772426255
2014-04-23,0.451485276222229,139.7674560546875,0.011658965476667227,-0.0023820282822157868
2014-04-24,0.4555058181285858,140.0767364501953,0.008905145124550762,0.002212821240638485
2014-04-25,0.4429711103439331,138.95350646972656,-0.0275182166413388,-0.0080186761123473
2014-04-28,0.44107893109321594,139.37673950195312,-0.004271563554670732,0.003045860755725327
2014-04-29,0.44202515482902527,140.04420471191406,0.002145248093043284,0.004788928284203298
2014-04-30,0.43682196736335754,140.4837646484375,-0.011771247425229281,0.0031387227870489642
2014-05-01,0.4391869306564331,140.49188232421875,0.005414020973694145,5.778372897080608e-05
2014-05-02,0.4358760416507721,140.2639617919922,-0.007538678349814254,-0.00162230392572138
2014-05-05,0.4406059980392456,140.5570068359375,0.01085160902755744,0.0020892397462712875
2014-05-06,0.4316190481185913,139.3360595703125,-0.020396794325650114,-0.008686491645700234
2014-05-07,0.43209195137023926,140.15809631347656,0.0010956496329559418,0.005899669803345109
2014-05-08,0.4375315010547638,139.98727416992188,0.01258887064958003,-0.001218781847411976
2014-05-09,0.4268887937068939,140.2314453125,-0.02432443680560903,0.0017442381389736195
2014-05-12,0.43942350149154663,141.55819702148438,0.02936293472547602,0.009461156918320057
2014-05-13,0.4323284327983856,141.68844604492188,-0.016146311403641422,0.0009201093697013274
2014-05-14,0.42807137966156006,141.00465393066406,-0.009846803526824321,-0.004826025927625821
2014-05-15,0.42570632696151733,139.73489379882812,-0.005524902650377084,-0.0090050937783962
2014-05-16,0.4247603118419647,140.2802734375,-0.0022222247113515836,0.0039029595532311667
2014-05-19,0.4384775161743164,140.7605438232422,0.03229398780895343,0.0034236487709453645
2014-05-20,0.43336915969848633,139.8325958251953,-0.011650213038059798,-0.006592387133798838
2014-05-21,0.43336915969848633,141.04539489746094,0.0,0.00867322146963323
2014-05-22,0.4352700710296631,141.42794799804688,0.004386355809211873,0.002712269343242646
2014-05-23,0.4393090605735779,142.0140380859375,0.009279272370738223,0.00414408959605872
2014-05-27,0.4471496343612671,142.85243225097656,0.01784751213064495,0.005903600632296113
2014-05-28,0.4509511888027191,142.70591735839844,0.008501750083911741,-0.0010256380676859633
2014-05-29,0.4502383768558502,143.51988220214844,-0.0015806853703200785,0.005703791817586401
2014-05-30,0.4514263868331909,143.7071075439453,0.00263862442299323,0.0013045254700889686
2014-06-02,0.4500007927417755,143.9024200439453,-0.003157976877284696,0.0013591011839151346
2014-06-03,0.4480999708175659,143.81292724609375,-0.004224041279190294,-0.0006218991857415146
2014-06-04,0.44857513904571533,144.0734100341797,0.001060406737546593,0.001811261289746291
2014-06-05,0.45047590136528015,145.0501708984375,0.0042373331781346835,0.00677960536941602
2014-06-06,0.4521391689777374,145.74200439453125,0.003692245483978951,0.0047696151738985115
2014-06-09,0.45261433720588684,145.88858032226562,0.0010509335637161055,0.0010057219148542629
2014-06-10,0.4549902677536011,145.92111206054688,0.005249348843833657,0.00022299029992201014
2014-06-11,0.4609300196170807,145.448974609375,0.013054678933696051,-0.003235566426988079
2014-06-12,0.4637811481952667,144.3664093017578,0.006185599672060116,-0.007442921550492754
2014-06-13,0.46425625681877136,144.8222198486328,0.001024424182296757,0.003157317197813425
2014-06-16,0.46283066272735596,144.94436645507812,-0.0030707051773174454,0.000843424486746347
2014-06-17,0.4659194350242615,145.32684326171875,0.006673655281834723,0.002638783527741717
2014-06-18,0.4654441475868225,146.409423828125,-0.0010201064856077968,0.007449281509931627
2014-06-19,0.4547525942325592,146.5885467529297,-0.02297064730472076,0.0012234384926954611
2014-06-20,0.44976314902305603,146.88156127929688,-0.010971779540748683,0.0019988909969961277
2014-06-23,0.4445361793041229,146.81533813476562,-0.011621605127691725,-0.00045086084294354567
2014-06-24,0.43764594197273254,145.94863891601562,-0.015499834776499744,-0.00590332883308442
2014-06-25,0.44216012954711914,146.57003784179688,0.010314702231759343,0.004257654818821788
2014-06-26,0.43622028827667236,146.49644470214844,-0.013433688099672492,-0.0005021022081461712
2014-06-27,0.4366956055164337,146.7499237060547,0.0010896266233721974,0.0017302740992903853
2014-06-30,0.4404970407485962,146.70899963378906,0.008704999968266014,-0.0002788694619535459
2014-07-01,0.4454864263534546,147.7393341064453,0.011326717646909179,0.007022980698035752
2014-07-02,0.44382327795028687,147.84559631347656,-0.0037333312639432625,0.0007192546769887453
2014-07-03,0.447862446308136,148.58961486816406,0.009100848374838044,0.00503240254183801
2014-07-07,0.44429850578308105,148.10723876953125,-0.007957667704522997,-0.003246364822069192
2014-07-08,0.4407346546649933,147.1505889892578,-0.00802129890535297,-0.006459169641006346
2014-07-09,0.45403996109962463,147.76377868652344,0.030188927269050092,0.004167089656096357
2014-07-10,0.45166394114494324,147.19964599609375,-0.00523306351477737,-0.0038178009214726583
2014-07-11,0.45261433720588684,147.3958282470703,0.0021042106184840925,0.0013327630623634068
2014-07-14,0.45831650495529175,148.12355041503906,0.012598292366534203,0.004937196504292585
2014-07-15,0.4602172076702118,147.8701171875,0.004147140009948869,-0.0017109583643448723
2014-07-16,0.45974209904670715,148.4342803955078,-0.001032357364275427,0.0038152617901319186
2014-07-17,0.45855411887168884,146.6927490234375,-0.002584014336476148,-0.011732676356364213
2014-07-18,0.43812111020088196,148.2379913330078,-0.04455964482683972,0.010533869736965906
2014-07-21,0.4407346546649933,147.91915893554688,0.005965347031356316,-0.0021508143397915847
2014-07-22,0.43883395195007324,148.58148193359375,-0.004312578316231552,0.0044776011627774
2014-07-23,0.4295678436756134,148.93304443359375,-0.021115294824576525,0.00236612594937724
2014-07-24,0.430280476808548,148.93304443359375,0.0016589536284581374,0.0
2014-07-25,0.422677606344223,148.22171020507812,-0.017669568744360764,-0.004776201488533971
2014-07-28,0.42101433873176575,148.28712463378906,-0.003935073889631879,0.0004413282549529107
2014-07-29,0.4224399924278259,147.6575164794922,0.0033862354910636494,-0.004245872025988473
2014-07-30,0.4295678436756134,147.6575164794922,0.016873050316146943,0.0
2014-07-31,0.41578736901283264,144.68948364257812,-0.0320798562221688,-0.020100790719491002
2014-08-01,0.42030155658721924,144.33787536621094,0.010856961780980168,-0.002430088680361542
2014-08-04,0.41935136914253235,145.35179138183594,-0.0022607278745343518,0.007024601221630178
2014-08-05,0.4195888340473175,143.8800048828125,0.0005662671503152694,-0.010125685311693777
2014-08-06,0.4191136956214905,143.969970703125,-0.0011323905387182753,0.0006252836895979108
2014-08-07,0.4148370325565338,143.19320678710938,-0.01020406421845732,-0.005395318983688391
2014-08-08,0.4514263868331909,144.85301208496094,0.08820175491847082,0.011591368997827312
2014-08-11,0.4490504264831543,145.26190185546875,-0.005263228777352302,0.0028227909425038167
2014-08-12,0.4490504264831543,145.090087890625,0.0,-0.0011827875213605843
2014-08-13,0.45166394114494324,146.11215209960938,0.005820091703858887,0.007044342062531905
2014-08-14,0.4466744661331177,146.7499237060547,-0.01104687480514277,0.004364945675500831
2014-08-15,0.45237675309181213,146.70899963378906,0.012766091171629856,-0.0002788694619535459
2014-08-18,0.45855411887168884,147.92733764648438,0.013655356376420569,0.008304453140137946
2014-08-19,0.4622530937194824,148.71226501464844,0.008066604781340247,0.005306168424661806
2014-08-20,0.459389328956604,149.12106323242188,-0.006195231144556224,0.0027489206605331162
2014-08-21,0.455093652009964,149.54624938964844,-0.00935084181514756,0.0028512816902590554
2014-08-22,0.4553324282169342,149.30914306640625,0.0005246748793696909,-0.0015855049806324795
2014-08-25,0.45604830980300903,150.0859375,0.0015722174431507252,0.005202591198639972
2014-08-26,0.46416229009628296,150.20855712890625,0.017791931510016568,0.0008169961220134692
2014-08-27,0.45891207456588745,150.1840362548828,-0.011311163449547856,-0.00016324552004309822
2014-08-28,0.46273037791252136,150.06956481933594,0.008320337507453646,-0.000762207744587462
2014-08-29,0.46416229009628296,150.4375,0.0030944849357443793,0.0024517641608876595
2014-09-02,0.46535542607307434,150.39662170410156,0.0025705146718055794,-0.00027172942848985304
2014-09-03,0.4696509838104248,150.33120727539062,0.009230703021126718,-0.00043494613090200307
2014-09-04,0.4780036509037018,150.0859375,0.017784838914866485,-0.0016315293400213093
2014-09-05,0.4765717685222626,150.805419921875,-0.0029955469560370984,0.004793803029514265
2014-09-08,0.4722761809825897,150.42111206054688,-0.009013516585324566,-0.002548369027633224
2014-09-09,0.46630996465682983,149.44815063476562,-0.012632896948872041,-0.006468250450040625
2014-09-10,0.4679805338382721,150.03683471679688,0.0035825294504947536,0.003939052303630897
2014-09-11,0.4632076323032379,150.1758575439453,-0.010198931771558728,0.0009265913094664846
2014-09-12,0.45628705620765686,149.28460693359375,-0.014940548499102646,-0.00593471297535797
2014-09-15,0.4500821828842163,149.1864776611328,-0.0135986178854407,-0.0006573301459311676
2014-09-16,0.45676425099372864,150.29849243164062,0.014846328878633575,0.007453857668210828
2014-09-17,0.4570029079914093,150.51104736328125,0.0005224949132105472,0.001414218653838395
2014-09-18,0.46392351388931274,151.29600524902344,0.015143461402292724,0.005215284190053904
2014-09-19,0.4553324282169342,151.14881896972656,-0.01851832342007198,-0.0009728365203999223
2014-09-22,0.4507981836795807,149.97894287109375,-0.00995809710964246,-0.007739895730625057
2014-09-23,0.4488890767097473,149.1327667236328,-0.004234948229494884,-0.005641966340489746
2014-09-24,0.4515140652656555,150.3322296142578,0.005847744336192617,0.008042919855753672
2014-09-25,0.4417295753955841,147.91693115234375,-0.021670398826478476,-0.016066404842870696
2014-09-26,0.44268423318862915,149.108154296875,0.0021611815151614255,0.008053325168735359
2014-09-29,0.4419683814048767,148.81246948242188,-0.0016170708827739633,-0.0019830224299095534
2014-09-30,0.44029784202575684,148.36056518554688,-0.0037797712447432685,-0.0030367367630330655
2014-10-01,0.436002254486084,146.41354370117188,-0.009756094919542102,-0.013123578236170497
2014-10-02,0.43409308791160583,146.40536499023438,-0.004378799776456388,-5.5860344137292905e-05
2014-10-03,0.4350476861000061,148.0401153564453,0.0021990633230140055,0.011165918450597667
2014-10-06,0.4324225187301636,147.8594512939453,-0.006034206027794142,-0.0012203723434354163
2014-10-07,0.42788833379745483,145.59197998046875,-0.010485543042540124,-0.01533531535274546
2014-10-08,0.43576356768608093,148.13877868652344,0.018404881055611888,0.017492712898034224
2014-10-09,0.42741110920906067,145.1483917236328,-0.019167408880398362,-0.020186388664770738
2014-10-10,0.4021148383617401,143.5217742919922,-0.05918486979463922,-0.011206582534774134
2014-10-13,0.40068289637565613,141.1640167236328,-0.003561027471450373,-0.016427873610052823
2014-10-14,0.409990131855011,141.39398193359375,0.023228432168037827,0.0016290639448943711
2014-10-15,0.4161947965621948,140.3424072265625,0.015133692801606369,-0.007437195647585049
2014-10-16,0.4164334237575531,140.2519989013672,0.0005733545861921208,-0.0006441981934182106
2014-10-17,0.41571739315986633,141.98544311523438,-0.0017194359454288932,0.012359497386459584
2014-10-20,0.41929712891578674,143.38204956054688,0.008610983843400977,0.00983626500485002
2014-10-21,0.4371955096721649,146.16709899902344,0.04268662846001248,0.019423975644179192
2014-10-22,0.4269337058067322,145.1730194091797,-0.023471887607280473,-0.0068009804986989275
2014-10-23,0.4364795684814453,146.8407440185547,0.02235912167364562,0.011487841309371749
2014-10-24,0.4410138726234436,147.94158935546875,0.010388353704100295,0.0074968656980856085
2014-10-27,0.4412524104118347,147.75265502929688,0.0005408849997667886,-0.001277087308545255
2014-10-28,0.4517526924610138,149.4532012939453,0.023796543206140885,0.011509412567315636
2014-10-29,0.4488890767097473,149.28074645996094,-0.006338901348138859,-0.0011539052525558757
2014-10-30,0.4460252523422241,150.22544860839844,-0.006379804089942098,0.006328358953449298
2014-10-31,0.46630996465682983,151.92604064941406,0.04547884275180403,0.011320266018633562
2014-11-03,0.4741852581501007,152.01634216308594,0.016888537861434072,0.0005943781150741234
2014-11-04,0.48038995265960693,151.4741973876953,0.013084958679888237,-0.003566358509067391
2014-11-05,0.48038995265960693,152.46823120117188,0.0,0.006562396966741213
2014-11-06,0.48253777623176575,153.08436584472656,0.004471000195295005,0.004041069006314846
2014-11-07,0.4722761809825897,153.21585083007812,-0.02126588995645251,0.0008589053795664547
2014-11-10,0.4777649939060211,153.6758575439453,0.011622040544182699,0.0030023441528732597
2014-11-11,0.47203752398490906,153.82379150390625,-0.01198804850536761,0.0009626363068684363
2014-11-12,0.46893513202667236,153.7004852294922,-0.006572341817333682,-0.0008016073015008063
2014-11-13,0.4665486812591553,153.84019470214844,-0.005089085045096087,0.000908972228992333
2014-11-14,0.4722761809825897,153.897705078125,0.012276317463756792,0.00037383192401629906
2014-11-17,0.4701283276081085,153.97982788085938,-0.004547875715460559,0.0005336194109761827
2014-11-18,0.4813445806503296,154.8671417236328,0.023857854086960506,0.005762533021273386
2014-11-19,0.4795471429824829,154.58775329589844,-0.0037342015265201534,-0.0018040523291438237
2014-11-20,0.48745566606521606,154.8671417236328,0.016491648836748585,0.001807312816039186
2014-11-21,0.4900921583175659,155.73794555664062,0.0054086811086468956,0.00562290892255124
2014-11-24,0.49320727586746216,156.14044189453125,0.006356187294630722,0.0025844461762483117
2014-11-25,0.49296775460243225,156.09120178222656,-0.00048564016945740196,-0.00031535783879710344
2014-11-26,0.5013556480407715,156.4526824951172,0.017015095531154767,0.0023158301605938902
2014-11-28,0.5025538206100464,156.11581420898438,0.0023898655055691886,-0.0021531640158571896
2014-12-01,0.49320727586746216,155.0478057861328,-0.01859809707791804,-0.006841128993004375
2014-12-02,0.4939265549182892,156.02542114257812,0.001458370721644231,0.0063052511545620415
2014-12-03,0.506628155708313,156.62513732910156,0.025715565732490342,0.0038437081735251954
2014-12-04,0.5020745396614075,156.46910095214844,-0.008988083263037683,-0.0009962409585969612
2014-12-05,0.5049504637718201,156.7484588623047,0.005728081954428754,0.0017853870729511723
2014-12-08,0.49847984313964844,155.6803741455078,-0.012814367143735517,-0.0068140045812835615
2014-12-09,0.4968023896217346,155.5572052001953,-0.0033651381113998236,-0.0007911655273732388
2014-12-10,0.48577821254730225,153.11724853515625,-0.022190265797284447,-0.015685269363762022
2014-12-11,0.48553845286369324,153.83193969726562,-0.0004935579188530825,0.004667607137319285
2014-12-12,0.47044047713279724,151.3345489501953,-0.031095324462663054,-0.01623453979703482
2014-12-15,0.4690023362636566,150.282958984375,-0.003057009205299832,-0.006948776555751324
2014-12-16,0.4637300670146942,149.12457275390625,-0.011241456260035587,-0.007708034485727655
2014-12-17,0.4826625883579254,152.13136291503906,0.04082659868296035,0.02016294233476046
2014-12-18,0.48457983136177063,154.8999786376953,0.003972222107306633,0.018198849136732198
2014-12-19,0.4893728196620941,155.61471557617188,0.009891018961425191,0.004614183583254716
2014-12-22,0.49800047278404236,156.30474853515625,0.017630021070450086,0.0044342397595851235
2014-12-23,0.4948852062225342,156.54306030273438,-0.00625554940559081,0.0015246610855492726
2014-12-24,0.49296775460243225,156.52659606933594,-0.0038745381676245083,-0.00010517383119124091
2014-12-26,0.49344727396965027,157.03591918945312,0.0009727195394448884,0.0032539078527689114
2014-12-29,0.49272817373275757,157.25772094726562,-0.0014572990364456473,0.001412426908170783
2014-12-30,0.48817479610443115,156.4033966064453,-0.009241155409952406,-0.005432638446456917
2014-12-31,0.48050573468208313,154.77670288085938,-0.015709662775600264,-0.010400629147966356
2015-01-02,0.48242300748825073,154.77670288085938,0.0039901143062031075,0.0
2015-01-05,0.47427478432655334,152.05747985839844,-0.016890204312852597,-0.017568684251880518
2015-01-06,0.459895521402359,150.5623016357422,-0.03031842172383714,-0.009832980423249205
2015-01-07,0.4586973190307617,152.44357299804688,-0.002605379517381712,0.01249496947022033
2015-01-08,0.4759523868560791,155.12173461914062,0.03761754671201856,0.017568216018710503
2015-01-09,0.47786957025527954,153.81544494628906,0.004028099137950436,-0.008421061536339813
2015-01-12,0.4718782305717468,152.6736297607422,-0.012537604519015755,-0.007423280451098968
2015-01-13,0.47115933895111084,152.27108764648438,-0.0015234685011108473,-0.002636618484073816
2015-01-14,0.47307664155960083,151.3755645751953,0.00406932952397443,-0.005881110361332209
2015-01-15,0.46972137689590454,149.96255493164062,-0.0070924335909609,-0.009334463243919289
2015-01-16,0.47834885120391846,151.8192138671875,0.018367216678592646,0.012380816907215486
2015-01-20,0.4797869026660919,152.19708251953125,0.003006281835012503,0.002488938275456487
2015-01-21,0.486497163772583,152.9940185546875,0.013985919726452245,0.005236210983571077
2015-01-22,0.4948852062225342,155.33535766601562,0.017241708841435832,0.015303468288802469
2015-01-23,0.49632295966148376,154.48094177246094,0.0029052261430968507,-0.0055004598205629085
2015-01-26,0.4941661059856415,154.78494262695312,-0.004345665728044068,0.0019678858181739756
2015-01-27,0.47044047713279724,152.75576782226562,-0.04801144506971433,-0.013109639544060858
2015-01-28,0.4627714455127716,150.7429962158203,-0.016301810734412614,-0.013176403321066177
2015-01-29,0.47403520345687866,152.20533752441406,0.02433978598577169,0.009700890557463149
2015-01-30,0.46013516187667847,150.3322296142578,-0.02932280446438329,-0.012306453509593918
2015-02-02,0.47020062804222107,152.05747985839844,0.021875020644999577,0.011476249960287843
2015-02-03,0.48194384574890137,154.27560424804688,0.024974908595030376,0.014587407286468457
2015-02-04,0.4831419289112091,153.74972534179688,0.002485939332716347,-0.0034086977575824573
2015-02-05,0.4910503327846527,155.31069946289062,0.016368697064371274,0.010152695347088292
2015-02-06,0.48889362812042236,154.87530517578125,-0.004392023628209563,-0.0028033759980161665
2015-02-09,0.488414466381073,154.16888427734375,-0.0009800940568432948,-0.004561223609120368
2015-02-10,0.5020745396614075,155.81192016601562,0.02796819959398289,0.010657376787628126
2015-02-11,0.4987195134162903,155.91867065429688,-0.006682326985510523,0.0006851240146934501
2015-02-12,0.5344278812408447,157.36453247070312,0.07160010158806052,0.009273179474522442
2015-02-13,0.5346673727035522,158.0546417236328,0.00044812681208084015,0.004385417997909924
2015-02-17,0.5363451242446899,158.30934143066406,0.0031379351477052175,0.0016114661629273996
2015-02-18,0.5301141738891602,158.3421630859375,-0.011617427051853091,0.0002073260805510735
2015-02-19,0.5315518975257874,158.2353973388672,0.002712101859264404,-0.0006742723794442851
2015-02-20,0.5353866219520569,159.1965789794922,0.007214205130522622,0.006074378152990612
2015-02-23,0.5310729146003723,159.155517578125,-0.008057181809953518,-0.00025792891801068585
2015-02-24,0.5367261171340942,159.62374877929688,0.01064487074807019,0.0029419727842110444
2015-02-25,0.5326364040374756,159.4512176513672,-0.007619739315940288,-0.0010808612706385556
2015-02-26,0.5340801477432251,159.27052307128906,0.002710561453940663,-0.0011332279724147742
2015-02-27,0.5307118892669678,158.72010803222656,-0.006306653580909205,-0.0034558500119706848
2015-03-02,0.5437027812004089,159.7634735107422,0.024478237997239027,0.006573618752223842
2015-03-03,0.5335986018180847,159.08160400390625,-0.0185840126843122,-0.004267993752590127
2015-03-04,0.5396132469177246,158.4160919189453,0.011271853185421898,-0.0041834635068463966
2015-03-05,0.5499580502510071,158.5886688232422,0.019170773498189853,0.001089389986878242
2015-03-06,0.5425001978874207,156.3458251953125,-0.013560765880565984,-0.01414252130730409
2015-03-09,0.543943464756012,157.01132202148438,0.0026603987873399237,0.004256569213411998
2015-03-10,0.5533259510993958,154.4316864013672,0.01724901014775937,-0.016429615309934142
2015-03-11,0.5504392385482788,154.07020568847656,-0.005217019995865657,-0.00234071595871288
2015-03-12,0.5453869700431824,156.0583038330078,-0.009178612553896404,0.012903845591996532
2015-03-13,0.5461089015007019,155.10536193847656,0.0013237049969536674,-0.0061063196967138245
2015-03-16,0.5526043772697449,157.22496032714844,0.011894103449318294,0.013665539103107305
2015-03-17,0.5593405365943909,156.69091796875,0.012189840692046872,-0.003396676693619205
2015-03-18,0.5501985549926758,158.55580139160156,-0.016344214308830707,0.011901668884366945
2015-03-19,0.5586184859275818,157.82461547851562,0.015303440655197731,-0.004611536800725791
2015-03-20,0.5646330118179321,159.2541046142578,0.010766786352161661,0.009057453626026835
2015-03-23,0.5463494658470154,158.96839904785156,-0.032381291189563566,-0.0017940232504416453
2015-03-24,0.5388914942741394,158.04356384277344,-0.013650551595788096,-0.005817729879758926
2015-03-25,0.5061728954315186,155.7398223876953,-0.060714632148149206,-0.014576623046604786
2015-03-26,0.504489004611969,155.35174560546875,-0.0033267107637480198,-0.0024918275639257415
2015-03-27,0.5143526196479797,155.67379760742188,0.019551694775979067,0.0020730504230768165
2015-03-30,0.5165178179740906,157.6142120361328,0.004209560218809916,0.012464618057332233
2015-03-31,0.5035267472267151,156.22702026367188,-0.025151253829596154,-0.008801184579363519
2015-04-01,0.5054515600204468,155.72332763671875,0.0038226624590114167,-0.0032241069829215263
2015-04-02,0.5066540837287903,156.18572998046875,0.0023791077196295696,0.0029693839116302634
2015-04-06,0.5213292837142944,157.28390502929688,0.028964929834375264,0.007031212447932589
2015-04-07,0.5259002447128296,156.8627471923828,0.008767896109669104,-0.002677691889933831
2015-04-08,0.5297495126724243,157.43252563476562,0.007319388036597374,0.0036323375216935627
2015-04-09,0.5420190095901489,158.11785888671875,0.02316094045245798,0.004353187177744022
2015-04-10,0.5475524663925171,158.9849090576172,0.010208971833944203,0.005483568883383416
2015-04-13,0.5425001978874207,158.26654052734375,-0.00922700346577321,-0.00451846992605498
2015-04-14,0.5379291772842407,158.55552673339844,-0.008425841356335284,0.0018259463124157271
2015-04-15,0.5444248914718628,159.2821502685547,0.012075407808172844,0.004582770150787674
2015-04-16,0.5410565733909607,159.22430419921875,-0.006186928874239772,-0.0003631673055544127
2015-04-17,0.5340801477432251,157.37472534179688,-0.012894077977857799,-0.011616184267369878
2015-04-20,0.531433641910553,158.81153869628906,-0.004955259699981451,0.00912988633576095
2015-04-21,0.5307118892669678,158.65460205078125,-0.0013581237367480403,-0.0009881942256597664
2015-04-22,0.5367261171340942,159.43905639648438,0.011332378242804086,0.004944415954931003
2015-04-23,0.5345612168312073,159.8518829345703,-0.004033528896351557,0.002589243485356274
2015-04-24,0.529990017414093,160.17393493652344,-0.008551311380596616,0.002014690074592096
2015-04-27,0.5340801477432251,159.5380859375,0.007717372393330146,-0.0039697407650964855
2015-04-28,0.5367261171340942,160.03355407714844,0.004954255278069697,0.0031056417452728358
2015-04-29,0.5326364040374756,159.38124084472656,-0.007619739315940288,-0.004076102890943845
2015-04-30,0.5340801477432251,157.7958526611328,0.002710561453940663,-0.009947144188306778
2015-05-01,0.5473117828369141,159.44732666015625,0.024774624463387518,0.010465889763085157
2015-05-04,0.543943464756012,159.94273376464844,-0.006154294839849639,0.0031070267207935487
2015-05-05,0.529990017414093,158.07662963867188,-0.025652385304744563,-0.011667326686578217
2015-05-06,0.5316740870475769,157.44076538085938,0.003177549723862194,-0.004022506421511807
2015-05-07,0.5410565733909607,158.07662963867188,0.01764706343971989,0.004038752328688888
2015-05-08,0.5011208653450012,160.14920043945312,-0.07381059580455818,0.013111177822545228
2015-05-11,0.4963094890117645,159.38124084472656,-0.009601229296098523,-0.0047952758591317535
2015-05-12,0.5011208653450012,158.91888427734375,0.009694306556211396,-0.0029009472189593932
2015-05-13,0.504007875919342,158.96839904785156,0.005761106299880803,0.000311572603425736
2015-05-14,0.5121875405311584,160.62806701660156,0.016229239665940032,0.010440238303276894
2015-05-15,0.5124280452728271,160.79324340820312,0.00046956382699048227,0.0010283158769786027
2015-05-18,0.5117064118385315,161.28868103027344,-0.0014082629570195682,0.0030812092073579933
2015-05-19,0.5085160732269287,161.2061004638672,-0.006234705170373167,-0.0005120047227042956
2015-05-20,0.5085160732269287,161.0987091064453,0.0,-0.0006661742769836776
2015-05-21,0.5048906803131104,161.58596801757812,-0.0071293575654598484,0.00302459848272818
2015-05-22,0.5041655898094177,161.23085021972656,-0.001436133666089745,-0.002197701955239939
2015-05-26,0.5010235905647278,159.49685668945312,-0.006232077928756796,-0.010754725462964076
2015-05-27,0.5278513431549072,160.9666290283203,0.05354588705082852,0.009215055201551081
2015-05-28,0.5351018905639648,160.8180389404297,0.013735964686045765,-0.0009231111366846401
2015-05-29,0.5348600745201111,159.76939392089844,-0.00045190653989080065,-0.00652069274342848
2015-06-01,0.5409026145935059,160.14093017578125,0.011297422188067285,0.002325453240855202
2015-06-02,0.5302680134773254,159.97576904296875,-0.01966084250521216,-0.0010313486541586592
2015-06-03,0.5244678258895874,160.41343688964844,-0.010938218863518312,0.002735838366634935
2015-06-04,0.5338934659957886,159.1087646484375,0.01797181760428046,-0.008133185514306085
2015-06-05,0.5380023121833801,158.78672790527344,0.007696003883336466,-0.0020240037931010812
2015-06-08,0.5256761312484741,157.80413818359375,-0.022911018513809944,-0.00618810989206775
2015-06-09,0.5283346772193909,157.76283264160156,0.005057383839366603,-0.00026175195699962295
2015-06-10,0.518908679485321,159.63722229003906,-0.017840959794042988,0.011881059797497873
2015-06-11,0.5244678258895874,160.13265991210938,0.010713149777683784,0.0031035219415818105
2015-06-12,0.5102078914642334,158.96011352539062,-0.02718934074014301,-0.007322343782725671
2015-06-15,0.5092412829399109,158.22523498535156,-0.0018945385606413678,-0.004623037337738722
2015-06-16,0.5155250430107117,159.1500244140625,0.012339455345261596,0.0058447657151310395
2015-06-17,0.5215672254562378,159.42254638671875,0.01172044409373263,0.0017123589748702095
2015-06-18,0.5302680134773254,160.99960327148438,0.016682006837137164,0.009892307709977732
2015-06-19,0.5285763144493103,160.0665740966797,-0.0031902716834106837,-0.005795226546188248
2015-06-22,0.5264012217521667,161.163330078125,-0.004115002200599238,0.006851873900811212
2015-06-23,0.5128666162490845,161.2794647216797,-0.02571157691851722,0.0007206021586820821
2015-06-24,0.5077908635139465,160.12632751464844,-0.009896828091990328,-0.007149932007904591
2015-06-25,0.5116580724716187,159.6286163330078,0.007615751356593536,-0.003108240783172289
2015-06-26,0.5012654066085815,159.6286163330078,-0.020311740246438892,0.0
2015-06-29,0.4862805902957916,156.25216674804688,-0.02989397655460191,-0.021151906610010207
2015-06-30,0.48603886365890503,156.65869140625,-0.0004970929165393212,0.0026017217339369125
2015-07-01,0.4930477738380432,157.84498596191406,0.014420472730050982,0.0075724783924546735
2015-07-02,0.49353107810020447,157.72882080078125,0.0009802381996353304,-0.0007359445751469185
2015-07-06,0.4874889850616455,157.27252197265625,-0.012242578647361668,-0.0028929324761853836
2015-07-07,0.47830480337142944,158.24319458007812,-0.018839772736720772,0.006171914809063983
2015-07-08,0.4749210476875305,155.55531311035156,-0.0070744756482641336,-0.016985763443788215
2015-07-09,0.4691205322742462,155.83741760253906,-0.012213641491628957,0.0018135317048757482
2015-07-10,0.47733795642852783,157.82008361816406,0.0175166584895452,0.012722657023756412
2015-07-13,0.4804799258708954,159.58712768554688,0.006582274466241822,0.011196572875085131
2015-07-14,0.4807215631008148,160.29229736328125,0.0005029080652672047,0.004418712761870447
2015-07-15,0.47733795642852783,160.2258758544922,-0.0070385997467257155,-0.0004143774210093598
2015-07-16,0.4879724085330963,161.45367431640625,0.02227866433278458,0.007662922454729326
2015-07-17,0.4850720465183258,161.64447021484375,-0.005943700840564614,0.0011817377290750386
2015-07-20,0.47612959146499634,161.7191162109375,-0.018435313099394612,0.00046179121373302046
2015-07-21,0.47830480337142944,161.08035278320312,0.004568529126157017,-0.003949832541140119
2015-07-22,0.4691205322742462,160.76507568359375,-0.01920171203058385,-0.001957266011415437
2015-07-23,0.4749210476875305,159.8442840576172,0.012364659003868406,-0.0057275600565684925
2015-07-24,0.4693623185157776,158.17677307128906,-0.011704533203612089,-0.010432096437849814
2015-07-27,0.4667035639286041,157.2808380126953,-0.005664610221760014,-0.005664137921121748
2015-07-28,0.4768545925617218,159.18896484375,0.021750484499558187,0.01213197268761168
2015-07-29,0.48265519738197327,160.317138671875,0.01216430524258949,0.007087010266272786
2015-07-30,0.48386350274086,160.3419952392578,0.0025034545684803344,0.00015504622642792398
2015-07-31,0.48217177391052246,160.0682373046875,-0.003496293522356364,-0.0017073377075158547
2015-08-03,0.49038922786712646,159.57049560546875,0.017042586068360288,-0.0031095594453964814
2015-08-04,0.49232280254364014,159.2552947998047,0.003942938724252665,-0.0019753075558741617
2015-08-05,0.49739837646484375,159.8110809326172,0.01030944310314319,0.0034899067783658033
2015-08-06,0.4942561984062195,158.59164428710938,-0.006317226205997395,-0.007630488689466919
2015-08-07,0.5554037690162659,158.17677307128906,0.12371634550507027,-0.0026159714635989317
2015-08-10,0.5747390389442444,160.18438720703125,0.034812997330258,0.012692218312213122
2015-08-11,0.5718387961387634,158.7159881591797,-0.005046190721285426,-0.00916692989531942
2015-08-12,0.5732888579368591,158.85704040527344,0.002535787721796634,0.000888708489483081
2015-08-13,0.5684551000595093,158.68283081054688,-0.008431627111584739,-0.0010966438395308975
2015-08-14,0.5689384341239929,159.2967529296875,0.0008502589992296361,0.0038688629135537056
2015-08-17,0.5653132200241089,160.18438720703125,-0.006371891724041956,0.005572205716807943
2015-08-18,0.5601679682731628,159.69496154785156,-0.009101594600470553,-0.0030553892780269543
2015-08-19,0.5579835176467896,158.4339599609375,-0.0038996350203802654,-0.00789631416477854
2015-08-20,0.537838876247406,155.1073455810547,-0.03610257429169328,-0.020996851815753392
2015-08-21,0.5210921168327332,150.18788146972656,-0.031137130754693376,-0.031716512798920626
2015-08-24,0.5026460886001587,144.06556701660156,-0.03539878581294198,-0.04076437055515081
2015-08-25,0.49220991134643555,142.31517028808594,-0.020762475806361702,-0.012150000619606138
2015-08-26,0.5293440818786621,147.96461486816406,0.07544376835209676,0.039696713770162706
2015-08-27,0.5492460131645203,151.5816192626953,0.03759734351846422,0.02444506342110242
2015-08-28,0.5516730546951294,151.5816192626953,0.004418860533234481,0.0
2015-08-31,0.5456053614616394,150.24598693847656,-0.010998712338494032,-0.008811307932421908
2015-09-01,0.5232764482498169,145.6583709716797,-0.04092502528201869,-0.03053403328952431
2015-09-02,0.5390524864196777,148.59510803222656,0.030148572943854646,0.020161814531880706
2015-09-03,0.5405086278915405,148.7195587158203,0.002701298126893459,0.0008375153478590303
2015-09-04,0.527887761592865,146.41329956054688,-0.023349981198094838,-0.015507436783619988
2015-09-08,0.5504595041275024,150.16302490234375,0.04275860168936063,0.025610551452986297
2015-09-09,0.539537787437439,148.1388702392578,-0.01984109023128733,-0.013479714226603545
2015-09-10,0.5480324029922485,148.96841430664062,0.01574424582039957,0.00559977314558302
2015-09-11,0.5497313737869263,149.5906219482422,0.0031001283599316753,0.004176775623863316
2015-09-14,0.5507020950317383,149.02647399902344,0.0017658101594693054,-0.003771278853389237
2015-09-15,0.5567700266838074,150.9677276611328,0.011018537439410725,0.013026233594724212
2015-09-16,0.5606533885002136,152.28677368164062,0.00697480401295314,0.008737271474792196
2015-09-17,0.5657501220703125,151.88851928710938,0.009090703230623554,-0.002615160758240309
2015-09-18,0.5652647614479065,149.43299865722656,-0.0008579063502980322,-0.016166597985205367
2015-09-21,0.5710895657539368,150.20274353027344,0.010304559391089985,0.005151103705096194
2015-09-22,0.5555563569068909,148.24290466308594,-0.027199251708511563,-0.01304795652279478
2015-09-23,0.5582261681556702,147.97596740722656,0.004805653315972602,-0.0018006747538173995
2015-09-24,0.5689054131507874,147.5172576904297,0.019130677858403722,-0.0030998933464277956
2015-09-25,0.5730312466621399,147.417236328125,0.007252231066852133,-0.0006780316003066611
2015-09-28,0.5655074119567871,143.70596313476562,-0.013129885585085432,-0.02517530029594861
2015-09-29,0.575458288192749,143.78099060058594,0.017596367484432385,0.0005220901358835572
2015-09-30,0.5982727408409119,146.5415496826172,0.03964571041250031,0.01919975005388519
2015-10-01,0.5866230130195618,146.95018005371094,-0.0194722691275816,0.0027884949488985455
2015-10-02,0.6019135117530823,149.076904296875,0.026065289622401178,0.01447241672236621
2015-10-05,0.6169612407684326,151.75396728515625,0.024999819278892055,0.017957597126849967
2015-10-06,0.6249708533287048,151.2453155517578,0.012982359394726473,-0.0033518183576883853
2015-10-07,0.6315236687660217,152.5128936767578,0.010484993663969266,0.008380941388999474
2015-10-08,0.6351641416549683,153.85568237304688,0.005764586616460399,0.008804427376055246
2015-10-09,0.6327372193336487,153.93914794921875,-0.003820937238358635,0.0005424926456047974
2015-10-12,0.6395331025123596,154.12252807617188,0.010740451124193084,0.001191250759771778
2015-10-13,0.6407465934753418,153.0968017578125,0.0018974638814082123,-0.006655265334425509
2015-10-14,0.6640463471412659,152.37953186035156,0.03636344524213331,-0.004685074340061046
2015-10-15,0.6657454967498779,154.6646728515625,0.0025587816512009365,0.014996377553549323
2015-10-16,0.6761818528175354,155.29013061523438,0.015676194760020135,0.004043960085650333
2015-10-19,0.6749679446220398,155.4736328125,-0.0017952392399137596,0.0011816732752985004
2015-10-20,0.6739974617958069,155.27346801757812,-0.001437820616468466,-0.001287451713199994
2015-10-21,0.6652600169181824,154.2643585205078,-0.012963616887138318,-0.0064989177478542715
2015-10-22,0.6892877221107483,156.93313598632812,0.03611776535718203,0.017300026340598462
2015-10-23,0.6938995122909546,158.64279174804688,0.006690660564914852,0.010894166811703077
2015-10-26,0.6907442808151245,158.2675323486328,-0.004547101446163104,-0.002365436180737701
2015-10-27,0.6902588605880737,157.9589080810547,-0.000702749542099701,-0.0019500162983414615
2015-10-28,0.6958408355712891,159.79373168945312,0.0080867849757984,0.011615828639793602
2015-10-29,0.6718131303787231,159.7353515625,-0.03453046151400274,-0.00036534679011424043
2015-10-30,0.6885599493980408,158.92637634277344,0.02492779355157415,-0.00506447202709559
2015-11-02,0.6965692043304443,160.8112335205078,0.01163189194986658,0.011859939307173883
2015-11-03,0.6917150020599365,161.3199462890625,-0.006968729367204496,0.0031634156235100797
2015-11-04,0.6803078651428223,160.8612823486328,-0.01649109370643065,-0.0028431942297316715
2015-11-05,0.6725411415100098,160.66110229492188,-0.011416483669760225,-0.0012444265692044265
2015-11-06,0.7657406330108643,160.59439086914062,0.1385781266728161,-0.0004152307237303976
2015-11-09,0.7623429298400879,159.09320068359375,-0.0044371462402572615,-0.0093477124414022
2015-11-10,0.7477803826332092,159.39341735839844,-0.019102357530794367,0.0018870490600146894
2015-11-11,0.7404991984367371,158.78456115722656,-0.0097370623321682,-0.0038198327839527035
2015-11-12,0.7378294467926025,156.6579132080078,-0.003605340356573783,-0.013393291726347178
2015-11-13,0.7232668399810791,154.84815979003906,-0.019737090834241022,-0.01155226302271617
2015-11-16,0.7378294467926025,157.22499084472656,0.020134487033726556,0.015349430422100463
2015-11-17,0.7378294467926025,157.0331573486328,0.0,-0.0012201208921246431
2015-11-18,0.7559797167778015,159.56024169921875,0.024599546770733394,0.016092679999902826
2015-11-19,0.758172333240509,159.476806640625,0.0029003641421134763,-0.0005229063186744654
2015-11-20,0.7647503018379211,160.0689239501953,0.008676086305203334,0.0037128741291179157
2015-11-23,0.7532997727394104,159.8854522705078,-0.014972899090058167,-0.0011462042422711871
2015-11-24,0.7593905329704285,160.14402770996094,0.008085440154679269,0.001617254326651496
2015-11-25,0.7584159970283508,160.09396362304688,-0.001283313262104624,-0.00031261913185254286
2015-11-27,0.7647503018379211,160.25245666503906,0.008352018990091858,0.0009900001124674151
2015-11-30,0.7727899551391602,159.6019287109375,0.010512782122370279,-0.004059394580523068
2015-12-01,0.7978837490081787,161.1448211669922,0.032471687425724705,0.009667129141334385
2015-12-02,0.7917929887771606,159.44346618652344,-0.007633643671260737,-0.010557925275834101
2015-12-03,0.7900877594947815,157.17495727539062,-0.0021536301868657626,-0.014227669313705338
2015-12-04,0.8222466111183167,160.2607879638672,0.04070288551755197,0.01963309385902856
2015-12-07,0.8066545128822327,159.25160217285156,-0.018962800241739575,-0.006297147317428364
2015-12-08,0.8176175951957703,158.234130859375,0.013590802677549974,-0.0063890805467200495
2015-12-09,0.7969092726707458,157.0499267578125,-0.02532763806295779,-0.007483872759505461
2015-12-10,0.803487241268158,157.40850830078125,0.008254350680808153,0.002283232793363288
2015-12-11,0.7915495038032532,154.27264404296875,-0.014857407624871866,-0.019921821835833575
2015-12-14,0.7934984564781189,155.1984100341797,0.0024621993514004625,0.00600084348689256
2015-12-15,0.8032435774803162,156.81634521484375,0.012281209777584401,0.010424946881271158
2015-12-16,0.8081158399581909,159.0181121826172,0.00606573474656158,0.01404041756461627
2015-12-17,0.7959345579147339,156.6996307373047,-0.015073683055250142,-0.014579983459053647
2015-12-18,0.7830222845077515,153.7889404296875,-0.016222782738333663,-0.01857496596464059
2015-12-21,0.8015381693840027,155.14974975585938,0.023646689554807754,0.008848551283140216
2015-12-22,0.8022691011428833,156.55079650878906,0.0009119113559399317,0.009030286901102524
2015-12-23,0.805436372756958,158.4300994873047,0.003947891810319959,0.012004429363667413
2015-12-24,0.8081158399581909,158.1532745361328,0.0033267273391952568,-0.0017473002419849948
2015-12-28,0.8073855042457581,157.80929565429688,-0.0009037512647576129,-0.0021749716080481374
2015-12-29,0.8205411434173584,159.57106018066406,0.016294123566028107,0.011163883084723825
2015-12-30,0.8134758472442627,158.39651489257812,-0.008610532487951073,-0.007360641000668466
2015-12-31,0.8030000329017639,156.8277130126953,-0.012877843119727173,-0.009904270185153718
2016-01-04,0.7886258959770203,154.62960815429688,-0.017900543382047607,-0.01401604867004913
2016-01-05,0.80129474401474,154.90643310546875,0.016064458575792084,0.0017902454418408098
2016-01-06,0.7681612372398376,152.94326782226562,-0.04134996144975689,-0.012673232762815623
2016-01-07,0.7377076148986816,149.21826171875,-0.0396448308828784,-0.024355476096172057
2016-01-08,0.7218718528747559,147.63262939453125,-0.021466176712979568,-0.010626261866040099
2016-01-11,0.7230895757675171,147.64942932128906,0.0016868962100569096,0.00011379548563694719
2016-01-12,0.7352712154388428,148.87429809570312,0.01684665369210392,0.008295790779852652
2016-01-13,0.7128573656082153,145.23316955566406,-0.03048378524820916,-0.024457737746634955
2016-01-14,0.6984831690788269,147.59072875976562,-0.02016419724740337,0.016232925380024632
2016-01-15,0.6604769825935364,144.42779541015625,-0.05441245854988008,-0.02143043385033827
2016-01-19,0.6658374071121216,144.58717346191406,0.008115989897991671,0.0011035137059678402
2016-01-20,0.6694914102554321,142.89248657226562,0.005487830969363339,-0.011720866028927746
2016-01-21,0.6772875189781189,143.58880615234375,0.01164482262694344,0.004873031443300979
2016-01-22,0.6931236386299133,146.5335693359375,0.023381679431635938,0.020508306061612025
2016-01-25,0.6923926472663879,144.36068725585938,-0.0010546334344768704,-0.0148285617413485
2016-01-26,0.6992141604423523,146.31546020507812,0.00985208783324909,0.013540895283729038
2016-01-27,0.690930962562561,144.65432739257812,-0.01184643897164639,-0.011353091533674808
2016-01-28,0.6833783984184265,145.4429473876953,-0.010930996804837334,0.0054517552936868
2016-01-29,0.7135882377624512,149.12599182128906,0.0442066056140209,0.025322949649639437
2016-02-01,0.7138320207595825,148.9917449951172,0.00034162978624174833,-0.0009002241965488933
2016-02-02,0.683621883392334,146.2903289794922,-0.04232107342999569,-0.01813131335372664
2016-02-03,0.6870327591896057,147.14601135253906,0.0049894186832433185,0.005849206704339416
2016-02-04,0.6872764825820923,147.33058166503906,0.0003547478475030008,0.0012543344587017113
2016-02-05,0.6439103484153748,144.56202697753906,-0.06309852768974622,-0.018791446122125577
2016-02-08,0.614431619644165,142.57366943359375,-0.0457807967269902,-0.01375435572893735
2016-02-09,0.6210092902183533,142.61563110351562,0.010705293093473234,0.0002943157042150091
2016-02-10,0.6195476651191711,142.52334594726562,-0.002353628395266316,-0.0006470900527236756
2016-02-11,0.6163803935050964,140.69439697265625,-0.0051122323469098285,-0.012832627261544216
2016-02-12,0.62685626745224,143.58047485351562,0.01699579360007153,0.0205130974861798
2016-02-16,0.6575537919998169,145.98829650878906,0.048970595240823256,0.016769840451704487
2016-02-17,0.673876941204071,148.3793182373047,0.024824051511604273,0.016378174043367055
2016-02-18,0.731860339641571,147.75009155273438,0.08604449105187717,-0.00424066299835657
2016-02-19,0.7416055202484131,147.716552734375,0.013315628787337719,-0.00022699693791661257
2016-02-22,0.7679176330566406,149.8307342529297,0.035479931162613054,0.014312421183808821
2016-02-23,0.7698665261268616,147.951416015625,0.002537893370755828,-0.012542942185227557
2016-02-24,0.7752262949943542,148.6477813720703,0.006961945591344554,0.004706716401901678
2016-02-25,0.776931643486023,150.4347381591797,0.0021998073371352067,0.012021415796557022
2016-02-26,0.7718156576156616,150.1579132080078,-0.006584859701950552,-0.001840166404111776
2016-02-29,0.7668030858039856,148.81561279296875,-0.006494519464869564,-0.008939258586922572
2016-03-01,0.8007906675338745,152.48187255859375,0.04432374146519402,0.024636257559383035
2016-03-02,0.8054364919662476,153.12786865234375,0.005801546672216329,0.004236543550458771
2016-03-03,0.7983454465866089,153.68997192382812,-0.008803978278073665,0.003670809738497427
2016-03-04,0.7959004640579224,154.18492126464844,-0.0030625621266335834,0.0032204400496971264
2016-03-07,0.7907655239105225,154.35276794433594,-0.006451736591808532,0.001088606319676444
2016-03-08,0.7763389348983765,152.6160888671875,-0.01824382648955547,-0.011251363356015287
2016-03-09,0.7758500576019287,153.45501708984375,-0.0006297214714753308,0.0054969841573278
2016-03-10,0.7746274471282959,153.53890991210938,-0.00157583345087553,0.000546693251589847
2016-03-11,0.7878313064575195,156.03065490722656,0.017045431811347544,0.016228752676071156
2016-03-14,0.7897873520851135,155.79580688476562,0.0024828229235891452,-0.0015051402725995144
2016-03-15,0.7858752608299255,155.5944061279297,-0.004953347562302257,-0.0012927225761917294
2016-03-16,0.8093487620353699,156.525634765625,0.029869245636584996,0.005984975044216245
2016-03-17,0.802502453327179,157.51564025878906,-0.008459034015167566,0.006324877676723295
2016-03-18,0.826709508895874,158.10293579101562,0.03016446300984188,0.0037284902709449064
2016-03-21,0.829154372215271,158.34414672851562,0.002957342685778741,0.0015256575489455138
2016-03-22,0.8276873230934143,158.2598114013672,-0.0017693317083248283,-0.000532607796946416
2016-03-23,0.8418694734573364,157.2476043701172,0.017134671473422403,-0.006395856422973467
2016-03-24,0.8430919647216797,157.1379852294922,0.0014521149689901147,-0.0006971116734280081
2016-03-28,0.8516501188278198,157.2476043701172,0.010150914092705632,0.0006975979771213225
2016-03-29,0.8653431534767151,158.75746154785156,0.016078239580054055,0.009601781749123406
2016-03-30,0.8743900656700134,159.42381286621094,0.010454710546851098,0.004197291339018694
2016-03-31,0.871211588382721,159.0442657470703,-0.003635079367990013,-0.002380742953746462
2016-04-01,0.883926272392273,160.06480407714844,0.014594254919353178,0.006416693649937022
2016-04-04,0.8753682374954224,159.55873107910156,-0.009681842438837074,-0.0031616756785767253
2016-04-05,0.8741458058357239,157.93927001953125,-0.0013964770565539908,-0.010149623581347411
2016-04-06,0.8753682374954224,159.65994262695312,0.0013984299318690052,0.010894520452127576
2016-04-07,0.8663209676742554,157.7789764404297,-0.010335387364582393,-0.011781077680319219
2016-04-08,0.8719450235366821,158.20916748046875,0.0064918847312736006,0.002726542215854
2016-04-11,0.8773244619369507,157.79588317871094,0.006169469697125063,-0.0026122651951179243
2016-04-12,0.8763461709022522,159.33103942871094,-0.001115084643301345,0.009728747157879747
2016-04-13,0.8983526229858398,160.9251708984375,0.02511159723666112,0.010005153267325761
2016-04-14,0.9007977247238159,160.90830993652344,0.0027217616728822946,-0.00010477516860740721
2016-04-15,0.9078888297080994,160.73114013671875,0.007872028080951887,-0.0011010605970230847
2016-04-18,0.9039765000343323,161.89515686035156,-0.004309260721959696,0.007242011240900181
2016-04-19,0.88783860206604,162.3843536376953,-0.017852121120050524,0.0030216887696383754
2016-04-20,0.8912617564201355,162.519287109375,0.003855604325076145,0.000830951188688589
2016-04-21,0.8902835845947266,161.6168212890625,-0.0010975135176201078,-0.005552976735032966
2016-04-22,0.8868603706359863,161.6589813232422,-0.0038450826433001906,0.00026086414671078195
2016-04-25,0.8912617564201355,161.3974609375,0.004962884722194527,-0.0016177287744951752
2016-04-26,0.8919951319694519,161.63369750976562,0.0008228509122416572,0.001463694477555011
2016-04-27,0.9122898578643799,161.9709930419922,0.022752059027630445,0.002086789681998047
2016-04-28,0.8851487040519714,160.51185607910156,-0.029750581548658617,-0.009008631332601214
2016-04-29,0.868766188621521,159.60092163085938,-0.018508206988786968,-0.0056751848149664275
2016-05-02,0.8802583813667297,160.87457275390625,0.013228176804904734,0.007980224111692191
2016-05-03,0.8697443008422852,159.4997100830078,-0.011944311746421521,-0.008546177605093574
2016-05-04,0.8499384522438049,158.5634765625,-0.02277203607922429,-0.0058698133057456525
2016-05-05,0.8550732135772705,158.54656982421875,0.006041333134075844,-0.00010662441722253391
2016-05-06,0.863875687122345,159.1201171875,0.01029440918661062,0.00361753246328278
2016-05-09,0.862653374671936,159.28884887695312,-0.001414917063449872,0.0010604045072082346
2016-05-10,0.8792803287506104,161.26254272460938,0.01927420046898609,0.012390659243076696
2016-05-11,0.8817254304885864,159.75271606445312,0.0027807988624632962,-0.009362537850681196
2016-05-12,0.8697443008422852,159.84555053710938,-0.013588277293604012,0.0005811135794322464
2016-05-13,1.0020275115966797,158.36944580078125,0.1520943691453771,-0.009234568815760902
2016-05-16,1.031614065170288,159.9467315673828,0.029526687871537227,0.009959533283874
2016-05-17,1.0338151454925537,158.53811645507812,0.0021336276778101126,-0.008806776471773414
2016-05-18,1.0602222681045532,158.51280212402344,0.025543369844343022,-0.00015967346919920633
2016-05-19,1.064868450164795,157.99835205078125,0.004382271717937147,-0.0032454796480076986
2016-05-20,1.0839405059814453,158.98524475097656,0.017910245921643142,0.006246221478804603
2016-05-23,1.0856521129608154,158.7743377685547,0.0015790598929785737,-0.0013265821161719815
2016-05-24,1.1120058298110962,160.79022216796875,0.02427455032386794,0.01269653791504144
2016-05-25,1.1073479652404785,161.88670349121094,-0.0041887051719944335,0.006819328367472233
2016-05-26,1.119114875793457,161.962646484375,0.01062620867364239,0.0004691119871260696
2016-05-27,1.125244140625,162.59521484375,0.005476886210807663,0.003905643511672441
2016-05-31,1.1453464031219482,162.4012451171875,0.017864800865155184,-0.0011929608552680993
2016-06-01,1.1475526094436646,162.70484924316406,0.0019262349937998469,0.0018694692011596015
2016-06-02,1.1556428670883179,163.19407653808594,0.007050010237504845,0.003006839053645738
2016-06-03,1.1394627094268799,162.72171020507812,-0.014001001626224197,-0.002894506608501657
2016-06-06,1.1335787773132324,163.5061798095703,-0.005163777686596593,0.004820927726875146
2016-06-07,1.135785460472107,163.8013458251953,0.0019466517925685878,0.0018052284994289902
2016-06-08,1.1321080923080444,164.34120178222656,-0.00323773132518701,0.0032957968343396704
2016-06-09,1.1615266799926758,164.0881805419922,0.025985670347656642,-0.0015396092853796617
2016-06-10,1.132598638534546,162.5108642578125,-0.0249051889693247,-0.009612613650597623
2016-06-13,1.1470625400543213,161.287841796875,0.012770544681644624,-0.007525788915855203
2016-06-14,1.1492691040039062,160.93356323242188,0.0019236649027702946,-0.0021965608846034046
2016-06-15,1.1610358953475952,160.69740295410156,0.010238499671395562,-0.0014674395668431428
2016-06-16,1.1656938791275024,161.22035217285156,0.004011920560399895,0.0032542481031840875
2016-06-17,1.1453464031219482,160.62149047851562,-0.017455248217296826,-0.0037145539397772653
2016-06-20,1.1659393310546875,161.6505584716797,0.0179796504154619,0.006406788967642685
2016-06-21,1.1588298082351685,162.11085510253906,-0.006097678181151922,0.0028474793728598957
2016-06-22,1.1578489542007446,161.83958435058594,-0.000846417677085487,-0.0016733657458134488
2016-06-23,1.1887378692626953,163.93336486816406,0.026677845110870457,0.012937381951268812
2016-06-24,1.121076226234436,157.95721435546875,-0.056918892531139686,-0.03645475414660926
2016-06-27,1.1090638637542725,155.1682891845703,-0.010715027398727095,-0.017656206348525494
2016-06-28,1.125244140625,158.03346252441406,0.014589129985676408,0.018464941225430964
2016-06-29,1.1436299085617065,160.75453186035156,0.0163393589647971,0.0172183111884745
2016-06-30,1.1524558067321777,162.92457580566406,0.0077174425960677695,0.013499115205023449
2016-07-01,1.143875241279602,163.26370239257812,-0.007445461598138081,0.0020814943677900377
2016-07-05,1.1607908010482788,162.11932373046875,0.014787941165466778,-0.007009388157556584
2016-07-06,1.1681450605392456,163.07711791992188,0.006335559761780907,0.005907958208890118
2016-07-07,1.1985441446304321,162.96701049804688,0.026023381100591658,-0.0006751862142245768
2016-07-08,1.2465941905975342,165.4421844482422,0.04009034309029813,0.015188190190339013
2016-07-11,1.2752766609191895,166.0186309814453,0.02300866676420732,0.0034842778166015442
2016-07-12,1.294398307800293,167.18846130371094,0.014994116545127723,0.007046379766836974
2016-07-13,1.2939079999923706,167.12908935546875,-0.00037879206498314666,-0.00035511989152370305
2016-07-14,1.3071459531784058,168.1039581298828,0.01023098488154739,0.005833028697599163
2016-07-15,1.2919467687606812,167.84959411621094,-0.01162776381686137,-0.0015131351843324925
2016-07-18,1.2985656261444092,168.3328399658203,0.005123165709123745,0.002879040918471354
2016-07-19,1.3120492696762085,168.14634704589844,0.010383490260583716,-0.0011078819792961214
2016-07-20,1.3292094469070435,168.82444763183594,0.013078912223372319,0.00403279998555317
2016-07-21,1.3046948909759521,168.18869018554688,-0.01844295945092367,-0.0037657901755763223
2016-07-22,1.340241551399231,168.96859741210938,0.027245190173687872,0.004637096737611257
2016-07-25,1.365002155303955,168.56167602539062,0.018474732318867204,-0.0024082663462388076
2016-07-26,1.388291358947754,168.55320739746094,0.017061660711160442,-5.0240529931633304e-05
2016-07-27,1.3743176460266113,168.44300842285156,-0.010065403656861927,-0.0006537934003801871
2016-07-28,1.3772588968276978,168.6295166015625,0.00214015355881525,0.0011072479674711921
2016-07-29,1.3998134136199951,168.9261474609375,0.016376381262991346,0.0017590684321053818
2016-08-01,1.390742540359497,168.73123168945312,-0.0064800588222970745,-0.0011538519904353839
2016-08-02,1.373827338218689,167.68008422851562,-0.0121627128314028,-0.00622971485724777
2016-08-03,1.377504587173462,168.163330078125,0.0026766456398668037,0.0028819513768301164
2016-08-04,1.4030002355575562,168.32432556152344,0.018508576030523027,0.0009573756854341919
2016-08-05,1.426780104637146,169.6806640625,0.016949297995049628,0.008057887631225391
2016-08-08,1.4400181770324707,169.59588623046875,0.009278284966477868,-0.0004996316610360596
2016-08-09,1.4436954259872437,169.70606994628906,0.0025536128733811836,0.0006496838942813277
2016-08-10,1.4343796968460083,169.27374267578125,-0.006452696997959251,-0.0025475062302995344
2016-08-11,1.4635523557662964,170.10447692871094,0.02033817055862852,0.0049076380057409
2016-08-12,1.5454330444335938,169.9349365234375,0.05594653880655032,-0.0009966839693730245
2016-08-15,1.5439621210098267,170.42657470703125,-0.0009517872217532641,0.0028930965795015418
2016-08-16,1.53464674949646,169.5449676513672,-0.006033419723583622,-0.0051729435810088376
2016-08-17,1.4990994930267334,169.82470703125,-0.02316315235502253,0.001649942099479107
2016-08-18,1.5223889350891113,170.23162841796875,0.015535621331814076,0.0023961259455838047
2016-08-19,1.5263112783432007,169.9943084716797,0.00257643967562049,-0.0013941001945089182
2016-08-22,1.5326851606369019,169.97735595703125,0.004176004190062699,-9.972401312052792e-05
2016-08-23,1.5450876951217651,170.2909698486328,0.008092030120334437,0.0018450333565656063
2016-08-24,1.5212645530700684,169.46875,-0.015418634247695073,-0.004828323247930699
2016-08-25,1.5111953020095825,169.33309936523438,-0.006619000646643003,-0.0008004463050894639
2016-08-26,1.5234750509262085,169.01095581054688,0.008125851701825892,-0.0019024251956356597
2016-08-29,1.522492527961731,169.86709594726562,-0.0006449222544735456,0.005065589580349084
2016-08-30,1.5136513710021973,169.5449676513672,-0.005807028144413917,-0.0018963548773356376
2016-08-31,1.506528615951538,169.12962341308594,-0.004705677401754094,-0.0024497585745825168
2016-09-01,1.5509827136993408,169.09573364257812,0.02950763581727589,-0.00020037749640722247
2016-09-02,1.5357555150985718,169.8501434326172,-0.00981777454143884,0.004461435979417949
2016-09-06,1.5502456426620483,170.38421630859375,0.009435178595172733,0.0031443769500756336
2016-09-07,1.527405023574829,170.37574768066406,-0.014733548322056755,-4.970312458019155e-05
2016-09-08,1.5384570360183716,169.97735595703125,0.007235809934470261,-0.0023383124010085687
2016-09-09,1.461828589439392,165.87451171875,-0.049808636045696075,-0.024137593005731928
2016-09-12,1.4920382499694824,168.24801635742188,0.02066566541955206,0.014309037682029624
2016-09-13,1.470424771308899,165.84947204589844,-0.014485874380918529,-0.014256003508701265
2016-09-14,1.483441710472107,165.747314453125,0.008852502635426251,-0.0006159657399763541
2016-09-15,1.5396848917007446,167.45022583007812,0.03791398127179413,0.010274141590600028
2016-09-16,1.5433694124221802,166.79457092285156,0.0023930355758479127,-0.003915521188319504
2016-09-19,1.5637538433074951,166.84568786621094,0.013207745806834037,0.0003064664699610198
2016-09-20,1.5495091676712036,166.86273193359375,-0.009109282574911282,0.00010215467717977766
2016-09-21,1.5929807424545288,168.7359619140625,0.028055061364147704,0.011226173506581727
2016-09-22,1.5969103574752808,169.74917602539062,0.0024668314663347513,0.006004731296368027
2016-09-23,1.5951911211013794,168.838134765625,-0.0010766016801465605,-0.005366984872017033
2016-09-26,1.5802096128463745,167.49282836914062,-0.009391669786038559,-0.007968024512660543
2016-09-27,1.6342415809631348,168.51458740234375,0.034192911926054226,0.006100315118873434
2016-09-28,1.6401362419128418,169.4256134033203,0.003606970363728701,0.0054062144709252635
2016-09-29,1.6553637981414795,167.83338928222656,0.009284323972305053,-0.009397776930595736
2016-09-30,1.6828713417053223,169.1787109375,0.016617219486572132,0.008015816525108521
2016-10-03,1.6811524629592896,168.64227294921875,-0.0010213964094788475,-0.0031708362435710624
2016-10-04,1.677468180656433,167.85888671875,-0.0021915218185334373,-0.004645254222259254
2016-10-05,1.6757493019104004,168.5572052001953,-0.0010246863492576752,0.004160151988946259
2016-10-06,1.65389084815979,168.7530059814453,-0.013043987979401872,0.001161628071712828
2016-10-07,1.6418557167053223,168.1314239501953,-0.00727685957501889,-0.0036833834611417204
2016-10-10,1.647996425628662,168.90626525878906,0.00374010265388125,0.004608545448489654
2016-10-11,1.6241717338562012,166.85421752929688,-0.014456761799936824,-0.012149032638594903
2016-10-12,1.6315405368804932,167.0670928955078,0.004536960513896293,0.0012758165143387235
2016-10-13,1.605015516281128,166.53062438964844,-0.01625765342617913,-0.003211096192323848
2016-10-14,1.6207339763641357,166.57322692871094,0.009793338396770102,0.00025582405169410904
2016-10-17,1.611401081085205,166.07933044433594,-0.005758437482669132,-0.002965041222299014
2016-10-18,1.6359614133834839,167.0585479736328,0.015241600981016123,0.005896083074739211
2016-10-19,1.6325229406356812,167.5183563232422,-0.0021018055313978268,0.0027523784636387383
2016-10-20,1.6634689569473267,167.24588012695312,0.018955945758162285,-0.001626545306851579
2016-10-21,1.6588021516799927,167.28843688964844,-0.0028054657995530974,0.0002544562691948471
2016-10-24,1.7366588115692139,167.96963500976562,0.046935470761458875,0.004071997639421676
2016-10-25,1.7651485204696655,167.49282836914062,0.016404896984174355,-0.0028386478341593246
2016-10-26,1.772270917892456,167.11813354492188,0.004035013110905483,-0.002237079807339337
2016-10-27,1.7359219789505005,166.67539978027344,-0.02050980951895376,-0.0026492263601629595
2016-10-28,1.7329745292663574,166.14755249023438,-0.0016979159892457352,-0.0031669177979168905
2016-10-31,1.7477107048034668,166.14755249023438,0.008503399956690583,0.0
2016-11-01,1.6958884000778198,164.9894561767578,-0.029651534766719,-0.006970288133161806
2016-11-02,1.6887660026550293,163.8995819091797,-0.004199803137083569,-0.006605720709876861
2016-11-03,1.6691174507141113,163.26100158691406,-0.011634857588337932,-0.003896168097728747
2016-11-04,1.6595393419265747,163.0396270751953,-0.0057384270851872365,-0.0013559546344011908
2016-11-07,1.750411868095398,166.6157684326172,0.05475768116670765,0.021934185090919822
2016-11-08,1.7477107048034668,167.38211059570312,-0.001543158693770863,0.0045994576041334945
2016-11-09,1.7182384729385376,169.17019653320312,-0.016863335438712324,0.010682658565699166
2016-11-10,1.6644513607025146,169.56190490722656,-0.031303636301447724,0.0023154691668549887
2016-11-11,2.160569190979004,169.2467803955078,0.29806688377309687,-0.001858462912947112
2016-11-14,2.0542237758636475,169.27235412597656,-0.049221018035145114,0.00015110320213462813
2016-11-15,2.1168525218963623,170.64324951171875,0.030487791431770495,0.008098755362744736
2016-11-16,2.250460386276245,170.35377502441406,0.06311628372683775,-0.0016963723331160363
2016-11-17,2.269125461578369,171.16265869140625,0.008293891959150868,0.004748257952465362
2016-11-18,2.2929494380950928,170.8561248779297,0.01049918874919853,-0.0017908918675376695
2016-11-21,2.283616781234741,172.1162567138672,-0.004070153796371878,0.007375397497969782
2016-11-22,2.3000714778900146,172.43133544921875,0.007205542011464949,0.0018306157789345079
2016-11-23,2.311386823654175,172.58465576171875,0.004919562662696109,0.0008891673436302039
2016-11-25,2.3160605430603027,173.2742462158203,0.0020220412084632766,0.00399566491620007
2016-11-28,2.3148298263549805,172.45684814453125,-0.0005313836501424918,-0.004717366193421224
2016-11-29,2.2936763763427734,172.7293243408203,-0.009138231143978381,0.001579967390223258
2016-11-30,2.2678496837615967,172.33770751953125,-0.0112599549123652,-0.0022672283515470237
2016-12-01,2.155687093734741,171.66502380371094,-0.04945768268063322,-0.003903288058674459
2016-12-02,2.1756112575531006,171.7841796875,0.009242604771474872,0.0006941185871696121
2016-12-05,2.2599778175354004,172.77191162109375,0.03877832479925036,0.005749842246186798
2016-12-06,2.2971198558807373,173.37644958496094,0.016434691551902914,0.0034990523528675155
2016-12-07,2.3384432792663574,175.57322692871094,0.017989232594820992,0.01267056367233721
2016-12-08,2.2993338108062744,176.03306579589844,-0.016724574338340514,0.0026190716843987882
2016-12-09,2.25850248336792,177.10586547851562,-0.01775789458949273,0.006094307781136177
2016-12-12,2.203650712966919,176.91009521484375,-0.024286787729896564,-0.0011053855452101136
2016-12-13,2.24251389503479,178.119140625,0.01763581761809574,0.006834236388194581
2016-12-14,2.372387647628784,176.64613342285156,0.057914358025406676,-0.008269786149763703
2016-12-15,2.427976369857788,177.3016815185547,0.02343155103027339,0.003711080922070842
2016-12-16,2.4697914123535156,176.99525451660156,0.017222178524816778,-0.0017282802922602425
2016-12-19,2.4997997283935547,177.39540100097656,0.012150141866208664,0.0022607752138206205
2016-12-20,2.586873769760132,178.07659912109375,0.03483240692346712,0.003839998761373975
2016-12-21,2.6031079292297363,177.59121704101562,0.00627559011938561,-0.0027256926652561297
2016-12-22,2.634591817855835,177.3650665283203,0.012094730407668841,-0.0012734329797575716
2016-12-23,2.700266122817993,177.519287109375,0.0249276963957199,0.0008695093350306049
2016-12-27,2.885728597640991,177.9562225341797,0.06868303581479962,0.002461340578364668
2016-12-28,2.6872293949127197,176.55108642578125,-0.06878651127848245,-0.007895965020995876
2016-12-29,2.7408502101898193,176.51678466796875,0.019953940433448336,-0.0001942880018861448
2016-12-30,2.625491142272949,175.90847778320312,-0.042088789634688206,-0.0034461702093081525
2017-01-03,2.5091471672058105,177.13372802734375,-0.04431322322665199,0.006965271143160479
2017-01-04,2.56768798828125,178.17897033691406,0.023330963540345362,0.005900865528043031
2017-01-05,2.5025055408477783,178.0419464111328,-0.02538565734269893,-0.0007690241195251746
2017-01-06,2.535956859588623,178.73590087890625,0.013367130739503796,0.003897702096397948
2017-01-09,2.6387739181518555,178.1704559326172,0.040543693862328256,-0.003163577901857284
2017-01-10,2.618849754333496,178.14468383789062,-0.007550538407744223,-0.00014464853104667608
2017-01-11,2.58662748336792,178.65023803710938,-0.01230397845934339,0.002837885410483576
2017-01-12,2.5443201065063477,178.25613403320312,-0.016356192429566985,-0.002206008837359552
2017-01-13,2.544074773788452,178.60740661621094,-9.642368398066203e-05,0.0019706058639328283
2017-01-17,2.487009048461914,177.9733428955078,-0.02243083651254474,-0.003550041584029051
2017-01-18,2.5322680473327637,178.35040283203125,0.018198164135687422,0.002118631534301363
2017-01-19,2.58662748336792,177.75062561035156,0.021466699029912384,-0.0033629148695815125
2017-01-20,2.5583407878875732,178.32467651367188,-0.01093574380626161,0.0032295295802711177
2017-01-23,2.5849058628082275,177.91334533691406,0.010383712383598809,-0.0023066419342488986
2017-01-24,2.640002965927124,179.0443572998047,0.02131493603370127,0.006357094577412514
2017-01-25,2.6513173580169678,180.53518676757812,0.004285749764629587,0.008326592863672877
2017-01-26,2.697068452835083,180.3981170654297,0.017255985851627464,-0.000759240924734006
2017-01-27,2.749213933944702,180.1410369873047,0.019334133345709326,-0.001425070739689338
2017-01-30,2.706169366836548,179.0529327392578,-0.015657045301815442,-0.006040290797946102
2017-01-31,2.6855080127716064,179.0443572998047,-0.007634907969228166,-4.789332027088644e-05
2017-02-01,2.8028359413146973,179.07005310058594,0.04368928634176794,0.0001435163954273122
2017-02-02,2.8382554054260254,179.1471710205078,0.012637009390822351,0.00043065782684803544
2017-02-03,2.8134121894836426,180.4751739501953,-0.00875298815423331,0.007412915995952174
2017-02-06,2.885481834411621,180.09823608398438,0.025616454352963336,-0.002088585692761047
2017-02-07,2.930248737335205,180.1410369873047,0.015514532924693514,0.0002376530956158529
2017-02-08,2.9174578189849854,180.37240600585938,-0.004365130573130815,0.0012843770771175933
2017-02-09,2.86260724067688,181.40057373046875,-0.018800812800504718,0.005700249541362723
2017-02-10,2.7947185039520264,182.12884521484375,-0.023715700764035286,0.0040147143385393935
2017-02-13,2.665829658508301,183.09706115722656,-0.04611872188968702,0.005316104328453086
2017-02-14,2.675668716430664,183.8595428466797,0.003690805183654833,0.00416435788009939
2017-02-15,2.681079626083374,184.79344177246094,0.002022264422902209,0.0050794150323763
2017-02-16,2.638035535812378,184.64781188964844,-0.016054760124329714,-0.000788068458575597
2017-02-17,2.6375436782836914,184.93052673339844,-0.0001864484090564611,0.001531103135513856
2017-02-21,2.731997013092041,186.0186767578125,0.035811097873386766,0.005884101687455789
2017-02-22,2.7278101444244385,185.93296813964844,-0.0015325304703990295,-0.0004607527569699954
2017-02-23,2.4748783111572266,186.03582763671875,-0.09272340077779861,0.0005532074171648027
2017-02-24,2.4987685680389404,186.25851440429688,0.009653103659283735,0.0011970101157772195
2017-02-27,2.571420907974243,186.53277587890625,0.02907525765474195,0.0014724775159220549
2017-02-28,2.499260425567627,185.984375,-0.02806249345754286,-0.0029399706101101986
2017-03-01,2.5315234661102295,188.62335205078125,0.012909035093961796,0.01418924063261362
2017-03-02,2.4381825923919678,187.51806640625,-0.03687142346015193,-0.005859749773896916
2017-03-03,2.4241456985473633,187.620849609375,-0.005757113469846309,0.0005481242692761956
2017-03-06,2.4054269790649414,187.0382537841797,-0.007721779880491053,-0.0031051763511799058
2017-03-07,2.431779384613037,186.47274780273438,0.010955396184314736,-0.003023477657665863
2017-03-08,2.427346706390381,186.07862854003906,-0.0018228126493314845,-0.002113548855472658
2017-03-09,2.426854133605957,186.2757110595703,-0.00020292642296504404,0.0010591357055753647
2017-03-10,2.441138982772827,186.9269256591797,0.0058861589450556195,0.0034959716213409653
2017-03-13,2.5083727836608887,187.0382537841797,0.02754197993745211,0.0005955702989679512
2017-03-14,2.5066494941711426,186.4042205810547,-0.0006870149050297591,-0.0033898584396355735
2017-03-15,2.5256125926971436,187.9550018310547,0.007565117727906134,0.008319453525064802
2017-03-16,2.5566439628601074,187.6380157470703,0.01228667066861,-0.0016864998584570356
2017-03-17,2.6123037338256836,187.26101684570312,0.021770638295411926,-0.0020091818806875494
2017-03-20,2.6955463886260986,187.09820556640625,0.031865611078275125,-0.0008694349845970173
2017-03-21,2.6083624362945557,184.70773315429688,-0.032343703191092144,-0.01277656514594916
2017-03-22,2.661560297012329,185.08482360839844,0.020395118399782808,0.0020415520653191965
2017-03-23,2.637423515319824,184.8954315185547,-0.009068658605855817,-0.0010232718499084692
2017-03-24,2.646782636642456,184.83517456054688,0.003548584923228404,-0.0003258974952107252
2017-03-27,2.665992259979248,184.53390502929688,0.007257726067434023,-0.0016299361415719194
2017-03-28,2.6522014141082764,185.9025115966797,-0.005172875434784285,0.007416558854946187
2017-03-29,2.6435813903808594,186.17794799804688,-0.003250139179310829,0.0014816174294878248
2017-03-30,2.694315195083618,186.67721557617188,0.019191315571883916,0.0026816687126138827
2017-03-31,2.6827399730682373,186.22959899902344,-0.004296164768139432,-0.0023978104439091874
2017-04-03,2.6691946983337402,185.99722290039062,-0.005049044957944782,-0.0012477935831995968
2017-04-04,2.4820218086242676,186.10052490234375,-0.07012335586696483,0.0005553953996852989
2017-04-05,2.463550567626953,185.5323944091797,-0.0074420139795438045,-0.0030528151033544226
2017-04-06,2.481527805328369,186.0144500732422,0.00729728788101669,0.0025982290887669457
2017-04-07,2.470938205718994,185.85092163085938,-0.004267370926344993,-0.0008791168767717794
2017-04-10,2.4078900814056396,185.98001098632812,-0.025515864446722825,0.000694585500765843
2017-04-11,2.416510581970215,185.74755859375,0.0035801055169191187,-0.001249878367816759
2017-04-12,2.396562099456787,184.9815216064453,-0.008255077657124743,-0.0041240756707876525
2017-04-13,2.351738214492798,183.75057983398438,-0.018703410595598213,-0.006654403973818557
2017-04-17,2.4438469409942627,185.36026000976562,0.03916623284591658,0.00876013657881014
2017-04-18,2.4453253746032715,184.85238647460938,0.000604961621863076,-0.0027399267519881976
2017-04-19,2.4549310207366943,184.4478302001953,0.003928166874308525,-0.0021885369300851387
2017-04-20,2.493842363357544,185.9541778564453,0.015850279414031165,0.00816679521041297
2017-04-21,2.5041866302490234,185.4119110107422,0.0041479233184380515,-0.002916131554310919
2017-04-24,2.535463571548462,187.39166259765625,0.012489860348918302,0.010677585793284594
2017-04-25,2.579547166824341,188.51930236816406,0.01738679891541728,0.0060175557166006755
2017-04-26,2.5618162155151367,188.3815460205078,-0.00687366819155022,-0.0007307280789062842
2017-04-27,2.6017134189605713,188.52789306640625,0.015573796123158568,0.0007768650857260528
2017-04-28,2.568711996078491,188.1663818359375,-0.012684495779425542,-0.0019175477144987019
2017-05-01,2.6263411045074463,188.62257385253906,0.02243502133245534,0.0024244076553447957
2017-05-02,2.548516273498535,188.68284606933594,-0.029632415559176506,0.0003195387252217241
2017-05-03,2.5674805641174316,188.49346923828125,0.007441306463726427,-0.0010036780502298281
2017-05-04,2.557628870010376,188.6656494140625,-0.0038371056220408706,0.0009134543306834608
2017-05-05,2.5578746795654297,189.42308044433594,9.610837519713478e-05,0.004014673750233788
2017-05-08,2.5310308933258057,189.43174743652344,-0.010494566623641122,4.575467871803518e-05
2017-05-09,2.535217761993408,189.19068908691406,0.0016542147623102021,-0.001272534054462815
2017-05-10,2.9871435165405273,189.54360961914062,0.17825914654044395,0.0018654223097862577
2017-05-11,3.1154568195343018,189.15626525878906,0.04295518520729691,-0.0020435632788141644
2017-05-12,3.149688959121704,188.8636016845703,0.010987839527340837,-0.0015472052898609645
2017-05-15,3.3078012466430664,189.81906127929688,0.05019933383055464,0.0050589927662310075
2017-05-16,3.3693718910217285,189.78465270996094,0.018613767813633775,-0.0001812703587513731
2017-05-17,3.145502805709839,186.41897583007812,-0.06644237933735586,-0.01773418889158762
2017-05-18,3.2772626876831055,187.09898376464844,0.041888337131377185,0.0036477398909762204
2017-05-19,3.3529510498046875,188.26109313964844,0.02309499400400239,0.00621120089279481
2017-05-22,3.4244472980499268,189.31121826171875,0.021323379668606757,0.005578025201900649
2017-05-23,3.378344774246216,189.68133544921875,-0.013462763415855283,0.001955072662351842
2017-05-24,3.416311025619507,190.1376190185547,0.011238122190107669,0.002405526976364536
2017-05-25,3.408668279647827,191.02415466308594,-0.0022371341234347364,0.004662599905833176
2017-05-26,3.4969303607940674,191.0327911376953,0.025893420510651577,4.521142692448521e-05
2017-05-30,3.571631669998169,190.85203552246094,0.021361966495420548,-0.0009462020324253473
2017-05-31,3.558812141418457,190.80899047851562,-0.0035892638894979845,-0.00022554144537922927
2017-06-01,3.559058427810669,192.29815673828125,6.920466223703237e-05,0.00780448686422508
2017-06-02,3.5413079261779785,192.90065002441406,-0.004987415068543721,0.003133120443545412
2017-06-05,3.649045467376709,192.77159118652344,0.03042309323126502,-0.0006690430430084104
2017-06-06,3.6325278282165527,192.22067260742188,-0.004526564359865537,-0.0028578826149154857
2017-06-07,3.6764118671417236,192.5391387939453,0.012080854160094967,0.0016567738641402041
2017-06-08,3.943168878555298,192.60797119140625,0.0725590660278681,0.0003574982099332491
2017-06-09,3.688246488571167,192.38421630859375,-0.0646491179646177,-0.0011617114360762404
2017-06-12,3.6973679065704346,192.30674743652344,0.0024731042319248164,-0.00040267789924119946
2017-06-13,3.73262357711792,193.24496459960938,0.009535342827213356,0.004878753218971799
2017-06-14,3.7405123710632324,193.03842163085938,0.0021134716057824576,-0.0010688142336745532
2017-06-15,3.756537675857544,192.65103149414062,0.004284253921543968,-0.002006803274943625
2017-06-16,3.7380478382110596,192.70272827148438,-0.0049220423810240055,0.00026834415026377734
2017-06-19,3.878574848175049,194.2779541015625,0.03759368955300535,0.008174382605828479
2017-06-20,3.8729043006896973,193.0040283203125,-0.0014620183204714365,-0.0065572328427137005
2017-06-21,3.931581974029541,192.9264678955078,0.01515081932940987,-0.00040185909838097444
2017-06-22,3.904461145401001,192.8146209716797,-0.006898197419687446,-0.0005797386177655017
2017-06-23,3.792531967163086,193.14320373535156,-0.02866699758806779,0.0017041382132536587
2017-06-26,3.751112699508667,193.20372009277344,-0.01092127054248715,0.00031332377350845597
2017-06-27,3.613790273666382,191.66456604003906,-0.03660845110312794,-0.007966482487994031
2017-06-28,3.741251230239868,193.35931396484375,0.03527071216674971,0.008842259995260005
2017-06-29,3.6162562370300293,191.69052124023438,-0.033409943764141414,-0.008630526714181408
2017-06-30,3.5639891624450684,192.01046752929688,-0.014453365900832016,0.0016690772553198396
2017-07-03,3.4350478649139404,192.43417358398438,-0.03617892525875921,0.0022066820634289996
2017-07-05,3.526761770248413,192.7714080810547,0.026699454837660674,0.0017524667827417684
2017-07-06,3.537362575531006,191.0419921875,0.0030058183606334055,-0.00897132988117988
2017-07-07,3.618227958679199,192.25254821777344,0.022860360345180242,0.006336596558757179
2017-07-10,3.789327383041382,192.4514617919922,0.047288182589977135,0.0010346472702844611
2017-07-11,3.8430731296539307,192.30441284179688,0.014183452940244923,-0.0007640833113247147
2017-07-12,4.006527423858643,193.74844360351562,0.042532184189643774,0.007509088015087428
2017-07-13,3.9601800441741943,194.07705688476562,-0.011567967664080414,0.0016960821730391817
2017-07-14,4.066685676574707,194.95901489257812,0.026894138956432778,0.0045443702721448265
2017-07-17,4.049426078796387,194.98500061035156,-0.004244143548575829,0.00013328810564505744
2017-07-18,4.091586112976074,195.13192749023438,0.010411360365471634,0.0007535291403077959
2017-07-19,4.070383548736572,196.16091918945312,-0.005181991446363554,0.0052733128425139775
2017-07-20,4.129552364349365,196.221435546875,0.01453642265018451,0.00030850363911394396
2017-07-21,4.144345283508301,196.08311462402344,0.0035822088821644282,-0.0007049225914899093
2017-07-24,4.096270561218262,196.01390075683594,-0.011600076490089761,-0.0003529822918215686
2017-07-25,4.076547145843506,196.48080444335938,-0.004814968904029104,0.002381992729702631
2017-07-26,4.123636245727539,196.5413818359375,0.011551221707823522,0.00030831201424352805
2017-07-27,3.9875452518463135,196.30789184570312,-0.03300266700832988,-0.0011879940399995847
2017-07-28,4.052879810333252,196.08311462402344,0.016384656313727763,-0.0011450238682017
2017-07-31,4.006527423858643,195.97068786621094,-0.011436901325430182,-0.0005733627703133903
2017-08-01,4.0553436279296875,196.41160583496094,0.01218416821019308,0.002249917952275693
2017-08-02,4.052879810333252,196.5240936279297,-0.0006075484157413991,0.0005727145933691613
2017-08-03,4.104404449462891,196.17820739746094,0.01271309329190351,-0.0017600194667407587
2017-08-04,4.122402667999268,196.5067901611328,0.004385098680694588,0.0016749197988448206
2017-08-07,4.249125003814697,196.8267059326172,0.03073992184197083,0.001628013827013497
2017-08-08,4.198585033416748,196.43756103515625,-0.011894206537246266,-0.0019770939904575346
2017-08-09,4.2432074546813965,196.32521057128906,0.010627966543370393,-0.000571939822888945
2017-08-10,4.0615081787109375,193.62741088867188,-0.04282120964177605,-0.013741483708418434
2017-08-11,3.8450450897216797,193.88677978515625,-0.053296233680849014,0.001339525717428014
2017-08-14,4.151741981506348,195.7890625,0.07976418601813284,0.009811306974883305
2017-08-15,4.116733074188232,195.80638122558594,-0.008432341767397933,8.845604225693471e-05
2017-08-16,4.071615695953369,196.11769104003906,-0.010959510228571223,0.0015898859501135565
2017-08-17,3.9808876514434814,193.0653533935547,-0.022283056969266246,-0.015563805744894355
2017-08-18,3.9816296100616455,192.7108154296875,0.00018638019535544004,-0.0018363624422268465
2017-08-21,3.923692464828491,192.94432067871094,-0.014551113716541164,0.001211687307236975
2017-08-22,4.011042594909668,194.89846801757812,0.022262226426809084,0.010128037622424868
2017-08-23,4.091238975524902,194.23265075683594,0.019993899021917727,-0.003416226240845255
2017-08-24,4.076188564300537,193.78305053710938,-0.0036786927662748603,-0.002314750985350167
2017-08-25,4.042135715484619,194.206787109375,-0.008354090660612323,0.0021866544627673346
2017-08-28,4.0707597732543945,194.27590942382812,0.007081419275489109,0.00035592120894412105
2017-08-29,4.064097881317139,194.42294311523438,-0.0016365229854695684,0.0007568292530057974
2017-08-30,4.088279724121094,195.39134216308594,0.005950113287162662,0.004980888738411959
2017-08-31,4.181058883666992,196.5413818359375,0.022693936278013416,0.0058858271821053965
2017-09-01,4.206228733062744,196.8785858154297,0.006019970083195103,0.0017156894713077353
2017-09-05,4.093954086303711,195.4259033203125,-0.026692472969077174,-0.007378570346289748
2017-09-06,4.091485500335693,196.1090087890625,-0.0006029833056203637,0.0034954704424743355
2017-09-07,4.11048698425293,196.0657958984375,0.004644152818255698,-0.0002203513795303591
2017-09-08,4.039172649383545,195.7631378173828,-0.017349363990832867,-0.001543655687968437
2017-09-11,4.170202732086182,197.8988800048828,0.032439832133106306,0.01090982812858421
2017-09-12,4.185254096984863,198.62522888183594,0.0036092645527456835,0.0036703031211455794
2017-09-13,4.204008102416992,198.74630737304688,0.004480971763611619,0.0006095826390863923
2017-09-14,4.1800737380981445,198.67713928222656,-0.0056932250689734065,-0.00034802201728700854
2017-09-15,4.4443511962890625,198.95379638671875,0.0632231569941537,0.0013924959131770276
2017-09-18,4.6279377937316895,199.29971313476562,0.041307851097797554,0.0017386788004511988
2017-09-19,4.623002529144287,199.54180908203125,-0.001066406854925095,0.0012147330443066373
2017-09-20,4.585742473602295,199.6512908935547,-0.008059709097517853,0.0005486660265690002
2017-09-21,4.46038818359375,199.08641052246094,-0.02733565845228847,-0.002829334929744687
2017-09-22,4.416960716247559,199.06028747558594,-0.009736252890707342,-0.00013121461583665006
2017-09-25,4.2195539474487305,198.76478576660156,-0.04469289665010545,-0.0014844834835306964
2017-09-26,4.243243217468262,198.8343505859375,0.005614164509937014,0.0003499856328557094
2017-09-27,4.336270809173584,199.6077880859375,0.021923700089203857,0.003889858556737291
2017-09-28,4.3350372314453125,199.8424835205078,-0.0002844789411357018,0.0011757829532645925
2017-09-29,4.41128396987915,200.55517578125,0.017588485257003628,0.0035662700352152576
2017-10-02,4.416960716247559,201.39822387695312,0.001286869402915336,0.004203571872025247
2017-10-03,4.426091194152832,201.806640625,0.0020671403917376097,0.0020279064044597117
2017-10-04,4.4631028175354,202.0847930908203,0.008362146589176334,0.001378311759012929
2017-10-05,4.460635185241699,203.28414916992188,-0.0005528961340540706,0.005934915046094336
2017-10-06,4.473715305328369,203.09298706054688,0.002932344731966907,-0.000940368986738882
2017-10-09,4.574637413024902,202.73663330078125,0.02255890256948878,-0.0017546335051903394
2017-10-10,4.661989688873291,203.24940490722656,0.019094906975507975,0.002529249884921203
2017-10-11,4.7115888595581055,203.5796661376953,0.01063905628174,0.0016249062604611897
2017-10-12,4.713809013366699,203.26675415039062,0.0004712112781424249,-0.0015370493195182577
2017-10-13,4.801654815673828,203.49270629882812,0.01863584249129091,0.0011116040563639018
2017-10-16,4.884072303771973,203.8142547607422,0.017164392540070406,0.001580147356445627
2017-10-17,4.879629135131836,203.94467163085938,-0.0009097262210276957,0.0006398810047427705
2017-10-18,4.875434398651123,204.12718200683594,-0.0008596424778498646,0.0008949014186891979
2017-10-19,4.88086462020874,204.23143005371094,0.0011137923544042305,0.000510701445295636
2017-10-20,4.858654499053955,205.248291015625,-0.004550448103564753,0.004978964117553497
2017-10-23,4.851747035980225,204.50088500976562,-0.0014216822939510099,-0.003641472492467601
2017-10-24,4.9025797843933105,204.7877197265625,0.010477205022461744,0.0014026086820269068
2017-10-25,4.7787065505981445,203.8056182861328,-0.02526694908454108,-0.004795704750953922
2017-10-26,4.828797817230225,203.99685668945312,0.01048218092107156,0.0009383372496230002
2017-10-27,4.981049060821533,205.7350311279297,0.03152984435340045,0.008520594222305222
2017-10-30,5.029905796051025,204.98760986328125,0.009808523191183749,-0.003632931448527499
2017-10-31,5.103192329406738,205.2222442626953,0.014570160223129847,0.0011446272268385016
2017-11-01,5.11281681060791,205.57862854003906,0.001885972657881485,0.0017365772342279318
2017-11-02,5.081726551055908,205.6654815673828,-0.006080847545231194,0.0004224808189476903
2017-11-03,5.149582862854004,206.35211181640625,0.013353003377168271,0.0033385779849424146
2017-11-06,5.172778606414795,206.6649627685547,0.004504392720449557,0.0015161024977867754
2017-11-07,5.23199987411499,206.5780792236328,0.011448637609727808,-0.00042040771574414215
2017-11-08,5.16118049621582,206.88223266601562,-0.013535814144328362,0.001472341322592774
2017-11-09,5.0664262771606445,206.13482666015625,-0.018359020600936082,-0.0036127123930741467
2017-11-10,5.333418369293213,206.01318359375,0.052698307944628375,-0.0005901140936596105
2017-11-13,5.246805667877197,206.2564697265625,-0.016239622587022606,0.0011809250678453953
2017-11-14,5.28505277633667,205.75241088867188,0.007289598830319655,-0.002443844978821108
2017-11-15,5.18141508102417,204.70082092285156,-0.019609585693548426,-0.005110948451482855
2017-11-16,5.2216362953186035,206.44769287109375,0.007762592586286976,0.008533780863050566
2017-11-17,5.215467929840088,205.89146423339844,-0.0011813089096316398,-0.0026942836219663313
2017-11-20,5.282585620880127,206.16087341308594,0.012868968219712063,0.0013085009652566981
2017-11-21,5.331195831298828,207.53408813476562,0.009201973031267574,0.006660889134516568
2017-11-22,5.307244300842285,207.3863067626953,-0.00449271255727024,-0.0007120824024550165
2017-11-24,5.357372283935547,207.8209228515625,0.009445199853586272,0.002095683633367873
2017-11-27,5.287738800048828,207.7600555419922,-0.012997693681941702,-0.00029288345338451816
2017-11-28,5.203038692474365,209.8198699951172,-0.016018209442130726,0.009914391136214729
2017-11-29,4.8501787185668945,209.7416534423828,-0.06781805686316433,-0.0003727795310148885
2017-11-30,4.956110954284668,211.49720764160156,0.021840893266933836,0.00837007895382591
2017-12-01,4.881292343139648,211.10614013671875,-0.015096234090630545,-0.0018490433478701718
2017-12-04,4.609175682067871,210.88015747070312,-0.05574684774908434,-0.0010704694134868742
2017-12-05,4.635844707489014,210.13270568847656,0.005786072664771602,-0.0035444386574416953
2017-12-06,4.673377513885498,210.1240234375,0.008096217359449431,-4.1317942145679964e-05
2017-12-07,4.740789413452148,210.81927490234375,0.014424663825329143,0.0033087671436604627
2017-12-08,4.728443622589111,211.96653747558594,-0.002604163523485248,0.005441924481400573
2017-12-11,4.806717872619629,212.6531219482422,0.016553914200558406,0.003239117272155978
2017-12-12,4.7123918533325195,213.0181884765625,-0.01962378941032006,0.0017167231074517453
2017-12-13,4.597322940826416,212.9660186767578,-0.024418366741876252,-0.0002449077244426334
2017-12-14,4.604483604431152,212.1230010986328,0.0015575724605174646,-0.0039584605251250515
2017-12-15,4.730172157287598,213.90464782714844,0.02729699216118142,0.00839912088405348
2017-12-18,4.886725425720215,215.23434448242188,0.03309673796786061,0.006216305577183778
2017-12-19,4.84252405166626,214.45220947265625,-0.009045192885467013,-0.0036338764226798714
2017-12-20,4.859562397003174,214.28701782226562,0.0035184844009295,-0.000770295865903381
2017-12-21,4.837092399597168,214.7216033935547,-0.00462387259804764,0.0020280536623527023
2017-12-22,4.82178258895874,214.6781463623047,-0.0031650854219164026,-0.0002023877922071593
2017-12-26,4.875363826751709,214.42840576171875,0.011112329683976796,-0.0011633256799434832
2017-12-27,4.868699073791504,214.55064392089844,-0.0013670267895976584,0.0005700651401359114
2017-12-28,4.874377250671387,214.952392578125,0.0011662616222163358,0.0018725120087483837
2017-12-29,4.778075695037842,214.2100372314453,-0.019756689045822284,-0.0034535802917842195
2018-01-02,4.922529697418213,215.78201293945312,0.03023267348618819,0.007338478291329276
2018-01-03,5.246499061584473,217.06573486328125,0.06581359262010689,0.005949160944143772
2018-01-04,5.274156093597412,218.01763916015625,0.005271521387556932,0.004385327317895538
2018-01-05,5.318849563598633,219.41494750976562,0.008474051432697749,0.006409152740998625
2018-01-08,5.481823444366455,219.86900329589844,0.03064081411198205,0.0020693931351809525
2018-01-09,5.48034143447876,220.3318328857422,-0.000270349802896086,0.002105024277664347
2018-01-10,5.523307800292969,219.95631408691406,0.007840089222159063,-0.0017043329323315204
2018-01-11,5.533185958862305,221.5806884765625,0.0017884497707718605,0.007384986406921534
2018-01-12,5.5060224533081055,223.04779052734375,-0.004909198020119354,0.006621073618229278
2018-01-16,5.435153961181641,222.2356414794922,-0.012871086656009889,-0.0036411436577400424
2018-01-17,5.5489888191223145,224.38394165039062,0.02094418276900578,0.009666767025291456
2018-01-18,5.542073726654053,224.0782928466797,-0.0012461896561102304,-0.0013621687963176754
2018-01-19,5.68208122253418,225.03018188476562,0.025262654880748858,0.004248019859456997
2018-01-22,5.770483493804932,226.83787536621094,0.015558079479780051,0.008033115674994207
2018-01-23,5.899381160736084,227.35313415527344,0.02233741194642258,0.002271484813683111
2018-01-24,5.822584629058838,227.2395782470703,-0.013017726704687815,-0.000499469288712695
2018-01-25,5.836167335510254,227.34439086914062,0.00233276239277469,0.00046124281200854433
2018-01-26,6.008522987365723,229.99044799804688,0.029532335511829544,0.011638981365629242
2018-01-29,6.0954413414001465,228.40115356445312,0.014465843638642895,-0.006910262784510235
2018-01-30,5.993458271026611,225.96463012695312,-0.016731039585413998,-0.010667737003405398
2018-01-31,6.06951379776001,226.17417907714844,0.012689756613650571,0.0009273528785349594
2018-02-01,5.93864107131958,225.94712829589844,-0.02156230808614834,-0.001003875783594843
2018-02-02,5.766287803649902,221.10906982421875,-0.029022341239320015,-0.021412347694650946
2018-02-05,5.276872158050537,212.02684020996094,-0.08487534133998276,-0.04107578952540558
2018-02-06,5.570224285125732,215.94789123535156,0.05559204738883983,0.01849318237968256
2018-02-07,5.6497344970703125,214.7689666748047,0.014274149096096034,-0.005459301101773728
2018-02-08,5.371200084686279,206.78707885742188,-0.049300442795757626,-0.03716499613963642
2018-02-09,5.7307281494140625,209.97467041015625,0.06693626360202565,0.015414848792037805
2018-02-12,5.6307220458984375,212.85643005371094,-0.017450854569999175,0.013724320356953479
2018-02-13,5.744309902191162,213.57261657714844,0.020172875763857734,0.0033646459411951213
2018-02-14,5.961358547210693,216.3671112060547,0.03778498178462453,0.013084517452155664
2018-02-15,6.086798191070557,219.17041015625,0.021042123681447755,0.012956215640026914
2018-02-16,6.021117210388184,219.1442108154297,-0.010790727509042197,-0.00011953867678415886
2018-02-20,6.150507926940918,217.8167724609375,0.02148948642446258,-0.006057373587706638
2018-02-21,5.963581085205078,216.67279052734375,-0.0303920983366347,-0.00525203785121231
2018-02-22,5.9831013679504395,216.93475341796875,0.0032732484838327025,0.00120902532333389
2018-02-23,6.076498985290527,220.49781799316406,0.015610234825769398,0.01642459089222248
2018-02-26,6.092559337615967,223.0390167236328,0.0026430272372819363,0.011524824842246373
2018-02-27,6.079709053039551,220.1920928955078,-0.002109176762067344,-0.012764241297084866
2018-02-28,5.979395389556885,217.74688720703125,-0.016499747374015272,-0.011104875094842481
2018-03-01,5.737502098083496,214.87379455566406,-0.04045447335626262,-0.013194643965842245
2018-03-02,5.84448766708374,216.01776123046875,0.018646715447124818,0.005323900372171009
2018-03-05,5.822497367858887,218.49795532226562,-0.0037625709005604246,0.011481435960030817
2018-03-06,5.983346462249756,219.04815673828125,0.02762544733446881,0.002518107847755857
2018-03-07,5.975440502166748,218.9520721435547,-0.001321327476670131,-0.00043864598614895556
2018-03-08,5.959136009216309,219.9738311767578,-0.0027285842683107964,0.004666587638107567
2018-03-09,6.061672687530518,223.78135681152344,0.01720663501481212,0.017308993594361333
2018-03-12,6.17112922668457,223.56301879882812,0.018057151020248297,-0.0009756756139395195
2018-03-13,6.120477199554443,222.08717346191406,-0.008207902519866694,-0.0066014734674972875
2018-03-14,6.14592981338501,220.91700744628906,0.004158599566782106,-0.005268949113018784
2018-03-15,6.1607537269592285,220.7073516845703,0.0024119887509834737,-0.0009490249942377682
2018-03-16,6.188920497894287,220.93443298339844,0.004571968331050336,0.001028879632213986
2018-03-19,5.954687595367432,217.9827117919922,-0.03784713385905514,-0.01336016822524011
2018-03-20,6.166683673858643,218.36695861816406,0.03560154501743096,0.0017627399118629317
2018-03-21,6.141480922698975,217.86045837402344,-0.004086921349072181,-0.002319491224065162
2018-03-22,5.9756879806518555,212.44602966308594,-0.026995596686516854,-0.024852737166475625
2018-03-23,5.7562785148620605,207.92234802246094,-0.03671702178898917,-0.02129332163937836
2018-03-26,6.040671348571777,213.645751953125,0.049405676423655676,0.027526641484665104
2018-03-27,5.572201251983643,209.9436492919922,-0.07755265425901658,-0.01732822968530201
2018-03-28,5.469170570373535,209.35580444335938,-0.018490122117077123,-0.0028000125301015366
2018-03-29,5.722181797027588,212.37368774414062,0.04626135231996842,0.014415092568392351
2018-04-02,5.461756229400635,207.46095275878906,-0.045511585766504714,-0.023132503077642252
2018-04-03,5.568002700805664,210.09275817871094,0.019452803629921078,0.012685786818793954
2018-04-04,5.589992523193359,212.5140838623047,0.003949319633863135,0.011525031631666627
2018-04-05,5.469911098480225,214.04931640625,-0.02148150005834648,0.007224144941565536
2018-04-06,5.2937421798706055,209.33827209472656,-0.032206907102853344,-0.02200915373437684
2018-04-09,5.322402477264404,210.1892852783203,0.005413995699068863,0.004065253692400184
2018-04-10,5.6312575340271,213.65455627441406,0.05802925616430277,0.0164864302740515
2018-04-11,5.589992523193359,212.5229034423828,-0.007327850055586116,-0.0052966473159494765
2018-04-12,5.796554088592529,214.30372619628906,0.03695202892349636,0.008379439227777397
2018-04-13,5.719958782196045,213.70718383789062,-0.013213938009691284,-0.0027836303595208944
2018-04-16,5.7197113037109375,215.44422912597656,-4.3265781193735364e-05,0.008128155810632975
2018-04-17,5.869195938110352,217.76026916503906,0.026134996411869338,0.010750067655366458
2018-04-18,5.840288162231445,217.88307189941406,-0.004925338357031128,0.0005639354453677026
2018-04-19,5.659176349639893,216.68997192382812,-0.031010766517101773,-0.0054758727476392766
2018-04-20,5.651022911071777,214.93539428710938,-0.0014407465087449278,-0.008097179676295863
2018-04-23,5.531682014465332,214.83889770507812,-0.02111845916827315,-0.0004489562193853436
2018-04-24,5.465465068817139,211.90878295898438,-0.011970490255050148,-0.013638660304969963
2018-04-25,5.353287220001221,212.45266723632812,-0.020524849652034494,0.0025665962012013654
2018-04-26,5.564789772033691,214.6370849609375,0.039508911691165105,0.010281903037627993
2018-04-27,5.592216968536377,214.8651885986328,0.004928703082463848,0.0010627410344155042
2018-04-30,5.556884765625,213.11061096191406,-0.0063181030189221055,-0.0081659465088888
2018-05-01,5.6122307777404785,213.56678771972656,0.009959899197091504,0.0021405633241511346
2018-05-02,5.5917229652404785,212.1105194091797,-0.0036541285118457667,-0.006818795778573916
2018-05-03,5.756772041320801,211.61048889160156,0.029516676184837554,-0.0023574055590025456
2018-05-04,5.906752586364746,214.4178009033203,0.02605288935664274,0.013266412390157134
2018-05-07,6.144445896148682,215.0845184326172,0.040240945647974424,0.0031094318031807955
2018-05-08,6.186944007873535,215.0757598876953,0.0069165084115219155,-4.072141028887977e-05
2018-05-09,6.319874286651611,217.16366577148438,0.02148561205805466,0.009707769415201906
2018-05-10,6.427355766296387,219.19898986816406,0.017006901525207674,0.009372304936229092
2018-05-11,6.288989543914795,219.73411560058594,-0.021527705546836695,0.002441278277530934
2018-05-14,6.3094964027404785,219.97979736328125,0.003260755751379074,0.001118086565774279
2018-05-15,6.067356109619141,218.4708709716797,-0.03837711881667227,-0.006859386224043473
2018-05-16,6.078474521636963,219.4008026123047,0.0018324970245597871,0.0042565475044293866
2018-05-17,6.120477199554443,219.216552734375,0.006910068927321822,-0.0008397867087809319
2018-05-18,6.076745986938477,218.672607421875,-0.007145065848648269,-0.0024813149632869624
2018-05-21,6.034741401672363,220.27806091308594,-0.0069123483779639505,0.007341813454090351
2018-05-22,5.996689796447754,219.6464385986328,-0.006305424324241082,-0.0028673863926119703
2018-05-23,6.120060443878174,220.3306884765625,0.020573124776856133,0.003115233200662315
2018-05-24,6.1237688064575195,219.90957641601562,0.0006059356134391347,-0.0019112728392879363
2018-05-25,6.163079261779785,219.35693359375,0.006419323877938199,-0.0025130457312152465
2018-05-29,6.146020889282227,216.82151794433594,-0.002767832729873465,-0.011558402134256962
2018-05-30,6.254805088043213,219.68148803710938,0.0176999396391071,0.013190434786586325
2018-05-31,6.2350263595581055,218.26031494140625,-0.0031621654402815835,-0.006469243760143573
2018-06-01,6.369273662567139,220.55877685546875,0.021531152439032697,0.010530828358236155
2018-06-04,6.548026084899902,221.53260803222656,0.028064804843181745,0.004415290974323582
2018-06-05,6.553464412689209,221.83966064453125,0.0008305293410251213,0.001386037996988776
2018-06-06,6.555441856384277,223.61175537109375,0.0003017402049578788,0.00798817813466668
2018-06-07,6.499814510345459,223.50648498535156,-0.008485674536895416,-0.00047077303949194516
2018-06-08,6.484487533569336,224.20834350585938,-0.002358063718853498,0.003140215464235041
2018-06-11,6.443445205688477,224.49783325195312,-0.00632930939698606,0.0012911640198893792
2018-06-12,6.491901874542236,224.8750457763672,0.007520304325856708,0.0016802501785873059
2018-06-13,6.487452507019043,223.98023986816406,-0.0006853719617422316,-0.003979124962993796
2018-06-14,6.598957538604736,224.62939453125,0.017187799288711725,0.002898267559084733
2018-06-15,6.558160305023193,224.43643188476562,-0.006182375525660477,-0.0008590266954466852
2018-06-18,6.55396032333374,223.90126037597656,-0.0006404207116188498,-0.002384512640371317
2018-06-19,6.432319164276123,223.05030822753906,-0.018559947429730994,-0.0038005688177394914
2018-06-20,6.485227584838867,223.45382690429688,0.00822540349934564,0.001809092665974621
2018-06-21,6.356666088104248,222.05892944335938,-0.019823744818943556,-0.006242441582953617
2018-06-22,6.204367637634277,222.45375061035156,-0.023958856475878032,0.0017780017582804675
2018-06-25,5.911888599395752,219.3744659423828,-0.04714082970590172,-0.013842358960098666
2018-06-26,5.982845783233643,219.8569793701172,0.012002456177057086,0.002199496763042097
2018-06-27,5.827828407287598,218.03225708007812,-0.02591030783050874,-0.008299587737750413
2018-06-28,5.95490837097168,219.36048889160156,0.021805714719598024,0.0060919050663021945
2018-06-29,5.857003688812256,219.91574096679688,-0.01644100564782469,0.0025312310252449954
2018-07-02,5.9890265464782715,220.17132568359375,0.022541023478984457,0.0011621938278418842
2018-07-03,5.855518817901611,219.28115844726562,-0.022292058240277246,-0.0040430661602472995
2018-07-05,6.00114107131958,221.1584930419922,0.024869231565402883,0.008561312827878087
2018-07-06,6.114868640899658,223.00062561035156,0.018950990857988792,0.008329467898886334
2018-07-09,6.162337303161621,224.9749298095703,0.007762826161868075,0.008853357221824343
2018-07-10,6.261232376098633,225.7593994140625,0.016048305711255484,0.003486920098858093
2018-07-11,6.119812965393066,224.21694946289062,-0.022586513678268028,-0.006832273452069604
2018-07-12,6.211291313171387,226.13841247558594,0.014947899273330956,0.008569659953443054
2018-07-13,6.164067268371582,226.332275390625,-0.007602935109429443,0.0008572754753020106
2018-07-16,6.136378765106201,226.1912384033203,-0.0044919210092747575,-0.0006231412955189919
2018-07-17,6.2721099853515625,227.16079711914062,0.022119107284768846,0.004286455667621869
2018-07-18,6.222910404205322,227.57501220703125,-0.007844183418521888,0.00182344441974025
2018-07-19,6.231069564819336,226.71127319335938,0.0013111486561818708,-0.003795403569554101
2018-07-20,6.202884674072266,226.49974060058594,-0.0045232829538932595,-0.0009330484090794844
2018-07-23,6.166295051574707,226.931640625,-0.005898807477511481,0.0019068455587138988
2018-07-24,6.148987770080566,227.99810791015625,-0.002806755328667032,0.004699508989663315
2018-07-25,6.227113723754883,230.08694458007812,0.012705498302412854,0.009161640370914714
2018-07-26,6.300541877746582,229.4083251953125,0.011791683474735581,-0.002949404130704325
2018-07-27,6.2308220863342285,227.9188232421875,-0.011065681772325475,-0.006492798166138347
2018-07-30,6.035755634307861,226.6055145263672,-0.03130669586188273,-0.005762177503105037
2018-07-31,6.053801536560059,227.7512969970703,0.0029898331452689053,0.0050562867946879475
2018-08-01,6.093605995178223,227.46925354003906,0.006575117862350988,-0.001238383538315846
2018-08-02,6.196209907531738,228.6239013671875,0.016837963011508306,0.005076061090362627
2018-08-03,6.232799530029297,229.7432403564453,0.005905161872111986,0.004895984114364538
2018-08-06,6.280515193939209,230.60699462890625,0.0076555749434938924,0.003759650430283923
2018-08-07,6.3527092933654785,231.25045776367188,0.011494932692136084,0.0027903018978288063
2018-08-08,6.389052391052246,231.12701416015625,0.005720881596883887,-0.0005338091206797957
2018-08-09,6.34059476852417,230.83616638183594,-0.007584477252986721,-0.0012583893725152118
2018-08-10,6.299304962158203,229.26731872558594,-0.00651197685285565,-0.0067963685276895
2018-08-13,6.332189083099365,228.4034881591797,0.005220277655821892,-0.0037677876254146314
2018-08-14,6.463470458984375,229.8754425048828,0.02073238404004707,0.0064445353158411045
2018-08-15,6.405370235443115,228.18319702148438,-0.008989013550839253,-0.007361575751452798
2018-08-16,6.3648247718811035,230.03408813476562,-0.0063299172525047576,0.008111425983338139
2018-08-17,6.0528130531311035,230.80088806152344,-0.049021258232971876,0.0033334186814459876
2018-08-20,6.127479076385498,231.3120880126953,0.01233575572200607,0.002214895945441997
2018-08-21,6.26296329498291,231.8145751953125,0.02211092309063134,0.0021723342992330252
2018-08-22,6.497836112976074,231.74398803710938,0.03750186723612359,-0.00030449836100099326
2018-08-23,6.597224712371826,231.40908813476562,0.015295645760790233,-0.0014451287611833008
2018-08-24,6.730237007141113,232.86337280273438,0.02016185601800835,0.006284475167724679
2018-08-27,6.821219444274902,234.61734008789062,0.013518459608072186,0.007532173325695446
2018-08-28,6.783641815185547,234.74954223632812,-0.00550893126901153,0.000563479870618222
2018-08-29,6.88901948928833,236.03634643554688,0.015534085816101051,0.005481604722037403
2018-08-30,6.872199058532715,235.07565307617188,-0.002441629143562274,-0.004070107735027695
2018-08-31,6.94319486618042,235.08447265625,0.010330871827636479,3.751804988194607e-05
2018-09-04,7.01790189743042,234.75839233398438,0.010759748601308905,-0.0013870772432615919
2018-09-05,6.887289524078369,234.0973358154297,-0.01861131364630131,-0.0028159015402279275
2018-09-06,6.746286869049072,233.409912109375,-0.020472880446849695,-0.002936486669787075
2018-09-07,6.7250142097473145,232.84571838378906,-0.0031532396583004996,-0.002417179803921754
2018-09-10,6.796008110046387,233.28639221191406,0.010556691493108339,0.0018925571454944112
2018-09-11,6.748267650604248,234.1678009033203,-0.007024779645504742,0.0037782259095746618
2018-09-12,6.634476661682129,234.1942138671875,-0.016862251886516355,0.00011279502888661419
2018-09-13,6.7121500968933105,235.5251922607422,0.01170754517229522,0.005683224925059349
2018-09-14,6.838062286376953,235.6485595703125,0.01875884592359167,0.0005237966622004819
2018-09-17,6.776220798492432,234.31768798828125,-0.009043715206824676,-0.005647696656656875
2018-09-18,6.704235076904297,235.59571838378906,-0.010623284531128374,0.005454263425353156
2018-09-19,6.727982521057129,235.86013793945312,0.0035421556494401596,0.0011223444868948551
2018-09-20,6.586980819702148,237.75506591796875,-0.02095750114000383,0.008034117147010411
2018-09-21,6.516974449157715,237.58770751953125,-0.010627990647101848,-0.0007039109673282473
2018-09-24,6.572634220123291,236.79437255859375,0.008540737945162524,-0.00333912460884489
2018-09-25,6.639670372009277,236.50347900390625,0.010199282303089863,-0.0012284648133499276
2018-09-26,6.602813720703125,235.8102569580078,-0.005550976063740776,-0.0029311283234314534
2018-09-27,6.614686489105225,236.46543884277344,0.001798137718904913,0.002778428272025124
2018-09-28,6.951603412628174,236.4388885498047,0.050934677566029984,-0.000112279803334836
2018-10-01,7.15791130065918,237.3154296875,0.02967774134759038,0.003707262976372361
2018-10-02,7.086670398712158,237.28887939453125,-0.00995275003484064,-0.00011187765162889995
2018-10-03,7.092855453491211,237.4924774169922,0.0008727730275386314,0.0008580175479797614
2018-10-04,6.908810138702393,235.54469299316406,-0.02594798611019611,-0.008201457347249752
2018-10-05,6.675539016723633,234.21658325195312,-0.03376429765698741,-0.005638461747255241
2018-10-08,6.574366092681885,234.1545867919922,-0.015155768513716805,-0.00026469714099730535
2018-10-09,6.568676948547363,233.8536376953125,-0.0008653525000462681,-0.001285258174109738
2018-10-10,6.077645778656006,226.3013458251953,-0.07475343569757176,-0.032294951425801854
2018-10-11,5.816423416137695,221.5380859375,-0.04298084686601733,-0.021048305613589502
2018-10-12,6.0986714363098145,224.53060913085938,0.04852604426786056,0.013507940093892667
2018-10-15,5.822606086730957,223.29994201660156,-0.04526647360197833,-0.005481066118430911
2018-10-16,6.0811076164245605,228.05438232421875,0.04439619061346067,0.021291722087700915
2018-10-17,6.012587070465088,228.13414001464844,-0.011267773945391912,0.0003497310142293042
2018-10-18,5.925264835357666,224.92901611328125,-0.01452323834716085,-0.014049295301270526
2018-10-19,5.668989181518555,224.75201416015625,-0.04325134166321898,-0.0007869236089835807
2018-10-22,5.719699859619141,223.82235717773438,0.008945276922719847,-0.0041363677468955196
2018-10-23,5.468372821807861,222.47657775878906,-0.04394059897891467,-0.006012712205852866
2018-10-24,4.932814598083496,215.83621215820312,-0.09793740133967455,-0.029847481777544593
2018-10-25,5.1413493156433105,219.70530700683594,0.04227499603184648,0.017926069077772944
2018-10-26,4.905109405517578,215.81854248046875,-0.04594900980700489,-0.01769080856224492
2018-10-29,4.591690540313721,214.7030029296875,-0.06389640664310237,-0.00516887723343884
2018-10-30,5.02161979675293,217.9877166748047,0.09363201911464936,0.015298871931441527
2018-10-31,5.215311527252197,220.27200317382812,0.03857156422406027,0.010478968878926187
2018-11-01,5.395397186279297,222.5562286376953,0.03453018253772111,0.010370021750174985
2018-11-02,5.3164873123168945,221.17507934570312,-0.014625405922491286,-0.0062058442508953204
2018-11-05,5.238563537597656,222.43228149414062,-0.01465700379623014,0.005684194404526277
2018-11-06,5.221001625061035,223.8400421142578,-0.0033524290410105184,0.00632894025390951
2018-11-07,5.288534164428711,228.56788635253906,0.012934786122937858,0.021121530328644056
2018-11-08,5.095584869384766,228.17835998535156,-0.03648445657054544,-0.0017042042668526936
2018-11-09,5.0876688957214355,226.07115173339844,-0.0015534965791446087,-0.009234917159052225
2018-11-12,4.688658714294434,221.70628356933594,-0.07842691606023278,-0.019307497354681957
2018-11-13,4.930342197418213,221.3343963623047,0.05154640118867104,-0.0016773868608688236
2018-11-14,4.877899169921875,219.82044982910156,-0.010636792619343916,-0.006840087027074282
2018-11-15,5.006530284881592,222.0958709716797,0.026370187344765705,0.010351271432421871
2018-11-16,4.067511558532715,222.66246032714844,-0.18755878281301264,0.0025511026071303178
2018-11-19,3.579450845718384,218.9705352783203,-0.11999000022273831,-0.01658081494026309
2018-11-20,3.6877994537353516,214.94203186035156,0.030269617515930047,-0.018397468010243334
2018-11-21,3.579698324203491,215.6592254638672,-0.0293131800923625,0.0033366838366057916
2018-11-23,3.586872100830078,214.26918029785156,0.0020040170921897804,-0.0064455631936252145
2018-11-26,3.7860054969787598,217.62472534179688,0.05551728373660092,0.015660418541205257
2018-11-27,3.802825450897217,218.3064727783203,0.00444266494908141,0.0031326745407844747
2018-11-28,3.959658622741699,223.4062042236328,0.04124122284063292,0.02336042253081083
2018-11-29,3.896517515182495,222.94581604003906,-0.01594609878653752,-0.0020607672253045717
2018-11-30,4.046821594238281,224.4243927001953,0.03857395186089563,0.006632000036684849
2018-12-03,4.21049690246582,227.19554138183594,0.04044539755856147,0.012347805193094752
2018-12-04,3.8903262615203857,220.14801025390625,-0.07604105842185305,-0.03101967179930376
2018-12-06,3.9195451736450195,219.5902099609375,0.0075106585310442675,-0.0025337512354774994
2018-12-07,3.6550891399383545,214.490478515625,-0.06747110238322152,-0.023223856137391974
2018-12-10,3.760326385498047,214.74725341796875,0.028791977850769257,0.0011971389318572445
2018-12-11,3.6694512367248535,214.80918884277344,-0.024166824753207417,0.0002884107890503973
2018-12-12,3.687032461166382,215.99563598632812,0.004791240789786322,0.005523260666577379
2018-12-13,3.686783790588379,215.9248046875,-6.744464026886554e-05,-0.0003279293051671184
2018-12-14,3.6263649463653564,211.94061279296875,-0.016387954286134043,-0.01845175638944041
2018-12-17,3.5552990436553955,207.61351013183594,-0.01959700795729047,-0.020416580871924217
2018-12-18,3.638498544692993,207.53338623046875,0.023401547947442314,-0.0003859281667956127
2018-12-19,3.4297571182250977,204.2219696044922,-0.05737021024025413,-0.015956067050817535
2018-12-20,3.3453192710876465,200.8660430908203,-0.024619191454917866,-0.016432739925930306
2018-12-21,3.2083864212036133,196.86923217773438,-0.04093267003466394,-0.019897892404236783
2018-12-24,3.1467294692993164,191.44808959960938,-0.019217433254553717,-0.027536769042867837
2018-12-26,3.295795440673828,201.1331024169922,0.04737171492778636,0.05058819253635716
2018-12-27,3.248004913330078,203.00250244140625,-0.014500453139160596,0.009294342909992093
2018-12-28,3.3094139099121094,202.74432373046875,0.018906682169723243,-0.0012718006321721376
2018-12-31,3.3056998252868652,204.56915283203125,-0.0011222786651496897,0.00900064212889351
2019-01-02,3.3730521202087402,204.72943115234375,0.020374594936498847,0.0007834921252476423
2019-01-03,3.1692633628845215,199.8423309326172,-0.06041672350784999,-0.023871019385043657
2019-01-04,3.3723089694976807,206.43849182128906,0.06406712960211558,0.033006825220107894
2019-01-07,3.5508410930633545,207.98733520507812,0.05294061878092582,0.007502686975304318
2019-01-08,3.462442636489868,210.00808715820312,-0.024895075351632823,0.009715745197333758
2019-01-09,3.5305371284484863,210.97830200195312,0.0196666050842218,0.004619892771172696
2019-01-10,3.596156120300293,211.859619140625,0.018586121449639892,0.00417728804483275
2019-01-11,3.685298204421997,211.76170349121094,0.02478815744914331,-0.00046217230924539
2019-01-14,3.7251651287078857,210.5955352783203,0.010817828592012413,-0.005506983527543419
2019-01-15,3.7110507488250732,213.0613250732422,-0.003788927307957546,0.011708651808135961
2019-01-16,3.6855456829071045,213.5331268310547,-0.006872734339740227,0.002214394178062573
2019-01-17,3.7568600177764893,215.1265106201172,0.01934973569860432,0.007461998111061963
2019-01-18,3.885869026184082,218.0195770263672,0.03433958353442912,0.013448209604248751
2019-01-22,3.6838130950927734,215.11761474609375,-0.05199761745179743,-0.013310558252860316
2019-01-23,3.6966888904571533,215.4380645751953,0.0034952357874864504,0.0014896494156455553
2019-01-24,3.908402442932129,215.65167236328125,0.0572711306654734,0.0009915043959716208
2019-01-25,3.965601921081543,217.4854278564453,0.014635002148474241,0.008503321458481317
2019-01-28,3.417375087738037,215.80307006835938,-0.13824555370247227,-0.007735496601622427
2019-01-29,3.258652687072754,215.5360107421875,-0.04644570659943026,-0.0012375140265024065
2019-01-30,3.4020230770111084,218.94532775878906,0.04399683050210057,0.015817853382651625
2019-01-31,3.559508800506592,220.77015686035156,0.04629178577878568,0.008334633674270009
2019-02-01,3.5837745666503906,220.9571533203125,0.006817167059776752,0.0008470187393996298
2019-02-04,3.693965435028076,222.53269958496094,0.03074715396528882,0.007130551063736945
2019-02-05,3.713031530380249,223.52081298828125,0.005161416826312992,0.0044403065489395654
2019-02-06,3.7885549068450928,223.2448272705078,0.02034008487321115,-0.0012347204454196126
2019-02-07,3.650383234024048,221.05503845214844,-0.03647081175236466,-0.009808911790399444
2019-02-08,3.6689555644989014,221.33985900878906,0.005087775524976967,0.0012884599176521405
2019-02-11,3.6263649463653564,221.45559692382812,-0.0116083766578301,0.0005228968499273456
2019-02-12,3.743241786956787,224.3219451904297,0.03222975136812267,0.012943218895422604
2019-02-13,3.785583734512329,224.9984588623047,0.011311571617703464,0.003015815823550927
2019-02-14,3.8264400959014893,224.49998474121094,0.010792618590544478,-0.0022154557129602237
2019-02-15,3.8960213661193848,226.97463989257812,0.01818433543293252,0.011022963561533539
2019-02-19,3.878688097000122,227.36631774902344,-0.004448966648385566,0.0017256458987253698
2019-02-20,3.92598295211792,227.89154052734375,0.012193518513225365,0.0023100289590829437
2019-02-21,3.857145309448242,227.06365966796875,-0.017533861840266618,-0.0036327845143320214
2019-02-22,3.941831111907959,228.42556762695312,0.021955564456510146,0.005997912483996171
2019-02-25,3.929450035095215,228.7638397216797,-0.0031409455304520773,0.0014808854290733198
2019-02-26,3.8900790214538574,228.59466552734375,-0.010019471755518428,-0.0007395145777486789
2019-02-27,3.848231554031372,228.4790496826172,-0.010757485180042825,-0.0005057679034629059
2019-02-28,3.8236913681030273,227.94493103027344,-0.006377003458286401,-0.0023377139089370003
2019-03-01,3.877976179122925,229.51153564453125,0.014196964606698614,0.006872732844626084
2019-03-04,3.886155605316162,228.63034057617188,0.002109199699902975,-0.0038394369410876816
2019-03-05,3.879711866378784,228.36329650878906,-0.0016581268461208776,-0.0011680167501383343
2019-03-06,3.7689123153686523,226.9033966064453,-0.028558706116892374,-0.0063928832901900545
2019-03-07,3.699754476547241,225.0785675048828,-0.018349548366886514,-0.00804231725419069
2019-03-08,3.733961343765259,224.62460327148438,0.009245712772254278,-0.002016914530916347
2019-03-11,3.9942288398742676,227.900390625,0.06970278268777141,0.014583386262262854
2019-03-12,4.028435230255127,228.71044921875,0.008563953582072736,0.00355444144491579
2019-03-13,4.179637908935547,230.26821899414062,0.03753384876212684,0.006811100151793648
2019-03-14,4.103787899017334,230.18817138671875,-0.018147507408729058,-0.0003476276829322833
2019-03-15,4.209135055541992,231.30972290039062,0.02567071181965419,0.004872324702504649
2019-03-18,4.187817096710205,232.13758850097656,-0.005064688718818489,0.0035790350280366923
2019-03-19,4.355379104614258,232.2088165283203,0.04001177798230082,0.00030683538932096965
2019-03-20,4.322908401489258,231.38095092773438,-0.007455310397801895,-0.003565177295862809
2019-03-21,4.559380531311035,234.02618408203125,0.054702091244938744,0.01143237221426685
2019-03-22,4.399747848510742,229.5771484375,-0.03501192359445182,-0.01901084556833932
2019-03-25,4.307540416717529,229.37130737304688,-0.020957435509497135,-0.0008966095530590357
2019-03-26,4.3841328620910645,231.02735900878906,0.01778101607039617,0.007219959875141679
2019-03-27,4.3749613761901855,229.95314025878906,-0.0020919726179339238,-0.004649746915728392
2019-03-28,4.393553256988525,230.8483123779297,0.004249610270737891,0.0038928458125564447
2019-03-29,4.450810432434082,232.33428955078125,0.01303208862996752,0.006437028529880706
2019-04-01,4.518232822418213,235.0108642578125,0.015148340062476784,0.011520360219778203
2019-04-02,4.536077499389648,235.09144592285156,0.0039494815058878086,0.00034288485042410777
2019-04-03,4.675383567810059,235.5301055908203,0.03071068967387669,0.0018659108001433111
2019-04-04,4.6664605140686035,236.0940399169922,-0.0019085180097072607,0.0023943195064479728
2019-04-05,4.7331390380859375,237.23092651367188,0.014288886366081721,0.004815397275930389
2019-04-08,4.753959655761719,237.43682861328125,0.004398902611616684,0.0008679395331598894
2019-04-09,4.691247463226318,236.1746368408203,-0.013191570201777858,-0.00531590562354034
2019-04-10,4.761643409729004,236.98922729492188,0.015005805397072747,0.003449102177091934
2019-04-11,4.7477617263793945,236.94451904296875,-0.002915313507358852,-0.00018865098833154015
2019-04-12,4.709837436676025,238.546875,-0.007987824977116142,0.006762578697761201
2019-04-15,4.578216552734375,238.3857421875,-0.027945950515553708,-0.0006754765179799449
2019-04-16,4.665221691131592,238.55577087402344,0.019004155306994397,0.0007132502345283953
2019-04-17,4.642416000366211,237.97390747070312,-0.004888447382625727,-0.002439108478442864
2019-04-18,4.6178765296936035,238.4214630126953,-0.005285926696502741,0.0018806916554383601
2019-04-22,4.671665668487549,238.65426635742188,0.011648024464940399,0.0009764361890278739
2019-04-23,4.726198673248291,240.71319580078125,0.01167313943902104,0.008627247586162179
2019-04-24,4.73859167098999,240.23866271972656,0.002622191447821942,-0.0019713629719220194
2019-04-25,4.632997512817383,240.1492462158203,-0.02228386944987526,-0.0003721986415258227
2019-04-26,4.414374351501465,241.25025939941406,-0.04718827513096824,0.00458470389119725
2019-04-29,4.4451093673706055,241.55462646484375,0.0069624851500613705,0.0012616237851408307
2019-04-30,4.486504077911377,241.70681762695312,0.009312416662822676,0.0006300486326289434
2019-05-01,4.473367214202881,239.94329833984375,-0.0029280846468352495,-0.0072961089985933425
2019-05-02,4.5407891273498535,239.4688720703125,0.015071848546863942,-0.00197724326044435
2019-05-03,4.5363264083862305,241.74266052246094,-0.0009828069171377019,0.009495131590550931
2019-05-06,4.4579997062683105,240.7848358154297,-0.01726654897961455,-0.003962166648456611
2019-05-07,4.2909321784973145,236.88177490234375,-0.037475894746266,-0.01620974551768606
2019-05-08,4.311010360717773,236.41635131835938,0.0046792122050016705,-0.0019647927079922134
2019-05-09,4.2185540199279785,235.691162109375,-0.021446559635361462,-0.0030674240801891184
2019-05-10,4.184595108032227,236.79234313964844,-0.008049893810849418,0.004672135435279667
2019-05-13,3.927551031112671,230.9825897216797,-0.06142627190529515,-0.024535225003210703
2019-05-14,4.016537189483643,232.98777770996094,0.02265690697996159,0.008681121770681477
2019-05-15,3.955561399459839,234.36636352539062,-0.015181183976947676,0.005916987702015097
2019-05-16,3.9706802368164062,236.5148162841797,0.003822172336556795,0.009167069567797892
2019-05-17,3.8799595832824707,235.0824737548828,-0.022847635196802774,-0.006056037214919652
2019-05-20,3.761475086212158,233.4801483154297,-0.030537559612946796,-0.006816014030564643
2019-05-21,3.8435215950012207,235.45848083496094,0.021812322801181727,0.008473236520556426
2019-05-22,3.772630453109741,234.81394958496094,-0.01844431991319595,-0.0027373456573508426
2019-05-23,3.651667594909668,232.06573486328125,-0.032063267182812716,-0.011703796671949096
2019-05-24,3.597879648208618,232.46864318847656,-0.014729694120031334,0.001736181885846566
2019-05-28,3.5527665615081787,230.3828125,-0.012538798156547903,-0.00897252489569289
2019-05-29,3.4786527156829834,228.79840087890625,-0.02086088251003282,-0.006877299586286467
2019-05-30,3.452099561691284,229.43394470214844,-0.007633171851846088,0.00277774591431057
2019-05-31,3.361523151397705,226.36346435546875,-0.026238064306929543,-0.01338285121962135
2019-06-03,3.3198323249816895,225.69207763671875,-0.01240236182775678,-0.0029659676779627553
2019-06-04,3.5486326217651367,230.6603240966797,0.06891923277622447,0.02201338439516687
2019-06-05,3.505949020385742,232.61180114746094,-0.012028182663260112,0.008460393257590848
2019-06-06,3.567988157272339,234.1247100830078,0.017695390470843453,0.00650400765603365
2019-06-07,3.6106717586517334,236.46102905273438,0.01196293247005209,0.009978950828805067
2019-06-10,3.683380126953125,237.57113647460938,0.020137075082267142,0.004694673901750823
2019-06-11,3.7409534454345703,237.5263214111328,0.015630566625516762,-0.0001886385027305426
2019-06-12,3.628042697906494,237.0787811279297,-0.030182345002414124,-0.0018841713227583101
2019-06-13,3.67916202545166,238.1350860595703,0.01409005676109154,0.004455501781370552
2019-06-14,3.589329957962036,237.7769775390625,-0.0244164477857145,-0.001503804107296558
2019-06-17,3.5990078449249268,237.99179077148438,0.002696293479907741,0.0009034231768152434
2019-06-18,3.7938103675842285,240.36404418945312,0.05412672910229932,0.00996779515074353
2019-06-19,3.7997665405273438,240.99966430664062,0.001569971180954921,0.002644405985641196
2019-06-20,3.8240861892700195,243.24661254882812,0.006400300777242185,0.009323449676380324
2019-06-21,3.766016960144043,242.9600372314453,-0.015185125609593397,-0.0011781266525358047
2019-06-24,3.78835129737854,242.64675903320312,0.005930493003845294,-0.0012894227454524065
2019-06-25,3.759068012237549,240.2476806640625,-0.0077298230397098155,-0.00988712307017603
2019-06-26,3.952134370803833,240.01490783691406,0.05136016638639185,-0.0009688868858381827
2019-06-27,4.050652503967285,240.85714721679688,0.02492782985600117,0.0035091127775075392
2019-06-28,4.075466632843018,242.1888885498047,0.006125958435444501,0.005529175066617764
2019-07-01,4.123610973358154,244.24948120117188,0.011813209345687081,0.008508204747565973
2019-07-02,4.025836944580078,244.96035766601562,-0.023710779074402333,0.002910452302079758
2019-07-03,4.038741588592529,246.84095764160156,0.003205456204535162,0.007677160474063305
2019-07-05,3.976205587387085,246.5260467529297,-0.015484031308682367,-0.0012757643289048604
2019-07-08,3.901262044906616,245.29331970214844,-0.018848004921626083,-0.005000392725303837
2019-07-09,3.9037435054779053,245.59925842285156,0.000636066109562794,0.001247236251988415
2019-07-10,3.9719865322113037,246.7420196533203,0.017481432024833765,0.0046529506554993105
2019-07-11,4.126338958740234,247.23703002929688,0.03886025928768677,0.00200618596164559
2019-07-12,4.15934419631958,248.4517059326172,0.007998673378355248,0.004913001515899129
2019-07-15,4.150907039642334,248.5147705078125,-0.0020284824431485715,0.00025383031667503
2019-07-16,4.1461920738220215,247.70481872558594,-0.0011358880782641467,-0.0032591695880752614
2019-07-17,4.211458206176758,246.03121948242188,0.01574122259477795,-0.006756425861130011
2019-07-18,4.22312068939209,246.93106079101562,0.0027692268673655818,0.003657427339858632
2019-07-19,4.1799397468566895,245.60829162597656,-0.010224889533435588,-0.005356835874764876
2019-07-22,4.251411437988281,246.2021484375,0.017098737173266265,0.0024179021302253023
2019-07-23,4.359109878540039,247.893798828125,0.025332396575269867,0.006870981432781642
2019-07-24,4.433557033538818,249.03656005859375,0.017078522238056948,0.004609882279714039
2019-07-25,4.302530288696289,247.82177734375,-0.029553413625074132,-0.0048779292267686625
2019-07-26,4.344470500946045,249.5946044921875,0.009747801743532625,0.0071536374544616255
2019-07-29,4.338264465332031,249.1446075439453,-0.0014284906785907436,-0.0018029113616366832
2019-07-30,4.353898048400879,248.54171752929688,0.0036036491536601822,-0.0024198397091219626
2019-07-31,4.1868896484375,245.72518920898438,-0.03835836257689096,-0.01133221556650943
2019-08-01,4.09259033203125,243.66465759277344,-0.022522522522522515,-0.008385512380086113
2019-08-02,4.000028610229492,241.88302612304688,-0.022616903792522347,-0.007311817344902494
2019-08-05,3.74194598197937,234.74734497070312,-0.06452019557812994,-0.029500545229303565
2019-08-06,3.78065824508667,237.77073669433594,0.010345489564449029,0.012879343636496232
2019-08-07,3.8188743591308594,237.93275451660156,0.010108322828135785,0.0006814035424127507
2019-08-08,3.9273180961608887,242.57579040527344,0.028396780525324683,0.019514067737772978
2019-08-09,3.82607102394104,240.88412475585938,-0.02578020668069181,-0.0069737612586473485
2019-08-12,3.758323907852173,238.0587158203125,-0.01770670634835325,-0.01172932810914995
2019-08-13,3.872476100921631,241.74801635742188,0.030373165237557842,0.015497439463187268
2019-08-14,3.724078893661499,234.4683837890625,-0.03832101306572655,-0.030112481078630737
2019-08-15,3.6918187141418457,235.20628356933594,-0.008662592936621527,0.0031471184658196094
2019-08-16,3.959578275680542,238.65257263183594,0.07252781955761245,0.014652198105430614
2019-08-19,4.238009929656982,241.58609008789062,0.07031851237454978,0.012292000139383141
2019-08-20,4.165795803070068,239.71438598632812,-0.017039631285799994,-0.007747565685100377
2019-08-21,4.249176502227783,241.65802001953125,0.020015551193427683,0.008108124279675
2019-08-22,4.255381107330322,241.56802368164062,0.0014601900154738168,-0.00037241196416060163
2019-08-23,4.03104829788208,235.3682403564453,-0.05271744264263578,-0.025664751612017644
2019-08-26,4.105742931365967,237.97775268554688,0.018529828462519715,0.011086934775693003
2019-08-27,4.015164852142334,237.0419464111328,-0.022061312833703828,-0.003932326714802592
2019-08-28,4.004732131958008,238.68861389160156,-0.0025983292264475377,0.0069467345564768745
2019-08-29,4.148309230804443,241.79296875,0.03585186077757396,0.01300587743916548
2019-08-30,4.160978317260742,241.6940155029297,0.003054036175080821,-0.0004092478271054967
2019-09-03,4.078011989593506,240.35324096679688,-0.01993913963047389,-0.005547404776832687
2019-09-04,4.192028045654297,242.92674255371094,0.027958734881541103,0.010707164074686082
2019-09-05,4.464773654937744,246.13922119140625,0.06506292570398986,0.013224063369577488
2019-09-06,4.437696933746338,246.319091796875,-0.006064522702390773,0.00073076775248615
2019-09-09,4.483652114868164,246.38211059570312,0.01035563757686142,0.00025584212075657753
2019-09-10,4.550224781036377,246.4361114501953,0.014847866083867789,0.00021917522486369911
2019-09-11,4.578789710998535,248.2088165283203,0.006277696451657988,0.007193365727503176
2019-09-12,4.577299118041992,248.93759155273438,-0.0003255430038558993,0.002936136736024997
2019-09-13,4.5194220542907715,248.87464904785156,-0.012644370022289131,-0.0002528445161303905
2019-09-16,4.476448059082031,248.05577087402344,-0.009508736889917269,-0.0032903237712680333
2019-09-17,4.4978108406066895,248.730712890625,0.0047722616777192695,0.002720928500165032
2019-09-18,4.470734119415283,248.8836212158203,-0.006019977751610783,0.0006147545006336408
2019-09-19,4.395221710205078,248.8297119140625,-0.01689038247259511,-0.00021660445751492396
2019-09-20,4.289649486541748,247.4979705810547,-0.024019772067062406,-0.0053520189480738
2019-09-23,4.3430562019348145,247.66891479492188,0.012450135042647137,0.000690689355819174
2019-09-24,4.285675525665283,245.6172637939453,-0.013212050132800135,-0.008283845401734768
2019-09-25,4.42726469039917,247.12001037597656,0.03303777056521495,0.006118244942635354
2019-09-26,4.405156135559082,246.63262939453125,-0.004993727817546589,-0.001972244095910347
2019-09-27,4.266549110412598,245.24940490722656,-0.0314647247182972,-0.005608440743223753
2019-09-30,4.323928356170654,246.46087646484375,0.013448631264555644,0.004939753301645977
2019-10-01,4.322189807891846,243.4954833984375,-0.00040207610663289817,-0.012031901813143286
2019-10-02,4.298344612121582,239.20086669921875,-0.005516924714117133,-0.01763735671511968
2019-10-03,4.5037736892700195,241.0995330810547,0.04779260289394105,0.00793753972565403
2019-10-04,4.520167350769043,244.44467163085938,0.00363998340726579,0.013874512766808511
2019-10-07,4.578789710998535,243.39593505859375,0.012969068549977036,-0.004290281990066647
2019-10-08,4.4024248123168945,239.6167449951172,-0.038517798329545716,-0.015526923498401013
2019-10-09,4.488868236541748,241.8499298095703,0.019635411826456783,0.009319819508017302
2019-10-10,4.546497821807861,243.4954833984375,0.012838333011643721,0.0068040275643779236
2019-10-11,4.620023727416992,246.03594970703125,0.01617198742655379,0.01043332004822739
2019-10-14,4.633438587188721,245.80995178222656,0.002903634388741194,-0.0009185565161261566
2019-10-15,4.877864360809326,248.18777465820312,0.05275256572870801,0.009673419886934376
2019-10-16,4.8242106437683105,247.79901123046875,-0.010999427838151998,-0.0015664084513017373
2019-10-17,4.826197147369385,248.4680633544922,0.00041177795659486094,0.002699978989832097
2019-10-18,4.731805324554443,247.44635009765625,-0.019558219428808754,-0.0041120506315462935
2019-10-21,4.868922233581543,249.17324829101562,0.028977715612171995,0.006978879230499224
2019-10-22,4.858985424041748,248.29623413085938,-0.00204086429461936,-0.00351969630035065
2019-10-23,4.846070766448975,249.028564453125,-0.002657891816030822,0.002949421785751527
2019-10-24,4.890037536621094,249.43540954589844,0.00907266366733972,0.0016337286193126577
2019-10-25,5.080809593200684,250.47509765625,0.039012391040132766,0.004168165667594481
2019-10-28,5.13670015335083,251.9307098388672,0.011000325661670418,0.0058114047912853906
2019-10-29,5.040569305419922,251.7680206298828,-0.018714514194136722,-0.000645769660588158
2019-10-30,5.042555332183838,252.6540985107422,0.00039400842317172113,0.003519421881470697
2019-10-31,4.993372917175293,251.84027099609375,-0.009753470565734945,-0.003221113448962476
2019-11-01,5.032371520996094,254.23623657226562,0.007810072363443998,0.009513830201560713
2019-11-04,5.228856086730957,255.24888610839844,0.03904412957491088,0.003983104650170377
2019-11-05,5.206750869750977,254.9233856201172,-0.00422754357995736,-0.0012752278501345637
2019-11-06,5.157566070556641,255.05892944335938,-0.009446351558719424,0.0005317041546128998
2019-11-07,5.175200939178467,255.96311950683594,0.0034192230173257787,0.003545024145791942
2019-11-08,5.161290645599365,256.58685302734375,-0.0026878750685398467,0.002436810122136146
2019-11-11,5.171227931976318,256.08966064453125,0.001925349115036834,-0.0019377157361976094
2019-11-12,5.206750869750977,256.595947265625,0.00686934287986074,0.001976989698918352
2019-11-13,5.180914878845215,256.7044677734375,-0.0049620178787231906,0.00042292370151963965
2019-11-14,5.211219787597656,257.04803466796875,0.005849335389813692,0.0013383752044178188
2019-11-15,5.072116851806641,258.96478271484375,-0.02669297044850627,0.007456769896532656
2019-11-18,5.273073196411133,259.1274108886719,0.03961981761774935,0.0006279933978792229
2019-11-19,5.166507244110107,259.00091552734375,-0.020209458191013607,-0.00048815893654130527
2019-11-20,5.245748519897461,258.0877380371094,0.01533749437353249,-0.003525769352494712
2019-11-21,5.220907211303711,257.6899108886719,-0.004735512672695896,-0.0015414414937462428
2019-11-22,5.238544940948486,258.2594909667969,0.0033782882803563563,0.0022103313092884935
2019-11-25,5.494895935058594,260.22149658203125,0.04893553400797823,0.007597031992472303
2019-11-26,5.390317916870117,260.7458801269531,-0.019031846903823424,0.0020151430677695092
2019-11-27,5.425119400024414,261.9754638671875,0.006456295100030873,0.004715640146013778
2019-11-29,5.387831211090088,260.9718017578125,-0.006873247607077304,-0.0038311301927260732
2019-12-02,5.201640605926514,258.8472595214844,-0.03455761657498235,-0.008140888103687738
2019-12-03,5.162116527557373,257.0299072265625,-0.007598387001998663,-0.0070209447002896885
2019-12-04,5.205868244171143,258.6753845214844,0.008475538353349021,0.006401890397413679
2019-12-05,5.18896484375,259.1545715332031,-0.0032469896717168822,0.0018524646734561223
2019-12-06,5.274228572845459,261.4599914550781,0.01643174152512472,0.0088959261194419
2019-12-09,5.274228572845459,260.66448974609375,0.0,-0.0030425370419284725
2019-12-10,5.319223403930664,260.4203796386719,0.00853107340035697,-0.0009364916090398578
2019-12-11,5.402746200561523,261.0984802246094,0.015702065938636878,0.0026038691245222623
2019-12-12,5.57004451751709,263.39483642578125,0.030965422165893708,0.008794981109029987
2019-12-13,5.568056106567383,263.4942932128906,-0.0003569829547059866,0.0003775958118958922
2019-12-16,5.596891403198242,265.35687255859375,0.005178700803113223,0.007068765410407796
2019-12-17,5.674947261810303,265.41107177734375,0.013946287856765771,0.00020425029217219226
2019-12-18,5.7052764892578125,265.42919921875,0.00534440692543714,6.829949212305841e-05
2019-12-19,5.853182792663574,266.53216552734375,0.025924475997657126,0.004155406834817521
2019-12-20,5.950380325317383,267.8882751464844,0.016605928107291668,0.005087977342087546
2019-12-23,5.936707496643066,268.1509094238281,-0.0022978075226791628,0.0009803873543929864
2019-12-24,5.931735515594482,268.1509094238281,-0.0008374980662927412,0.0
2019-12-26,5.945905685424805,269.5226745605469,0.0023888741824493742,0.005115646035533716
2019-12-27,5.888235092163086,269.5226745605469,-0.009699210904587141,0.0
2019-12-30,5.77512788772583,268.0418701171875,-0.019209016397425338,-0.005494173897516386
2019-12-31,5.849206447601318,268.73236083984375,0.012827172196988146,0.002576055458628046
2020-01-02,5.963803291320801,271.1125793457031,0.01959186169031124,0.008857208333304945
2020-01-03,5.868347644805908,269.1321105957031,-0.016005834171930244,-0.007304968123499123
2020-01-06,5.892956733703613,270.1404724121094,0.0041935294885753205,0.0037467168602598466
2020-01-07,5.964301109313965,269.3955383300781,0.012106719739228833,-0.002757580437243168
2020-01-08,5.975488185882568,270.7855529785156,0.0018756726670177137,0.005159753784542476
2020-01-09,6.041111946105957,272.656982421875,0.010982158809790477,0.006911112586231116
2020-01-10,6.073431015014648,271.875732421875,0.0053498543309604685,-0.0028653218159334637
2020-01-13,6.263845920562744,273.6745300292969,0.03135211465765475,0.006616249237834326
2020-01-14,6.14700984954834,273.31109619140625,-0.01865244970839064,-0.0013279783027368985
2020-01-15,6.104502201080322,273.919921875,-0.006915174940079316,0.002227592264191669
2020-01-16,6.188027381896973,276.2092590332031,0.013682553968424882,0.00835768768672418
2020-01-17,6.196727752685547,277.14501953125,0.001406000693213949,0.0033878679567884706
2020-01-21,6.163417816162109,276.57257080078125,-0.005375407449359271,-0.002065520540246224
2020-01-22,6.217360496520996,276.6452331542969,0.008752072627209229,0.0002627243667194801
2020-01-23,6.285721302032471,276.9178466796875,0.010995149074872979,0.000985426433278036
2020-01-24,6.22655725479126,274.3922424316406,-0.009412451554618007,-0.009120409819480702
2020-01-27,5.971011161804199,270.0314636230469,-0.04104131424960733,-0.015892500348948957
2020-01-28,6.164163112640381,272.9568176269531,0.03234828165650572,0.010833382023918148
2020-01-29,6.103757858276367,272.6842346191406,-0.009799425041194243,-0.0009986305166593823
2020-01-30,6.11046838760376,273.53814697265625,0.0010994094921856767,0.003131506134589346
2020-01-31,5.877295970916748,268.63232421875,-0.038159499713646516,-0.01793469323456609
2020-02-03,5.974244117736816,270.585693359375,0.016495365777018378,0.007271534229195575
2020-02-04,6.143280982971191,274.7556457519531,0.028294268179053006,0.015410838395804927
2020-02-05,6.233518600463867,277.8626403808594,0.014688831219475285,0.011308210320494005
2020-02-06,6.32027530670166,278.8074951171875,0.01391777450240328,0.0034004381986474375
2020-02-07,6.254152297973633,277.3902282714844,-0.010462045641890683,-0.005083316878218835
2020-02-10,6.537041664123535,279.3798522949219,0.045232247740682574,0.007172653614496705
2020-02-11,6.65934419631958,279.88861083984375,0.018709155988291037,0.001821028040292605
2020-02-12,6.774937629699707,281.6874084472656,0.017358080611603155,0.006426833882323235
2020-02-13,6.731184959411621,281.4148864746094,-0.006458018166290547,-0.0009674623873267008
2020-02-14,7.203746318817139,281.8873596191406,0.07020478002833319,0.00167892022504601
2020-02-18,7.372284412384033,281.1150817871094,0.02339589515064544,-0.0027396681890052843
2020-02-19,7.822970390319824,282.46881103515625,0.06113247301999425,0.004815569621668514
2020-02-20,7.6738200187683105,281.36041259765625,-0.01906569552354087,-0.003923967511450521
2020-02-21,7.3101396560668945,278.4440612792969,-0.04739234980908358,-0.010365179989019091
2020-02-24,6.793331146240234,269.1321105957031,-0.07069748789241614,-0.03344280585770254
2020-02-25,6.514172077178955,261.0464172363281,-0.041093104848242246,-0.030043584697039494
2020-02-26,6.653378009796143,259.8927001953125,0.021369704540791457,-0.004419585808646209
2020-02-27,6.283014297485352,248.3730010986328,-0.05566551483554427,-0.044324827469269024
2020-02-28,6.717549800872803,246.87400817871094,0.06916035565307643,-0.006035249054008873
2020-03-02,6.87574577331543,257.8940124511719,0.02354965383689045,0.044638171323745146
2020-03-03,6.613581657409668,250.7804718017578,-0.03812882624648706,-0.027583194281258883
2020-03-04,7.076722145080566,261.1737060546875,0.07002869423287583,0.04144355490783802
2020-03-05,6.797644138336182,252.42486572265625,-0.039436055425517536,-0.03349816665770833
2020-03-06,6.617311954498291,248.1912841796875,-0.026528629649922975,-0.01677165017340354
2020-03-09,6.104920387268066,229.04025268554688,-0.07743198004771601,-0.07716238528455133
2020-03-10,6.493940830230713,240.79473876953125,0.06372244325641918,0.051320612626647444
2020-03-11,6.130539417266846,228.85589599609375,-0.05596007454705376,-0.04958099514318859
2020-03-12,5.380358695983887,206.72149658203125,-0.12236781630830929,-0.09671762799783978
2020-03-13,5.990502834320068,226.03546142578125,0.11340213038056701,0.0934298810868266
2020-03-16,4.885130405426025,199.50157165527344,-0.18452080893130973,-0.11738817264838874
2020-03-17,5.404238700866699,212.5631561279297,0.10626293514377605,0.06547108558736503
2020-03-18,5.044819355010986,200.94375610351562,-0.0665069338625015,-0.05466328330870762
2020-03-19,5.297281742095947,201.11715698242188,0.05004389043865198,0.0008629324059061805
2020-03-20,5.1176958084106445,192.3546905517578,-0.0339015258067521,-0.043568965284398464
2020-03-23,5.290316581726074,186.4490966796875,0.03373017462892913,-0.030701584947736227
2020-03-24,6.197946071624756,204.22962951660156,0.171564305439458,0.09536400633498565
2020-03-25,6.109397888183594,206.84930419921875,-0.014286697950882554,0.01282710392619224
2020-03-26,6.3984270095825195,219.28102111816406,0.047308937261713924,0.06010035647483836
2020-03-27,6.2862467765808105,212.54489135742188,-0.01753247053278939,-0.03071916450586154
2020-03-30,6.606119155883789,219.41793823242188,0.05088447696559606,0.0323369187144662
2020-03-31,6.556621074676514,216.15945434570312,-0.007492762397903419,-0.014850581100926852
2020-04-01,6.0459699630737305,206.42030334472656,-0.0778832733791891,-0.04505540148801801
2020-04-02,6.354400634765625,211.248779296875,0.05101425802239512,0.023391477843556663
2020-04-03,6.066864490509033,208.12710571289062,-0.04524992375889081,-0.014777238450203733
2020-04-06,6.676012992858887,222.28402709960938,0.10040581972826357,0.06802055569949683
2020-04-07,6.442948818206787,222.40264892578125,-0.03491068320289381,0.0005336497980519272
2020-04-08,6.639946937561035,229.95120239257812,0.03057576971550069,0.03394093327240877
2020-04-09,6.5404534339904785,233.3649139404297,-0.014984081123862403,0.014845373767707448
2020-04-13,6.712078094482422,231.10128784179688,0.026240483511436263,-0.009699941865342399
2020-04-14,7.062794208526611,238.15687561035156,0.052251494858573055,0.030530283212375053
2020-04-15,6.985436916351318,232.9724578857422,-0.01095278864021021,-0.021768918958659844
2020-04-16,7.330182075500488,234.14987182617188,0.04935198231369031,0.005053876115292288
2020-04-17,7.270983695983887,240.61221313476562,-0.008075976682006214,0.027599166543175624
2020-04-20,7.139901638031006,236.27658081054688,-0.018028105058918498,-0.018019169799125656
2020-04-21,6.703622817993164,229.05665588378906,-0.06110431798023419,-0.030557090770443107
2020-04-22,7.117516040802002,234.09510803222656,0.0617417229528352,0.021996532381900025
2020-04-23,7.064286231994629,234.0494842529297,-0.007478705843755984,-0.00019489420210605513
2020-04-24,7.203079700469971,237.44493103027344,0.019647203399932645,0.014507388419084943
2020-04-27,7.389382362365723,240.8769073486328,0.025864306608129883,0.014453777991671801
2020-04-28,7.247105598449707,239.76336669921875,-0.019254215973534383,-0.004622861783103116
2020-04-29,7.423707008361816,245.9427032470703,0.024368543760406647,0.02577264672631774
2020-04-30,7.269989967346191,243.79771423339844,-0.020706237576790576,-0.00872149889121554
2020-05-01,7.033691883087158,237.15286254882812,-0.03250322013103002,-0.027255594686211415
2020-05-04,7.245365142822266,237.9013214111328,0.03009418997213764,0.003156018671925498
2020-05-05,7.306305408477783,240.0919647216797,0.00841093091296985,0.00920820152470303
2020-05-06,7.407041549682617,238.476318359375,0.01378756232773215,-0.006729281274271637
2020-05-07,7.5831451416015625,241.2967529296875,0.023775159183019756,0.011826895809680327
2020-05-08,7.7729291915893555,245.33120727539062,0.02502708921482033,0.016719886599048994
2020-05-11,8.02464771270752,245.36764526367188,0.032383997707136514,0.0001485256958784209
2020-05-12,7.762978553771973,240.4296417236328,-0.03260818023465106,-0.020124917181858604
2020-05-13,7.740593910217285,236.16705322265625,-0.0028835122240303823,-0.017729047343822524
2020-05-14,7.989823818206787,239.0148468017578,0.03219777589165718,0.012058386384728559
2020-05-15,8.447745323181152,240.0919647216797,0.05731309167679988,0.00450648959399258
2020-05-18,8.705931663513184,247.43043518066406,0.030562751415286193,0.03056524806022276
2020-05-19,8.760897636413574,245.0938262939453,0.00631362328867735,-0.009443498270585216
2020-05-20,8.924568176269531,249.09165954589844,0.018681937245297986,0.016311440040755798
2020-05-21,8.73080062866211,247.30276489257812,-0.02171170008232448,-0.007181672226928559
2020-05-22,8.980530738830566,247.85955810546875,0.028603345877424413,0.0022514637599482246
2020-05-26,8.67359447479248,251.0450439453125,-0.03417796486247038,0.012851979016634374
2020-05-27,8.482068061828613,254.70518493652344,-0.022081550333081457,0.014579618596287647
2020-05-28,8.444010734558105,254.2031707763672,-0.004486798147939286,-0.0019709616837260135
2020-05-29,8.830544471740723,255.34413146972656,0.04577608311186565,0.004488381045266943
2020-06-01,8.761645317077637,256.4577331542969,-0.00780236766640785,0.0043611798640548205
2020-06-02,8.780549049377441,258.566162109375,0.0021575550727850334,0.008221350665255978
2020-06-03,8.725079536437988,261.97991943359375,-0.006317317132165656,0.013202645297317517
2020-06-04,8.726079940795898,261.3136291503906,0.00011465848004399426,-0.002543287610148326
2020-06-05,8.87886905670166,267.9949951171875,0.01750947927848423,0.02556837922507138
2020-06-08,8.764400482177734,271.244384765625,-0.012892247176179095,0.012124814670574802
2020-06-09,9.004287719726562,269.31842041015625,0.027370638532165925,-0.007100476410351941
2020-06-10,9.323558807373047,267.63897705078125,0.03545767278704637,-0.006235902307823227
2020-06-11,8.755687713623047,252.21334838867188,-0.06090711770927304,-0.05763595733360816
2020-06-12,8.891312599182129,255.25283813476562,0.015489918096103672,0.012051264397829442
2020-06-15,9.131449699401855,257.5804443359375,0.02700805955712493,0.009118825938158492
2020-06-16,9.026683807373047,262.6188049316406,-0.01147308428317484,0.01956033816422842
2020-06-17,9.193410873413086,261.41387939453125,0.018470467072731145,-0.0045881159859173515
2020-06-18,9.175495147705078,261.6512451171875,-0.0019487572082543814,0.0009080073453100468
2020-06-19,9.218544006347656,260.10870361328125,0.004691720495688445,-0.00589541052332998
2020-06-22,9.482821464538574,261.8338317871094,0.028668025884450277,0.0066323354423116765
2020-06-23,9.406426429748535,263.0205078125,-0.008056150279294183,0.004532172245622856
2020-06-24,9.192914009094238,256.2934265136719,-0.022698569137695856,-0.02557626154240289
2020-06-25,9.446242332458496,259.0043029785156,0.027556912107917997,0.01057723758942819
2020-06-26,9.112785339355469,252.93438720703125,-0.03530049107010802,-0.0234355788752586
2020-06-29,9.15757942199707,256.62554931640625,0.00491552044446264,0.014593358183257799
2020-06-30,9.45395278930664,260.04779052734375,0.03236372338717186,0.01333554363567302
2020-07-01,9.486056327819824,261.82781982421875,0.0033957794404786412,0.0068450083473707846
2020-07-02,9.567928314208984,263.1490173339844,0.008630771688446837,0.005046054734186178
2020-07-06,9.7938814163208,267.23187255859375,0.02361567673706988,0.015515373251147269
2020-07-07,9.826229095458984,264.4609375,0.0033028457016315294,-0.01036902908348325
2020-07-08,10.168890953063965,266.424560546875,0.034872162482282754,0.007425002215591947
2020-07-09,10.460540771484375,265.066650390625,0.028680592580504927,-0.005096790451535993
2020-07-10,10.430930137634277,267.72735595703125,-0.0028306981920874774,0.010037873729060953
2020-07-13,10.00589656829834,265.3052062988281,-0.04074742748035842,-0.009047075707093066
2020-07-14,10.32915210723877,268.8558654785156,0.03230650414322689,0.013383300046091895
2020-07-15,10.180091857910156,271.2414245605469,-0.014431024713456475,0.008873003673493862
2020-07-16,10.088018417358398,270.4523010253906,-0.009044460682367528,-0.002909303165748889
2020-07-17,10.154459953308105,271.16796875,0.006586183054085426,0.002646188336708599
2020-07-20,10.462285041809082,273.42498779296875,0.030314274704554167,0.008323324666157594
2020-07-21,10.280875205993652,273.9938659667969,-0.017339408655994815,0.002080563954377279
2020-07-22,10.39061450958252,275.5536193847656,0.010674120771827944,0.005692658163952258
2020-07-23,10.083041191101074,272.2597961425781,-0.029601071062523965,-0.011953474788470198
2020-07-24,10.147491455078125,270.4981994628906,0.006391946909225288,-0.006470278405574681
2020-07-27,10.373445510864258,272.4708557128906,0.02226698655390913,0.007292677932485114
2020-07-28,10.168392181396484,270.78265380859375,-0.019767138050035382,-0.006195899006812611
2020-07-29,10.417242050170898,274.0581359863281,0.024472882667694096,0.01209635156338229
2020-07-30,10.565058708190918,273.0579833984375,0.014189615380742149,-0.003649417610942618
2020-07-31,10.565805435180664,275.34259033203125,7.067892478129778e-05,0.008366746524528956
2020-08-03,10.959479331970215,277.0767517089844,0.03725924154146787,0.006298195186084099
2020-08-04,11.17597770690918,278.2419128417969,0.01975443982155345,0.004205192697062765
2020-08-05,11.234705924987793,279.97601318359375,0.005254861777534314,0.0062323476865358
2020-08-06,11.283231735229492,281.8569030761719,0.004319277297127222,0.006718039417700883
2020-08-07,11.147859573364258,282.003662109375,-0.011997640839243262,0.0005206863184878952
2020-08-10,11.113518714904785,282.90283203125,-0.0030804889704140193,0.0031885044156847453
2020-08-11,10.799970626831055,280.6183166503906,-0.028213214564818068,-0.008075265151842093
2020-08-12,11.387499809265137,284.46258544921875,0.05440099818183253,0.013699279664689534
2020-08-13,11.39023494720459,283.9763488769531,0.00024018774843170831,-0.0017093164343485734
2020-08-14,11.5106782913208,283.9763488769531,0.010574263364582448,0.0
2020-08-17,12.28011417388916,284.8938293457031,0.06684539894999264,0.0032308340901570087
2020-08-18,12.204216003417969,285.490234375,-0.00618057531033156,0.0020934290878344974
2020-08-19,12.082527160644531,284.2791442871094,-0.009971049573307855,-0.004242141909133856
2020-08-20,12.085017204284668,285.17828369140625,0.00020608632672858285,0.003162875020436884
2020-08-21,12.625015258789062,286.1966247558594,0.0446832673364288,0.0035708927456590267
2020-08-24,12.66159725189209,289.10516357421875,0.0028975801100565857,0.010162729280404736
2020-08-25,12.691213607788086,290.1144104003906,0.002339069495483237,0.0034909332427499606
2020-08-26,12.714106559753418,293.07794189453125,0.0018038426168545119,0.010215044092606762
2020-08-27,12.570019721984863,293.6651306152344,-0.011332832322222486,0.002003524103203924
2020-08-28,13.087126731872559,295.5735168457031,0.04113812239954395,0.0064985115068671995
2020-08-31,13.31282901763916,294.5367736816406,0.017246129757185313,-0.0035075644635771397
2020-09-01,13.76138687133789,297.289306640625,0.03369365392617918,0.009345294730360276
2020-09-02,14.284621238708496,301.619873046875,0.03802192121060077,0.014566842161884308
2020-09-03,12.959362983703613,291.1786804199219,-0.09277517638435484,-0.03461705795934222
2020-09-04,12.568056106567383,288.8482360839844,-0.030194916033164487,-0.008003485463209947
2020-09-08,11.861617088317871,280.911865234375,-0.05620909170514965,-0.027475919386614645
2020-09-09,12.66015625,286.45355224609375,0.06732127295430779,0.019727493557792908
2020-09-10,12.258646011352539,281.4440612792969,-0.03171447735074051,-0.017487969436989936
2020-09-11,12.112034797668457,281.6550598144531,-0.011959821137530802,0.0007496997243330306
2020-09-14,12.816726684570312,285.31591796875,0.05818113130235614,0.012997665146539772
2020-09-15,12.934967041015625,286.7838439941406,0.009225472256317868,0.005144914576940662
2020-09-16,12.460519790649414,285.6278076171875,-0.03667943249192529,-0.004031037316651442
2020-09-17,12.40974235534668,283.13226318359375,-0.004075065579594694,-0.008737049989678836
2020-09-18,12.136675834655762,279.8384094238281,-0.022004205475971705,-0.01163362211967267
2020-09-21,12.463260650634766,276.80145263671875,0.02690891809489182,-0.01085253733882463
2020-09-22,12.583237648010254,279.5998229980469,0.009626453360692455,0.010109666458292699
2020-09-23,12.071455955505371,273.12225341796875,-0.04067170205482129,-0.023167287842393858
2020-09-24,12.294736862182617,273.8746643066406,0.018496601197092177,0.002754850178833479
2020-09-25,12.818219184875488,278.26031494140625,0.042577757341277556,0.016013349193393367
2020-09-28,12.978775978088379,282.9212341308594,0.01252567075794242,0.016750211723272734
2020-09-29,13.168704986572266,281.3077392578125,0.014633815145937978,-0.005702982591616279
2020-09-30,13.472139358520508,283.47308349609375,0.023042081378362278,0.00769742149289665
2020-10-01,13.555779457092285,285.2698974609375,0.006208375399477939,0.006338569936459315
2020-10-02,13.005910873413086,282.61614990234375,-0.040563405846169354,-0.009302585313815448
2020-10-05,13.583658218383789,287.5549621582031,0.04442190559307502,0.01747533627347897
2020-10-06,13.677251815795898,283.5376281738281,0.006890161391534644,-0.013970664787779974
2020-10-07,13.903769493103027,288.4026794433594,0.01656163682279521,0.01715839728527535
2020-10-08,13.779059410095215,290.9549865722656,-0.00896951600569007,0.008849803801519451
2020-10-09,13.703388214111328,293.5440673828125,-0.00549175337239971,0.008898561392773452
2020-10-12,14.164640426635742,298.2802734375,0.03365972015953189,0.016134565746515284
2020-10-13,14.18679428100586,296.3728942871094,0.0015640251854511789,-0.006394586971539273
2020-10-14,14.034451484680176,294.5209045410156,-0.010738352393651729,-0.006248849951506208
2020-10-15,13.90974235534668,294.1708068847656,-0.008885928279393496,-0.001188702230816463
2020-10-16,13.751927375793457,293.9219055175781,-0.01134564361593382,-0.000846111719321585
2020-10-19,13.439531326293945,289.480712890625,-0.022716528451815488,-0.015110111031474416
2020-10-20,13.586642265319824,290.62322998046875,0.010946136100599135,0.003946781388076248
2020-10-21,13.466412544250488,290.0980529785156,-0.008849112144228899,-0.0018070716576524815
2020-10-22,13.303370475769043,291.692138671875,-0.01210731276393695,0.0054949892872167005
2020-10-23,13.531631469726562,292.68731689453125,0.01715813254793419,0.003411741664302248
2020-10-26,13.084567070007324,287.29693603515625,-0.0330384699523798,-0.01841685836122997
2020-10-27,13.338968276977539,286.347900390625,0.019442844811683457,-0.0033033267170490266
2020-10-28,12.572535514831543,276.48883056640625,-0.05745817414296006,-0.03443038978378876
2020-10-29,12.96782398223877,279.4004211425781,0.031440632395980384,0.010530590223870151
2020-10-30,12.479937553405762,276.2584533691406,-0.03762284478114719,-0.011245393835087159
2020-11-02,12.52648639678955,279.47412109375,0.003729893934532269,0.011640069961271093
2020-11-03,12.963342666625977,284.40374755859375,0.034874605376044476,0.017638937177979708
2020-11-04,13.73475170135498,290.8074951171875,0.05950695392130534,0.02251639654387616
2020-11-05,14.098922729492188,296.5019226074219,0.026514569469885618,0.01958143302991444
2020-11-06,14.499191284179688,296.4649963378906,0.02839000981615536,-0.00012453973048986988
2020-11-09,13.571958541870117,300.159912109375,-0.06395065242854547,0.01246324462289361
2020-11-10,12.714920997619629,299.77294921875,-0.06314766889439638,-0.0012891891122489563
2020-11-11,13.360124588012695,301.8829650878906,0.05074381433544528,0.007038713381709805
2020-11-12,13.398709297180176,299.091064453125,0.0028880501011270265,-0.009248288103811286
2020-11-13,13.239645957946777,303.15447998046875,-0.01187154193030171,0.013585880724231947
2020-11-16,13.456957817077637,306.83087158203125,0.016413721320125196,0.012127122785054567
2020-11-17,13.364356994628906,305.3013916015625,-0.006881259769664694,-0.00498476562212502
2020-11-18,13.370828628540039,301.5973815917969,0.0004842458124796334,-0.012132306342709342
2020-11-19,13.382279396057129,302.8597106933594,0.0008563992430992151,0.004185477655343162
2020-11-20,13.03129768371582,300.8326110839844,-0.02622734901534929,-0.006693196677544866
2020-11-23,13.083325386047363,302.6109313964844,0.003992518902899311,0.005911328250259196
2020-11-24,12.901862144470215,307.5127868652344,-0.013869810329006138,0.01619854063476489
2020-11-25,13.177666664123535,307.00604248046875,0.021377109487372037,-0.001647880694430115
2020-11-27,13.20405101776123,307.88140869140625,0.002002202234294481,0.002851299615684866
2020-11-30,13.343694686889648,306.499267578125,0.010575820173716277,-0.004489199653710085
2020-12-01,13.332245826721191,309.87164306640625,-0.0008579977612725997,0.011002882698313954
2020-12-02,13.486077308654785,310.52587890625,0.011538302243518261,0.0021113123917038124
2020-12-03,13.342159271240234,310.4336853027344,-0.010671601097984929,-0.00029689507309460517
2020-12-04,13.50376033782959,313.1058349609375,0.012112062470854834,0.008607795431727183
2020-12-07,13.55206298828125,312.5252990722656,0.003576977763471101,-0.0018541203128465966
2020-12-08,13.296345710754395,313.4283142089844,-0.0188692509581736,0.002889414519078537
2020-12-09,12.878780364990234,310.6455383300781,-0.03140451932040422,-0.008878508267286866
2020-12-10,12.920113563537598,310.4981994628906,0.0032094031714156035,-0.0004742989967908562
2020-12-11,12.960948944091797,310.1020202636719,0.00316060538890639,-0.0012759468489803583
2020-12-14,13.255260467529297,308.6830139160156,0.022707559817343625,-0.004575933902171037
2020-12-15,13.306802749633789,312.9491882324219,0.0038884397806253634,0.013820567132232897
2020-12-16,13.189275741577148,313.4283142089844,-0.008832099661195802,0.0015310024584778148
2020-12-17,13.287633895874023,315.13287353515625,0.007457434071744817,0.005438434400777625
2020-12-18,13.218659400939941,313.87060546875,-0.005190878637580387,-0.004005510603340534
2020-12-21,13.278665542602539,312.903076171875,0.004539502822678898,-0.0030825737740877157
2020-12-22,13.224884033203125,312.2860107421875,-0.004050219446138148,-0.0019720657183586177
2020-12-23,12.956965446472168,312.5357971191406,-0.020258671914120785,0.000799864125707872
2020-12-24,12.94152545928955,313.7847900390625,-0.0011916360544761417,0.003996319562222128
2020-12-28,12.848152160644531,316.5140075683594,-0.007215014871217895,0.008697736843640946
2020-12-29,12.891229629516602,315.8479919433594,0.003352814345087163,-0.002104221642879933
2020-12-30,13.092914581298828,316.2735595703125,0.01564512909772664,0.0013473811384225876
2020-12-31,13.002530097961426,317.9758605957031,-0.006903312686886598,0.00538236907221501
2021-01-04,13.060795783996582,313.66448974609375,0.004481103723366298,-0.01355879921680958
2021-01-05,13.350874900817871,315.72772216796875,0.02220991137283712,0.006577832331435163
2021-01-06,12.563801765441895,317.6427307128906,-0.05895292564892218,0.006065379789181424
2021-01-07,13.29036808013916,322.3890380859375,0.05783013201432108,0.014942282363568316
2021-01-08,13.223387718200684,324.2023620605469,-0.005039767261116768,0.005624645258955674
2021-01-11,13.566753387451172,322.08367919921875,0.025966543261669583,-0.006535063001584351
2021-01-12,13.43055248260498,322.1113586425781,-0.010039314562330981,8.593867105655129e-05
2021-01-13,13.477363586425781,322.9163513183594,0.0034854190757549475,0.0024991129750084884
2021-01-14,13.147196769714355,321.82464599609375,-0.024497878579454957,-0.0033807681704830506
2021-01-15,12.807816505432129,319.53009033203125,-0.025813887950929315,-0.007129832014451609
2021-01-19,12.972900390625,322.055908203125,0.012889307488349377,0.007904788774256266
2021-01-20,13.312032699584961,326.4320373535156,0.026141595074994806,0.01358810392520593
2021-01-21,13.811765670776367,326.7373962402344,0.03753994468530619,0.0009354439876501086
2021-01-22,13.657387733459473,325.57159423828125,-0.01117727747463415,-0.003568009096503788
2021-01-25,13.598377227783203,326.89459228515625,-0.004320775453397929,0.0040636163298286565
2021-01-26,13.381251335144043,326.40423583984375,-0.015967044376114514,-0.0015000445308215316
2021-01-27,12.865832328796387,318.48468017578125,-0.03851799756529328,-0.024263029686748205
2021-01-28,12.998549461364746,321.15850830078125,0.01031547195522764,0.008395468578030973
2021-01-29,12.937543869018555,314.728515625,-0.004693261546414584,-0.02002124343459477
2021-02-01,13.183801651000977,319.9002380371094,0.01903435338852333,0.01643232867488731
2021-02-02,13.502264976501465,324.49835205078125,0.024155652059306254,0.014373587346748096
2021-02-03,13.476119041442871,324.82220458984375,-0.0019364110468944595,0.0009980098111925795
2021-02-04,13.609334945678711,328.4581604003906,0.00988533151318749,0.01119367998606502
2021-02-05,13.536377906799316,329.77197265625,-0.005360808531100214,0.003999937935041276
2021-02-08,14.380718231201172,332.2051696777344,0.06237564658842332,0.007378422738249846
2021-02-09,14.205924034118652,331.9367980957031,-0.01215476127633719,-0.0008078489034099023
2021-02-10,14.704911231994629,331.8073425292969,0.03512528975077922,-0.00039000064816230307
2021-02-11,15.18945598602295,332.3439636230469,0.03295121924803324,0.0016172670853498161
2021-02-12,14.901122093200684,334.03692626953125,-0.0189825029341133,0.005094007509655274
2021-02-16,15.268637657165527,333.7225036621094,0.024663616717330195,-0.0009412809863067473
2021-02-17,14.84609317779541,333.79644775390625,-0.02767401315413487,0.0002215735857948875
2021-02-18,14.769400596618652,332.37176513671875,-0.005165842640100338,-0.004268117970619767
2021-02-19,14.866507530212402,331.76104736328125,0.006574873026057748,-0.0018374538318147726
2021-02-22,14.298053741455078,329.1520690917969,-0.038237211234857016,-0.007864028318633531
2021-02-23,14.085164070129395,329.5683898925781,-0.014889416082444984,0.0012648281444196385
2021-02-24,14.440726280212402,333.2135925292969,0.025243739321223257,0.011060534773698727
2021-02-25,13.25401782989502,325.22003173828125,-0.08217789239198348,-0.02398929986720999
2021-02-26,13.659380912780762,323.4344177246094,0.03058416610632797,-0.00549047979648698
2021-03-01,13.786118507385254,331.3262634277344,0.009278428899065716,0.024400141947306775
2021-03-02,13.352368354797363,328.7635498046875,-0.03146281909266413,-0.007734713199413545
2021-03-03,12.75328540802002,324.4243469238281,-0.04486716744614816,-0.013198552222219329
2021-03-04,12.320533752441406,320.42755126953125,-0.03393256260904143,-0.012319653849022894
2021-03-05,12.411416053771973,326.3024597167969,0.007376490593401286,0.018334592091064916
2021-03-08,11.54665756225586,324.701904296875,-0.06967444228519781,-0.004905128270595971
2021-03-09,12.474234580993652,329.2445983886719,0.08033294602672636,0.013990352479249735
2021-03-10,12.422428131103516,331.27996826171875,-0.00415307645160623,0.006181938543587284
2021-03-11,12.945744514465332,334.7772521972656,0.04212673865679495,0.010556883212401003
2021-03-12,12.808749198913574,335.2490539550781,-0.010582266272803564,0.0014093005265916059
2021-03-15,13.142765998840332,337.1918640136719,0.026077237889480243,0.005795124656351902
2021-03-16,13.242403030395508,336.81256103515625,0.007581131062058599,-0.0011248876945033626
2021-03-17,13.292220115661621,337.91351318359375,0.0037619369499453104,0.00326873838984465
2021-03-18,12.675742149353027,332.9452819824219,-0.04637885627414684,-0.01470267097152922
2021-03-19,12.798538208007812,332.3532409667969,0.009687484741163876,-0.00177819313762273
2021-03-22,13.137785911560059,334.9806823730469,0.02650675397757407,0.007905568781597871
2021-03-23,13.022712707519531,332.51971435546875,-0.008758949553232864,-0.007346596825059559
2021-03-24,12.59653377532959,330.6785888671875,-0.032725818480496716,-0.005536891224178886
2021-03-25,12.489180564880371,332.5382080078125,-0.008522440566901879,0.005623645446763081
2021-03-26,12.792059898376465,337.963134765625,0.02425133754153519,0.016313694568550252
2021-03-29,12.90066146850586,337.75885009765625,0.008489764040518377,-0.0006044584363037453
2021-03-30,12.824440956115723,336.89544677734375,-0.005908263896096555,-0.002556271493886486
2021-03-31,13.29919147491455,338.2323913574219,0.037019197984800245,0.0039684257916425825
2021-04-01,13.760988235473633,341.8161926269531,0.034723671843520876,0.010595677294976014
2021-04-05,13.936091423034668,346.7462158203125,0.01272460847758361,0.014423024127297124
2021-04-06,13.81055736541748,346.5513000488281,-0.009007838267313217,-0.0005621280423299124
2021-04-07,14.091517448425293,346.9875793457031,0.020343862711244,0.0012589169246040033
2021-04-08,14.264379501342773,348.6772766113281,0.012267099945066473,0.0048696188745751545
2021-04-09,14.347074508666992,351.18414306640625,0.0057973084154439025,0.007189646768614999
2021-04-12,15.153100967407227,351.342041015625,0.056180544560029855,0.0004496158278675111
2021-04-13,15.621872901916504,352.29833984375,0.0309357098271541,0.0027218457129714047
2021-04-14,15.220850944519043,351.1656494140625,-0.02567054282897563,-0.003215145521803686
2021-04-15,16.077939987182617,354.9350280761719,0.0563101922348308,0.010733904834936858
2021-04-16,15.85401725769043,356.1791687011719,-0.013927327112223331,0.003505263010369797
2021-04-19,15.305290222167969,354.4244384765625,-0.03461122986076515,-0.004926538042660078
2021-04-20,15.115490913391113,351.82476806640625,-0.012400895770140474,-0.007334907325608042
2021-04-21,15.304045677185059,355.13006591796875,0.012474273238912925,0.009394727579095985
2021-04-22,14.795672416687012,351.87127685546875,-0.03321822681540465,-0.009176325451567768
2021-04-23,15.209146499633789,355.6221618652344,0.027945609452697084,0.010659821521340929
2021-04-26,15.421113014221191,356.3927001953125,0.013936779068602245,0.0021667331586892047
2021-04-27,15.325217247009277,356.2812805175781,-0.006218472500881145,-0.00031263176174289864
2021-04-28,15.220600128173828,356.1141662597656,-0.0068264688943229235,-0.00046905146846254464
2021-04-29,15.268426895141602,358.490966796875,0.0031422392392559395,0.006674265621254838
2021-04-30,14.95433521270752,356.12347412109375,-0.020571319140547883,-0.006604051133937472
2021-05-03,14.782219886779785,356.9311828613281,-0.011509393328396067,0.0022680581285121626
2021-05-04,14.298504829406738,354.7585754394531,-0.03272276160670895,-0.006086908418755588
2021-05-05,14.405362129211426,354.8236999511719,0.007473319838653403,0.00018357417192271797
2021-05-06,14.469623565673828,357.71112060546875,0.004460938634238909,0.008137620611853746
2021-05-07,14.757810592651367,360.2643127441406,0.019916691382435348,0.0071375811139176015
2021-05-10,14.2133207321167,356.7362976074219,-0.03689502972790526,-0.009792852114176354
2021-05-11,14.253669738769531,353.607421875,0.0028388163057249116,-0.008770836478953159
2021-05-12,13.70793342590332,346.0591735839844,-0.03828742512405947,-0.021346407976934212
2021-05-13,13.61502456665039,350.1721496582031,-0.006777743687999216,0.01188518146079609
2021-05-14,14.19064998626709,355.5478515625,0.042278691220776654,0.015351597520088411
2021-05-17,14.11343765258789,354.6936950683594,-0.005441070969541273,-0.002402367193014787
2021-05-18,13.964239120483398,351.62982177734375,-0.010571381386811463,-0.008638082192087282
2021-05-19,14.014055252075195,350.70135498046875,0.0035674075158684815,-0.002640466591206536
2021-05-20,14.558795928955078,354.4429626464844,0.03887102391716479,0.010668928456874616
2021-05-21,14.936650276184082,354.1737365722656,0.025953681133582762,-0.0007595751717245358
2021-05-24,15.554621696472168,357.74822998046875,0.04137282515567886,0.010092485803147033
2021-05-25,15.590239524841309,356.9962158203125,0.00228985500670964,-0.002102076536331987
2021-05-26,15.642298698425293,357.6461181640625,0.0033392157638780784,0.0018204740413190201
2021-05-27,15.431077003479004,357.803955078125,-0.013503238815376406,0.00044132147965902924
2021-05-28,16.18479347229004,358.5003356933594,0.04884406115277029,0.0019462630453102037
2021-06-01,16.20472526550293,358.2217712402344,0.0012315135962046586,-0.0007770270356546316
2021-06-02,16.716585159301758,358.82525634765625,0.031587076325723995,0.001684668984055504
2021-06-03,16.90738296508789,357.46051025390625,0.011413683115774731,-0.0038033724483087505
2021-06-04,17.513648986816406,360.7007141113281,0.03585806407652781,0.009064508566611673
2021-06-07,17.554244995117188,360.394287109375,0.002317964025163377,-0.0008495325624959804
2021-06-08,17.392837524414062,360.4500427246094,-0.009194782843011562,0.00015470726709221339
2021-06-09,17.298416137695312,359.8836364746094,-0.005428751150363564,-0.0015713862751092211
2021-06-10,17.36493492126465,361.5456237792969,0.003845368445287045,0.004618124127476753
2021-06-11,17.763805389404297,362.1769714355469,0.022969879815167182,0.0017462461574015986
2021-06-14,17.95663833618164,363.0868835449219,0.010855385011837804,0.0025123411512566474
2021-06-15,17.727182388305664,362.3254699707031,-0.012778335431172239,-0.0020970561282326328
2021-06-16,17.748857498168945,360.338623046875,0.0012227047360655607,-0.005483597175734767
2021-06-17,18.59293556213379,360.2086486816406,0.04755675479686072,-0.0003607006213637298
2021-06-18,18.574504852294922,355.4271240234375,-0.0009912748730438459,-0.013274319413771551
2021-06-21,18.36372947692871,360.403564453125,-0.01134756361164424,0.014001296168266952
2021-06-22,18.821643829345703,362.3161926269531,0.024935803644477117,0.005306906930097499
2021-06-23,18.991558074951172,361.92633056640625,0.00902759860648028,-0.0010760271510920072
2021-06-24,19.13930320739746,363.9966735839844,0.007779516133600284,0.0057203437349753194
2021-06-25,18.96539878845215,365.34295654296875,-0.009086246090615147,0.003698613357447922
2021-06-28,19.916112899780273,366.1042785644531,0.05012887532357113,0.0020838557521085654
2021-06-29,19.957717895507812,366.2654113769531,0.0020890118436713845,0.00044012818733452086
2021-06-30,19.933551788330078,366.600830078125,-0.0012108652554495558,0.000915780444325609
2021-07-01,20.14232635498047,368.66888427734375,0.010473525685102292,0.005641160710896376
2021-07-02,20.416378021240234,371.4730224609375,0.013605760398773592,0.007606115685869108
2021-07-06,20.627151489257812,370.7743835449219,0.010323744387878087,-0.0018807258502576696
2021-07-07,20.301528930664062,372.0506896972656,-0.01578611369404681,0.003442271658956386
2021-07-08,19.83414649963379,369.0882263183594,-0.023022031130095044,-0.007962526238875611
2021-07-09,19.981138229370117,372.98223876953125,0.0074110438651364685,0.010550356726397148
2021-07-12,20.441795349121094,374.3330078125,0.023054598515006575,0.003621537174061995
2021-07-13,20.18019676208496,373.0660400390625,-0.01279724126811499,-0.00338460073516178
2021-07-14,19.773107528686523,373.57843017578125,-0.020172708829246266,0.0013734569264602925
2021-07-15,18.900876998901367,372.3767395019531,-0.04411196007100737,-0.0032167025094641533
2021-07-16,18.098398208618164,369.4794006347656,-0.04245722515044392,-0.007780665546034515
2021-07-19,18.715017318725586,363.955078125,0.034070369266921974,-0.014951638711860116
2021-07-20,18.54784393310547,369.0975036621094,-0.008932579797981233,0.014129286404250152
2021-07-21,19.343097686767578,372.19970703125,0.04287580575565908,0.008404834327951916
2021-07-22,19.526464462280273,372.9915466308594,0.009479700639579258,0.0021274589545630107
2021-07-23,19.49058723449707,376.7178955078125,-0.0018373642526279266,0.00999043788153453
2021-07-26,19.227495193481445,377.677490234375,-0.013498415304284417,0.002547250178463134
2021-07-27,19.14179039001465,376.00054931640625,-0.004457408653824713,-0.004440139964200895
2021-07-28,19.435775756835938,375.795654296875,0.015358300390471591,-0.000544932766464723
2021-07-29,19.594226837158203,377.4165954589844,0.00815254725639325,0.004313357920921801
2021-07-30,19.431791305541992,375.572021484375,-0.008289968926366131,-0.004887368485654853
2021-08-02,19.68192481994629,374.8081359863281,0.012872385796617536,-0.002033925463956976
2021-08-03,19.746700286865234,377.8358154296875,0.003291114436800413,0.008077944827403094
2021-08-04,20.204113006591797,376.028564453125,0.02316400781303285,-0.00478316481063934
2021-08-05,20.565868377685547,378.3761901855469,0.01790503601794957,0.00624321116624782
2021-08-06,20.29580307006836,379.0282287597656,-0.013131724012695467,0.0017232547690144706
2021-08-09,20.225038528442383,378.66497802734375,-0.0034866588615228844,-0.0009583738224735461
2021-08-10,19.867277145385742,379.1400146484375,-0.017689033449974523,0.0012545037134632508
2021-08-11,19.631099700927734,380.052978515625,-0.011887761102324035,0.0024079860524193197
2021-08-12,19.836389541625977,381.16162109375,0.010457378538428985,0.002917073778647916
2021-08-13,20.1184139251709,381.9162292480469,0.01421752597432624,0.0019797590117585084
2021-08-16,19.881235122680664,382.8291320800781,-0.011789140206201365,0.0023903221756997883
2021-08-17,19.39093017578125,380.3045349121094,-0.024661694501066034,-0.0065945795562931675
2021-08-18,18.97437286376953,376.21478271484375,-0.02148206961891841,-0.0107538875343961
2021-08-19,19.729753494262695,376.7458190917969,0.0398105716545456,0.0014115244837564767
2021-08-20,20.744245529174805,379.7268981933594,0.05141939736890877,0.00791270652650855
2021-08-23,21.88231086730957,383.0900573730469,0.05486173679029127,0.008856784166959342
2021-08-24,21.717878341674805,383.695556640625,-0.0075144040605151785,0.001580566386217841
2021-08-25,22.136432647705078,384.4035339355469,0.019272338644014786,0.001845153749291395
2021-08-26,21.991933822631836,382.1584777832031,-0.006527647312143725,-0.0058403629367261845
2021-08-27,22.557973861694336,385.5494384765625,0.02573852957305589,0.008873179297315126
2021-08-30,22.60979461669922,387.3194274902344,0.0022972255984781143,0.004590822439440423
2021-08-31,22.31177520751953,386.6580505371094,-0.013180987011689904,-0.0017075749528253636
2021-09-01,22.36758804321289,387.0679931640625,0.0025014968631698054,0.0010602200739999734
2021-09-02,22.322736740112305,388.2230529785156,-0.0020051917539761765,0.0029841263934307083
2021-09-03,22.76827621459961,388.07403564453125,0.019958998740808642,-0.00038384462963003685
2021-09-07,22.587862014770508,386.6393737792969,-0.007923928809042469,-0.003696876712845798
2021-09-08,22.26592445373535,386.26678466796875,-0.014252679639384924,-0.0009636605493283934
2021-09-09,22.104454040527344,384.5339660644531,-0.007251906991039836,-0.004486066812617984
2021-09-10,22.404468536376953,381.56219482421875,0.013572581132270889,-0.007728241202329178
2021-09-13,22.07953643798828,382.4565734863281,-0.014503004070866354,0.0023439918163836726
2021-09-14,22.169240951538086,380.4722900390625,0.00406278971489038,-0.005188258183609351
2021-09-15,22.26791763305664,383.6489562988281,0.004451062701436692,0.008349271005884562
2021-09-16,22.169240951538086,382.987548828125,-0.004431338535762719,-0.001723991320304652
2021-09-17,21.828359603881836,379.2331848144531,-0.01537632020877111,-0.009802835693117351
2021-09-20,21.0439395904541,373.0380554199219,-0.035935820540918595,-0.016335936944870344
2021-09-21,21.17650604248047,372.6748352050781,0.006299507345407074,-0.0009736813967542446
2021-09-22,21.869226455688477,376.2707214355469,0.03271174252345488,0.00964885710217045
2021-09-23,22.40845489501953,380.8169250488281,0.024656950735026717,0.012082267777669742
2021-09-24,22.008764266967773,381.45037841796875,-0.017836599173135848,0.001663406554368363
2021-09-27,21.589141845703125,380.3697814941406,-0.01906615092853925,-0.0028328636828459652
2021-09-28,20.631290435791016,372.76800537109375,-0.044367275770284986,-0.01998522620063592
2021-09-29,20.44988250732422,373.3548583984375,-0.008792854185799781,0.001574311686861396
2021-09-30,20.648231506347656,368.62554931640625,0.009699273282005372,-0.012667061846518779
2021-10-01,20.67414665222168,373.037109375,0.0012550782310851716,0.011967591684230117
2021-10-04,19.667451858520508,368.44805908203125,-0.04869341456436804,-0.01230185999633493
2021-10-05,20.38409996032715,372.0277099609375,0.03643827919152476,0.009715483066527142
2021-10-06,20.63228988647461,373.68206787109375,0.012175662728818315,0.004446867439874103
2021-10-07,21.006057739257812,376.897216796875,0.018115674742832377,0.008603968994547406
2021-10-08,20.762861251831055,376.1868896484375,-0.011577445441952383,-0.001884670718649284
2021-10-11,20.627302169799805,373.4483947753906,-0.006528921057028958,-0.0072796127361219876
2021-10-12,20.603378295898438,372.70068359375,-0.0011598159422124832,-0.0020021807352802456
2021-10-13,20.870506286621094,373.8970642089844,0.012965251954619283,0.003210030643620909
2021-10-14,21.674863815307617,380.1778259277344,0.03854039368475459,0.01679810386325853
2021-10-15,21.790483474731445,383.1406555175781,0.0053342738579134075,0.007793273010106905
2021-10-18,22.149307250976562,384.3089294433594,0.016466994716350047,0.0030492037557410256
2021-10-19,22.21708106994629,387.2999267578125,0.0030598617916928195,0.007782794219185485
2021-10-20,22.030696868896484,388.8045959472656,-0.008389229911121454,0.0038850231706706317
2021-10-21,22.617767333984375,389.758056640625,0.026647839084778635,0.0024522876100177005
2021-10-22,22.651657104492188,389.36541748046875,0.0014983694016912352,-0.0010073920306881146
2021-10-25,23.090221405029297,391.38433837890625,0.019361245780562975,0.005185157201432089
2021-10-26,24.636146545410156,391.7580871582031,0.06695150788134674,0.0009549405600768335
2021-10-27,24.37101173400879,390.05706787109375,-0.01076202444699137,-0.004342014480029022
2021-10-28,24.859411239624023,393.8704528808594,0.020040181792440492,0.009776479709953323
2021-10-29,25.48336410522461,394.5714416503906,0.02509926158693787,0.0017797444931550999
2021-11-01,25.74251365661621,395.4032287597656,0.010169361875517424,0.0021080773253530083
2021-11-02,26.314638137817383,396.93603515625,0.022224887935686333,0.0038765651997638706
2021-11-03,26.510988235473633,399.32879638671875,0.007461630162949984,0.0060280776209367115
2021-11-04,29.703516006469727,401.1981201171875,0.12042281270843991,0.004681164362257739
2021-11-05,29.654674530029297,402.56268310546875,-0.0016442994973993041,0.003401219796051569
2021-11-08,30.70323371887207,403.0487060546875,0.035358984897337686,0.0012073224111819325
2021-11-09,30.556713104248047,401.63739013671875,-0.00477215579197976,-0.003501601411362021
2021-11-10,29.362632751464844,398.4034729003906,-0.03907751297429962,-0.008051833110526152
2021-11-11,30.290590286254883,398.5343017578125,0.03160334914939611,0.00032838282374747507
2021-11-12,30.290590286254883,401.49725341796875,0.0,0.007434621429291299
2021-11-15,29.926780700683594,401.68408203125,-0.012010646941283842,0.00046532974183710607
2021-11-16,30.104196548461914,403.2169189453125,0.005928330532868342,0.0038160260329740403
2021-11-17,29.16527557373047,402.244873046875,-0.031189039482251713,-0.002410726962995713
2021-11-18,31.571378707885742,403.63751220703125,0.08249889935284815,0.003462167583659914
2021-11-19,32.87709426879883,402.8804931640625,0.04135757177392296,-0.001875492292154557
2021-11-22,31.851465225219727,401.8149719238281,-0.0311958543292693,-0.002644757585223867
2021-11-23,31.642154693603516,402.3384094238281,-0.006571456921563579,0.0013026829176967514
2021-11-24,32.56711959838867,403.3291320800781,0.029232045470409806,0.0024624113259998914
2021-11-26,31.399940490722656,394.5527038574219,-0.035839187562776154,-0.021759966054011093
2021-11-29,33.26681900024414,399.3194885253906,0.05945484228140718,0.012081490308811338
2021-11-30,32.56911087036133,391.6739807128906,-0.02097309423776561,-0.019146342796174
2021-12-01,31.33600616455078,387.1690368652344,-0.037861171915893554,-0.011501769505997683
2021-12-02,32.02482223510742,393.07598876953125,0.021981616512951607,0.015256777639356844
2021-12-03,30.596343994140625,389.59912109375,-0.04460534489402468,-0.008845281256342097
2021-12-06,29.942407608032227,394.2536926269531,-0.021373023725763773,0.011947079141595651
2021-12-07,32.32487869262695,402.3570556640625,0.07956845407299884,0.02055367695636745
2021-12-08,31.72577476501465,403.4880065917969,-0.01853383374796569,0.002810814205476797
2021-12-09,30.393980026245117,400.74017333984375,-0.04197832042349858,-0.006810198090306696
2021-12-10,30.102903366088867,404.5628967285156,-0.009576786584215236,0.009539156897629075
2021-12-13,28.072315216064453,400.9737854003906,-0.0674548938130628,-0.008871578083774478
2021-12-14,28.24776268005371,398.24456787109375,0.006249839482026731,-0.006806473711421401
2021-12-15,30.363075256347656,404.4693603515625,0.07488425190528836,0.01563057724489436
2021-12-16,28.297603607177734,400.8149108886719,-0.06802577247962116,-0.009035170079914612
2021-12-17,27.71345329284668,396.65570068359375,-0.020643101883824677,-0.010376884921412977
2021-12-20,27.6317081451416,392.3656311035156,-0.0029496557805799295,-0.010815600463285002
2021-12-21,28.98343849182129,399.3290100097656,0.04891953619296463,0.017747168340574992
2021-12-22,29.30741310119629,403.36260986328125,0.011177921814432779,0.010100943714099309
2021-12-23,29.54665756225586,405.8486328125,0.008163274603373516,0.0061632458944604895
2021-12-27,30.847545623779297,411.6365051269531,0.04402826474644117,0.014261160064390488
2021-12-28,30.226511001586914,411.32696533203125,-0.02013238361867109,-0.0007519736249494979
2021-12-29,29.906522750854492,411.8241882324219,-0.01058634424315863,0.0012088264137735116
2021-12-30,29.492830276489258,410.66094970703125,-0.013832851040946004,-0.002824599813778139
2021-12-31,29.318376541137695,409.5352783203125,-0.005915123564476321,-0.0027411210818116816
2022-01-03,30.026147842407227,412.04925537109375,0.024140876295671854,0.0061386092575277384
2022-01-04,29.197757720947266,411.8804931640625,-0.02758895765809788,-0.0004095680427314008
2022-01-05,27.51706886291504,403.99127197265625,-0.05756225783141067,-0.019154151076204995
2022-01-06,28.089262008666992,403.4471130371094,0.02079411686624444,-0.0013469571579846074
2022-01-07,27.16119384765625,402.04937744140625,-0.03303996241426299,-0.003464482829437343
2022-01-10,27.313711166381836,401.52410888671875,0.0056152656463128725,-0.0013064777217919321
2022-01-11,27.729402542114258,405.04180908203125,0.015219146647639015,0.008760869191804632
2022-01-12,27.91082763671875,406.251953125,0.006542697569085876,0.002987701555331679
2022-01-13,26.491308212280273,400.6517028808594,-0.05085909464651617,-0.013785165095360097
2022-01-14,26.857152938842773,400.7736511230469,0.013809990946121342,0.00030437470079536233
2022-01-18,25.821426391601562,393.7474670410156,-0.038564271857098764,-0.017531551942954526
2022-01-19,24.98805809020996,389.6105041503906,-0.03227429378814861,-0.01050664000892243
2022-01-20,24.073951721191406,385.3235168457031,-0.036581728989044215,-0.01100326418055897
2022-01-21,23.300395965576172,377.75323486328125,-0.032132479311001605,-0.01964656101032447
2022-01-24,23.29840087890625,379.3291931152344,-8.562458221184066e-05,0.004171925231887252
2022-01-25,22.25369644165039,374.7232666015625,-0.0448401777738191,-0.012142293810412541
2022-01-26,22.70028305053711,373.8790283203125,0.020067974327666382,-0.0022529646715202523
2022-01-27,21.874893188476562,371.98419189453125,-0.03636033349112877,-0.005068046834009299
2022-01-28,22.768075942993164,381.1022033691406,0.040831411007168805,0.024511825161630973
2022-01-31,24.408884048461914,388.0721130371094,0.07206617324964193,0.018288820180915044
2022-02-01,24.560415267944336,390.6049499511719,0.006208035532536682,0.006526717146048355
2022-02-02,25.16250991821289,394.3290710449219,0.02451483998539694,0.009534239374630493
2022-02-03,23.872583389282227,385.1640625,-0.05126382595072532,-0.02324203113058787
2022-02-04,24.242412567138672,386.97454833984375,0.015491795413414833,0.0047005575444716285
2022-02-07,24.650129318237305,385.6987609863281,0.01681832408261652,-0.0032968249694685925
2022-02-08,25.028926849365234,388.8225402832031,0.0153669591845782,0.008099013045535175
2022-02-09,26.620906829833984,394.52606201171875,0.06360560283107475,0.01466870136788212
2022-02-10,25.742673873901367,387.59368896484375,-0.03299034708120396,-0.017571394425824005
2022-02-11,23.873580932617188,379.8639831542969,-0.07260679098215661,-0.01994280616691879
2022-02-14,24.19057846069336,378.62567138671875,0.013278172594672455,-0.0032598820169669196
2022-02-15,26.411561965942383,384.7044372558594,0.09181192210255906,0.01605481700930933
2022-02-16,26.427513122558594,385.1640625,0.0006039459777797962,0.0011947490063259902
2022-02-17,24.42981719970703,376.97467041015625,-0.07559152136590275,-0.021262087736557023
2022-02-18,23.567548751831055,374.5638732910156,-0.03529573884352755,-0.006395116988941574
2022-02-22,23.31633758544922,370.4644470214844,-0.01065919790925729,-0.010944531925923928
2022-02-23,22.316497802734375,363.794677734375,-0.04288151083122094,-0.01800380398371282
2022-02-24,23.673213958740234,369.3856201171875,0.06079431315784789,0.015368400707870489
2022-02-25,24.080921173095703,377.4530334472656,0.017222300912164146,0.02184008497006129
2022-02-28,24.308208465576172,376.5056457519531,0.00943847998366465,-0.0025099485534929578
2022-03-01,23.403066635131836,370.85845947265625,-0.037236056771774995,-0.014998941829991397
2022-03-02,24.147836685180664,377.6688537597656,0.03182360934403383,0.018363863930172863
2022-03-03,23.643348693847656,375.7738952636719,-0.02089164333476745,-0.005017513298301135
2022-03-04,22.86766815185547,372.7346496582031,-0.03280755835547233,-0.008087963649886287
2022-03-07,21.288381576538086,361.7309875488281,-0.06906198589335577,-0.029521436012094227
2022-03-08,21.449901580810547,359.0011291503906,0.007587237371321498,-0.007546653431423245
2022-03-09,22.9454288482666,368.56951904296875,0.06972187083571413,0.026652812806529536
2022-03-10,22.590490341186523,366.9278869628906,-0.015468811214085942,-0.004454063603362535
2022-03-11,22.03415870666504,362.2469482421875,-0.0246268065065941,-0.012757108104940906
2022-03-14,21.266448974609375,359.60150146484375,-0.0348417991481309,-0.007302882164172408
2022-03-15,22.904552459716797,367.49072265625,0.0770275981224322,0.021938788239952656
2022-03-16,24.423023223876953,375.7082214355469,0.0662955876055975,0.022361105390362512
2022-03-17,24.692216873168945,380.30487060546875,0.011022126410165978,0.012234624923453952
2022-03-18,26.374187469482422,384.5074462890625,0.06811743979703744,0.011050543940978264
2022-03-21,26.65435028076172,384.5261535644531,0.010622613932788294,4.8652569855756056e-05
2022-03-22,26.444974899291992,388.9914245605469,-0.007855204845148567,0.01161239867484154
2022-03-23,25.557628631591797,383.9820556640625,-0.0335544378877044,-0.012877838893604387
2022-03-24,28.066129684448242,389.6897888183594,0.09815077482406509,0.01486458304523075
2022-03-25,27.609495162963867,391.66632080078125,-0.01626994981561003,0.005072065112137647
2022-03-28,28.13492202758789,394.3677062988281,0.019030658167515035,0.006897160553717585
2022-03-29,28.57062530517578,399.3562316894531,0.015486208817662828,0.012649426692268317
2022-03-30,27.607501983642578,396.8713073730469,-0.033710263994772505,-0.006222325130357698
2022-03-31,27.204700469970703,390.772216796875,-0.014590291939869604,-0.015367930265714369
2022-04-01,26.632413864135742,391.85455322265625,-0.021036313429242393,0.0027697374052153556
2022-04-04,27.278488159179688,395.1771545410156,0.024258946197662334,0.008479169862986025
2022-04-05,25.853744506835938,390.2921142578125,-0.05222956800354417,-0.012361646484541633
2022-04-06,24.33428192138672,386.3388977050781,-0.058771470610280874,-0.010128866068052411
2022-04-07,24.13587760925293,388.2872619628906,-0.00815328402846427,0.005043148047960244
2022-04-08,23.05011749267578,387.3461608886719,-0.04498531746618162,-0.002423723790116794
2022-04-11,21.85169792175293,380.6350402832031,-0.05199190725616265,-0.017325899371434916
2022-04-12,21.439929962158203,379.2420654296875,-0.01884375123018789,-0.0036596075140092887
2022-04-13,22.13684844970703,383.5246276855469,0.03250563265733142,0.011292424143421798
2022-04-14,21.194660186767578,378.8655090332031,-0.04256198731630756,-0.01214816029014898
2022-04-18,21.718103408813477,378.931396484375,0.02469693863611444,0.00017390722987697949
2022-04-19,22.131864547729492,384.9835205078125,0.019051439765596978,0.015971556011424415
2022-04-20,21.417997360229492,384.69183349609375,-0.03225517605895689,-0.000757661032695589
2022-04-21,20.122867584228516,378.98785400390625,-0.06046922848192471,-0.014827399480642822
2022-04-22,19.456857681274414,368.64373779296875,-0.03309716670183194,-0.027294057320451426
2022-04-25,19.84270668029785,370.6579284667969,0.019831002793158303,0.005463786489055433
2022-04-26,18.732025146484375,360.05963134765625,-0.05597429583113733,-0.028593202263283102
2022-04-27,18.360136032104492,360.991455078125,-0.01985311846806259,0.0025879705730438296
2022-04-28,19.723066329956055,370.0367431640625,0.07423312634875612,0.025056792781923187
2022-04-29,18.491741180419922,356.4454345703125,-0.06243071583985671,-0.03672961900360272
2022-05-02,19.474807739257812,358.6854248046875,0.053162465840632445,0.006284244423203855
2022-05-03,19.543598175048828,360.238525390625,0.0035322780441291446,0.004329979638239223
2022-05-04,20.27341651916504,371.1662292480469,0.037343089925373274,0.030334634102702873
2022-05-05,18.78785514831543,358.1300964355469,-0.07327632071512302,-0.035122087585689465
2022-05-06,18.61935806274414,355.880615234375,-0.008968404548637232,-0.006281184473354462
2022-05-09,16.89950180053711,344.3975524902344,-0.09236925657755768,-0.03226661484941551
2022-05-10,17.54258155822754,345.2822570800781,0.03805317844754397,0.002568846913825862
2022-05-11,16.5804500579834,339.7196350097656,-0.05484549107271486,-0.016110361758387204
2022-05-12,16.12681007385254,339.4560546875,-0.02735993188028296,-0.0007758760315931257
2022-05-13,17.653247833251953,347.46600341796875,0.09465218182697699,0.023596423218441798
2022-05-16,17.21256446838379,346.22357177734375,-0.024963302448974045,-0.0035756926674938017
2022-05-17,18.122846603393555,353.1510314941406,0.05288474803866561,0.02000863107394646
2022-05-18,16.887535095214844,339.16424560546875,-0.06816321603403053,-0.039605677575102693
2022-05-19,17.072978973388672,336.8960266113281,0.010981109861697647,-0.0066876713083109385
2022-05-20,16.64426612854004,336.9806213378906,-0.025110605800947816,0.0002511003985812277
2022-05-23,16.847658157348633,343.3716125488281,0.012219945730129522,0.01896545619022194
2022-05-24,16.105873107910156,340.8962097167969,-0.044028970822566404,-0.007209107397249559
2022-05-25,16.924428939819336,343.7386474609375,0.05082343729053451,0.00833813243773518
2022-05-26,17.79781723022461,350.572021484375,0.051605185233186246,0.019879562783856164
2022-05-27,18.754955291748047,359.3631286621094,0.05377839592025957,0.025076465430730943
2022-05-31,18.616369247436523,357.3677978515625,-0.0073893028352085555,-0.005552408278432397
2022-06-01,18.265419006347656,354.3746643066406,-0.01885170176978479,-0.00837549875203114
2022-06-02,19.53363037109375,361.1044616699219,0.06943237186649598,0.01899062783297034
2022-06-03,18.664228439331055,355.2593688964844,-0.044507954499295344,-0.016186708816631534
2022-06-06,18.730030059814453,356.2288818359375,0.0035255473162092432,0.0027290284911123397
2022-06-07,18.86961555480957,359.7113952636719,0.007452497115559842,0.00977605580374652
2022-06-08,18.59637451171875,355.7770690917969,-0.014480477479636544,-0.010937452145465376
2022-06-09,17.998027801513672,347.4095153808594,-0.032175449565614134,-0.023519092257119345
2022-06-10,16.927003860473633,337.2159423828125,-0.05950785012955495,-0.029341663215159297
2022-06-13,15.603679656982422,324.21746826171875,-0.07817828922348835,-0.03854644009190311
2022-06-14,15.792159080505371,323.40802001953125,0.012079165149907922,-0.0024966213157092687
2022-06-15,16.481246948242188,328.038818359375,0.04363481042864237,0.014318749236843509
2022-06-16,15.557806015014648,317.2618103027344,-0.056029797753017085,-0.032852843790072805
2022-06-17,15.836034774780273,318.09002685546875,0.017883547300763913,0.002610514489418403
2022-06-21,16.520137786865234,325.88348388671875,0.04319913550420029,0.024500790258322525
2022-06-22,16.314708709716797,325.1963806152344,-0.01243507044546377,-0.0021084323246133296
2022-06-23,16.18008041381836,328.6130676269531,-0.008251958296886741,0.010506534559993508
2022-06-24,17.07858657836914,338.84423828125,0.05553162540424861,0.03113439988306088
2022-06-27,16.822294235229492,337.5736083984375,-0.015006648352519747,-0.0037498937247911757
2022-06-28,15.937753677368164,330.279052734375,-0.05258144611505544,-0.02160878541030009
2022-06-29,15.498969078063965,330.441650390625,-0.02753114448790106,0.0004923038712381089
2022-06-30,15.11703109741211,327.8331604003906,-0.02464279906154665,-0.007893950375658765
2022-07-01,14.48279094696045,331.19769287109375,-0.04195533807959395,0.010262941267423775
2022-07-05,14.922571182250977,331.7836608886719,0.030365710373167154,0.001769239430680969
2022-07-06,15.088111877441406,332.98382568359375,0.01109330913343709,0.003617311327831052
2022-07-07,15.81409740447998,337.8699951171875,0.048116393418583536,0.01467389421562082
2022-07-08,15.794151306152344,337.6715393066406,-0.0012612859158175338,-0.0005873732897709871
2022-07-11,15.110051155090332,333.8533630371094,-0.04331351129930816,-0.011307367737806162
2022-07-12,15.040243148803711,330.77239990234375,-0.004619971538819323,-0.009228492134204291
2022-07-13,15.122016906738281,329.2319030761719,0.005436997070161986,-0.0046572713643178165
2022-07-14,15.329442024230957,328.36236572265625,0.013716762702483676,-0.0026411090340611176
2022-07-15,15.718360900878906,334.5716552734375,0.02537071316967654,0.018909869701772664
2022-07-18,16.056421279907227,331.80255126953125,0.02150735570713458,-0.008276564856168456
2022-07-19,16.944955825805664,340.8091735839844,0.05533826812393983,0.027144523994744096
2022-07-20,17.757699966430664,342.9923400878906,0.04796378043000038,0.006405832568847414
2022-07-21,18.000022888183594,346.4608459472656,0.01364607591135214,0.010112487813827675
2022-07-22,17.271053314208984,343.3043212890625,-0.04049825816905783,-0.009110768778425204
2022-07-25,16.976869583129883,343.64447021484375,-0.01703334045278382,0.0009908087509764574
2022-07-26,16.487226486206055,339.52392578125,-0.028841777603710428,-0.01199071945204766
2022-07-27,17.740745544433594,348.417236328125,0.07602971059300301,0.026193472305114707
2022-07-28,17.9342098236084,352.8214416503906,0.010905081677106132,0.01264060690188673
2022-07-29,18.112712860107422,357.9909362792969,0.009953214457435688,0.014651872076495431
2022-08-01,18.38994026184082,356.9136962890625,0.015305680815157263,-0.003009126436078091
2022-08-02,18.474712371826172,354.6075134277344,0.004609700128349825,-0.006461458008774068
2022-08-03,18.840696334838867,360.1457824707031,0.019809995178643236,0.015618025093248278
2022-08-04,19.161802291870117,359.8622741699219,0.0170432106820535,-0.0007872042783239053
2022-08-05,18.936424255371094,359.1156921386719,-0.011761839156155252,-0.002074632671546617
2022-08-08,17.743738174438477,358.79437255859375,-0.06298370087448402,-0.0008947522681744813
2022-08-09,17.0386962890625,357.376708984375,-0.039734687158067716,-0.003951186759450165
2022-08-10,18.046894073486328,364.86187744140625,0.05917106375509551,0.020944757363464683
2022-08-11,17.89232635498047,364.86187744140625,-0.008564782276466287,0.0
2022-08-12,18.657201766967773,371.1088562011719,0.04274879614938376,0.01712148937996094
2022-08-15,18.97930908203125,372.6966552734375,0.01726450295637383,0.004278526490903545
2022-08-16,18.82672882080078,373.3487243652344,-0.00803929482211363,0.0017495973805250475
2022-08-17,18.284236907958984,370.7969055175781,-0.0288149852268772,-0.006834947278833825
2022-08-18,18.721025466918945,371.9405517578125,0.02388880439247809,0.003084292838523073
2022-08-19,17.79958724975586,366.8086853027344,-0.049219430783389306,-0.013797544878676571
2022-08-22,16.986841201782227,359.0777893066406,-0.045660949131546835,-0.02107609853816106
2022-08-23,17.133434295654297,358.2273254394531,0.008629803041703354,-0.0023684669241996748
2022-08-24,17.1743221282959,359.314208984375,0.0023864353133202787,0.003034060965585228
2022-08-25,17.863407135009766,364.5498962402344,0.04012298136521797,0.014571333737840142
2022-08-26,16.214981079101562,352.05584716796875,-0.0922794875271874,-0.03427253498388649
2022-08-29,15.75725269317627,349.7308349609375,-0.02822873389073699,-0.006604100530453572
2022-08-30,15.425176620483398,345.9316101074219,-0.02107449053201249,-0.01086328248391355
2022-08-31,15.052210807800293,343.2097473144531,-0.024179030286618386,-0.00786821069090371
2022-09-01,13.898415565490723,344.26824951171875,-0.0766528755836754,0.003084126268406484
2022-09-02,13.60921859741211,340.6580505371094,-0.020807909125748036,-0.010486587071941056
2022-09-06,13.42772102355957,339.5144958496094,-0.013336369943168669,-0.0033568990537490295
2022-09-07,13.680095672607422,345.60076904296875,0.018795047097347917,0.017926401575664608
2022-09-08,13.955413818359375,347.8595886230469,0.02012545470008975,0.006535921740953299
2022-09-09,14.351432800292969,353.2277526855469,0.028377444559372522,0.015431985312663432
2022-09-12,14.46914005279541,357.112060546875,0.008201777072742056,0.010996610067573132
2022-09-13,13.098536491394043,341.53692626953125,-0.0947259862300226,-0.04361413684402671
2022-09-14,13.095542907714844,342.8128967285156,-0.00022854337056399388,0.0037359663358258466
2022-09-15,12.8970365524292,338.9852294921875,-0.015158314297049946,-0.01116547035673332
2022-09-16,13.16537094116211,336.3200988769531,0.020805895031938082,-0.007862084785307144
2022-09-19,13.348915100097656,338.900146484375,0.013941434674027198,0.007671404760040357
2022-09-20,13.143427848815918,335.0820617675781,-0.015393554438010826,-0.011266105241925284
2022-09-21,13.228218078613281,329.1846618652344,0.006451150397953631,-0.017599867540609604
2022-09-22,12.529945373535156,326.406005859375,-0.052786603677713595,-0.008441025138033131
2022-09-23,12.485057830810547,320.98126220703125,-0.0035824212625393814,-0.01661961959940428
2022-09-26,12.197769165039062,317.87188720703125,-0.023010599523417108,-0.009687091946178672
2022-09-27,12.382312774658203,316.9740905761719,0.015129291850191295,-0.0028243977117569097
2022-09-28,12.70451545715332,323.2001647949219,0.02602120366031624,0.019642218098749664
2022-09-29,12.189788818359375,316.4605407714844,-0.04051525148911739,-0.02085278646969113
2022-09-30,12.108988761901855,311.63836669921875,-0.006628503386032825,-0.015237836794786075
2022-10-03,12.48106861114502,319.87786865234375,0.030727574082307196,0.026439305405157043
2022-10-04,13.134448051452637,329.5885925292969,0.052349639334902776,0.030357598410495568
2022-10-05,13.176344871520996,329.0190734863281,0.003189842458870995,-0.0017279695228472614
2022-10-06,13.097538948059082,325.55426025390625,-0.005980863754730836,-0.010530736700788412
2022-10-07,12.046147346496582,316.4130554199219,-0.08027398167945932,-0.028078897898172084
2022-10-10,11.641146659851074,314.0494689941406,-0.033620764796912006,-0.007469939641537415
2022-10-11,11.557356834411621,311.98004150390625,-0.007197729561163824,-0.006589495269208601
2022-10-12,11.47156810760498,311.0118713378906,-0.0074228673593609296,-0.0031033080236432253
2022-10-13,11.930432319641113,319.1564025878906,0.040000129688628316,0.026187203771239842
2022-10-14,11.19924545288086,311.9705505371094,-0.061287541571858895,-0.022515143022400652
2022-10-17,11.858609199523926,319.8968811035156,0.05887572956742848,0.02540730383928791
2022-10-18,11.937416076660156,323.66534423828125,0.0066455412949602,0.011780243438966886
2022-10-19,12.021204948425293,321.4250793457031,0.0070190124250557595,-0.006921547000499517
2022-10-20,12.163851737976074,318.7861633300781,0.011866263836510571,-0.008210050133601321
2022-10-21,12.435179710388184,326.4466552734375,0.022306090065617346,0.02403018958958869
2022-10-24,12.567852973937988,330.4239501953125,0.01066918746972112,0.01218359832341842
2022-10-25,13.228218078613281,335.7967224121094,0.052543987110980295,0.016260238441011987
2022-10-26,12.864117622375488,333.2906494140625,-0.027524527799133613,-0.007463065690591408
2022-10-27,13.143427848815918,331.5061340332031,0.021712350169638128,-0.0053542317613669566
2022-10-28,13.799798011779785,339.24249267578125,0.049939039534728336,0.023336999977814132
2022-10-31,13.463632583618164,336.93585205078125,-0.02436017019051029,-0.006799385910669198
2022-11-01,13.50951862335205,335.5783996582031,0.0034081470545859194,-0.0040288155276914095
2022-11-02,13.186320304870605,327.01617431640625,-0.023923747950780228,-0.025514828578113935
2022-11-03,13.38782024383545,323.53240966796875,0.015280983193652231,-0.010653187585354051
2022-11-04,14.121001243591309,328.2691955566406,0.054764777716033386,0.014640838899364406
2022-11-07,14.265644073486328,331.4206848144531,0.01024310014565466,0.009600319799939028
2022-11-08,14.565899848937988,333.2242126464844,0.02104747419078712,0.005441808295824968
2022-11-09,13.741943359375,326.4181823730469,-0.05656749655758919,-0.020424777117435844
2022-11-10,15.71106243133545,344.2830505371094,0.14329262029864798,0.05473000319463095
2022-11-11,16.286636352539062,347.57684326171875,0.03663494583635796,0.009567106831052996
2022-11-14,16.254714965820312,344.7861022949219,-0.001959974179307711,-0.00802913376106451
2022-11-15,16.624799728393555,347.6339111328125,0.02276784079889671,0.008259639292115928
2022-11-16,15.870668411254883,344.9949035644531,-0.04536182868120142,-0.007591341016645381
2022-11-17,15.638242721557617,343.9981994628906,-0.014644984298987529,-0.002889040073533411
2022-11-18,15.370904922485352,345.5169982910156,-0.017095130433276595,0.004415135981805651
2022-11-21,15.279130935668945,344.3019104003906,-0.005970630049383363,-0.003516723914120057
2022-11-22,15.998350143432617,348.8868408203125,0.04707199714380761,0.013316598837892046
2022-11-23,16.478164672851562,351.07012939453125,0.029991500693333117,0.00625787022831048
2022-11-25,16.22977638244629,351.0321350097656,-0.015073783721466505,-0.00010822448731584444
2022-11-28,15.787870407104492,345.47906494140625,-0.027228100063026783,-0.015819264148579704
2022-11-29,15.600336074829102,344.87152099609375,-0.011878380518692389,-0.0017585550239217485
2022-11-30,16.885480880737305,355.484130859375,0.0823793025832158,0.030772647833108513
2022-12-01,17.097009658813477,355.5315856933594,0.012527258155702325,0.0001334935370240764
2022-12-02,16.83858299255371,355.0190124511719,-0.015115313813170106,-0.0014417094368363026
2022-12-05,16.573179244995117,348.6969909667969,-0.015761643819789284,-0.017807557518470962
2022-12-06,15.951558113098145,343.656494140625,-0.037507657565744035,-0.014455234649993987
2022-12-07,16.084260940551758,342.9919738769531,0.008319113814007295,-0.0019336758507463303
2022-12-08,17.130937576293945,345.69732666015625,0.06507458686543055,0.007887510464526626
2022-12-09,16.963306427001953,343.17236328125,-0.00978528749786367,-0.007303971376638518
2022-12-12,17.496124267578125,348.0705261230469,0.03141002273755067,0.014273185623000062
2022-12-13,18.03193473815918,350.6429748535156,0.03062452360229062,0.007390596265422822
2022-12-14,17.63481330871582,348.5261535644531,-0.02202322907718668,-0.0060369704824311254
2022-12-15,16.91441535949707,339.95440673828125,-0.04085089740432357,-0.024594271444213667
2022-12-16,16.534259796142578,335.9011535644531,-0.022475241104981114,-0.011922931703452155
2022-12-19,16.217960357666016,333.0059509277344,-0.019129942457439486,-0.008619210163454238
2022-12-20,16.049339294433594,333.51336669921875,-0.01039718062652173,0.0015237438552395677
2022-12-21,16.464418411254883,338.5016784667969,0.02586269186577983,0.014956857102752519
2022-12-22,15.304991722106934,333.7422180175781,-0.07042014240572136,-0.014060374739576331
2022-12-23,15.172286987304688,335.61163330078125,-0.008670683213148234,0.005601374900386924
2022-12-27,14.08969497680664,334.2763977050781,-0.07135325158322525,-0.003978514041873105
2022-12-28,14.004881858825684,330.17510986328125,-0.006019514128628778,-0.012269151725798233
2022-12-29,14.570623397827148,336.0313720703125,0.04039602366548656,0.01773683730871234
2022-12-30,14.581599235534668,335.106201171875,0.0007532853885412472,-0.0027532277499492386
2023-01-03,14.283263206481934,333.8185729980469,-0.020459760567668295,-0.0038424480637041514
2023-01-04,14.716300964355469,336.22210693359375,0.030317844851939446,0.007200120454534886
2023-01-05,14.233373641967773,332.5499572753906,-0.03281580905129622,-0.01092179717655628
2023-01-06,14.826054573059082,340.11358642578125,0.0416402285220534,0.02274433956437716
2023-01-09,15.593353271484375,339.8656005859375,0.051753397685421865,-0.0007291265322558749
2023-01-10,15.873729705810547,342.28826904296875,0.01798050935194917,0.007128313229860517
2023-01-11,15.965524673461914,346.6566162109375,0.005782822900012308,0.012762187790374968
2023-01-12,16.47439193725586,347.9537658691406,0.0318728807353128,0.003741886343844758
2023-01-13,16.861530303955078,349.3081359863281,0.023499402477109133,0.003892385282293187
2023-01-17,17.662757873535156,348.7740478515625,0.04751808140404323,-0.0015289885340274978
2023-01-18,17.338472366333008,343.1085205078125,-0.01835984558719672,-0.016244119591607986
2023-01-19,16.72783088684082,340.63824462890625,-0.035218874338543316,-0.007199692608187536
2023-01-20,17.799449920654297,346.90460205078125,0.06406204373195101,0.018395930347461675
2023-01-23,19.150449752807617,351.1299133300781,0.07590121257543103,0.01218003812667301
2023-01-24,19.222288131713867,350.7579650878906,0.003751263277548711,-0.0010592895337796504
2023-01-25,19.28015899658203,350.8819274902344,0.003010612704982041,0.00035341293621860004
2023-01-26,19.758098602294922,354.6303405761719,0.02478919420724801,0.01068283314774554
2023-01-27,20.319843292236328,355.6413879394531,0.028431110768733614,0.002850989460288611
2023-01-30,19.119518280029297,351.1966247558594,-0.05907156836517746,-0.012497879421026425
2023-01-31,19.49368667602539,356.1850280761719,0.019569969834800638,0.014204018400747032
2023-02-01,20.896568298339844,360.0860900878906,0.07196594700784886,0.01095234696637637
2023-02-02,21.660869598388672,365.24609375,0.036575445744818635,0.014329916662012332
2023-02-03,21.053220748901367,361.3450622558594,-0.028052837247702467,-0.010680556372522854
2023-02-06,21.042245864868164,359.2562561035156,-0.0005212924029106558,-0.005780641194606195
2023-02-07,22.12384033203125,363.89166259765625,0.051401094451087204,0.012902785728538424
2023-02-08,22.15576934814453,359.9048156738281,0.001443195016511467,-0.01095613704190923
2023-02-09,22.287477493286133,356.8241271972656,0.005944643269750971,-0.008559731191133735
2023-02-10,21.217853546142578,357.6920166015625,-0.04799214928947282,0.0024322609883862256
2023-02-13,21.73969268798828,361.82196044921875,0.024594341774998973,0.011546088970324053
2023-02-14,22.92007064819336,361.6884765625,0.05429598187729967,-0.00036892146223799216
2023-02-15,22.713531494140625,362.8997497558594,-0.009011279119639837,0.0033489405160798125
2023-02-16,21.95322036743164,357.8541564941406,-0.033473928389564644,-0.013903545717827481
2023-02-17,21.340579986572266,356.9290771484375,-0.027906629214557,-0.0025850736366066496
2023-02-21,20.609209060668945,349.84228515625,-0.034271370617082964,-0.01985490240471577
2023-02-22,20.707988739013672,349.403564453125,0.004792987351137201,-0.0012540528167687137
2023-02-23,23.611536026000977,351.1585388183594,0.14021387222009873,0.005022771785345714
2023-02-24,23.234375,347.4006042480469,-0.015973591281213007,-0.010701532655187251
2023-02-27,23.448894500732422,348.6023254394531,0.009232850065147957,0.0034591799113516952
2023-02-28,23.16452980041504,347.2861328125,-0.01212699815372964,-0.0037756277881793032
2023-03-01,22.647676467895508,346.017578125,-0.022312273850267017,-0.0036527651629122415
2023-03-02,23.262311935424805,348.6023254394531,0.027139007765347722,0.007469988456827448
2023-03-03,23.837034225463867,354.12481689453125,0.02470615524520814,0.01584180899572707
2023-03-06,23.501779556274414,354.5541076660156,-0.014064445518617297,0.0012122583648583873
2023-03-07,23.24031639099121,349.0697326660156,-0.01112524967129136,-0.01546837247522792
2023-03-08,24.13148307800293,349.6133728027344,0.038345720945398565,0.001557396949219081
2023-03-09,23.388011932373047,343.21337890625,-0.03080917750586143,-0.018305918464095794
2023-03-10,22.917978286743164,338.2918395996094,-0.020097203943156616,-0.014339590497096988
2023-03-13,22.918975830078125,337.71954345703125,4.352667248741504e-05,-0.00169172316794719
2023-03-14,24.01372718811035,343.3278503417969,0.04776615526578243,0.01660640313366768
2023-03-15,24.178388595581055,341.2104797363281,0.006856970023055409,-0.006167197340270603
2023-03-16,25.48870277404785,347.0476989746094,0.05419361068199047,0.017107385572658895
2023-03-17,25.672325134277344,343.2515563964844,0.007204068479171655,-0.010938388553910938
2023-03-20,25.84696388244629,346.3513488769531,0.0068026073702132095,0.009030672760848901
2023-03-21,26.145357131958008,350.8819274902344,0.011544615099430278,0.013080874747483096
2023-03-22,26.413803100585938,345.063720703125,0.01026744317444428,-0.01658166560109109
2023-03-23,27.135326385498047,345.88409423828125,0.027316145356444554,0.002377455194317646
2023-03-24,26.72416877746582,348.1893310546875,-0.015152115813575118,0.006664766766690811
2023-03-27,26.476675033569336,348.763916015625,-0.009261045533628498,0.0016502084058607203
2023-03-28,26.35592269897461,348.1510009765625,-0.004560706147642257,-0.0017573923531557512
2023-03-29,26.928749084472656,353.1023864746094,0.021734256547972564,0.014221948189602429
2023-03-30,27.32693099975586,355.20941162109375,0.01478649877252547,0.005967179003011136
2023-03-31,27.720125198364258,360.17047119140625,0.014388523856261548,0.013966576920559026
2023-04-03,27.907739639282227,361.5973815917969,0.006768167155646099,0.003961763982679001
2023-04-04,27.396787643432617,359.5574035644531,-0.01830861268070616,-0.005641573006871625
2023-04-05,26.825960159301758,358.6859130859375,-0.020835562605373337,-0.002423786771948322
2023-04-06,26.981639862060547,360.0555114746094,0.005803322670812516,0.0038183779699865195
2023-04-10,27.522531509399414,360.4480895996094,0.02004665580387588,0.0010903266648862875
2023-04-11,27.113370895385742,360.4960021972656,-0.014866387340638942,0.0001329250980619534
2023-04-12,26.440752029418945,359.05938720703125,-0.024807644485152047,-0.0039851065794850316
2023-04-13,26.4088077545166,363.7139587402344,-0.0012081454743345654,0.01296323588531978
2023-04-14,26.703208923339844,362.9669494628906,0.011147840203914239,-0.002053837251479451
2023-04-17,26.94671058654785,364.20245361328125,0.009118816540254038,0.0034039026203871448
2023-04-18,27.610347747802734,364.451416015625,0.024627761489603772,0.0006835824412323444
2023-04-19,27.873809814453125,364.43231201171875,0.009542149525130661,-5.241852018333937e-05
2023-04-20,27.04850196838379,362.37310791015625,-0.029608720571860925,-0.005650443261179028
2023-04-21,27.063472747802734,362.5838928222656,0.0005534790590786542,0.0005816792347672628
2023-04-24,26.98662567138672,363.0627136230469,-0.002839512768081698,0.0013205793480075556
2023-04-25,26.187273025512695,357.3259582519531,-0.029620325846130502,-0.015801003947351067
2023-04-26,26.900808334350586,355.7361145019531,0.02724740785887625,-0.004449281428580143
2023-04-27,27.170251846313477,362.7945251464844,0.01001618645112723,0.01984170388326567
2023-04-28,27.692184448242188,365.8975830078125,0.019209707914412677,0.008553210278118728
2023-05-01,28.850807189941406,365.6485595703125,0.04183934076651585,-0.000680582351632264
2023-05-02,28.152236938476562,361.54949951171875,-0.024213196076829147,-0.01121038207674252
2023-05-03,27.745075225830078,359.0306701660156,-0.01446285471155595,-0.006966762086809353
2023-05-04,27.505563735961914,356.40655517578125,-0.008632576697618188,-0.007308888093100707
2023-05-05,28.62127685546875,362.9477844238281,0.04056317951586297,0.01835327985149071
2023-05-08,29.091312408447266,363.1488342285156,0.016422592023133564,0.000553935891926427
2023-05-09,28.512500762939453,361.5782165527344,-0.019896374470192102,-0.0043249971574820245
2023-05-10,28.82585906982422,363.158447265625,0.010990207750982917,0.004370370339110696
2023-05-11,28.519485473632812,362.65093994140625,-0.010628428989723604,-0.0013974818100473962
2023-05-12,28.281970977783203,362.16241455078125,-0.008328147997943347,-0.0013470953382994644
2023-05-15,28.89371681213379,363.41705322265625,0.021630240510151832,0.0034642983961525875
2023-05-16,29.15318489074707,361.01318359375,0.008980086580772317,-0.006614630787382114
2023-05-17,30.116207122802734,365.3229064941406,0.03303317409966122,0.011937854616523857
2023-05-18,31.613136291503906,368.895263671875,0.04970510272416617,0.009778629027171748
2023-05-19,31.199981689453125,368.3110046386719,-0.01306907983570793,-0.0015838073587272072
2023-05-22,31.112165451049805,368.51214599609375,-0.002814624677584532,0.0005461182394459474
2023-05-23,30.62516212463379,364.3940124511719,-0.015653147871762307,-0.01117502798663661
2023-05-24,30.4754695892334,361.6644287109375,-0.004887893647426034,-0.0074907480555821415
2023-05-25,37.90223693847656,364.81536865234375,0.24369656807083118,0.008712330246679167
2023-05-26,38.86625289916992,369.5560302734375,0.025434276142016765,0.01299468725401054
2023-05-30,40.028865814208984,369.67095947265625,0.029913172181923686,0.00031099262305023245
2023-05-31,37.756534576416016,367.6597595214844,-0.05676731507557131,-0.005440513785667345
2023-06-01,39.688568115234375,371.1841735839844,0.05117083865067351,0.00958607509042353
2023-06-02,39.24647903442383,376.6336669921875,-0.011138952645682654,0.014681373280507337
2023-06-05,39.090789794921875,375.90576171875,-0.003966960688763788,-0.001932661196357155
2023-06-06,38.574859619140625,376.68145751953125,-0.013198254076930205,0.002063537938962634
2023-06-07,37.402130126953125,375.4460144042969,-0.03040139364773209,-0.0032798086833629725
2023-06-08,38.43512725830078,377.6966857910156,0.02761867112491667,0.005994660484783143
2023-06-09,38.694618225097656,378.3287658691406,0.0067514012651235245,0.0016735123762106063
2023-06-12,39.405235290527344,381.8052978515625,0.018364751948082958,0.009189182256430284
2023-06-13,40.94224548339844,384.32415771484375,0.03900522815151364,0.006597236542957852
2023-06-14,42.91340255737305,384.62103271484375,0.048144820849503445,0.0007724598988656517
2023-06-15,42.570072174072266,389.5533142089844,-0.008000539757754388,0.012823743567339951
2023-06-16,42.60898971557617,388.11676025390625,0.0009141995659478486,-0.003687695374881228
2023-06-20,43.72282028198242,386.3257751464844,0.026140741046462246,-0.004614552348242373
2023-06-21,42.9613037109375,384.2092590332031,-0.017416913322005678,-0.005478578571359138
2023-06-22,42.94134521484375,385.6075439453125,-0.0004645691440846589,0.003639383693219367
2023-06-23,42.12693405151367,382.7151184082031,-0.018965664891386735,-0.007500956821320903
2023-06-26,40.55299758911133,381.1349182128906,-0.03736176149153658,-0.004128920231541655
2023-06-27,41.79458236694336,385.35845947265625,0.03061635024892473,0.011081485998631235
2023-06-28,41.037052154541016,385.5308837890625,-0.018125081517778252,0.0004474387733492957
2023-06-29,40.74262619018555,387.0077209472656,-0.007174637282587715,0.003830658503123141
2023-06-30,42.219749450683594,391.5940246582031,0.03625498399643834,0.011850677551630717
2023-07-03,42.33053970336914,392.34393310546875,0.002624133352921998,0.0019150150412028388
2023-07-05,42.23473358154297,391.468994140625,-0.0022632860931500742,-0.002230030570164465
2023-07-06,42.02114486694336,388.2768249511719,-0.00505718153015533,-0.008154334665662955
2023-07-07,42.42036056518555,387.373046875,0.009500352727329853,-0.0023276642284419946
2023-07-10,42.09799575805664,388.41143798828125,-0.0075992943679378255,0.002680597221872194
2023-07-11,42.32255172729492,390.9017333984375,0.005334124943354501,0.006411488351255379
2023-07-12,43.81663131713867,393.9784851074219,0.035302209551797414,0.007870908328381221
2023-07-13,45.88761520385742,397.1898193359375,0.04726479020555585,0.008151039586945963
2023-07-14,45.38059616088867,396.8725280761719,-0.011049147808538273,-0.0007988403637739783
2023-07-17,46.370662689208984,398.257080078125,0.02181695729183919,0.003488656694542902
2023-07-18,47.401649475097656,401.27618408203125,0.022233600429622413,0.0075807917923618184
2023-07-19,46.98546600341797,402.1415100097656,-0.00877993648508646,0.0021564347999218914
2023-07-20,45.431495666503906,399.51666259765625,-0.033073426084590074,-0.006527173511746254
2023-07-21,44.22284698486328,399.5647277832031,-0.02660376163956557,0.00012030833766574212
2023-07-24,44.5252571105957,401.2569274902344,0.006838323318169248,0.004235107829511531
2023-07-25,45.59018325805664,402.4396057128906,0.02391734975984039,0.002947433780280395
2023-07-26,45.363624572753906,402.53570556640625,-0.00496946204450055,0.00023879323046593903
2023-07-27,45.810760498046875,399.8051452636719,0.00985670632592095,-0.006783399000325208
2023-07-28,46.65910339355469,403.6991271972656,0.018518419827236565,0.009739699400380886
2023-07-31,46.638145446777344,404.4778747558594,-0.00044917165682700766,0.0019290295820064696
2023-08-01,46.41657638549805,403.22796630859375,-0.004750812004995941,-0.003090177548079942
2023-08-02,44.18292999267578,397.64178466796875,-0.048121739403428454,-0.013853656262397873
2023-08-03,44.42845153808594,396.5168151855469,0.005556932178351515,-0.002829102789992821
2023-08-04,44.5931282043457,394.5746154785156,0.0037065587604059314,-0.004898152190903726
2023-08-07,45.328697204589844,398.1321105957031,0.016495119985156403,0.009016026317033132
2023-08-08,44.5771598815918,396.4110412597656,-0.016579724751541014,-0.004322859900354081
2023-08-09,42.47126007080078,393.7765808105469,-0.04724167749548913,-0.006645779695859666
2023-08-10,42.30558776855469,394.0072937011719,-0.003900809676235517,0.0005858979478925441
2023-08-11,40.77556228637695,393.6419677734375,-0.03616603770046156,-0.0009272060024640982
2023-08-14,43.667930603027344,395.86297607421875,0.07093386711228078,0.005642204039736809
2023-08-15,43.85456848144531,391.32476806640625,0.004274026175287382,-0.011464088035759268
2023-08-16,43.401451110839844,388.43072509765625,-0.010332272926073416,-0.007395501652118552
2023-08-17,43.25972366333008,385.2866516113281,-0.0032655002052308646,-0.008094296571255155
2023-08-18,43.21480941772461,385.6423645019531,-0.001038246243896812,0.0009232421864016072
2023-08-21,46.87568664550781,388.19036865234375,0.08471348773973042,0.006607168674741759
2023-08-22,45.57920837402344,387.1039123535156,-0.02765779798147483,-0.002798771908226083
2023-08-23,47.02439498901367,391.27667236328125,0.0317071460112035,0.010779431249857696
2023-08-24,47.071292877197266,386.0751037597656,0.000997309762189369,-0.013293837764716598
2023-08-25,45.92853546142578,388.6325988769531,-0.02427716227707588,0.006624346124061153
2023-08-28,46.74394226074219,391.19012451171875,0.017753816687694046,0.006580831464360504
2023-08-29,48.68914794921875,396.7475891113281,0.041614070067646836,0.014206556483362665
2023-08-30,49.168212890625,398.40130615234375,0.009839254979485457,0.004168184221912341
2023-08-31,49.25904083251953,397.8917541503906,0.0018472898760135692,-0.001278991795670148
2023-09-01,48.4146842956543,398.7378234863281,-0.017141148560647856,0.002126380672914596
2023-09-05,48.45360565185547,396.9975280761719,0.0008039163482609357,-0.004364510481950634
2023-09-06,46.973365783691406,394.25726318359375,-0.03054963295816926,-0.0069024734382032715
2023-09-07,46.1548957824707,393.0842590332031,-0.01742412934575932,-0.0029752252144163993
2023-09-08,45.487144470214844,393.62274169921875,-0.014467616077024403,0.0013698911967119365
2023-09-11,45.09387969970703,396.2091064453125,-0.008645624496506299,0.00657066899876968
2023-09-12,44.786441802978516,394.0842590332031,-0.006817730006285383,-0.005362944408756731
2023-09-13,45.400306701660156,394.5457458496094,0.013706489597501648,0.0011710359036882778
2023-09-14,45.49612808227539,397.9590148925781,0.002110588839077776,0.008651136348254429
2023-09-15,43.8182487487793,392.99774169921875,-0.0368796072154054,-0.012466794337347986
2023-09-18,43.88412857055664,393.430419921875,0.0015034791133494707,0.0011009687251266609
2023-09-19,43.43896484375,392.6419982910156,-0.010144071246416808,-0.0020039671335427833
2023-09-20,42.16035079956055,388.9691467285156,-0.02943472637500988,-0.009354199445006373
2023-09-21,40.94062042236328,382.5945129394531,-0.028930745453142226,-0.016388533236317948
2023-09-22,41.53251647949219,381.6714172363281,0.014457427635991227,-0.0024127259328234896
2023-09-25,42.14337921142578,383.2579040527344,0.014708059701492582,0.0041566822789453894
2023-09-26,41.83295822143555,377.6332702636719,-0.0073658305479706865,-0.01467584550660328
2023-09-27,42.388912200927734,377.71978759765625,0.013289855729287536,0.00022910410919019242
2023-09-28,43.00876235961914,379.9233093261719,0.014622931481545365,0.0058337471344307446
2023-09-29,43.417999267578125,379.0159912109375,0.009515198427174854,-0.0023881612234942784
2023-10-02,44.698612213134766,378.98699951171875,0.029494978284568818,-7.649202115755926e-05
2023-10-03,43.43596649169922,373.89105224609375,-0.028247984868409737,-0.013446232383143908
2023-10-04,43.95899200439453,376.64166259765625,0.012041300215922757,0.007356716174507616
2023-10-05,44.604793548583984,376.32318115234375,0.014690999832864593,-0.0008455820928464641
2023-10-06,45.67678451538086,380.8111267089844,0.024033088856901808,0.011925774922761923
2023-10-09,45.18869400024414,383.3494873046875,-0.010685745949835068,0.0066656681427350595
2023-10-10,45.71272277832031,385.3280334472656,0.011596457690796313,0.005161207222394326
2023-10-11,46.71884536743164,386.95916748046875,0.022009684130836593,0.00423310502122165
2023-10-12,46.857582092285156,384.6331481933594,0.0029696094533668838,-0.006011019979845211
2023-10-13,45.376346588134766,382.6063537597656,-0.0316114369971785,-0.005269422157486159
2023-10-16,46.00916290283203,386.6117248535156,0.013945951189969552,0.010468647617558613
2023-10-17,43.85618209838867,386.621337890625,-0.046794609347496685,2.4864835936000418e-05
2023-10-18,42.11742401123047,381.4481506347656,-0.03964681839512174,-0.013380501148963608
2023-10-19,42.02260971069336,378.2148742675781,-0.0022511894486193507,-0.008476319420626433
2023-10-20,41.30992889404297,373.5049133300781,-0.016959461146199062,-0.012453135130184756
2023-10-23,42.89497756958008,372.84869384765625,0.03836967813725001,-0.001756923293381063
2023-10-24,43.58169937133789,375.637939453125,0.01600937547161263,0.007480904858978565
2023-10-25,41.70119857788086,370.33929443359375,-0.043148863412466376,-0.014105723791492775
2023-10-26,40.250911712646484,365.7933349609375,-0.0347780618949316,-0.012275120520518823
2023-10-27,40.42457962036133,364.171875,0.004314632894645287,-0.004432721446689714
2023-10-30,41.08435821533203,368.5537414550781,0.016321223403356733,0.01203241314304715
2023-10-31,40.70405960083008,370.7831726074219,-0.009256530490478254,0.0060491344994675345
2023-11-01,42.246185302734375,374.8658142089844,0.03788628743735556,0.011010859993598299
2023-11-02,43.424983978271484,381.9886474609375,0.027903079700330125,0.019001021117338368
2023-11-03,44.92119598388672,385.5210876464844,0.034455096318835476,0.009247500440201284
2023-11-06,45.66580581665039,386.2642517089844,0.016575912917161872,0.0019276871909572613
2023-11-07,45.86943054199219,387.3548889160156,0.004459019647202966,0.0028235520170605266
2023-11-08,46.487274169921875,387.6733703613281,0.013469616270122886,0.0008221954967542189
2023-11-09,46.86257553100586,384.7489929199219,0.008073206437361202,-0.007543405518621538
2023-11-10,48.244998931884766,390.752197265625,0.029499518223539578,0.015602911134721564
2023-11-13,48.52947235107422,390.35650634765625,0.005896433319256378,-0.0010126390094226112
2023-11-14,49.563533782958984,397.8557434082031,0.021307905934029314,0.019211251608722835
2023-11-15,48.796974182128906,398.7243957519531,-0.01546620150586675,0.0021833349351922937
2023-11-16,49.38786315917969,399.28424072265625,0.012109131497485048,0.001404090084950349
2023-11-17,49.206207275390625,399.8729553222656,-0.0036781482771096607,0.0014744248321543196
2023-11-20,50.315128326416016,402.88421630859375,0.02253620249207855,0.007530544254740423
2023-11-21,49.85099792480469,401.8321533203125,-0.009224470195133172,-0.0026113283809445775
2023-11-22,48.62528610229492,403.5694580078125,-0.024587508245243805,0.0043234586210803005
2023-11-24,47.687034606933594,403.79150390625,-0.01929554704084402,0.0005502049127641406
2023-11-27,48.15216827392578,403.0868835449219,0.00975388112987341,-0.001745010369241795
2023-11-28,47.73194885253906,403.4825744628906,-0.008726905484218173,0.000981651683847673
2023-11-29,48.050357818603516,403.2220458984375,0.006670772380321877,-0.0006456996681949434
2023-11-30,46.68291091918945,404.78558349609375,-0.028458620528412193,0.003877609405439353
2023-12-01,46.677921295166016,407.1598815917969,-0.00010688330965635817,0.005865569804133219
2023-12-04,45.42525100708008,405.11370849609375,-0.026836462578629483,-0.005025478167700603
2023-12-05,46.483375549316406,404.98822021484375,0.023293752236424714,-0.00030976063909526896
2023-12-06,45.42225646972656,403.2992858886719,-0.02282792648016818,-0.004170329510512438
2023-12-07,46.51332092285156,406.4552917480469,0.02402048110164201,0.007825468503919408
2023-12-08,47.421714782714844,408.1828918457031,0.019529757107001,0.004250406213746949
2023-12-11,46.54426956176758,409.7657470703125,-0.01850302598646414,0.003877808835769825
2023-12-12,47.57244110107422,411.80224609375,0.02209018530073137,0.0049699103402316425
2023-12-13,48.0026741027832,417.4097595214844,0.009043744482123417,0.013617005446001862
2023-12-14,48.26420211791992,418.63555908203125,0.005448196793718996,0.002936681600238966
2023-12-15,48.80324935913086,417.99859619140625,0.01116867611100103,-0.0015215212296387781
2023-12-18,49.98814392089844,420.3631591796875,0.024279009642334204,0.005656868252252423
2023-12-19,49.5159797668457,422.92083740234375,-0.009445522818368524,0.006084449045552498
2023-12-20,48.025634765625,416.8161926269531,-0.03009826339372146,-0.014434485689772236
2023-12-21,48.903079986572266,420.87689208984375,0.018270351349427782,0.00974218260883375
2023-12-22,48.74336624145508,421.8558044433594,-0.0032659240514307797,0.0023258876215677127
2023-12-26,49.19156265258789,423.60986328125,0.009195023768211463,0.004157958286730601
2023-12-27,49.329315185546875,424.3852233886719,0.0028003284614448454,0.0018303636780692134
2023-12-28,49.43412399291992,424.4530334472656,0.002124675904760176,0.00015978421221252148
2023-12-29,49.43412399291992,423.3191223144531,0.0,-0.002671464316330252
2024-01-02,48.08253860473633,420.61529541015625,-0.027341141685390702,-0.006387207101616332
2024-01-03,47.484596252441406,417.49462890625,-0.01243574839528172,-0.007419289165086496
2024-01-04,47.912837982177734,416.17657470703125,0.009018539979990026,-0.003157056661236002
2024-01-05,49.009883880615234,416.7096252441406,0.022896700438524764,0.0012808278252676164
2024-01-08,52.1602783203125,422.6697998046875,0.06428079787684071,0.014302944303374199
2024-01-09,53.045711517333984,421.64251708984375,0.01697523911939469,-0.0024304615927573936
2024-01-10,54.25355911254883,424.4239807128906,0.022769938618320662,0.006596734224632694
2024-01-11,54.72472381591797,424.278564453125,0.008684493903740265,-0.00034262027211884316
2024-01-12,54.61293029785156,424.472412109375,-0.002042833846771952,0.0004568876971191571
2024-01-16,56.28196334838867,423.0284118652344,0.03056113344283906,-0.0034018706586013137
2024-01-17,55.953548431396484,420.6734619140625,-0.005835171650983129,-0.0055668836539567446
2024-01-18,57.00566864013672,424.41424560546875,0.018803458194080802,0.008892369094037234
2024-01-19,59.385440826416016,429.6088562011719,0.04174623757686691,0.012239482179238648
2024-01-22,59.54814910888672,430.5876159667969,0.002739868227067621,0.0022782578885354177
2024-01-23,59.76676940917969,431.866943359375,0.0036713198237818823,0.002971119802657629
2024-01-24,61.25312423706055,432.22552490234375,0.024869251635551315,0.0008303056033402978
2024-01-25,61.507667541503906,434.6580505371094,0.004155597083639773,0.0056279083363139915
2024-01-26,60.92271423339844,434.39642333984375,-0.009510250209224025,-0.0006019149925839962
2024-01-29,62.354164123535156,437.55572509765625,0.02349616080223793,0.007272853983286254
2024-01-30,62.66261672973633,437.2456970214844,0.0049467843974313475,-0.0007085453540864872
2024-01-31,61.41783142089844,430.1224670410156,-0.01986487915445101,-0.016291137978011405
2024-02-01,62.91517639160156,435.7822570800781,0.02437964571627038,0.0131585547669677
2024-02-02,66.04261016845703,440.2596435546875,0.049708734143721456,0.010274366158479431
2024-02-05,69.208984375,438.6509094238281,0.04794441343954148,-0.0036540576780337286
2024-02-06,68.10195922851562,440.01739501953125,-0.015995396500634973,0.00311520064439863
2024-02-07,69.97461700439453,443.6322326660156,0.027497854644610298,0.0082152153242121
2024-02-08,69.5174331665039,443.93267822265625,-0.006533566848417549,0.0006772401428882802
2024-02-09,72.00503540039062,446.4524841308594,0.03578386198363459,0.005676099174071858
2024-02-12,72.11981201171875,446.2489318847656,0.001594008123041668,-0.00045593260946907854
2024-02-13,72.00004577636719,439.9592590332031,-0.0016606565104759774,-0.014094538725275108
2024-02-14,73.7688980102539,444.1459045410156,0.02456737651779828,0.009515984541415223
2024-02-15,72.52908325195312,447.15020751953125,-0.016806740940178422,0.006764225331809204
2024-02-16,72.48416137695312,444.8630676269531,-0.0006193636123036361,-0.005114925262509784
2024-02-20,69.32878112792969,442.4208679199219,-0.04353199635729954,-0.005489778506583498
2024-02-21,67.35228729248047,442.8666687011719,-0.028508994436265533,0.0010076395883991118
2024-02-22,78.39865112304688,452.17041015625,0.164008740825639,0.02100799656556651
2024-02-23,78.67715454101562,452.3738708496094,0.003552400634184938,0.0004499646345479391
2024-02-26,78.95167541503906,450.7166748046875,0.003489206944823131,-0.003663332813209297
2024-02-27,78.56135559082031,451.5500793457031,-0.004943781397505287,0.0018490652500859905
2024-02-28,77.52520751953125,450.85235595703125,-0.013189029943497244,-0.0015451738812289895
2024-02-29,78.97162628173828,452.51922607421875,0.01865739942511757,0.0036971529485505528
2024-03-01,82.13300323486328,456.88037109375,0.04003180765008563,0.009637480063258153
2024-03-04,85.08576965332031,456.3376770019531,0.03595103432433189,-0.001187825361150252
2024-03-05,85.81550598144531,451.7633056640625,0.00857647913509263,-0.010024093053072725
2024-03-06,88.54676818847656,454.15704345703125,0.03182714097871542,0.005298654766681565
2024-03-07,92.50891876220703,458.6539001464844,0.04474641655240097,0.009901545631051167
2024-03-08,87.37680053710938,455.8724670410156,-0.055477010149580286,-0.0060643398095610035
2024-03-11,85.62582397460938,455.49444580078125,-0.020039376032730205,-0.0008292258637334626
2024-03-12,91.75422668457031,460.36932373046875,0.07157189765295802,0.01070238720719674
2024-03-13,90.7309799194336,459.67144775390625,-0.011152039552950521,-0.0015159046022169553
2024-03-14,87.79206848144531,458.66357421875,-0.03239148789749591,-0.002192595472442438
2024-03-15,87.68526458740234,455.504150390625,-0.0012165551614214953,-0.006888325137888951
2024-03-18,88.30219268798828,458.353515625,0.007035710087536895,0.006255410037277365
2024-03-19,89.24356842041016,460.9217224121094,0.010660842089710965,0.005603113534773385
2024-03-20,90.21588897705078,464.9435729980469,0.010895133104272592,0.008725669436645767
2024-03-21,91.27703857421875,466.49420166015625,0.011762335983164895,0.0033350900026656305
2024-03-22,94.1260986328125,465.8846130371094,0.031213327065570118,-0.0013067442657967998
2024-03-25,94.83788299560547,464.6789855957031,0.007562029799722758,-0.0025878241256922507
2024-03-26,92.4011001586914,463.3761901855469,-0.025694192657452875,-0.0028036460665121776
2024-03-27,90.09410095214844,467.4207458496094,-0.024967226608567317,0.008728449475237321
2024-03-28,90.19991302490234,467.3624267578125,0.0011744617198645724,-0.00012476787201831652
2024-04-01,90.20689392089844,466.74993896484375,7.739360008218732e-05,-0.0013105199688766556
2024-04-02,89.29747009277344,463.697021484375,-0.010081533556875022,-0.006540798885243615
2024-04-03,88.81033325195312,464.1151123046875,-0.005455214356176241,0.0009016465513929095
2024-04-04,85.756591796875,458.3982238769531,-0.03438497912641225,-0.012317824341779415
2024-04-05,87.85597229003906,463.2691955566406,0.024480689462761163,0.010626070141569688
2024-04-08,86.98248291015625,463.45391845703125,-0.009942288009734401,0.00039873771483689424
2024-04-09,85.20652770996094,464.027587890625,-0.020417389119941398,0.0012378133202619601
2024-04-10,86.88864135742188,459.5357360839844,0.019741605398905238,-0.009680139551744515
2024-04-11,90.45946502685547,462.8511657714844,0.04109655317022143,0.0072147374560094235
2024-04-12,88.03366088867188,456.541259765625,-0.026816476722070215,-0.01363268902076109
2024-04-15,85.85242462158203,450.7465515136719,-0.024777298195610142,-0.012692627726413996
2024-04-16,87.26399230957031,449.9395751953125,0.01644179176313476,-0.0017903105761972737
2024-04-17,83.88983917236328,447.22705078125,-0.03866604137520058,-0.0060286415412226235
2024-04-18,84.52471923828125,446.2061767578125,0.007568021016389315,-0.002282675034200543
2024-04-19,76.06836700439453,442.4727478027344,-0.10004590739955788,-0.008367049022507178
2024-04-22,79.3806381225586,446.3131103515625,0.04354334460699949,0.008679319953373232
2024-04-23,82.28060913085938,451.9424743652344,0.03653247286603323,0.012613037535997185
2024-04-24,79.53936004638672,451.61187744140625,-0.03331585793334324,-0.0007315022211453748
2024-04-25,82.48926544189453,449.74517822265625,0.03708736647852651,-0.00413341480150109
2024-04-26,87.58345031738281,454.2467041015625,0.061755730860237,0.010009058677840077
2024-04-29,87.60540008544922,455.8315124511719,0.00025061547571914033,0.003488871433297236
2024-04-30,86.25274658203125,448.6270751953125,-0.015440298224751015,-0.015805044318060624
2024-05-01,82.89753723144531,447.1687316894531,-0.038899739237810205,-0.0032506809920566093
2024-05-02,85.66875457763672,451.3396301269531,0.03342942913315161,0.009327348139351876
2024-05-03,88.63561248779297,456.93988037109375,0.034631738546724744,0.012408062289068988
2024-05-06,91.98081970214844,461.54833984375,0.03774111917843603,0.010085483168843945
2024-05-07,90.3975601196289,462.2094421386719,-0.01721293186608286,0.0014323576489208012
2024-05-08,90.25581359863281,462.2289123535156,-0.001568034809883323,4.212422566207685e-05
2024-05-09,88.59368896484375,464.8831481933594,-0.018415707171845153,0.005742254041031902
2024-05-10,89.72273254394531,465.4567565917969,0.012744063288183005,0.0012338765142738684
2024-05-13,90.24284362792969,465.4859313964844,0.005796870751006544,6.267994668540666e-05
2024-05-14,91.19818878173828,467.6929626464844,0.01058638131736478,0.004741348988526406
2024-05-15,94.4665298461914,473.390380859375,0.035837784808151696,0.012181962671944602
2024-05-16,94.19601440429688,472.4862060546875,-0.002863611507006536,-0.0019099982619970035
2024-05-17,92.31924438476562,473.18621826171875,-0.019924091601965288,0.0014815505681666785
2024-05-20,94.61627960205078,473.6529235839844,0.024881434337911568,0.0009863037093094107
2024-05-21,95.2212142944336,474.92657470703125,0.006393558221979623,0.0026889966463408133
2024-05-22,94.78594970703125,473.5459899902344,-0.004571088392723688,-0.002906943494683456
2024-05-23,103.61969757080078,470.0263671875,0.09319680702755306,-0.007432483596380934
2024-05-24,106.28507232666016,473.22515869140625,0.025722664882689816,0.006805557575518373
2024-05-28,113.70423126220703,473.604248046875,0.06980433632998406,0.0008010760808174755
2024-05-29,114.62664031982422,470.2694396972656,0.008112354723986304,-0.0070413396065639455
2024-05-30,110.30911254882812,467.109619140625,-0.037666006427036436,-0.006719170522062279
2024-05-31,109.443603515625,471.1736145019531,-0.007846215178460514,0.008700303300978707
2024-06-03,114.80133056640625,471.68890380859375,0.04895422737077859,0.0010936293773269323
2024-06-04,116.23583984375,472.26251220703125,0.012495580584878097,0.0012160735472170892
2024-06-05,122.22847747802734,477.91131591796875,0.051555850952106796,0.011961152039231093
2024-06-06,120.78897857666016,477.8044738769531,-0.011777115538610605,-0.00022356039176518738
2024-06-07,120.67916870117188,477.18218994140625,-0.0009091050920559951,-0.0013023819775014323
2024-06-10,121.5796127319336,478.7475280761719,0.007461470280686333,0.003280378370696946
2024-06-11,120.71105194091797,479.8364562988281,-0.007143967409492302,0.002274535446756376
2024-06-12,124.99397277832031,483.8323974609375,0.03548076807000755,0.008327714807106812
2024-06-13,129.396728515625,484.7463073730469,0.03522374430896025,0.001888897719345417
2024-06-14,131.66299438476562,485.1352233886719,0.017514089383387832,0.000802308361527615
2024-06-17,130.76449584960938,488.9853515625,-0.006824229840394769,0.007936195906236065
2024-06-18,135.35691833496094,490.2881774902344,0.035119796512910195,0.0026643455137691507
2024-06-20,130.56480407714844,488.927001953125,-0.03540354136870716,-0.0027762764831026354
2024-06-21,126.36172485351562,487.8575439453125,-0.032191517869925246,-0.002187357220076458
2024-06-24,117.91564178466797,486.54498291015625,-0.06684051740065078,-0.0026904596463581676
2024-06-25,125.88250732421875,488.56732177734375,0.06756411124912076,0.004156530101474543
2024-06-26,126.19200134277344,489.1117248535156,0.002458594328420549,0.001114284668469967
2024-06-27,123.78597259521484,489.8701171875,-0.019066412466374416,0.0015505503046600033
2024-06-28,123.33671569824219,487.98114013671875,-0.00362930376967463,-0.00385607732438642
2024-07-01,124.095458984375,489.1031799316406,0.0061518038796262164,0.0022993507384476697
2024-07-02,122.4681396484375,492.27423095703125,-0.013113447899349762,0.006483398913566418
2024-07-03,128.06893920898438,494.49884033203125,0.04573270710753663,0.00451904494508093
2024-07-05,125.6229476928711,497.45526123046875,-0.019099022223662554,0.005978620488679809
2024-07-08,127.9890365600586,497.933349609375,0.018834845946874568,0.0009610680922815806
2024-07-09,131.163818359375,498.4797668457031,0.024805107411107308,0.0010973702339014402
2024-07-10,134.68801879882812,503.2802429199219,0.026868693543193434,0.009630232546037565
2024-07-11,127.19036865234375,498.9676818847656,-0.05566679362685534,-0.008568905884593692
2024-07-12,129.02732849121094,502.05078125,0.01444260173416323,0.006178956026948512
2024-07-15,128.22865295410156,503.57293701171875,-0.006189971895479318,0.003031876094145014
2024-07-16,126.15206909179688,506.4317321777344,-0.016194382569455712,0.005677023040555396
2024-07-17,117.79583740234375,499.3578796386719,-0.06623935500711098,-0.013968027849763365
2024-07-18,120.89073181152344,495.6014099121094,0.02627337669504204,-0.007522600282748426
2024-07-19,117.73594665527344,492.29376220703125,-0.02609617055812452,-0.0066740078597934405
2024-07-22,123.33671569824219,497.4064636230469,0.04757059506530825,0.010385468613485216
2024-07-23,122.38826751708984,496.5771179199219,-0.007689909495180891,-0.001667340020240493
2024-07-24,114.06201171875,485.21014404296875,-0.06803148673688997,-0.02289065175730909
2024-07-25,112.09524536132812,482.7611083984375,-0.017242956947589705,-0.005047371071274176
2024-07-26,112.87395477294922,488.17626953125,0.00694685496348213,0.011217061686632723
2024-07-29,111.40637969970703,488.53729248046875,-0.013001892918470648,0.0007395339998099715
2024-07-30,103.55931091308594,485.9809265136719,-0.0704364400653954,-0.005232693606290195
2024-07-31,116.82743072509766,493.6402282714844,0.12812097429990854,0.015760498694380454
2024-08-01,109.0302963256836,486.9078369140625,-0.06674061349308635,-0.013638255093179508
2024-08-02,107.09347534179688,478.0093994140625,-0.017764062367594202,-0.018275404143003215
2024-08-05,100.28469848632812,463.6567077636719,-0.06357788682959464,-0.03002596113796918
2024-08-06,104.07845306396484,468.28155517578125,0.037829844780895794,0.009974723399163388
2024-08-07,98.74724578857422,465.0324401855469,-0.05122296804425175,-0.006938379174500575
2024-08-08,104.79727172851562,475.8823547363281,0.06126779427240936,0.023331521875016303
2024-08-09,104.57762908935547,477.92156982421875,-0.002095881271882316,0.004285124395966511
2024-08-12,108.8405990600586,478.16552734375,0.04076368921177842,0.0005104551351824416
2024-08-13,115.94889831542969,486.1078186035156,0.06530926250643576,0.016609920217138363
2024-08-14,117.8857192993164,487.6590881347656,0.016704091302512936,0.0031912046502491354
2024-08-15,122.65782928466797,496.03070068359375,0.04048081492580957,0.017166936395768717
2024-08-16,124.37500762939453,497.0747375488281,0.013999745101809014,0.0021047827559776966
2024-08-19,129.78607177734375,501.8556213378906,0.043506040731855045,0.009618038149832309
2024-08-20,127.04061889648438,501.0263671875,-0.021153678844440083,-0.0016523759327033982
2024-08-21,128.28857421875,502.7826232910156,0.009823278043713524,0.003505316722898888
2024-08-22,123.536376953125,498.71392822265625,-0.03704302814623095,-0.00809235419022103
2024-08-23,129.15713500976562,504.1095275878906,0.045498809300303256,0.01081902682057323
2024-08-26,126.25191497802734,502.8704833984375,-0.022493685939368513,-0.002457886871096826
2024-08-27,128.0889129638672,503.543701171875,0.014550258395364057,0.0013387498285599708
2024-08-28,125.4033203125,500.6653747558594,-0.02096662848661046,-0.005716140246252777
2024-08-29,117.39649200439453,500.7434387207031,-0.06384861491827154,0.00015592043863987826
2024-08-30,119.17357635498047,505.4559326171875,0.015137457007824429,0.009410994797103722
2024-09-03,107.8222885131836,495.23065185546875,-0.09525003938779997,-0.020229816492158936
2024-09-04,106.03523254394531,494.001220703125,-0.016574086804137633,-0.0024825425238471643
2024-09-05,107.03359985351562,492.7815856933594,0.009415430000179859,-0.0024688906801276778
2024-09-06,102.66080474853516,484.5759582519531,-0.04085441497777331,-0.016651651927822475
2024-09-09,106.2947998046875,490.03009033203125,0.03539807685176166,0.011255473960683604
2024-09-10,107.922119140625,492.0498352050781,0.015309491517248697,0.0041216752050436956
2024-09-11,116.7176284790039,497.08447265625,0.08149867152736467,0.01023196654272529
2024-09-12,118.95413208007812,501.35809326171875,0.01916166075526915,0.00859737296285279
2024-09-13,118.9141845703125,504.0217590332031,-0.0003358228004953778,0.005312900713649871
2024-09-16,116.59780883789062,504.78277587890625,-0.01947938961858864,0.0015098888729780935
2024-09-17,115.40966796875,505.0169982910156,-0.010190078878690834,0.0004640063474858902
2024-09-18,113.19313049316406,503.3778381347656,-0.019205821441112936,-0.003245752443575056
2024-09-19,117.68611145019531,512.1591186523438,0.0396930532573494,0.017444710220292148
2024-09-20,115.81903076171875,511.15423583984375,-0.015864919534423705,-0.001962051979361723
2024-09-23,116.07862091064453,512.4129028320312,0.0022413427846745826,0.0024624015687153555
2024-09-24,120.68143463134766,513.8861694335938,0.03965255345552654,0.0028751551598720226
2024-09-25,123.31731414794922,512.8422241210938,0.02184163226641722,-0.0020314718990211977
2024-09-26,123.84648895263672,514.88134765625,0.004291163883545446,0.003976122556310413
2024-09-27,121.21060943603516,514.21484375,-0.021283441613024756,-0.0012944805813688287
2024-09-30,121.25054168701172,516.456298828125,0.00032944517944732965,0.0043589855589909465
2024-10-01,116.81745910644531,511.63104248046875,-0.036561342480511794,-0.009343009967358484
2024-10-02,118.66458129882812,511.71905517578125,0.015812038769818626,0.00017202375932034997
2024-10-03,122.6583480834961,510.75018310546875,0.033655929519614824,-0.0018933671914556083
2024-10-04,124.72511291503906,515.4580078125,0.01684976900337909,0.009217470424399465
2024-10-07,127.52073669433594,510.81854248046875,0.02241428140619295,-0.00900066593536919
2024-10-08,132.68267822265625,515.6535034179688,0.040479232336097404,0.009465124178973827
2024-10-09,132.4430389404297,519.1771240234375,-0.0018061082685143504,0.006833310705954165
2024-10-10,134.5996856689453,518.3060302734375,0.01628357930903146,-0.001677835385444859
2024-10-11,134.58970642089844,521.38916015625,-7.414020320539727e-05,0.005948473879777039
2024-10-14,137.8546142578125,525.6564331054688,0.024258228387123548,0.008184429741385335
2024-10-15,131.3946990966797,521.6533813476562,-0.0468603477359969,-0.007615338661724924
2024-10-16,135.5082550048828,523.8458251953125,0.03130686349208345,0.004202874793971745
2024-10-17,136.7163848876953,523.924072265625,0.008915544538367515,0.0001493704188313405
2024-10-18,137.78469848632812,525.9402465820312,0.007814086069569237,0.003848218517022106
2024-10-21,143.48580932617188,525.1278686523438,0.04137695188562218,-0.0015446202015665378
2024-10-22,143.36599731445312,524.7658081054688,-0.0008350094847804357,-0.0006894712097534894
2024-10-23,139.34228515625,519.9797973632812,-0.02806601449141166,-0.009120279309862367
2024-10-24,140.19094848632812,521.1541748046875,0.006090493844897793,0.0022585059022701692
2024-10-25,141.31918334960938,520.9486694335938,0.00804784385484969,-0.00039432740065981076
2024-10-28,140.30075073242188,522.5733642578125,-0.0072066126696189725,0.003118723435814097
2024-10-29,141.02963256835938,523.4053955078125,0.00519513853013942,0.0015921807480212546
2024-10-30,139.1226043701172,521.82958984375,-0.013522180860237487,-0.0030106790598397604
2024-10-31,132.55288696289062,511.5625,-0.04722250159829311,-0.019675177574395963
2024-11-01,135.1887664794922,513.7842407226562,0.019885493081259753,0.004343048449908293
2024-11-04,135.83775329589844,512.66845703125,0.004800597219035252,-0.0021716969945143605
2024-11-05,139.6917266845703,518.8346557617188,0.02837188701344817,0.01202765382948634
2024-11-06,145.38282775878906,531.7540893554688,0.040740430441306597,0.024900868610602922
2024-11-07,148.6477508544922,535.8942260742188,0.02245741911912802,0.007785810775368329
2024-11-08,147.39967346191406,538.2627563476562,-0.008396207715243742,0.004419771959083274
2024-11-11,145.0333709716797,538.7032470703125,-0.01605364811643084,0.0008183563091845869
2024-11-12,148.0586395263672,537.0882568359375,0.020859120452204394,-0.0029979218487320436
2024-11-13,146.04177856445312,537.3623046875,-0.013622041701625176,0.0005102473347247116
2024-11-14,146.531005859375,533.9464111328125,0.003349913290092932,-0.006356779262129297
2024-11-15,141.7584991455078,527.0560913085938,-0.032569944401032336,-0.012904515660289495
2024-11-18,139.93133544921875,529.2387084960938,-0.012889270888890914,0.004141147827512848
2024-11-19,146.7806396484375,531.1668090820312,0.04894760831968448,0.0036431586635385926
2024-11-20,145.66238403320312,531.3626098632812,-0.0076185498163298115,0.00036862390100833586
2024-11-21,146.44119262695312,534.0443115234375,0.005346669278545324,0.005046839221235944
2024-11-22,141.72853088378906,535.83544921875,-0.03218125759989665,0.0033539121317536225
2024-11-25,135.8077850341797,537.5579833984375,-0.04177525733660581,0.0032146700674600126
2024-11-26,136.70640563964844,540.572509765625,0.006616856355050604,0.005607816198970106
2024-11-27,135.1288604736328,538.8499755859375,-0.011539657989209084,-0.0031864997730541855
2024-11-29,138.03431701660156,541.6883544921875,0.021501376780541204,0.005267475243296849
2024-12-02,138.41371154785156,543.2151489257812,0.002748552240124269,0.0028185845623818206
2024-12-03,140.0411834716797,543.3424072265625,0.011758025311426445,0.0002342686889953427
2024-12-04,144.91355895996094,546.7680053710938,0.03479244724653863,0.006304676570372703
2024-12-05,144.8436737060547,545.8578491210938,-0.00048225476213414886,-0.0016646113910455673
2024-12-06,142.22756958007812,546.9442749023438,-0.018061569822411916,0.0019903089842883137
2024-12-09,138.6029815673828,544.0960693359375,-0.02548442628526082,-0.005207487667577837
2024-12-10,134.86859130859375,542.5496215820312,-0.02694307306061494,-0.002842232908967124
2024-12-11,139.1022491455078,546.660400390625,0.031390984333980354,0.007576779422695079
2024-12-12,137.1351776123047,543.8416137695312,-0.014141191427792577,-0.005156376095798332
2024-12-13,134.0498046875,543.802490234375,-0.022498770764182496,-7.193920833870049e-05
2024-12-16,131.80313110351562,545.9360961914062,-0.016759991476465563,0.00392349427475347
2024-12-17,130.19554138183594,543.6458129882812,-0.01219690084916969,-0.004195148881165012
2024-12-18,128.71774291992188,527.6824340820312,-0.011350607295990245,-0.029363564520994645
2024-12-19,130.485107421875,527.4866333007812,0.013730542983904304,-0.0003710579860226604
2024-12-20,134.49911499023438,533.4570922851562,0.030762189246482885,0.011318692470014824
2024-12-23,139.46170043945312,537.2755737304688,0.036896788871652264,0.007157991712051892
2024-12-24,140.01089477539062,542.8035888671875,0.003937958121885465,0.010288975354557861
2024-12-26,139.7213134765625,542.7938232421875,-0.002068276895827892,-1.79910840685249e-05
2024-12-27,136.8056640625,537.1676635742188,-0.02086760667728471,-0.010365187345653393
2024-12-30,137.2849578857422,531.1879272460938,0.0035034647616871695,-0.011131973746030921
2024-12-31,134.08973693847656,529.0474853515625,-0.02327437030592172,-0.004029537918205706
2025-01-02,138.10372924804688,527.7218627929688,0.029935119579002745,-0.002505677836674436
2025-01-03,144.25454711914062,534.5361938476562,0.044537666756603755,0.012912732132458249
2025-01-06,149.20716857910156,537.6487426757812,0.03433251539634674,0.005822896305150982
2025-01-07,139.93099975585938,531.6002807617188,-0.06216972623754646,-0.011249839223952063
2025-01-08,139.9010772705078,532.317138671875,-0.0002138374299031076,0.0013484904656728691
2025-01-10,135.7073211669922,524.2166137695312,-0.029976581920142964,-0.015217479043704074
2025-01-13,133.03131103515625,524.8941040039062,-0.01971898132557659,0.0012923860415321453
2025-01-14,131.56350708007812,525.5618896484375,-0.011033522436610599,0.0012722292733664542
2025-01-15,136.03683471679688,535.17431640625,0.03400127995976865,0.018289809339567142
2025-01-16,133.3708038330078,534.3790283203125,-0.019597860309961135,-0.0014860355991631602
2025-01-17,137.504638671875,539.5045166015625,0.030995050791199574,0.00959148471331428
2025-01-21,140.61997985839844,544.4139404296875,0.02265626248404251,0.009099875306050054
2025-01-22,146.85069274902344,547.5067749023438,0.04430887343960088,0.005681034674121621
2025-01-23,147.00045776367188,550.5408935546875,0.001019845476005976,0.005541700653631132
2025-01-24,142.4073028564453,548.8814086914062,-0.031245854449044264,-0.003014280833102956
2025-01-27,118.24339294433594,541.242431640625,-0.16968167662348033,-0.013917354331591247
2025-01-28,128.7976531982422,545.7786865234375,0.0892587737132573,0.008381188572119447
2025-01-29,123.51553344726562,543.3828735351562,-0.04101099375503725,-0.004389715185732834
2025-01-30,124.464111328125,546.220458984375,0.007679826612774665,0.0052220737668045025
2025-01-31,119.89094543457031,543.3043823242188,-0.036742847755514396,-0.0053386441540075324
2025-02-03,116.48603057861328,539.7401733398438,-0.0284001001377977,-0.006560243392713994
2025-02-04,118.47305297851562,543.323974609375,0.017058031680128094,0.006639863857743178
2025-02-05,124.64383697509766,545.5527954101562,0.05208597095662815,0.0041021948320680846
2025-02-06,128.4880828857422,547.5166015625,0.03084184508386545,0.003599662890311661
2025-02-07,129.6463623046875,542.1948852539062,0.009014683641714205,-0.009719735060830459
2025-02-10,133.3708038330078,546.0733642578125,0.028727697886095305,0.007153293233465252
2025-02-11,132.6019744873047,546.5642700195312,-0.005764600074434356,0.000898974009446496
2025-02-12,130.94442749023438,544.7576293945312,-0.012500168292961633,-0.003305449558448914
2025-02-13,135.08824157714844,550.5112915039062,0.03164559322101046,0.01056187522471208
2025-02-14,138.6429443359375,550.531005859375,0.026313931673757063,3.581099202332183e-05
2025-02-18,139.19212341308594,552.1216430664062,0.003961103680961697,0.002889278151642527
2025-02-19,139.02236938476562,553.4569702148438,-0.0012195663386536104,0.0024185379530157203
2025-02-20,139.9010772705078,551.1298828125,0.006320622282808497,-0.004204640157373762
2025-02-21,134.22952270507812,541.7529907226562,-0.040539749057567076,-0.017013942415882166
2025-02-24,130.085693359375,539.1903076171875,-0.03087122163734224,-0.004730353407094823
2025-02-25,126.44115447998047,536.509765625,-0.02801644658437663,-0.004971420951599526
2025-02-26,131.084228515625,536.8435668945312,0.036721224626113935,0.0006221718427481537
2025-02-27,119.97081756591797,528.22265625,-0.08478068700982078,-0.016058515322071365
2025-02-28,124.73371124267578,536.43115234375,0.039700435267441936,0.015539841005731247
2025-03-03,113.88990020751953,527.191650390625,-0.08693568825238485,-0.017224021969559744
2025-03-04,115.81702423095703,520.8389282226562,0.01692093873052891,-0.012050119085273203
2025-03-05,117.12506866455078,526.68115234375,0.011294060111450621,0.011216949817921984
2025-03-06,110.40510559082031,517.12744140625,-0.05737425087857684,-0.018139458560431976
2025-03-07,112.52195739746094,519.9159545898438,0.0191734956034193,0.005392313306775698
2025-03-10,106.8204574584961,506.16961669921875,-0.050670109824213716,-0.026439538485541036
2025-03-11,108.5978012084961,502.0162658691406,0.01663860829926289,-0.008205452664588053
2025-03-12,115.57803344726562,504.4513244628906,0.06427599970802578,0.00485055716179672
2025-03-13,115.41825103759766,497.8628845214844,-0.0013824634742628517,-0.013060605893782218
2025-03-14,121.49972534179688,508.0843200683594,0.05269075080871022,0.020530623721226382
2025-03-17,119.36272430419922,511.962646484375,-0.0175885256660947,0.0076332338212952155
2025-03-18,115.26846313476562,506.5623779296875,-0.034301003041780964,-0.010548169073995695
2025-03-19,117.35553741455078,511.8842468261719,0.0181062037527564,0.010505851062676097
2025-03-20,118.36412048339844,510.7059020996094,0.008594252057190221,-0.002301974975531196
2025-03-21,117.5352783203125,510.8335266113281,-0.007002478113307897,0.00024989825101706664
2025-03-24,121.24009704589844,519.7981567382812,0.031520908262874014,0.017549024603809693
2025-03-25,120.5210952758789,521.0353393554688,-0.0059303958635675835,0.002380121208876096
2025-03-26,113.60079956054688,514.95751953125,-0.057419787793092314,-0.011664889816758173
2025-03-27,111.2740478515625,513.5406494140625,-0.02048182511025609,-0.002751431066541632
2025-03-28,109.51651763916016,503.28375244140625,-0.01579461021088091,-0.01997290182259015
2025-03-31,108.22832489013672,506.3479919433594,-0.011762543009884885,0.006088492797728273
2025-04-01,109.99585723876953,508.210205078125,0.016331513496370187,0.003677733820210305
2025-04-02,110.26546478271484,511.2744140625,0.0024510699831183924,0.006029412541812107
2025-04-03,101.65754699707031,486.88861083984375,-0.07806540155258024,-0.04769611494713921
2025-04-04,94.17802429199219,458.6700744628906,-0.07357567564849543,-0.057956862717076896
2025-04-07,97.50335693359375,456.7388916015625,0.035309008302102596,-0.004210396467634325
2025-04-08,96.16523742675781,450.0192565917969,-0.013723830121533998,-0.014712202383736384
2025-04-09,114.17000579833984,491.7559509277344,0.18722741037576052,0.09274424088433175
2025-04-10,107.4194564819336,474.9667053222656,-0.059127169778110056,-0.03414141826610251
2025-04-11,110.77476501464844,483.33172607421875,0.031235575403224525,0.017611804486963978
2025-04-14,110.55506896972656,488.189208984375,-0.001983267984299708,0.010049998061601118
2025-04-15,112.04297637939453,486.8196716308594,0.013458518216612925,-0.0028053413068362953
2025-04-16,104.3437728881836,476.1194763183594,-0.06871652057100186,-0.0219797923873003
2025-04-17,101.34796905517578,476.77960205078125,-0.028710901955003698,0.0013864707605040216
2025-04-21,96.77438354492188,465.41925048828125,-0.04512754969726096,-0.023827260045596543
2025-04-22,98.75160217285156,477.16387939453125,0.020431219042711612,0.025234514674518538
2025-04-23,102.56625366210938,484.82940673828125,0.038628755436096895,0.016064768677538366
2025-04-24,106.28105163574219,495.01727294921875,0.03621852062444164,0.021013300904078713
2025-04-25,110.85464477539062,498.6628112792969,0.04303300606512206,0.0073644669172021615
2025-04-28,108.57784271240234,498.96826171875,-0.020538625761703067,0.000612539039495541
2025-04-29,108.867431640625,501.9930419921875,0.0026671088777265872,0.006062069485177846
2025-04-30,108.76756286621094,502.2394104003906,-0.0009173429822770807,0.0004907805240195184
2025-05-01,111.45381164550781,505.7962341308594,0.024697149669530516,0.007081928771048185
2025-05-02,114.33976745605469,513.0479736328125,0.025893738113919262,0.014337274603110073
2025-05-05,113.66072082519531,510.3680114746094,-0.005938849150802783,-0.005223609283994901
2025-05-06,113.38111114501953,506.02288818359375,-0.002460037893000977,-0.008513706175395375
2025-05-07,116.89617919921875,508.3087463378906,0.031002236780898196,0.004517301900121895
2025-05-08,117.20574951171875,511.69818115234375,0.002648250050777179,0.006668063138539848
2025-05-09,116.48675537109375,511.0182800292969,-0.006134461352112375,-0.001328715145157866
2025-05-12,122.82786560058594,528.0341796875,0.054436319470752004,0.03329802538028104
2025-05-13,129.7481689453125,531.5023193359375,0.056341476837431514,0.006568021127893564
2025-05-14,135.15060424804688,532.1624755859375,0.041637853903059296,0.0012420571387623536
2025-05-15,134.64129638671875,534.7734985351562,-0.0037684467943137623,0.004906439422178055
2025-05-16,135.21051025390625,538.2219848632812,0.004227632104436996,0.006448498920703871
2025-05-19,135.3802947998047,538.7738037109375,0.0012557052375559152,0.0010252625555540185
2025-05-20,134.1919403076172,536.8623046875,-0.008777898540882845,-0.0035478692732860972
2025-05-21,131.61557006835938,527.8864135742188,-0.019199142909416378,-0.016719168090048697
2025-05-22,132.64410400390625,528.1327514648438,0.007814682829794917,0.0004666494236080787
2025-05-23,131.1062469482422,524.5659790039062,-0.011593859125610062,-0.006753552872918012
2025-05-27,135.31036376953125,535.3450317382812,0.03206648744166052,0.020548516613378753
2025-05-28,134.62132263183594,532.29052734375,-0.005092301273159849,-0.005705674309917863
2025-05-29,138.99520874023438,534.3400268554688,0.03249029219806587,0.0038503400050085013
2025-05-30,134.94090270996094,533.7882080078125,-0.02916867471202156,-0.0010327110452563737
2025-06-02,137.187744140625,536.8917846679688,0.01665055876714705,0.005814247324307464
2025-06-03,141.02236938476562,539.9364624023438,0.02795166046472719,0.005670933736223738
2025-06-04,141.7213897705078,539.591552734375,0.004956805000453368,-0.0006387967695942187
2025-06-05,139.79409790039062,537.0692138671875,-0.013599160107292785,-0.004674533643837742
2025-06-06,141.5216827392578,542.5572509765625,0.012358067077325119,0.010218491337193214
2025-06-09,142.43040466308594,543.1386108398438,0.006421079132463259,0.0010715180052147666
2025-06-10,143.758544921875,546.2323608398438,0.009324836659214242,0.005696059787051677
2025-06-11,142.64002990722656,544.724853515625,-0.007780511518506894,-0.002759827927259595
2025-06-12,144.80714416503906,546.7841186523438,0.0151928898165683,0.0037803766863735433
2025-06-13,141.7811737060547,540.695068359375,-0.02089655504520982,-0.011136114026092048
2025-06-16,144.49754333496094,545.9171142578125,0.019158888009616293,0.009658023910376512
2025-06-17,143.9282989501953,541.2665405273438,-0.00393947448259413,-0.008518827508808391
2025-06-18,145.2864990234375,541.1580810546875,0.009436643684034518,-0.0002003808928418005
2025-06-20,143.65866088867188,539.6605224609375,-0.011204331756270225,-0.002767321871700257
2025-06-23,143.97824096679688,545.217529296875,0.002224579264125559,0.010297226876252896
2025-06-24,147.70326232910156,551.2080688476562,0.025872113294978627,0.010987430206997884
2025-06-25,154.104736328125,551.4839477539062,0.04334009891237289,0.0005004986716299342
2025-06-26,154.81381225585938,555.8487548828125,0.004601259796613855,0.007914658525752793
2025-06-27,157.54017639160156,558.6076049804688,0.017610600088035833,0.004963310744912741
2025-06-30,157.77984619140625,561.3995971679688,0.0015213249425907183,0.004998127778080619
2025-07-01,153.09608459472656,561.1426391601562,-0.029685423770775543,-0.0004577096405283809
2025-07-02,157.0408477783203,563.6331787109375,0.02576658439068691,0.004438335954132455
2025-07-03,159.12803649902344,568.5056762695312,0.01329073772990208,0.008644802581951438
2025-07-07,158.02951049804688,563.949462890625,-0.006903409513152048,-0.008014367435701941
2025-07-08,159.78717041015625,563.573974609375,0.01112235244271731,-0.0006658190245015794
2025-07-09,162.66334533691406,566.9144287109375,0.018000036669871378,0.005927268206233016
2025-07-10,163.88172912597656,568.5748291015625,0.007490217212359207,0.0029288377690446232
2025-07-11,164.7006378173828,566.5289306640625,0.004996949298580855,-0.003598292314017537
2025-07-14,163.85177612304688,567.6458129882812,-0.005153967255895786,0.001971447994561615
2025-07-15,170.4729461669922,565.1848754882812,0.04040951035509699,-0.004335339825805806
2025-07-16,171.14207458496094,567.0429077148438,0.003925129664347438,0.0032874769073700794
2025-07-17,172.76988220214844,570.4427490234375,0.009511440252989223,0.0059957390566702795
2025-07-18,172.18067932128906,570.185791015625,-0.0034103332904399375,-0.00045045363141593686
2025-07-21,171.1520538330078,571.203857421875,-0.005974105180302058,0.0017854994324508766
2025-07-22,166.80783081054688,571.203857421875,-0.025382243012400996,0.0
2025-07-23,170.5528564453125,576.0564575195312,0.02245113803451515,0.008495390979252893
2025-07-24,173.5089111328125,576.4517822265625,0.01733219102341943,0.0006862603515174204
2025-07-25,173.26922607421875,578.7447509765625,-0.0013813991283150306,0.0039777286161617464
2025-07-28,176.51490783691406,578.6063842773438,0.01873201512024436,-0.0002390806983307847
2025-07-29,175.2765350341797,577.1041259765625,-0.007015683932365291,-0.002596338964799938
2025-07-30,179.03155517578125,576.4024658203125,0.021423404683743374,-0.0012158293879162008
2025-07-31,177.6334228515625,574.2379760742188,-0.007809418417027092,-0.0037551708648805304
2025-08-01,173.4889373779297,564.7796630859375,-0.02333167602752384,-0.016471068411293643
2025-08-04,179.7605743408203,573.3682861328125,0.036150068457843076,0.015207033128542546
2025-08-05,178.0228729248047,570.6107788085938,-0.009666754917688425,-0.004809312602232052
2025-08-06,179.1813507080078,574.8507690429688,0.006507465946201441,0.007430617141912288
2025-08-07,180.52957153320312,574.5047607421875,0.007524336767571027,-0.0006019097814852215
2025-08-08,182.4569854736328,578.9028930664062,0.010676444440988364,0.0076555193703475855
2025-08-11,181.81784057617188,577.7168579101562,-0.003502989462430328,-0.002048763567180756
2025-08-12,182.9163818359375,583.8840942382812,0.006041988268502108,0.010675188448601824
2025-08-13,181.3484649658203,585.9199829101562,-0.008571768446215433,0.0034868027609673558
2025-08-14,181.77789306640625,585.9298706054688,0.0023679720733609244,1.687550450735209e-05
2025-08-15,180.20997619628906,584.6648559570312,-0.008625454083926454,-0.002158986445136013
2025-08-18,181.7678985595703,584.457275390625,0.00864503950427431,-0.0003550419771108926
2025-08-19,175.40638732910156,581.2650146484375,-0.03499799073918386,-0.0054619231834421855
2025-08-20,175.1667022705078,579.7330932617188,-0.001366455704626346,-0.0026354955968669325
2025-08-21,174.7472381591797,577.4500122070312,-0.0023946566664271307,-0.003938158923863289
2025-08-22,177.7532501220703,586.2857055664062,0.017202057065716758,0.015301226379067279
2025-08-25,179.57083129882812,583.8049926757812,0.01022530488477491,-0.004231235500153252
2025-08-26,181.52822875976562,586.1373901367188,0.010900419888796753,0.003995165320952898
2025-08-27,181.35845947265625,587.4814453125,-0.0009352225175625062,0.0022930718947442585
2025-08-28,179.9303436279297,589.5570678710938,-0.007874547726525405,0.003533086151324527
2025-08-29,173.94830322265625,586.1571655273438,-0.03324642350288309,-0.005766875725919385
2025-09-02,170.5528564453125,581.8381958007812,-0.01951986144410689,-0.007368279329447169
2025-09-03,170.39305114746094,584.8130493164062,-0.000936984001219554,0.005112853602762701
2025-09-04,171.4316864013672,589.626220703125,0.006095525885075004,0.008230273576051106
2025-09-05,166.7978515625,588.0152587890625,-0.027030212069536264,-0.0027321748210950014
2025-09-08,168.0861358642578,589.5372924804688,0.007723626471741962,0.0025884255019854585
2025-09-09,170.53286743164062,590.9703979492188,0.014556415107065845,0.0024308987523422587
2025-09-10,177.09414672851562,592.6801147460938,0.038475159631647715,0.0028930667302593527
2025-09-11,176.94430541992188,597.5131225585938,-0.0008461110170030484,0.008154496316399085
2025-09-12,177.593505859375,597.3846435546875,0.0036689535609097934,-0.0002150228991726344
2025-09-15,177.52357482910156,600.497802734375,-0.0003937701997325238,0.0052113143738730106
2025-09-16,174.65724182128906,599.7070922851562,-0.016146210499489166,-0.0013167582722505289
2025-09-17,170.0730743408203,599.015380859375,-0.026246649910796838,-0.001153415450108386
2025-09-18,176.01551818847656,601.8320922851562,0.03494053288969079,0.004702235561531376
2025-09-19,176.4449462890625,604.6390380859375,0.0024397172760990404,0.004664001532592277
2025-09-22,183.37612915039062,607.5841674804688,0.03928241078649575,0.004870888594713296
2025-09-23,178.2027130126953,604.4017333984375,-0.02821204789120879,-0.005237848930837341
2025-09-24,176.74456787109375,602.385498046875,-0.008182508094013552,-0.003335919207619664
2025-09-25,177.46365356445312,599.509521484375,0.004068502370516036,-0.0047743124159277395
2025-09-26,177.96302795410156,603.0377807617188,0.0028139530524602385,0.00588524310440941
2025-09-29,181.6183624267578,604.7327270507812,0.020539853219394555,0.002810680098553009
2025-09-30,186.3423309326172,606.9628295898438,0.02601041239849544,0.003687749048969957
2025-10-01,187.0015106201172,609.1334228515625,0.003537466147390589,0.003576155171125528
2025-10-02,188.64939880371094,609.807373046875,0.008812165089625124,0.0011064081694245331
2025-10-03,187.38099670410156,609.8569946289062,-0.006723594708770597,8.137255176721148e-05
2025-10-06,185.3036651611328,611.9384155273438,-0.011086137759471537,0.0034129655259655944
2025-10-07,184.80429077148438,609.7578125,-0.002694897530570728,-0.0035634354242405353
2025-10-08,188.86911010742188,613.2963256835938,0.021995264931179426,0.00580314529974757
2025-10-09,192.32470703125,611.6410522460938,0.0182962524780399,-0.002698978239687011
2025-10-10,182.92669677734375,595.1978149414062,-0.04886532988389891,-0.02688380259026757
2025-10-13,188.08013916015625,604.21728515625,0.028172172097357784,0.015153735427828607
2025-10-14,179.80067443847656,603.3649291992188,-0.044020941066134855,-0.0014106778769343853
2025-10-15,179.60093688964844,606.021240234375,-0.0011108832013667636,0.004402494919089284
2025-10-16,181.57839965820312,602.0170288085938,0.011010314326866277,-0.006607378025616173
2025-10-17,182.9866180419922,605.3571166992188,0.007755428985164681,0.005548161814018959
2025-10-20,182.4073486328125,611.7103881835938,-0.0031656380962610253,0.010495080191700756
2025-10-21,180.9292449951172,611.6311645507812,-0.008103311893813858,-0.000129511668173099
2025-10-22,180.05035400390625,608.5386962890625,-0.004857650244628253,-0.005056099886587728
2025-10-23,181.92796325683594,611.97802734375,0.010428245272369407,0.0056517869375618535
2025-10-24,186.02273559570312,617.0428466796875,0.022507657786980273,0.008276145726866968
2025-10-27,191.24609375,624.4268798828125,0.028079138485787913,0.01196680788515514
2025-10-28,200.77392578125,626.1019897460938,0.04981974713535808,0.002682635737262906
2025-10-29,206.77627563476562,626.3596801757812,0.029896062599559903,0.0004115789981629092
2025-10-30,202.63156127929688,619.7090454101562,-0.020044438573744605,-0.010617916472143607
2025-10-31,202.23207092285156,621.4930419921875,-0.0019715110218919696,0.0028787647933241622
2025-11-03,206.61648559570312,622.7122192382812,0.021680115586237392,0.0019616909019377626
2025-11-04,198.43690490722656,615.4966430664062,-0.03958822871705392,-0.011587336732690523
2025-11-05,194.9613494873047,617.3500366210938,-0.01751466251475131,0.0030112163495383815
2025-11-06,187.84043884277344,610.7886352539062,-0.036524729969592995,-0.010628332352743741
2025-11-07,187.91030883789062,611.432861328125,0.0003719646075555083,0.0010547446973221408
2025-11-10,198.7964630126953,620.9281005859375,0.05793271397470856,0.015529487959131671
2025-11-11,192.91395568847656,622.3554077148438,-0.029590603550341266,0.0022986673135896307
2025-11-12,193.55313110351562,622.6626586914062,0.0033132668539088694,0.0004936905388042145
2025-11-13,186.62197875976562,612.5231323242188,-0.035810076045957095,-0.016284140739219577
2025-11-14,189.92774963378906,612.3646240234375,0.01771372748265021,-0.00025877928916706594
2025-11-17,186.36231994628906,606.6258544921875,-0.01877255795624766,-0.009371490948553496
2025-11-18,181.1289825439453,601.6304321289062,-0.02808152100624217,-0.008234766662662207
2025-11-19,186.28240966796875,603.8109741210938,0.028451698075282472,0.0036243877898123333
2025-11-20,180.40989685058594,594.6527099609375,-0.03152478448099327,-0.015167435758329795
2025-11-21,178.6521453857422,600.5698852539062,-0.00974309888497693,0.009950640422301982
2025-11-24,182.31747436523438,609.5001220703125,0.02051656850567385,0.014869604746549525
2025-11-25,177.593505859375,615.1694946289062,-0.025910673248993765,0.009301675837793733
2025-11-26,180.03036499023438,619.421630859375,0.01372155540861364,0.00691213765896137
2025-11-28,176.7745361328125,622.8510131835938,-0.018084887277757256,0.005536426487820378
2025-12-01,179.69081115722656,619.986572265625,0.016497144261903296,-0.004598918292398113
2025-12-02,181.22886657714844,621.0371704101562,0.008559455044009567,0.0016945498362843647
2025-12-03,179.3612518310547,623.2078247070312,-0.010305282935148319,0.003495208339045819
2025-12-04,183.15660095214844,623.7330932617188,0.02116036257746856,0.0008428465334728852
2025-12-05,182.1877899169922,624.9027099609375,-0.005289522900729926,0.001875187819684987
2025-12-08,185.323974609375,623.0491943359375,0.017214022376646154,-0.0029660867131074964
2025-12-09,184.7446746826172,622.543701171875,-0.003125876875773148,-0.000811321431209433
2025-12-10,183.55612182617188,626.5677490234375,-0.006433489130266867,0.006463880116347909
2025-12-11,180.70957946777344,628.1041259765625,-0.015507749510496383,0.002452052400589766
2025-12-12,174.80679321289062,621.3245849609375,-0.03266449001911087,-0.010793657827170455
2025-12-15,176.07522583007812,620.4227294921875,0.007256197507397255,-0.0014515045607067512
2025-12-16,177.5034942626953,618.6881713867188,0.008111694452662688,-0.0027957681480955676
2025-12-17,170.73175048828125,611.8888549804688,-0.038149918132835525,-0.01098989235725989
2025-12-18,173.9278564453125,616.5076293945312,0.018720044443348183,0.007548387875458085
2025-12-19,180.76953125,622.008544921875,0.039336279676618124,0.008922704708044238
2025-12-22,183.4662322998047,625.9256591796875,0.014917895904012823,0.006297524832724832
2025-12-23,188.97952270507812,628.8479614257812,0.03005070925675346,0.004668768891698205
2025-12-24,188.38023376464844,630.9451904296875,-0.0031711845381520165,0.003335033477966931
2025-12-26,190.2978973388672,631.0048828125,0.010179749413702144,9.460787358062106e-05
2025-12-29,187.99070739746094,628.7783813476562,-0.012124095818556446,-0.003528501166139675
2025-12-30,187.31153869628906,627.9036865234375,-0.00361277804937421,-0.0013911019369718947
2025-12-31,186.27279663085938,623.3414306640625,-0.005545531645618107,-0.007265852960085639
2026-01-02,188.6199493408203,624.5043334960938,0.012600619910229538,0.0018655952818544819
2026-01-05,187.89083862304688,628.6392822265625,-0.0038655016095672234,0.006621168995450288
2026-01-06,187.0119171142578,632.3665771484375,-0.004677830570294028,0.00592914733020411
2026-01-07,188.87962341308594,630.3388671875,0.009987097761727348,-0.0032065419555871166
2026-01-08,184.8145751953125,630.2295532226562,-0.021521899209228312,-0.00017342094948313846
2026-01-09,184.63479614257812,634.453857421875,-0.0009727536507572188,0.006702802459227719
2026-01-12,184.71470642089844,635.4776611328125,0.00043280183361860125,0.0016136771791375182
2026-01-13,185.58364868164062,634.1755981445312,0.004704239730442428,-0.002048951627914297
2026-01-14,182.91690063476562,631.104248046875,-0.014369520514437517,-0.0048430594091642964
2026-01-15,186.82212829589844,632.7740478515625,0.021349736670481123,0.002645838322044458
2026-01-16,186.0031280517578,632.247314453125,-0.004383850305160086,-0.0008324194082008907
2026-01-20,177.85308837890625,619.385498046875,-0.04381668070971212,-0.02034301469097588
2026-01-21,183.09669494628906,626.4822998046875,0.02948279737606585,0.011457810652963252
2026-01-22,184.6148223876953,629.7424926757812,0.008291397296120495,0.005203966452220765
2026-01-23,187.44137573242188,630.0009765625,0.015310543910665775,0.000410459655692641
2026-01-26,186.2428436279297,633.2412719726562,-0.006394170442939551,0.005143318075213843
2026-01-27,188.29034423828125,635.83544921875,0.010993714284356582,0.004096664827313745
2026-01-28,191.28668212890625,635.736083984375,0.015913391112786668,-0.00015627507792637108
2026-01-29,192.27548217773438,634.4141235351562,0.005169204870006494,-0.0020794170450945115
2026-01-30,190.8971710205078,632.37646484375,-0.007168418675203125,-0.003211874729477593
2026-02-02,185.38388061523438,635.8155517578125,-0.028880943472342824,0.005438353742200475
2026-02-03,180.12030029296875,630.3190307617188,-0.028392869459833103,-0.008644835724602395
2026-02-04,173.97781372070312,627.0985717773438,-0.03410213375324578,-0.005109252342394233
2026-02-05,171.67062377929688,619.335693359375,-0.013261403233346236,-0.012379040181780265
2026-02-06,185.18414306640625,631.4024047851562,0.07871771529462501,0.01948331341978604
2026-02-09,189.80848693847656,634.3743286132812,0.02497159743538102,0.004706861750291003
2026-02-10,188.31031799316406,632.59521484375,-0.007893055623999112,-0.002804517284645369
2026-02-11,189.81849670410156,632.5056762695312,0.008009007297158588,-0.00014154165589264078
2026-02-12,186.7122802734375,622.705322265625,-0.01636413987360874,-0.015494491783390685
2026-02-13,182.58729553222656,623.1029052734375,-0.022092733992482794,0.0006384769707217242
2026-02-17,184.7446746826172,624.1961669921875,0.011815603840902744,0.0017545444091136009
2026-02-18,187.75099182128906,627.337158203125,0.01627282163254007,0.005032057832192294
2026-02-19,187.6710968017578,625.7269287109375,-0.0004255371370144312,-0.0025667688756069174
2026-02-20,189.58877563476562,630.1898193359375,0.010218296081220712,0.007132329487871125
2026-02-23,191.316650390625,623.8384399414062,0.009113803019584088,-0.01007851793166703
2026-02-24,192.61508178710938,628.3907470703125,0.006786818574511244,0.007297253323045982
2026-02-25,195.32176208496094,633.6785888671875,0.014052276035389388,0.008414894429187525
2026-02-26,184.66476440429688,630.1202392578125,-0.05456124072866231,-0.0056153855785725515
2026-02-27,176.97415161132812,627.227783203125,-0.041646346652961186,-0.004590323996090606
2026-03-02,182.25770568847656,627.4663696289062,0.029854947906472917,0.00038038242592319804
2026-03-03,179.83065795898438,621.9398803710938,-0.013316571281988043,-0.008807626233547694
2026-03-04,182.8170166015625,626.3729858398438,0.016606504566419655,0.007127868156814321
2026-03-05,183.11663818359375,623.0233154296875,0.001638915171032762,-0.005347724895359285
2026-03-06,177.6033935546875,614.6939697265625,-0.030107830089031284,-0.013369235944854507
2026-03-09,182.427490234375,620.031494140625,0.027162187518686487,0.00868322234629515
2026-03-10,184.54490661621094,618.9580078125,0.011606893122936501,-0.0017313416145301463
2026-03-11,185.8134307861328,618.272216796875,0.006873796699033097,-0.0011079766429530347
2026-03-12,182.9268035888672,608.7998046875,-0.015535083686109119,-0.015320779184368583
2026-03-13,180.0401611328125,605.4104614257812,-0.015780314308353027,-0.005567254187045179
2026-03-16,183.0067138671875,611.4735717773438,0.01647717218041489,0.01001487542399504
2026-03-17,181.71820068359375,613.1632690429688,-0.007040797336696936,0.0027633201884975644
2026-03-18,180.1899871826172,604.7046508789062,-0.008409798772097021,-0.013795050341591342
2026-03-19,178.3521270751953,603.0845336914062,-0.010199568445272478,-0.0026791875755300953
2026-03-20,172.4989471435547,594.3277587890625,-0.03281811115811839,-0.014519979228690527
2026-03-23,175.43553161621094,600.778564453125,0.0170237820072745,0.010853953174265296
2026-03-24,174.99603271484375,598.7409057617188,-0.00250518750288653,-0.003391696728163196
2026-03-25,178.47198486328125,602.0010375976562,0.019863034004328428,0.005444979296662433
2026-03-26,171.04066467285156,591.3259887695312,-0.04163858095780393,-0.017732608685733897
2026-03-27,167.32498168945312,581.267333984375,-0.021723974181843797,-0.017010337742954462
2026-03-30,164.97772216796875,579.2431640625,-0.014028147487508913,-0.0034823390263478693
2026-03-31,174.1969757080078,595.81494140625,0.05588180888236938,0.02860936196039754
2026-04-01,175.54541015625,600.5511474609375,0.007740860269023653,0.007949122664680175
2026-04-02,177.18348693847656,601.2391357421875,0.009331356375359201,0.0011455948159597718
2026-04-06,177.43319702148438,603.9113159179688,0.0014093304479019242,0.004444454821595389
2026-04-07,177.89266967773438,604.2802734375,0.00258955293576979,0.0006109465244419354
2026-04-08,181.8680419921875,619.535888671875,0.0223470271240227,0.025245926277871256
2026-04-09,183.69590759277344,623.2052001953125,0.010050504643715596,0.0059226779118535244
2026-04-10,188.41041564941406,622.786376953125,0.025664741901011645,-0.000672047091481609
2026-04-13,189.08961486816406,628.8886108398438,0.003604892099032586,0.009798277728187976
2026-04-14,196.28123474121094,636.4964599609375,0.038032865411783634,0.012097291936856491
2026-04-15,198.63848876953125,641.5816650390625,0.01200957407583192,0.007989368987907808
2026-04-16,198.1190948486328,642.987548828125,-0.002614769796708716,0.0021912780019623934
2026-04-17,201.44520568847656,650.8845825195312,0.016788441530004805,0.01228178322550555
2026-04-20,201.82476806640625,649.6481323242188,0.00188419663120043,-0.0018996458489249912
2026-04-21,199.64732360839844,645.37060546875,-0.010788787118989118,-0.006584374898709
2026-04-22,202.26426696777344,652.0013427734375,0.013107830909409257,0.01027430944096297
2026-04-23,199.4075927734375,649.3689575195312,-0.014123474389033275,-0.00403739238129297
2026-04-24,208.0275421142578,654.5139770507812,0.043227788976992976,0.007923106689458947
2026-04-27,216.3578338623047,655.5908813476562,0.04004417714781017,0.0016453495794352957
2026-04-28,212.92184448242188,652.3602905273438,-0.01588104908680843,-0.0049277543544711255
2026-04-29,209.00640869140625,652.34033203125,-0.018389075111261644,-3.0594284145646355e-05
2026-04-30,199.33767700195312,658.6619262695312,-0.04626045560032954,0.009690638349153069
2026-05-01,198.21897888183594,660.5963134765625,-0.00561207563438304,0.002936843819084878
2026-05-04,198.24893188476562,658.2032470703125,0.0001511106711307164,-0.00362258516650793
2026-05-05,196.271240234375,663.3682250976562,-0.009975799776516192,0.007847086823611571
2026-05-06,207.5880584716797,672.7009887695312,0.057659075388685865,0.014068752947129948
2026-05-07,211.2537841796875,670.587158203125,0.01765865404299216,-0.0031423033438270354
2026-05-08,214.94947814941406,676.0711669921875,0.017494095947569344,0.008177920978619913
2026-05-11,219.18453979492188,677.5469360351562,0.01970259096216065,0.0021828604960840714
2026-05-12,220.52297973632812,676.6993408203125,0.006106452319395217,-0.0012509763822469155
2026-05-13,225.56710815429688,680.4285278320312,0.022873482047085725,0.005510847708523059
2026-05-14,235.465576171875,685.7330322265625,0.04388258597883499,0.007795828918920167
2026-05-15,225.05770874023438,677.4671630859375,-0.04420122720632225,-0.012054062954770961
2026-05-18,222.0612030029297,676.9386596679688,-0.013314388358780072,-0.0007801166562249051
2026-05-19,220.35317993164062,672.6312866210938,-0.007691677106092865,-0.006363018251886676
2026-05-20,223.20985412597656,679.5910034179688,0.012964070657941695,0.01034700129968158
2026-05-21,219.25445556640625,680.8572998046875,-0.017720537361840427,0.0018633212922920528
2026-05-22,215.07933044433594,683.5593872070312,-0.01904237298751621,0.003968654522935822
2026-05-26,214.60987854003906,688.0064697265625,-0.0021826918622399605,0.006505773459862363
2026-05-27,212.35250854492188,687.9566040039062,-0.010518481304186755,-7.247856648218143e-05
2026-05-28,214.00057983398438,691.8950805664062,0.007761016341909066,0.005724890988149545
2026-05-29,210.8942108154297,693.4705200195312,-0.014515703746992292,0.00227699184077923
2026-06-01,224.09881591796875,695.2752685546875,0.0626124588791841,0.0026024877526233947
2026-06-02,222.56060791015625,696.2325439453125,-0.006863972045151545,0.00137682934216099
2026-06-03,214.5,691.3467407226562,-0.03621758578863232,-0.007017487569555558
2026-06-04,218.66000366210938,694.0388793945312,0.01939395646671027,0.003894049849806125
2026-06-05,205.10000610351562,676.0313110351562,-0.062014073591381225,-0.025946051286182326
2026-06-08,208.63999938964844,677.7064208984375,0.017259839984335112,0.002477858400842914
2026-06-09,208.19000244140625,675.7322387695312,-0.0021568105327770537,-0.0029130344173057265
2026-06-10,200.4199981689453,665.1130981445312,-0.03732169739825886,-0.015715012568198405
2026-06-11,204.8699951171875,676.2606201171875,0.022203357892913722,0.016760340465034496
2026-06-12,205.19000244140625,679.9698486328125,0.0015620019126554308,0.005484909819208905
2026-06-15,212.4499969482422,691.8153686523438,0.03538181402824003,0.017420654817781323
2026-06-16,207.41000366210938,687.7471923828125,-0.023723197733726886,-0.005880436390790278
2026-06-17,204.64999389648438,679.431396484375,-0.013307023368657411,-0.012091355647161683
2026-06-18,210.69000244140625,686.1119384765625,0.029513846689763534,0.009832548255431117
2026-06-22,208.64999389648438,684.1077880859375,-0.00968251232276296,-0.0029210253870163294
2026-06-23,200.0399932861328,674.3761596679688,-0.04126528091164561,-0.014225285236405316
2026-06-24,199.0,673.72802734375,-0.00519892681982459,-0.0009610842775608086
2026-06-25,195.74000549316406,673.7479858398438,-0.016381881943899224,2.9623965879022052e-05
2026-06-26,192.52999877929688,670.260009765625,-0.016399339040476746,-0.005176974399219714
2026-06-29,194.97000122070312,681.010009765625,0.012673362368860186,0.016038551969942194
2026-06-30,200.08999633789062,686.8099975585938,0.026260425117358155,0.008516743821379125
2026-07-01,197.5800018310547,685.4600219726562,-0.012544327816355838,-0.0019655735803734142
2026-07-02,194.8300018310547,684.8400268554688,-0.013918412665829716,-0.000904494933786526
2026-07-06,195.5500030517578,690.6199951171875,0.0036955356666652506,0.008439880899278274
2026-07-07,196.92999267578125,687.0800170898438,0.007056965494693257,-0.005125797185676739
2026-07-08,204.1199951171875,685.260009765625,0.03651044893523969,-0.002648901552875116
2026-07-09,202.77999877929688,690.6900024414062,-0.006564748040099211,0.007923988848610009
2026-07-10,210.9600067138672,693.8599853515625,0.04033932332484791,0.004589588525896193
2026-07-13,203.52999877929688,688.5,-0.03521998340020871,-0.007724880328481176
2026-07-14,211.8000030517578,691.0999755859375,0.040632851776453593,0.0037762898851669835
2026-07-15,212.5,693.7999877929688,0.0033049902651376417,0.0039068330233149595
2026-07-16,207.39999389648438,690.1400146484375,-0.02400002872242646,-0.005275256859219479
2026-07-17,202.80999755859375,683.1699829101562,-0.022131130535045007,-0.010099445895528691
2026-07-20,203.27999877929688,682.2100219726562,0.0023174460152899368,-0.0014051567860325909
2026-07-21,207.2899932861328,687.8699951171875,0.019726458731385677,0.008296525941036581
2026-07-22,212.05999755859375,687.030029296875,0.02301126164771805,-0.00122111129468494
2026-07-23,208.75999450683594,678.6099853515625,-0.01556164807012217,-0.012255714577614318
2026-07-24,206.83999633789062,679.1400146484375,-0.009197155678610791,0.0007810514261743506
2026-07-27,196.50999450683594,679.3099975585938,-0.049941993879074276,0.0002502914075004359
2026-07-28,197.00999450683594,680.9600219726562,0.002544399847217882,0.0024289711913449974
2026-07-29,190.00999450683594,670.6300048828125,-0.03553119230079016,-0.015169784945552323
2026-07-30,195.0399932861328,681.7899780273438,0.026472285272951313,0.016641028679415193
2026-07-31,200.75,686.6500244140625,0.029276081370092744,0.007128362902576679
2026-08-03,206.63999938964844,696.4000244140625,0.029339972053043173,0.014199373266344795
2026-08-04,211.94000244140625,708.97998046875,0.025648485614655492,0.018064267107503307
2026-08-05,219.22000122070312,707.5999755859375,0.0343493379986608,-0.0019464652329111987
2026-08-06,218.99000549316406,706.4000244140625,-0.0010491548501886383,-0.0016958044280334095
2026-08-07,223.9600067138672,710.7100219726562,0.022695105237842794,0.0061013553364026585
2026-08-10,217.5500030517578,710.6500244140625,-0.028621197847608748,-8.441918185875252e-05
2026-08-11,217.5,708.4199829101562,-0.00022984624709898593,-0.003138030573832662
2026-08-12,224.08999633789062,710.1699829101562,0.030298833737428144,0.00247028604813071
2026-08-13,225.3000030517578,714.9500122070312,0.005399646274448999,0.0067308241856227635
2026-08-14,225.16000366210938,713.6099853515625,-0.0006213909798140627,-0.0018742944717661247
2026-08-17,225.00999450683594,710.27001953125,-0.0006662335798259811,-0.004680379883791885
2026-08-18,219.74000549316406,705.4000244140625,-0.023421133026656604,-0.006856540446971815
2026-08-19,217.55999755859375,706.9099731445312,-0.009920851370134876,0.0021405566745238414
2026-08-20,216.85000610351562,701.010009765625,-0.003263428309640881,-0.008346131194983064
2026-08-21,214.72000122070312,703.7100219726562,-0.00982248016076015,0.0038516029292277043
2026-08-24,208.47999572753906,701.8300170898438,-0.029061128249296964,-0.002671561899235786
2026-08-25,213.0500030517578,704.02001953125,0.021920603500928948,0.003120417178061441
2026-08-26,209.66000366210938,704.2000122070312,-0.015911754710582593,0.0002556641441830987
2026-08-27,227.97999572753906,708.75,0.0873795275466771,0.0064612151577627674
2026-08-28,217.5500030517578,707.239990234375,-0.04574959589106331,-0.002130525242504455
2026-08-31,220.77999877929688,704.8900146484375,0.014847141724795065,-0.003322741386779793
2026-09-01,217.44000244140625,700.280029296875,-0.015128165397036097,-0.006540006604947801
2026-09-02,224.41000366210938,703.4099731445312,0.03205482497444945,0.004469560342594603
2026-09-03,228.4499969482422,710.719970703125,0.0180027325885872,0.01039222905230508
2026-09-04,230.36000061035156,708.010009765625,0.00836070775935327,-0.003812979864374677
