Date,TSLA_Price,VOO_Price,TSLA_Return,VOO_Return
2019-01-02,20.674667358398438,204.7293701171875,,
2019-01-03,20.02400016784668,199.84231567382812,-0.03147171266518323,-0.023870802907086652
2019-01-04,21.179332733154297,206.43849182128906,0.0576973909120706,0.0330069040944605
2019-01-07,22.33066749572754,207.98736572265625,0.05436123871697496,0.007502834804218761
2019-01-08,22.356666564941406,210.008056640625,0.0011642764023440666,0.009715450315685326
2019-01-09,22.568666458129883,210.97833251953125,0.009482625353500751,0.004620184074969114
2019-01-10,22.99799919128418,211.85964965820312,0.019023398389568458,0.004177287440596755
2019-01-11,23.150667190551758,211.76171875,0.0066383165769237085,-0.0004622442657726822
2019-01-14,22.293333053588867,210.59555053710938,-0.03703280470952408,-0.005506983130729948
2019-01-15,22.961999893188477,213.06130981445312,0.029994027272290946,0.011708506048940803
2019-01-16,23.06999969482422,213.53311157226562,0.004703414429845898,0.0022143943366506047
2019-01-17,23.15399932861328,215.12652587890625,0.0036410765019605495,0.007462141561597413
2019-01-18,20.150667190551758,218.01951599121094,-0.1297111611448507,0.013447854003523219
2019-01-22,19.92799949645996,215.11758422851562,-0.011050140026936717,-0.013310422002827949
2019-01-23,19.172666549682617,215.43812561035156,-0.03790309945117787,0.001490075220886844
2019-01-24,19.43400001525879,215.65171813964844,0.013630522645296628,0.000991433288289878
2019-01-25,19.80266761779785,217.48545837402344,0.018970237843449533,0.008503248896851057
2019-01-28,19.7586669921875,215.80300903320312,-0.0022219544588429896,-0.007735916476433569
2019-01-29,19.83066749572754,215.5360107421875,0.0036439960027925267,-0.001237231548400497
2019-01-30,20.584667205810547,218.94532775878906,0.038021902704256094,0.015817853382651625
2019-01-31,20.468000411987305,220.7701416015625,-0.005667655087972956,0.008334563982035803
2019-02-01,20.81399917602539,220.95712280273438,0.01690437546773982,0.0008469496817613553
2019-02-04,20.859333038330078,222.53271484375,0.002178046704109926,0.007130759221653404
2019-02-05,21.42333221435547,223.52078247070312,0.027038217137097087,0.0044401005382372905
2019-02-06,21.148000717163086,223.24476623535156,-0.012851945460094494,-0.001234857145275714
2019-02-07,20.500667572021484,221.05502319335938,-0.030609661584522496,-0.009808709422032713
2019-02-08,20.386667251586914,221.33987426757812,-0.005560810155770368,0.0012885980608077219
2019-02-11,20.856000900268555,221.45558166503906,0.02302159754165345,0.0005227589373302255
2019-02-12,20.78733253479004,224.32196044921875,-0.003292499161602569,0.01294335759175036
2019-02-13,20.544666290283203,224.9984130859375,-0.011673755836671518,0.003015543531110776
2019-02-14,20.251333236694336,224.5,-0.014277820308407851,-0.0022151848944247376
2019-02-15,20.525333404541016,226.97467041015625,0.013529981687833148,0.011023030780205945
2019-02-19,20.375999450683594,227.36631774902344,-0.007275592114103446,0.001725511213032993
2019-02-20,20.17066764831543,227.89154052734375,-0.010077140160173803,0.0023100289590829437
2019-02-21,19.415332794189453,227.0636749267578,-0.03744719150082565,-0.0036327175579674575
2019-02-22,19.6473331451416,228.42556762695312,0.011949336815981981,0.005997844880448744
2019-02-25,19.917999267578125,228.76385498046875,0.013776227055194656,0.0014809522289032095
2019-02-26,19.857332229614258,228.5947265625,-0.0030458399535449043,-0.00073931442527575
2019-02-27,20.982667922973633,228.47898864746094,0.05667104122280353,-0.0005063017716089302
2019-02-28,21.325332641601562,227.94488525390625,0.016330846005180755,-0.002337647749215188
2019-03-01,19.652666091918945,229.51158142089844,-0.07843566043230532,0.006873135868993296
2019-03-04,19.02400016784668,228.6303253173828,-0.03198883658491347,-0.0038397021102803963
2019-03-05,18.43600082397461,228.3633270263672,-0.03090829156245878,-0.0011678166080767438
2019-03-06,18.416000366210938,226.90341186523438,-0.0010848588017886573,-0.0063929492539064325
2019-03-07,18.439332962036133,225.07858276367188,0.0012669741182240735,-0.00804231671336142
2019-03-08,18.94266700744629,224.62457275390625,0.02729675994497449,-0.0020171177736725276
2019-03-11,19.39466667175293,227.90037536621094,0.023861458586003748,0.01458345617375345
2019-03-12,18.890666961669922,228.71041870117188,-0.025986510550194186,0.0035543747291302275
2019-03-13,19.263999938964844,230.26828002929688,0.019762826693860758,0.006811501360418859
2019-03-14,19.33066749572754,230.18812561035156,0.0034607328163371864,-0.00034809144765890476
2019-03-15,18.36199951171875,231.3097381591797,-0.05011042604829263,0.00487259082480529
2019-03-18,17.965999603271484,232.13758850097656,-0.021566273770704303,0.0035789688250269514
2019-03-19,17.83133316040039,232.20880126953125,-0.007495627621330492,0.0003067696576610768
2019-03-20,18.239999771118164,231.38099670410156,0.02291845522943481,-0.0035649146841287838
2019-03-21,18.26799964904785,234.0261688232422,0.0015350810461096653,0.011432106166105571
2019-03-22,17.635332107543945,229.5771484375,-0.03463255713040714,-0.01901078160666081
2019-03-25,17.3613338470459,229.3712921142578,-0.015536892576059724,-0.0008966760178147348
2019-03-26,17.851333618164062,231.02735900878906,0.028223624718877183,0.007220026879851682
2019-03-27,18.32200050354004,229.95315551757812,0.026365922874079573,-0.004649680868186956
2019-03-28,18.57466697692871,230.84832763671875,0.013790332193247767,0.003892845554242408
2019-03-29,18.657333374023438,232.33432006835938,0.004450491478388496,0.00643709420316485
2019-04-01,19.278667449951172,235.01084899902344,0.03330240519756256,0.01152016167855252
2019-04-02,19.058666229248047,235.09141540527344,-0.011411640419352831,0.0003428199446671165
2019-04-03,19.45400047302246,235.5300750732422,0.020743017324461155,0.0018659110423600023
2019-04-04,17.851999282836914,236.09405517578125,-0.08234816239503528,0.002394514171337514
2019-04-05,18.33066749572754,237.23097229003906,0.02681314318395822,0.00481552622496717
2019-04-08,18.213333129882812,237.43682861328125,-0.0064009870820075365,0.0008677464045061534
2019-04-09,18.15399932861328,236.1746063232422,-0.003257712404775681,-0.0053160341527930255
2019-04-10,18.40399932861328,236.9892578125,0.013771070245990558,0.0034493610551120657
2019-04-11,17.89466667175293,236.9445343017578,-0.027675107337592375,-0.00018871535003317508
2019-04-12,17.84666633605957,238.546875,-0.00268238221889483,0.006762513864116082
2019-04-15,17.7586669921875,238.38571166992188,-0.004930856117047799,-0.0006756044491386115
2019-04-16,18.224000930786133,238.55581665039062,0.026203202008537207,0.0007135703699570062
2019-04-17,18.082000732421875,237.9739227294922,-0.007791933226055425,-0.0024392359367669814
2019-04-18,18.21733283996582,238.4215545654297,0.007484354720840525,0.0018810121327719198
2019-04-22,17.516666412353516,238.65428161621094,-0.03846152638080802,0.0009761158180745522
2019-04-23,17.593332290649414,240.71322631835938,0.004376739071872082,0.008627310971355273
2019-04-24,17.243999481201172,240.23870849609375,-0.019855977462206353,-0.0019712993320859518
2019-04-25,16.5086669921875,240.1492156982422,-0.0426428039397303,-0.0003725161461772819
2019-04-26,15.675999641418457,241.2502899169922,-0.05043819414148287,0.004584958628944813
2019-04-29,16.097999572753906,241.5546112060547,0.026920128922461872,0.0012614338791767654
2019-04-30,15.912667274475098,241.70684814453125,-0.011512753335668258,0.0006302381797493872
2019-05-01,15.600666999816895,239.943359375,-0.019607038171323476,-0.007295981818755681
2019-05-02,16.273332595825195,239.4688720703125,0.043117745928183515,-0.0019774971306705247
2019-05-03,17.00200080871582,241.74264526367188,0.044776827893111326,0.009495067871250207
2019-05-06,17.022666931152344,240.7847137451172,0.0012155112018303882,-0.00396260873835419
2019-05-07,16.470666885375977,236.88180541992188,-0.03242735395158203,-0.016209120024648804
2019-05-08,16.32266616821289,236.4163360595703,-0.008985714919320764,-0.001964985700469546
2019-05-09,16.131999969482422,235.69117736816406,-0.011681069548660883,-0.00306729519411697
2019-05-10,15.968000411987305,236.7922821044922,-0.010166102021160528,0.004671811429785233
2019-05-13,15.133999824523926,230.98265075683594,-0.052229494360313766,-0.024534715810934138
2019-05-14,15.487333297729492,232.98779296875,0.02334699863237777,0.008680921295794342
2019-05-15,15.463333129882812,234.36639404296875,-0.00154966432150061,0.005917052806297285
2019-05-16,15.222000122070312,236.51480102539062,-0.01560679096708617,0.009166873054453406
2019-05-17,14.0686674118042,235.08248901367188,-0.07576748791335908,-0.006055908575315683
2019-05-20,13.690667152404785,233.4801788330078,-0.02686823480397693,-0.006815948679915862
2019-05-21,13.67199993133545,235.45843505859375,-0.0013634997375607805,0.008472908644638455
2019-05-22,12.84866714477539,234.8140106201172,-0.06022036210467108,-0.0027368925573475478
2019-05-23,13.03266716003418,232.0657196044922,0.014320552722358215,-0.011704118542020026
2019-05-24,12.708666801452637,232.46861267089844,-0.02486063325357668,0.0017361162479874181
2019-05-28,12.579999923706055,230.3828125,-0.010124341109633561,-0.00897239479744849
2019-05-29,12.657333374023438,228.7984161376953,0.006147333130873456,-0.006877233353962509
2019-05-30,12.54800033569336,229.43389892578125,-0.008637920413351985,0.0027774789651668907
2019-05-31,12.343999862670898,226.36346435546875,-0.016257608189742534,-0.01338265437099051
2019-06-03,11.9313325881958,225.69204711914062,-0.03343059616543187,-0.0029661024946754377
2019-06-04,12.90666675567627,230.6603240966797,0.08174561896341825,0.02201352258955036
2019-06-05,13.105999946594238,232.61183166503906,0.01544420373527533,0.008460525562868026
2019-06-06,13.729999542236328,234.12466430664062,0.0476117502048552,0.006503678814498315
2019-06-07,13.633333206176758,236.4610595703125,-0.007040519976872828,0.009979278648796441
2019-06-10,14.192000389099121,237.57115173339844,0.0409780333593881,0.00469460876604022
2019-06-11,14.473333358764648,237.5263671875,0.01982334850283829,-0.00018851003403264066
2019-06-12,13.950667381286621,237.0787353515625,-0.03611234292213106,-0.001884556402044213
2019-06-13,14.260666847229004,238.13507080078125,0.022221120858935794,0.004455631365049673
2019-06-14,14.32800006866455,237.7769775390625,0.004721603986466594,-0.0015037401274603512
2019-06-17,15.001999855041504,237.9918212890625,0.04704074421740101,0.0009035515222020063
2019-06-18,14.982666969299316,240.3640899658203,-0.0012886872369679558,0.009967857987340123
2019-06-19,15.095333099365234,240.9996337890625,0.007519764691878983,0.002644088072109918
2019-06-20,14.641332626342773,243.24656677246094,-0.030075551830091918,0.009323387542427009
2019-06-21,14.790666580200195,242.9600830078125,0.010199478262568729,-0.0011777504959255003
2019-06-24,14.909333229064941,242.6467742919922,0.008023076459826362,-0.0012895481098853523
2019-06-25,14.650667190551758,240.24769592285156,-0.01734926938308201,-0.009887122448426489
2019-06-26,14.618000030517578,240.0149383544922,-0.002229738728571129,-0.0009688233115631162
2019-06-27,14.855999946594238,240.8572235107422,0.016281291255971775,0.0035093030543207338
2019-06-28,14.897333145141602,242.1888885498047,0.002782256239630465,0.005528856555149675
2019-07-01,15.14466667175293,244.2495574951172,0.016602537125377292,0.008508519765921152
2019-07-02,14.970000267028809,244.9603729248047,-0.011533195712382427,0.002910201504466192
2019-07-03,15.65999984741211,246.84104919433594,0.0460921555160565,0.007677471450080464
2019-07-05,15.539999961853027,246.5260772705078,-0.0076628280158580475,-0.0012760111207441582
2019-07-08,15.355999946594238,245.2933349609375,-0.011840412851381266,-0.005000454001536148
2019-07-09,15.337332725524902,245.59930419921875,-0.0012156304463569745,0.0012473605869884885
2019-07-10,15.928000450134277,246.74205017089844,0.038511763106394925,0.004652887659456706
2019-07-11,15.90666675567627,247.23696899414062,-0.0013393830898483783,0.002005814667177308
2019-07-12,16.338666915893555,248.4517364501953,0.027158434061185455,0.004913373032345625
2019-07-15,16.899999618530273,248.5147247314453,0.034356089485530594,0.00025352320796767636
2019-07-16,16.825332641601562,247.70484924316406,-0.004418164415035952,-0.0032588631887162656
2019-07-17,16.99066734313965,246.0312042236328,0.009826533897421275,-0.006756609830792182
2019-07-18,16.902666091918945,246.93106079101562,-0.00517938756868408,0.0036574895864220913
2019-07-19,17.211999893188477,245.6083526611328,0.01830088813133579,-0.005356588699881093
2019-07-22,17.045333862304688,246.20216369628906,-0.009683129904604848,0.0024177151498407934
2019-07-23,17.344667434692383,247.8937530517578,0.017561027246856264,0.006870733100280413
2019-07-24,17.658666610717773,249.0365753173828,0.018103499372800647,0.0046101293459637205
2019-07-25,15.254667282104492,247.8218994140625,-0.13613708110635003,-0.00487750002895071
2019-07-26,15.202667236328125,249.5945587158203,-0.003408795800965758,0.00715295664325466
2019-07-29,15.718000411987305,249.14466857910156,0.03389755018959728,-0.0018024837521838366
2019-07-30,16.150667190551758,248.541748046875,0.02752683338998274,-0.0024199616057011264
2019-07-31,16.107332229614258,245.72528076171875,-0.002683168467668695,-0.011331968602011577
2019-08-01,15.59000015258789,243.66465759277344,-0.032117800120570084,-0.008385881837463471
2019-08-02,15.62266731262207,241.8829803466797,0.002095391899579857,-0.007312005211159489
2019-08-05,15.221332550048828,234.74732971191406,-0.025689260005491543,-0.029500424645580337
2019-08-06,15.383333206176758,237.77072143554688,0.010643000906475075,0.012879344473665233
2019-08-07,15.561332702636719,237.93275451660156,0.011570931609834023,0.0006814677605233577
2019-08-08,15.886667251586914,242.57579040527344,0.020906599400388748,0.019514067737772978
2019-08-09,15.667332649230957,240.88414001464844,-0.013806206102418894,-0.006973698355465463
2019-08-12,15.267333030700684,238.05870056152344,-0.025530805242072074,-0.011729454056017108
2019-08-13,15.666666984558105,241.748046875,0.02615610421639536,0.015497632746773293
2019-08-14,14.641332626342773,234.4683837890625,-0.06544687260065951,-0.03011260351444156
2019-08-15,14.37600040435791,235.20626831054688,-0.018122136062087457,0.003147053387582588
2019-08-16,14.662667274475098,238.652587890625,0.01994065540164347,0.014652328804128256
2019-08-19,15.121999740600586,241.58607482910156,0.03132666502806747,0.012291871478975924
2019-08-20,15.057332992553711,239.71441650390625,-0.00427633574634001,-0.007747376691803698
2019-08-21,14.722000122070312,241.6580352783203,-0.022270402776456533,0.008108059593413763
2019-08-22,14.8100004196167,241.5679931640625,0.00597746887764683,-0.0003726013668616801
2019-08-23,14.09333324432373,235.36822509765625,-0.048390759958635954,-0.02566469168866936
2019-08-26,14.333333015441895,237.97772216796875,0.017029312154725806,0.01108687066501779
2019-08-27,14.272000312805176,237.0419158935547,-0.004279025860254748,-0.003932327219072884
2019-08-28,14.37266731262207,238.68858337402344,0.007053461155446694,0.006946735450823027
2019-08-29,14.780667304992676,241.79293823242188,0.028387214669075345,0.013005879102034434
2019-08-30,15.040666580200195,241.6940155029297,0.01759049641281729,-0.00040912166507156567
2019-09-03,15.000666618347168,240.35328674316406,-0.0026594540634046204,-0.005547215378815973
2019-09-04,14.711999893188477,242.92678833007812,-0.01924359313509616,0.010707162035458406
2019-09-05,15.305333137512207,246.1391143798828,0.04032988367532808,0.013223432754727371
2019-09-06,15.16333293914795,246.31912231445312,-0.009277824735237306,0.0007313260024675028
2019-09-09,15.452667236328125,246.3822021484375,0.019081180789296548,0.0002560898780072929
2019-09-10,15.702667236328125,246.43612670898438,0.016178436782244843,0.00021886548653538007
2019-09-11,16.47333335876465,248.20872497558594,0.04907867630625118,0.007192931857328055
2019-09-12,16.391332626342773,248.93760681152344,-0.004977786258313466,0.0029365681484774253
2019-09-13,16.34666633605957,248.8746337890625,-0.0027249944407460314,-0.000252967091905143
2019-09-16,16.187332153320312,248.05581665039062,-0.009747197346762881,-0.00329007872841669
2019-09-17,16.319332122802734,248.73069763183594,0.008154522822672039,0.002720681943921166
2019-09-18,16.232667922973633,248.88369750976562,-0.005310523689140867,0.0006151226181021485
2019-09-19,16.440000534057617,248.82972717285156,0.012772552981913154,-0.00021684962676971065
2019-09-20,16.041332244873047,247.4978485107422,-0.024249895148037104,-0.005352570519776223
2019-09-23,16.082000732421875,247.66888427734375,0.002535231296753704,0.0006910596097329247
2019-09-24,14.880666732788086,245.6173095703125,-0.0747005313345035,-0.008283538374299182
2019-09-25,15.24666690826416,247.1199951171875,0.02459568391983602,0.006117995305395363
2019-09-26,16.17066764831543,246.63270568847656,0.060603458159791845,-0.0019718737388282337
2019-09-27,16.142000198364258,245.2494354248047,-0.0017728055869207227,-0.005608624613716473
2019-09-30,16.058000564575195,246.4608917236328,-0.005203793381044264,0.004939690469540681
2019-10-01,16.312667846679688,243.495361328125,0.015859214917846032,-0.012032458272662527
2019-10-02,16.208667755126953,239.20089721679688,-0.006375418940066435,-0.017636738900915105
2019-10-03,15.535332679748535,241.0995330810547,-0.041541666813759925,0.007937411131602179
2019-10-04,15.428667068481445,244.4447021484375,-0.006866001099940178,0.013874639343487205
2019-10-07,15.847999572753906,243.3959197998047,0.027178790132110553,-0.004290468721207752
2019-10-08,16.003332138061523,239.6167755126953,0.009801398882838708,-0.015526736398119412
2019-10-09,16.302000045776367,241.8498992919922,0.018662857531057897,0.009319563601166037
2019-10-10,16.31599998474121,243.495361328125,0.0008587865860343324,0.00680364987105575
2019-10-11,16.525999069213867,246.03594970703125,0.012870745566869735,0.010433826603713614
2019-10-14,17.130666732788086,245.80990600585938,0.036588871936986234,-0.0009187425717299691
2019-10-15,17.19266700744629,248.187744140625,0.0036192563678525413,0.009673483763949386
2019-10-16,17.316667556762695,247.79898071289062,0.007212409177860479,-0.001566408643909889
2019-10-17,17.46466636657715,248.4679718017578,0.008546610329575488,0.0026997330131970365
2019-10-18,17.1299991607666,247.44639587402344,-0.019162530722660276,-0.004111499443274158
2019-10-21,16.899999618530273,249.17324829101562,-0.01342671065408474,0.006978692944355158
2019-10-22,17.038667678833008,248.29624938964844,0.00820521085401027,-0.003519635062681048
2019-10-23,16.978666305541992,249.02859497070312,-0.0035214826899614415,0.0029494830584630982
2019-10-24,19.978666305541992,249.43545532226562,0.1766923235319593,0.001633789692345733
2019-10-25,21.875333786010742,250.47515869140625,0.09493463935290936,0.004168226075949688
2019-10-28,21.847333908081055,251.93075561523438,-0.0012799748887760698,0.005811342455805946
2019-10-29,21.08133316040039,251.76806640625,-0.03506152059118439,-0.0006457695432503519
2019-10-30,21.000667572021484,252.6540985107422,-0.0038263988223681267,0.003519239421978515
2019-10-31,20.994667053222656,251.8402862548828,-0.0002857299073112385,-0.003221053054972556
2019-11-01,20.887332916259766,254.23626708984375,-0.005112447684490151,0.009513890214276621
2019-11-04,21.1646671295166,255.24884033203125,0.013277626893232641,0.003982804081329894
2019-11-05,21.148000717163086,254.92343139648438,-0.0007874639488315571,-0.001274869398519396
2019-11-06,21.77199935913086,255.05892944335938,0.029506271080336877,0.0005315244900507832
2019-11-07,22.369333267211914,255.963134765625,0.027435877533706687,0.003545083970355245
2019-11-08,22.47599983215332,256.5869140625,0.004768428440276917,0.002436988816558072
2019-11-11,23.006000518798828,256.08966064453125,0.02358073903734903,-0.0019379531484899903
2019-11-12,23.32866668701172,256.59600830078125,0.014025304743831235,0.0019772280340237813
2019-11-13,23.073999404907227,256.70452880859375,-0.010916495379750035,0.0004229236009209991
2019-11-14,23.290000915527344,257.0479736328125,0.009361251460125342,0.0013378993577275455
2019-11-15,23.47800064086914,258.9647521972656,0.008072121852793046,0.007456890390395321
2019-11-18,23.332666397094727,259.12750244140625,-0.006190230846208622,0.0006284648499832457
2019-11-19,23.968000411987305,259.0008544921875,0.02722937893509192,-0.0004887476166193228
2019-11-20,23.481332778930664,258.0877990722656,-0.020304890883314552,-0.003525298870971194
2019-11-21,23.655332565307617,257.69000244140625,0.00741013246629163,-0.001541322884263896
2019-11-22,22.202667236328125,258.259521484375,-0.06140963459164972,0.0022100936690325756
2019-11-25,22.422666549682617,260.2214660644531,0.009908688492819007,0.00759679476211228
2019-11-26,21.92799949645996,260.74591064453125,-0.022061027047189374,0.0020153778549085732
2019-11-27,22.086000442504883,261.9754943847656,0.0072054427979364455,0.004715639594097487
2019-11-29,21.996000289916992,260.9718933105469,-0.0040749864522633406,-0.0038308967660339865
2019-12-02,22.32466697692871,258.84716796875,0.014942111414791182,-0.008141586876823315
2019-12-03,22.413333892822266,257.02996826171875,0.003971701615311352,-0.007020357693272694
2019-12-04,22.20199966430664,258.6754150390625,-0.009428951066637326,0.00640177014560539
2019-12-05,22.024667739868164,259.1546630859375,-0.007987205077007897,0.0018527004075845621
2019-12-06,22.392667770385742,261.46014404296875,0.016708539482365836,0.008896158493072237
2019-12-09,22.635332107543945,260.66455078125,0.010836776557687555,-0.0030428854257343874
2019-12-10,23.256000518798828,260.42034912109375,0.027420335973247223,-0.0009368426179330314
2019-12-11,23.51333236694336,261.09844970703125,0.011065180701923305,0.002603869429658845
2019-12-12,23.978666305541992,263.39483642578125,0.019790216517877823,0.008795099018499286
2019-12-13,23.892667770385742,263.494384765625,-0.0035864603168681564,0.00037794339932628596
2019-12-16,25.433332443237305,265.3569030761719,0.06448273954410277,0.007068531316914317
2019-12-17,25.266000747680664,265.41107177734375,-0.006579228102730705,0.0002041352629003068
2019-12-18,26.209999084472656,265.4291687011719,0.03736239645598238,6.818450981316282e-05
2019-12-19,26.93600082397461,266.5322265625,0.02769941872802484,0.004155752235994736
2019-12-20,27.03933334350586,267.8883056640625,0.003836223506470837,0.005087861678311878
2019-12-23,27.947999954223633,268.1508483886719,0.0336053629419828,0.0009800454855934948
2019-12-24,28.350000381469727,268.1508483886719,0.014383871042812801,0.0
2019-12-26,28.729333877563477,269.5226745605469,0.013380370052541224,0.0051158748149346955
2019-12-27,28.691999435424805,269.5226745605469,-0.0012995234173469594,0.0
2019-12-30,27.64666748046875,268.0418395996094,-0.03643287242176041,-0.005494287125756614
2019-12-31,27.8886661529541,268.7322998046875,0.008753267375039453,0.002575941898136147
2020-01-02,28.68400001525879,271.1126708984375,0.0285181750157113,0.008857778151268203
2020-01-03,29.534000396728516,269.1319885253906,0.02963325829792085,-0.007305753605993837
2020-01-06,30.1026668548584,270.1404724121094,0.01925463704513497,0.0037471721300925687
2020-01-07,31.270666122436523,269.39544677734375,0.03880052465815398,-0.0027579193451214845
2020-01-08,32.80933380126953,270.7855224609375,0.04920482578812169,0.005159982101489158
2020-01-09,32.089332580566406,272.6570129394531,-0.021945011900097344,0.006911338765482222
2020-01-10,31.876667022705078,271.875732421875,-0.006627297633174267,-0.00286543342184864
2020-01-13,34.990665435791016,273.6745300292969,0.09768895885093332,0.006616249237834326
2020-01-14,35.861331939697266,273.31103515625,0.024882822120200876,-0.0013282013236962653
2020-01-15,34.56666564941406,273.9197692871094,-0.03610201351305786,0.0022272577852970876
2020-01-16,34.232666015625,276.20916748046875,-0.009662477636014799,0.008357915163690555
2020-01-17,34.03333282470703,277.14495849609375,-0.005822894156913949,0.0033879795669387036
2020-01-21,36.47999954223633,276.5725402832031,0.07189030619278935,-0.002065410880994545
2020-01-22,37.97066879272461,276.6452941894531,0.04086264444061727,0.0002630554218270298
2020-01-23,38.14666748046875,276.9178771972656,0.004635122144013071,0.0009853159028463399
2020-01-24,37.654666900634766,274.3921813964844,-0.012897603180825445,-0.009120739427675328
2020-01-27,37.201332092285156,270.0314636230469,-0.012039272835579595,-0.015892281446374223
2020-01-28,37.793331146240234,272.9567565917969,0.015913383222044608,0.010833155994123711
2020-01-29,38.732666015625,272.684326171875,0.024854513769903885,-0.0009980717214093104
2020-01-30,42.72066879272461,273.5382995605469,0.10296225866535558,0.003131728914017584
2020-01-31,43.371334075927734,268.6324157714844,0.015230690473505337,-0.0179349063620855
2020-02-03,52.0,270.5855712890625,0.19894859376394902,0.007270736526598487
2020-02-04,59.137332916259766,274.7555847167969,0.13725640223576474,0.015411070915084535
2020-02-05,48.97999954223633,277.8626403808594,-0.1717583947927872,0.011308434975999093
2020-02-06,49.930667877197266,278.8075256347656,0.01940931694254422,0.0034005480283751943
2020-02-07,49.871334075927734,277.3902587890625,-0.001188323805631053,-0.005083316321811693
2020-02-10,51.41866683959961,279.37982177734375,0.031026496329857656,0.007172432791860084
2020-02-11,51.62533187866211,279.8885498046875,0.004019260937028868,0.0018209190059159663
2020-02-12,51.15266799926758,281.6874694824219,-0.009155657933695438,0.006427271422820624
2020-02-13,53.599998474121094,281.4149169921875,0.047843652551780025,-0.0009675705161297232
2020-02-14,53.33533477783203,281.8872985839844,-0.004937755668348531,0.0016785947129092094
2020-02-18,57.22666549682617,281.11505126953125,0.0729597130158357,-0.0027395605205782214
2020-02-19,61.16133117675781,282.4687194824219,0.06875580895325561,0.004815353026376146
2020-02-20,59.96066665649414,281.3603210449219,-0.019631105097986157,-0.003923968783272613
2020-02-21,60.06666564941406,278.4441223144531,0.0017678087791648256,-0.010364641039783073
2020-02-24,55.58599853515625,269.1319885253906,-0.07459490327646512,-0.03344345612921973
2020-02-25,53.32733154296875,261.0465087890625,-0.040633739641448896,-0.030042804575663884
2020-02-26,51.91999816894531,259.8926696777344,-0.026390470576789893,-0.004420051877654041
2020-02-27,45.266666412353516,248.37303161621094,-0.1281458395846271,-0.04432459782650944
2020-02-28,44.53266525268555,246.8739776611328,-0.016215047800994142,-0.006035494052327284
2020-03-02,49.574668884277344,257.8939514160156,0.11322034293215233,0.04463805322571979
2020-03-03,49.70066833496094,250.78048706054688,0.0025416095259802596,-0.02758290497474225
2020-03-04,49.96666717529297,261.1736145019531,0.0053520173720666975,0.04144312646979187
2020-03-05,48.30266571044922,252.42489624023438,-0.033302230445070524,-0.03349771100883292
2020-03-06,46.89866638183594,248.19125366210938,-0.029066704869448956,-0.016771889941061158
2020-03-09,40.53333282470703,229.04022216796875,-0.13572525720249962,-0.07716239477243259
2020-03-10,43.02199935913086,240.7947540283203,0.061398023823663106,0.05132081932635946
2020-03-11,42.28200149536133,228.8558807373047,-0.017200452670558586,-0.049581118738207475
2020-03-12,37.369998931884766,206.7214813232422,-0.11617242301113506,-0.0967176344464129
2020-03-13,36.44133377075195,226.03546142578125,-0.0248505535904755,0.09342996179646446
2020-03-16,29.67133331298828,199.50155639648438,-0.18577806455584012,-0.11738824015456217
2020-03-17,28.68000030517578,212.56314086914062,-0.03341046380880208,0.06547109059489231
2020-03-18,24.08133316040039,200.94371032714844,-0.1603440409986845,-0.054663430802170065
2020-03-19,28.50933265686035,201.1171417236328,0.1838768421567878,0.0008630844737664845
2020-03-20,28.50200080871582,192.35462951660156,-0.0002571736151377735,-0.04356919620045285
2020-03-23,28.952667236328125,186.4491424560547,0.015811747064244486,-0.030701039405122255
2020-03-24,33.66666793823242,204.2296600341797,0.16281749323562988,0.0953639010826548
2020-03-25,35.95000076293945,206.8492889404297,0.06782176450892674,0.01282687786784531
2020-03-26,35.21066665649414,219.28102111816406,-0.020565621439638027,0.060100434675966374
2020-03-27,34.29066848754883,212.54490661621094,-0.026128393930185068,-0.03071909492031799
2020-03-30,33.47533416748047,219.41795349121094,-0.02377714859552571,0.03233691639296987
2020-03-31,34.93333435058594,216.1593780517578,0.04355446239344318,-0.014850997320889903
2020-04-01,32.104000091552734,206.42025756835938,-0.08099239055277141,-0.04505527620951277
2020-04-02,30.29800033569336,211.24876403808594,-0.05625466454987249,0.023391630872892977
2020-04-03,32.000667572021484,208.1271514892578,0.05619734693587186,-0.014776950592076954
2020-04-06,34.41600036621094,222.2840118408203,0.0754775752334993,0.0680202474797873
2020-04-07,36.36333465576172,222.40269470214844,0.05658223700690801,0.000533924416539211
2020-04-08,36.589332580566406,229.95118713378906,0.006214994497730331,0.03394065185113826
2020-04-09,38.20000076293945,233.3648681640625,0.04402015748241661,0.014845242039508655
2020-04-13,43.39666748046875,231.1012725830078,0.13603839302984921,-0.009699812996116108
2020-04-14,47.32600021362305,238.15689086914062,0.09054457315006381,0.03053041728101502
2020-04-15,48.65533447265625,232.97242736816406,0.028088878270565276,-0.021769109774888884
2020-04-16,49.680667877197266,234.14988708496094,0.021073401625000487,0.005054073265657877
2020-04-17,50.259334564208984,240.61219787597656,0.011647723586206471,0.027599034411111223
2020-04-20,49.75733184814453,236.27658081054688,-0.009988248360573104,-0.018019107525315436
2020-04-21,45.781333923339844,229.0566864013672,-0.07990777996173748,-0.03055696161004129
2020-04-22,48.807334899902344,234.0950927734375,0.06609682849410836,0.021996329603937825
2020-04-23,47.04199981689453,234.04945373535156,-0.03616946277907396,-0.0001949593968213481
2020-04-24,48.34333419799805,237.4449462890625,0.02766324531628772,0.01450758589486112
2020-04-27,53.25,240.87686157226562,0.10149622245552825,0.014453520013119725
2020-04-28,51.27466583251953,239.76333618164062,-0.037095477323576875,-0.004622799314789816
2020-04-29,53.367332458496094,245.94277954101562,0.040812876924676944,0.02577309549402318
2020-04-30,52.12533187866211,243.7977294921875,-0.023272674923369818,-0.008721744353834104
2020-05-01,46.75466537475586,237.15283203125,-0.1030337133662409,-0.02725578074405499
2020-05-04,50.74599838256836,237.90130615234375,0.08536758793631605,0.0031560834196369125
2020-05-05,51.2140007019043,240.09190368652344,0.009222447764407393,0.009208009697840414
2020-05-06,52.172000885009766,238.47633361816406,0.018705825945557253,-0.006728965215206717
2020-05-07,52.00266647338867,241.2967987060547,-0.003245695176505081,0.011827023021943273
2020-05-08,54.62799835205078,245.33111572265625,0.05048456274844226,0.01671931429772555
2020-05-11,54.08599853515625,245.36770629882812,-0.0099216488475673,0.00014914771843788088
2020-05-12,53.96066665649414,240.42965698242188,-0.002317270311292141,-0.020125098738104974
2020-05-13,52.73066711425781,236.16705322265625,-0.02279437261341355,-0.017729109683325306
2020-05-14,53.55533218383789,239.01487731933594,0.01563919280204029,0.012058515605031461
2020-05-15,53.27799987792969,240.09190368652344,-0.005178425650618879,0.004506105976610497
2020-05-18,54.242000579833984,247.4304656982422,0.018093785504579962,0.030565637154097214
2020-05-19,53.867332458496094,245.0938720703125,-0.006907343337870575,-0.009443435436844339
2020-05-20,54.37066650390625,249.09176635742188,0.00934395713390801,0.016311686021927452
2020-05-21,55.17333221435547,247.3026885986328,0.01476284478490908,-0.007182404239817086
2020-05-22,54.45866775512695,247.8594970703125,-0.012953077701596039,0.002251526155396366
2020-05-26,54.591331481933594,251.0449981689453,0.0024360442933191173,0.012852043743674546
2020-05-27,54.68199920654297,254.7051239013672,0.0016608447192643094,0.014579560473691355
2020-05-28,53.72066879272461,254.2032012939453,-0.017580381620416863,-0.0019706027100430124
2020-05-29,55.66666793823242,255.3440704345703,0.03622440280883765,0.004488020350718491
2020-06-01,59.87333297729492,256.4576721191406,0.07556883131087,0.004361180906512052
2020-06-02,58.770668029785156,258.566162109375,-0.018416628784101885,0.008221590614980068
2020-06-03,58.86399841308594,261.97991943359375,0.0015880436011630472,0.013202645297317517
2020-06-04,57.62533187866211,261.3136291503906,-0.021042854169221026,-0.002543287610148326
2020-06-05,59.04399871826172,267.99493408203125,0.024618805538279664,0.025568145654566665
2020-06-08,63.327999114990234,271.244384765625,0.0725560681818036,0.0121250451793955
2020-06-09,62.711334228515625,269.3184814453125,-0.009737634144336038,-0.007100251391292889
2020-06-10,68.336669921875,267.638916015625,0.08970205725269786,-0.006236354150944368
2020-06-11,64.85600280761719,252.2134246826172,-0.0509341048991272,-0.057635457364157205
2020-06-12,62.35200119018555,255.25282287597656,-0.03860863311078977,0.012050897755280454
2020-06-15,66.05999755859375,257.58038330078125,0.059468762792361796,0.009118647145914593
2020-06-16,65.47533416748047,262.6187744140625,-0.008850490655781473,0.019560461277044583
2020-06-17,66.11933135986328,261.4139404296875,0.009835722116904755,-0.0045877679044963315
2020-06-18,66.9306640625,261.6513366699219,0.012270733625858066,0.0009081238737467245
2020-06-19,66.72666931152344,260.1086730957031,-0.0030478518902198326,-0.005895874998585793
2020-06-22,66.28800201416016,261.8338317871094,-0.0065740925163715325,0.006632453546720152
2020-06-23,66.78533172607422,263.0204162597656,0.0075025599927995845,0.004531822585940759
2020-06-24,64.0566635131836,256.2933654785156,-0.040857298187609414,-0.0255761544176335
2020-06-25,65.73200225830078,259.0043640136719,0.02615401198303724,0.0105777163996994
2020-06-26,63.982666015625,252.93438720703125,-0.026613159231048233,-0.023435809005597386
2020-06-29,67.29000091552734,256.62548828125,0.05169110801188981,0.0145931168750002
2020-06-30,71.98733520507812,260.0478515625,0.0698073149894527,0.013336022482300036
2020-07-01,74.64199829101562,261.8278503417969,0.03687680726581788,0.006844889387094488
2020-07-02,80.57733154296875,263.14892578125,0.0795173412803385,0.005045587922478667
2020-07-06,91.43866729736328,267.2318115234375,0.1347939370342961,0.015515494619884995
2020-07-07,92.65733337402344,264.4610290527344,0.013327688522591696,-0.010368460457261475
2020-07-08,91.05867004394531,266.4244079589844,-0.01725350030984496,0.007424076482204445
2020-07-09,92.9520034790039,265.066650390625,0.020792456491456113,-0.005096220645701477
2020-07-10,102.97666931152344,267.727294921875,0.10784776505418647,0.010037643465630408
2020-07-13,99.80400085449219,265.30517578125,-0.030809585105470272,-0.009046963782052164
2020-07-14,101.12000274658203,268.8558349609375,0.013185863099901995,0.01338330158554868
2020-07-15,103.06732940673828,271.2414245605469,0.019257581163604875,0.008873118189739015
2020-07-16,100.04266357421875,270.4523010253906,-0.029346504366899673,-0.002909303165748889
2020-07-17,100.05599975585938,271.16796875,0.00013330494375263235,0.002646188336708599
2020-07-20,109.53333282470703,273.4250183105469,0.09472028755869433,0.008323437207392814
2020-07-21,104.55733489990234,273.993896484375,-0.045429074387502544,0.002080563722161033
2020-07-22,106.15533447265625,275.5535888671875,0.015283476518254346,0.005692434768894472
2020-07-23,100.87133026123047,272.25970458984375,-0.04977615338574293,-0.011953697612450132
2020-07-24,94.46666717529297,270.49822998046875,-0.06349339370613127,-0.006469832221513094
2020-07-27,102.63999938964844,272.4707946777344,0.08652080631985237,0.007292338650082941
2020-07-28,98.43267059326172,270.7825622558594,-0.040991122577997974,-0.006196012397848949
2020-07-29,99.94066619873047,274.05810546875,0.015320072049045619,0.012096581056041611
2020-07-30,99.16600036621094,273.0579833984375,-0.007751257440881121,-0.0036493066629132986
2020-07-31,95.38400268554688,275.34259033203125,-0.03813804798718812,0.008366746524528956
2020-08-03,99.0,277.0766906738281,0.03790989277703116,0.006297973516213862
2020-08-04,99.13333129882812,278.24188232421875,0.0013467807962437295,0.004205303764661661
2020-08-05,99.00133514404297,279.97601318359375,-0.001331501252462397,0.006232458050130285
2020-08-06,99.30533599853516,281.85687255859375,0.003070674289896047,0.00671793041701263
2020-08-07,96.84733581542969,282.003662109375,-0.024751944680411975,0.0005207946481800008
2020-08-10,94.57133483886719,282.90283203125,-0.02350091468597615,0.0031885044156847453
2020-08-11,91.6259994506836,280.6181945800781,-0.031144060652225414,-0.008075696643855101
2020-08-12,103.65066528320312,284.4626159667969,0.1312363947417745,0.013699829380171114
2020-08-13,108.06666564941406,283.97637939453125,0.042604650478076156,-0.001709316250970483
2020-08-14,110.04733276367188,283.97637939453125,0.01832819678811437,0.0
2020-08-17,122.3759994506836,284.8939514160156,0.11203058154519474,0.0032311561385518495
2020-08-18,125.80599975585938,285.490234375,0.028028374195693928,0.002092999714527588
2020-08-19,125.23533630371094,284.2790832519531,-0.004536059116861502,-0.004242355699831002
2020-08-20,133.45533752441406,285.1782531738281,0.06563643667445929,0.003162983050279733
2020-08-21,136.6653289794922,286.19671630859375,0.024052926729070556,0.0035713211769510256
2020-08-24,134.27999877929688,289.1051940917969,-0.017453806448256226,0.010162512766453302
2020-08-25,134.8893280029297,290.11444091796875,0.004537751185374361,0.0034909328742513956
2020-08-26,143.54466247558594,293.0780029296875,0.06416619165356252,0.010215148209587799
2020-08-27,149.25,293.66510009765625,0.039746079206424145,0.002003211302451735
2020-08-28,147.55999755859375,295.5736083984375,-0.011323299439907841,0.00649892786084072
2020-08-31,166.10667419433594,294.5367736816406,0.1256890549105465,-0.003507873123094307
2020-09-01,158.35000610351562,297.2893371582031,-0.04669690804684601,0.009345398342475608
2020-09-02,149.1233367919922,301.61993408203125,-0.05826756524083643,0.014566943319341386
2020-09-03,135.6666717529297,291.1786804199219,-0.09023849203316048,-0.03461725331214238
2020-09-04,139.44000244140625,288.84820556640625,0.027813247275265907,-0.008003590270258654
2020-09-08,110.06999969482422,280.911865234375,-0.21062824320390794,-0.027475816636869044
2020-09-09,122.09333038330078,286.45355224609375,0.10923349433825735,0.019727493557792908
2020-09-10,123.77999877929688,281.4439697265625,0.013814582587770685,-0.017488289044596983
2020-09-11,124.23999786376953,281.6550598144531,0.003716263443279244,0.0007500252646936989
2020-09-14,139.8733367919922,285.3158874511719,0.12583177074233998,0.012997556795643517
2020-09-15,149.9199981689453,286.7839050292969,0.07182685140266343,0.00514523600925032
2020-09-16,147.25332641601562,285.6278381347656,-0.01778729846250804,-0.00403114287188866
2020-09-17,141.14332580566406,283.1322021484375,-0.04149312452942333,-0.008737369587731303
2020-09-18,147.38333129882812,279.83837890625,0.04421041843491591,-0.011633516841933256
2020-09-21,149.79666137695312,276.8013916015625,0.016374511668703073,-0.010852647576638952
2020-09-22,141.41000366210938,279.5998840332031,-0.055986946823462835,0.010110109690737668
2020-09-23,126.78666687011719,273.12225341796875,-0.10341090738483938,-0.02316750107973986
2020-09-24,129.26333618164062,273.87457275390625,0.0195341463945935,0.002754514970943145
2020-09-25,135.77999877929688,278.26025390625,0.05041385121376596,0.016013465975479813
2020-09-28,140.39999389648438,282.9211120605469,0.034025594039789775,0.016749996051779625
2020-09-29,139.69000244140625,281.3077697753906,-0.005056919415549199,-0.005702445722081673
2020-09-30,143.00332641601562,283.4731140136719,0.02371912031427703,0.0076974206578444004
2020-10-01,149.3866729736328,285.2698974609375,0.04463774876849502,0.006338461598086376
2020-10-02,138.3633270263672,282.6161804199219,-0.0737906918190171,-0.00930247833590292
2020-10-05,141.89332580566406,287.554931640625,0.025512531789757986,0.017475118421616642
2020-10-06,137.9933319091797,283.53765869140625,-0.02748539351192436,-0.013970454014815448
2020-10-07,141.76666259765625,288.40264892578125,0.027344297266189477,0.017158180175529614
2020-10-08,141.97332763671875,290.9549865722656,0.0014577830589765917,0.008849910553842433
2020-10-09,144.6666717529297,293.54412841796875,0.01897077543397918,0.008898771168027508
2020-10-12,147.43333435058594,298.28021240234375,0.01912439516394837,0.01613414654178147
2020-10-13,148.88333129882812,296.3730163574219,0.009834932884270176,-0.006393974409369507
2020-10-14,153.76666259765625,294.5209045410156,0.032799718116372834,-0.006249259258382156
2020-10-15,149.6266632080078,294.17071533203125,-0.02692390743031925,-0.0011890130839102842
2020-10-16,146.55667114257812,293.92193603515625,-0.02051768046956881,-0.0008456970184615997
2020-10-19,143.61000061035156,289.4807434082031,-0.020106014344170586,-0.015110109462608823
2020-10-20,140.64666748046875,290.62335205078125,-0.020634587544658856,0.00394709723736919
2020-10-21,140.8800048828125,290.0981140136719,0.0016590325709362475,-0.001807280913261211
2020-10-22,141.92999267578125,291.6921081542969,0.007453064711647084,0.005494672538787659
2020-10-23,140.2100067138672,292.6871337890625,-0.012118551755604834,0.0034112189083952416
2020-10-26,140.0933380126953,287.29693603515625,-0.0008320996760948773,-0.018416244281482252
2020-10-27,141.55999755859375,286.347900390625,0.010469159823756513,-0.0033033267170490266
2020-10-28,135.33999633789062,276.4888610839844,-0.043938975190562446,-0.03443028320861197
2020-10-29,136.94332885742188,279.4004821777344,0.011846701366300838,0.010530699436986035
2020-10-30,129.34666442871094,276.2585144042969,-0.05547305218949494,-0.011245391378525982
2020-11-02,133.50332641601562,279.4741516113281,0.03213582666134873,0.011639956922106842
2020-11-03,141.3000030517578,284.4036865234375,0.05840061701119437,0.01763860766259695
2020-11-04,140.32666015625,290.80755615234375,-0.006888484603579825,0.02251683059100751
2020-11-05,146.02999877929688,296.5019226074219,0.040643300543862226,0.019581219038528275
2020-11-06,143.31666564941406,296.46502685546875,-0.01858065570474754,-0.00012443680509277577
2020-11-09,140.4199981689453,300.1598815917969,-0.02021165833954497,0.012463037463536608
2020-11-10,136.7866668701172,299.77294921875,-0.02587474253102262,-0.001289087572246217
2020-11-11,139.0433349609375,301.8829345703125,0.0164977197153513,0.007038611579401666
2020-11-12,137.25332641601562,299.0910949707031,-0.012873745767280065,-0.00924808685718903
2020-11-13,136.1666717529297,303.1544494628906,-0.007917146283160204,0.013585675269220276
2020-11-16,136.02999877929688,306.83099365234375,-0.0010037182511209997,0.012127627339684421
2020-11-17,147.20333862304688,305.3014221191406,0.08213879250177958,-0.004985062020612552
2020-11-18,162.2133331298828,301.59735107421875,0.10196775866118779,-0.012132505047671827
2020-11-19,166.42333984375,302.8596496582031,0.025953518324515645,0.004185376892364534
2020-11-20,163.20333862304688,300.8326110839844,-0.019348255020757876,-0.00669299649691335
2020-11-23,173.9499969482422,302.6108703613281,0.06584827501609536,0.0059111253628261196
2020-11-24,185.1266632080078,307.5128173828125,0.06425217853318599,0.01619884644471381
2020-11-25,191.3333282470703,307.0060119628906,0.03352658623835669,-0.0016480790109342225
2020-11-27,195.25332641601562,307.8813781738281,0.020487795852708768,0.002851299899115034
2020-11-30,189.1999969482422,306.4992980957031,-0.031002439645386293,-0.004489001856243124
2020-12-01,194.9199981689453,309.8716125488281,0.030232565079099327,0.01100268246641134
2020-12-02,189.60667419433594,310.5258483886719,-0.027258998689319136,0.0021113125996357063
2020-12-03,197.7933349609375,310.4336853027344,0.04317707064578702,-0.0002967968251781361
2020-12-04,199.67999267578125,313.1057434082031,0.00953853028069096,0.008607500512912925
2020-12-07,213.9199981689453,312.5252685546875,0.07131413268972531,-0.0018539259203522729
2020-12-08,216.6266632080078,313.4281921386719,0.01265269756091203,0.0028891218561624132
2020-12-09,201.4933319091797,310.6456298828125,-0.06985904262531573,-0.008877830155840871
2020-12-10,209.02333068847656,310.4981994628906,0.03737095767859411,-0.0004745935746062191
2020-12-11,203.3300018310547,310.1020812988281,-0.027237767375868138,-0.0012757502772889895
2020-12-14,213.27667236328125,308.6830139160156,0.048918853305726984,-0.004576129824311104
2020-12-15,211.0833282470703,312.94915771484375,-0.010284031966116491,0.01382046826842509
2020-12-16,207.58999633789062,313.4281921386719,-0.016549539644792777,0.001530710059506335
2020-12-17,218.63333129882812,315.1329650878906,0.053197818564255206,0.005439118088217398
2020-12-18,231.6666717529297,313.8706359863281,0.059612778969587055,-0.004005703120301685
2020-12-21,216.6199951171875,312.903076171875,-0.06494968189377415,-0.003082670704166346
2020-12-22,213.44667053222656,312.2859802246094,-0.01464926902636221,-0.0019721632488095553
2020-12-23,215.32666015625,312.5357971191406,0.008807772074100217,0.0007999619270502301
2020-12-24,220.58999633789062,313.7847900390625,0.02444349518922251,0.003996319562222128
2020-12-28,221.22999572753906,316.5140380859375,0.002901307404113318,0.008697834100037882
2020-12-29,221.99667358398438,315.84796142578125,0.003465523985226371,-0.0021044142755380912
2020-12-30,231.5933380126953,316.2735290527344,0.0432288658824449,0.0013473812686080056
2020-12-31,235.22332763671875,317.975830078125,0.01567398119122254,0.005382369591565794
2021-01-04,243.2566680908203,313.66448974609375,0.03415197180829077,-0.01355870454358743
2021-01-05,245.0366668701172,315.7276611328125,0.007317368906131216,0.006577637744039411
2021-01-06,251.9933319091797,317.64276123046875,0.028390302267496503,0.006065670935466949
2021-01-07,272.0133361816406,322.3890075683594,0.07944656360858104,0.014942088777672335
2021-01-08,293.3399963378906,324.202392578125,0.07840299470467449,0.005624835112844506
2021-01-11,270.39666748046875,322.0837097167969,-0.07821411721500826,-0.006535062386430646
2021-01-12,283.14666748046875,322.1114501953125,0.047152947996006445,8.612816382425059e-05
2021-01-13,284.8033447265625,322.9162902832031,0.005850950889994211,0.0024986385532168587
2021-01-14,281.6666564941406,321.8246765136719,-0.011013523157297866,-0.0033804852910142014
2021-01-15,275.38665771484375,319.5300598144531,-0.02229585445953386,-0.00713002099179072
2021-01-19,281.51666259765625,322.0559997558594,0.022259629183487784,0.007905171559987378
2021-01-20,283.48333740234375,326.4320373535156,0.00698599786790699,0.013587815786613389
2021-01-21,281.663330078125,326.7373352050781,-0.006420156263490129,0.0009352570110385816
2021-01-22,282.21331787109375,325.5715637207031,0.0019526425140830028,-0.003567916362062773
2021-01-25,293.6000061035156,326.89459228515625,0.040347806114603646,0.0040637104461251905
2021-01-26,294.36334228515625,326.40435791015625,0.0025999188207492807,-0.0014996711067412072
2021-01-27,288.0533447265625,318.484619140625,-0.02143608477064074,-0.024263581590142858
2021-01-28,278.4766540527344,321.15850830078125,-0.033246240146660666,0.008395661829357026
2021-01-29,264.510009765625,314.7284240722656,-0.05015373491403896,-0.020021528504838848
2021-02-01,279.9366760253906,319.9002380371094,0.058321672867634566,0.016432624349353997
2021-02-02,290.92999267578125,324.4983215332031,0.039270726531715816,0.014373491949575712
2021-02-03,284.89666748046875,324.8221435546875,-0.020738065332563282,0.0009979158596393756
2021-02-04,283.3299865722656,328.4582214355469,-0.005499119810906672,0.011194057896016574
2021-02-05,284.07666015625,329.7720642089844,0.0026353496607176563,0.004000030103357588
2021-02-08,287.8066711425781,332.2052001953125,0.0131302972383458,0.007378235606962047
2021-02-09,283.1533203125,331.9369201660156,-0.016168321643152184,-0.0008075732382850642
2021-02-10,268.2733459472656,331.807373046875,-0.052550944303998315,-0.00039027631839150256
2021-02-11,270.5533447265625,332.3439636230469,0.008498789811735685,0.0016171749628242083
2021-02-12,272.0400085449219,334.0369873046875,0.005494900903412869,0.005094191160218919
2021-02-16,265.40667724609375,333.72235107421875,-0.024383660823671716,-0.0009419203334561921
2021-02-17,266.04998779296875,333.7964782714844,0.0024238672272682837,0.00022212236317709078
2021-02-18,262.4599914550781,332.37164306640625,-0.013493691045324274,-0.004268574708925721
2021-02-19,260.4333190917969,331.760986328125,-0.007721833533733569,-0.0018372708713879637
2021-02-22,238.1666717529297,329.15216064453125,-0.08549845855559934,-0.007863569832209039
2021-02-23,232.94667053222656,329.5683288574219,-0.021917429429917368,0.0012643642140330869
2021-02-24,247.33999633789062,333.2135925292969,0.06178807266392261,0.01106072201935393
2021-02-25,227.4066619873047,325.2199401855469,-0.08059082496045267,-0.023989574624111998
2021-02-26,225.1666717529297,323.43438720703125,-0.009850152211020369,-0.005490293668638291
2021-03-01,239.47666931152344,331.32623291015625,0.06355291148192554,0.024400144249576705
2021-03-02,228.81333923339844,328.7635192871094,-0.044527636486599076,-0.007734713911837443
2021-03-03,217.73333740234375,324.42437744140625,-0.048423758283395624,-0.01319836779674377
2021-03-04,207.14666748046875,320.4275207519531,-0.04862218183112754,-0.012319840823844963
2021-03-05,199.31666564941406,326.302490234375,-0.037799313531283074,0.01833478431763602
2021-03-08,187.6666717529297,324.701904296875,-0.05844967282854319,-0.004905221337263899
2021-03-09,224.52667236328125,329.2445373535156,0.1964120760817838,0.013990164506356928
2021-03-10,222.68666076660156,331.2799987792969,-0.00819506910832657,0.006182217758698094
2021-03-11,233.1999969482422,334.7770690917969,0.04721134236531421,0.010556237398533064
2021-03-12,231.2433319091797,335.2490234375,-0.008390501992574073,0.0014097570869577858
2021-03-15,235.97999572753906,337.1918640136719,0.020483461206222797,0.0057952162134606855
2021-03-16,225.6266632080078,336.81256103515625,-0.04387377195940434,-0.0011248876945033626
2021-03-17,233.93666076660156,337.91351318359375,0.03683074261011732,0.00326873838984465
2021-03-18,217.72000122070312,332.9452819824219,-0.06932072763951169,-0.01470267097152922
2021-03-19,218.2899932861328,332.3531494140625,0.0026180050626212203,-0.001778468115942955
2021-03-22,223.3333282470703,334.9807434082031,0.023103830299388672,0.007906030073050463
2021-03-23,220.72000122070312,332.5197448730469,-0.01170146456365928,-0.007346686588958096
2021-03-24,210.08999633789062,330.6786193847656,-0.04816058727810224,-0.005536890716021037
2021-03-25,213.4633331298828,332.5382080078125,0.016056627401557888,0.005623552640042773
2021-03-26,206.23666381835938,337.9631652832031,-0.03385438241576755,0.016313786340194536
2021-03-29,203.76333618164062,337.7588195800781,-0.01199266702111268,-0.0006046389787885964
2021-03-30,211.8733367919922,336.8953552246094,0.039801078851212424,-0.002556452431182299
2021-03-31,222.64332580566406,338.2323913574219,0.05083220558444013,0.0039686986242986055
2021-04-01,220.5833282470703,341.8161315917969,-0.009252455923119962,0.010595496841661056
2021-04-05,230.35000610351562,346.7461853027344,0.04427659122771899,0.014423115983376311
2021-04-06,230.5399932861328,346.5511474609375,0.0008247761127986308,-0.0005624801369525922
2021-04-07,223.6566619873047,346.9875793457031,-0.029857428208930892,0.0012593577830088964
2021-04-08,227.93333435058594,348.6773986816406,0.01912159613436426,0.004869970674811874
2021-04-09,225.67333984375,351.1841735839844,-0.009915155733034697,0.007189381680091422
2021-04-12,233.9933319091797,351.3420104980469,0.03686741230129442,0.00044944199065599655
2021-04-13,254.10667419433594,352.29827880859375,0.0859569036478478,0.0027217590893593435
2021-04-14,244.07666015625,351.16558837890625,-0.03947166704647498,-0.0032151460788228947
2021-04-15,246.28334045410156,354.93511962890625,0.009040931223980753,0.010734341218914256
2021-04-16,246.5933380126953,356.17919921875,0.0012587029151958085,0.003505090144769074
2021-04-19,238.2100067138672,354.42449951171875,-0.03399658468630862,-0.00492645194014707
2021-04-20,239.663330078125,351.8248596191406,0.006101017267521991,-0.007334819957874217
2021-04-21,248.0399932861328,355.1300048828125,0.034951793439894185,0.009394291430258273
2021-04-22,239.89666748046875,351.8712158203125,-0.03283069676699324,-0.00917632702867599
2021-04-23,243.13333129882812,355.6221618652344,0.013491908213451476,0.01065999682917318
2021-04-26,246.06666564941406,356.3927001953125,0.012064715006025573,0.0021667331586892047
2021-04-27,234.913330078125,356.2813415527344,-0.04532647907368281,-0.000312460503588019
2021-04-28,231.46665954589844,356.1141357421875,-0.014672094304228334,-0.00046930835563308015
2021-04-29,225.6666717529297,358.49102783203125,-0.02505755171974844,0.006674523281391176
2021-04-30,236.47999572753906,356.1234436035156,0.04791723957558203,-0.006604305393174137
2021-05-03,228.3000030517578,356.93121337890625,-0.034590632711300695,0.0022682297105101057
2021-05-04,224.53334045410156,354.7586975097656,-0.01649874089928205,-0.006086651398667042
2021-05-05,223.64666748046875,354.8236999511719,-0.003948959080373515,0.00018323001483122603
2021-05-06,221.17999267578125,357.711181640625,-0.011029338520784915,0.008137792627297635
2021-05-07,224.1233367919922,360.2643737792969,0.013307460953421169,0.007137579896054014
2021-05-10,209.67999267578125,356.7362976074219,-0.06444373139784076,-0.00979301987277914
2021-05-11,205.73333740234375,353.607421875,-0.018822278764288325,-0.008770836478953159
2021-05-12,196.6300048828125,346.05914306640625,-0.044248212926854213,-0.021346494280490735
2021-05-13,190.56333923339844,350.1720886230469,-0.030853203980896415,0.011885094322883871
2021-05-14,196.5800018310547,355.54791259765625,0.03157303299711356,0.015351948796799464
2021-05-17,192.27667236328125,354.6936950683594,-0.02189098294684022,-0.002402538445679281
2021-05-18,192.6233367919922,351.62982177734375,0.0018029458511532592,-0.008638082192087282
2021-05-19,187.82000732421875,350.701416015625,-0.02493638386588848,-0.0026402930133344604
2021-05-20,195.5933380126953,354.4430236816406,0.04138712802336375,0.01066892660008234
2021-05-21,193.6266632080078,354.17376708984375,-0.010054917128925145,-0.0007596611410208842
2021-05-24,202.14666748046875,357.7482604980469,0.0440022264046771,0.010092484933522439
2021-05-25,201.56333923339844,356.9962463378906,-0.002885668382965889,-0.0021020763570152035
2021-05-26,206.3766632080078,357.6461486816406,0.023879957500782645,0.0018204738856970604
2021-05-27,210.28334045410156,357.80401611328125,0.018929840154243482,0.00044140677097326275
2021-05-28,208.4066619873047,358.50030517578125,-0.008924522802159385,0.0019460068393406527
2021-06-01,207.96665954589844,358.2216796875,-0.002111268599623961,-0.0007771973531365273
2021-06-02,201.7066650390625,358.8253173828125,-0.030100952337768105,0.001685095374012846
2021-06-03,190.94667053222656,357.46051025390625,-0.05334476431283097,-0.0038035418984948555
2021-06-04,199.68333435058594,360.7007141113281,0.045754470575515294,0.009064508566611673
2021-06-07,201.7100067138672,360.39434814453125,0.010149431698305955,-0.0008493633497557163
2021-06-08,201.19667053222656,360.4500427246094,-0.002544921741878703,0.00015453788430597193
2021-06-09,199.5933380126953,359.88372802734375,-0.007968981371759054,-0.001571132279482912
2021-06-10,203.3733367919922,361.5456237792969,0.018938501740255687,0.004617868557332594
2021-06-11,203.29666137695312,362.1769714355469,-0.0003770180312155924,0.0017462461574015986
2021-06-14,205.89666748046875,363.08685302734375,0.012789221849023313,0.002512256889747544
2021-06-15,199.7866668701172,362.3255615234375,-0.029675082579620482,-0.0020967201030793747
2021-06-16,201.6233367919922,360.3387145996094,0.009193155632698069,-0.005483595790134688
2021-06-17,205.53334045410156,360.20867919921875,0.019392614586788648,-0.00036086991245198874
2021-06-18,207.77000427246094,355.4270935058594,0.010882243306208794,-0.01327448773302553
2021-06-21,206.94332885742188,360.4036560058594,-0.003978800587379316,0.014001640817283167
2021-06-22,207.90333557128906,362.31622314453125,0.004638983624974058,0.005306736229781173
2021-06-23,218.85667419433594,361.9262390136719,0.05268476618207507,-0.001076363976955541
2021-06-24,226.60667419433594,363.9966735839844,0.035411302984154513,0.005720598141640387
2021-06-25,223.9566650390625,365.3428649902344,-0.011694312026312215,0.0036983618366484006
2021-06-28,229.57333374023438,366.10430908203125,0.025079265670401973,0.002084190399659791
2021-06-29,226.9199981689453,366.2654113769531,-0.011557681931348984,0.00044004479304216026
2021-06-30,226.56666564941406,366.6007995605469,-0.0015570796861552605,0.0009156971233861277
2021-07-01,225.97332763671875,368.6689453125,-0.0026188230779431443,0.005641410914630551
2021-07-02,226.3000030517578,371.47296142578125,0.0014456370513082906,0.007605783315718151
2021-07-06,219.86000061035156,370.7743225097656,-0.028457809785947474,-0.0018807261592718172
2021-07-07,214.88333129882812,372.0505676269531,-0.02263562857139878,0.0034421076102266746
2021-07-08,217.60333251953125,369.08807373046875,0.012658037290573132,-0.007962610876741882
2021-07-09,218.98333740234375,372.98223876953125,0.006341837079579804,0.010550774506754346
2021-07-12,228.56666564941406,374.33306884765625,0.0437628194032984,0.0036217008149808105
2021-07-13,222.84666442871094,373.06610107421875,-0.0250255268170938,-0.003384600183301223
2021-07-14,217.7933349609375,373.578369140625,-0.022676262535623493,0.0013731294934897775
2021-07-15,216.86666870117188,372.376708984375,-0.004254796226577984,-0.003216621345112358
2021-07-16,214.74000549316406,369.47943115234375,-0.009806316575730722,-0.007780502276668488
2021-07-19,215.4066619873047,363.9551086425781,0.003104482057777691,-0.014951637476912305
2021-07-20,220.1666717529297,369.09747314453125,0.02209778342837665,0.014129117519829038
2021-07-21,218.42999267578125,372.19964599609375,-0.007888019850240235,0.008404752341254262
2021-07-22,216.4199981689453,372.9915771484375,-0.009202007847976312,0.002127705280923431
2021-07-23,214.4600067138672,376.7178955078125,-0.009056424875986235,0.009990355245721894
2021-07-26,219.2066650390625,377.6773986816406,0.022133069927244398,0.0025470071511595194
2021-07-27,214.92666625976562,376.0006103515625,-0.01952494819687245,-0.00443973702406153
2021-07-28,215.66000366210938,375.7956848144531,0.0034120354402995545,-0.0005450138416471795
2021-07-29,225.78334045410156,377.4166564941406,0.04694118807422987,0.004313438778542178
2021-07-30,229.06666564941406,375.57208251953125,0.014541928508582602,-0.0048873676952782
2021-08-02,236.55667114257812,374.8081359863281,0.032697928666004517,-0.00203408764591384
2021-08-03,236.5800018310547,377.8357849121094,9.862621233169833e-05,0.00807786340553629
2021-08-04,236.97332763671875,376.0285949707031,0.001662548831768751,-0.004783003658127893
2021-08-05,238.2100067138672,378.3761291503906,0.005218642492307302,0.006242967186765203
2021-08-06,233.03334045410156,379.02825927734375,-0.021731523084098314,0.001723497009225694
2021-08-09,237.9199981689453,378.6649475097656,0.020969779282747014,-0.0009585347759315521
2021-08-10,236.663330078125,379.1400451660156,-0.005281893495678203,0.0012546649996900694
2021-08-11,235.94000244140625,380.05303955078125,-0.0030563570472872392,0.0024080663501684363
2021-08-12,240.75,381.16162109375,0.020386528392057013,0.0029169127137598228
2021-08-13,239.05667114257812,381.91619873046875,-0.007033557040173943,0.001979678947092056
2021-08-16,228.72332763671875,382.82916259765625,-0.0432254973537064,0.002390482179656983
2021-08-17,221.90333557128906,380.3045349121094,-0.02981764971635026,-0.006594658746518212
2021-08-18,229.663330078125,376.21484375,0.03497015710402862,-0.010753727044181871
2021-08-19,224.49000549316406,376.7458190917969,-0.02252568828990298,0.0014113620199145416
2021-08-20,226.75332641601562,379.7269287109375,0.010082056516856674,0.00791278752960567
2021-08-23,235.43333435058594,383.09002685546875,0.03827951753459802,0.008856622720827323
2021-08-24,236.163330078125,383.69549560546875,0.0031006472789958384,0.0015804868504927239
2021-08-25,237.06666564941406,384.4035949707031,0.0038250458739306215,0.0018454721865237556
2021-08-26,233.72000122070312,382.1584167480469,-0.01411697599720807,-0.00584067956707679
2021-08-27,237.30667114257812,385.5494079589844,0.015346011908018431,0.008873260570296804
2021-08-30,243.6366729736328,387.3194274902344,0.02667435264494311,0.004590901956301963
2021-08-31,245.24000549316406,386.6580505371094,0.00658083407543808,-0.0017075749528253636
2021-09-01,244.69667053222656,387.0679016113281,-0.0022155233598404322,0.0010599832944107046
2021-09-02,244.1300048828125,388.2231750488281,-0.002315788147756681,0.002984678999965462
2021-09-03,244.52333068847656,388.0740661621094,0.0016111325842673718,-0.00038408033394710106
2021-09-07,250.97332763671875,386.63946533203125,0.02637783858939624,-0.0036967191450480996
2021-09-08,251.2899932861328,386.2667541503906,0.0012617502122473923,-0.0009639760424366983
2021-09-09,251.6199951171875,384.53399658203125,0.001313231087076927,-0.004485909154078316
2021-09-10,245.42333984375,381.56219482421875,-0.024627038366134335,-0.00772831995149359
2021-09-13,247.6666717529297,382.4565124511719,0.00914066245943812,0.002343831855158296
2021-09-14,248.163330078125,380.4721984863281,0.0020053498586631857,-0.0051883388051787716
2021-09-15,251.94332885742188,383.6490173339844,0.015231899000174076,0.008349674063689694
2021-09-16,252.3300018310547,382.9875793457031,0.0015347617076681974,-0.0017240705915986254
2021-09-17,253.163330078125,379.2331237792969,0.0033025333532406,-0.009803073960832798
2021-09-20,243.38999938964844,373.0380859375,-0.03860484330594227,-0.016335698158587597
2021-09-21,246.4600067138672,372.6748046875,0.012613531089680885,-0.0009738449335193744
2021-09-22,250.64666748046875,376.270751953125,0.0169871810945057,0.009649021668208357
2021-09-23,251.2133331298828,380.81695556640625,0.00226081461648886,0.012082266797732943
2021-09-24,258.1300048828125,381.4504089355469,0.027533059916662994,0.0016634064210676591
2021-09-27,263.78668212890625,380.3697509765625,0.02191406322043732,-0.0028330234643082486
2021-09-28,259.1866760253906,372.76800537109375,-0.01743835612317879,-0.019985147572728956
2021-09-29,260.4366760253906,373.3548889160156,0.004822778775393388,0.0015743935543439669
2021-09-30,258.49334716796875,368.6255798339844,-0.0074618094773734045,-0.012667060811128339
2021-10-01,258.40667724609375,373.03704833984375,-0.0003352887910832436,0.011967342331061559
2021-10-04,260.510009765625,368.44793701171875,0.008139621398127295,-0.012302025626002244
2021-10-05,260.1966552734375,372.0277404785156,-0.001202850103416031,0.009715900422270662
2021-10-06,260.9166564941406,373.6819763183594,0.0027671424905384434,0.004446538953563062
2021-10-07,264.53668212890625,376.8971862792969,0.013874260399496352,0.00860413443702801
2021-10-08,261.8299865722656,376.18682861328125,-0.010231834522373306,-0.0018847518418172449
2021-10-11,263.9800109863281,373.4483337402344,0.008211528565575943,-0.007279613917216765
2021-10-12,268.5733337402344,372.7006530761719,0.01740026730336086,-0.0020020993441695056
2021-10-13,270.3599853515625,373.8970031738281,0.006652379022320076,0.0032099490241883633
2021-10-14,272.7733459472656,380.1778259277344,0.008926471099504285,0.016798269845950786
2021-10-15,281.010009765625,383.14068603515625,0.030195999501915205,0.007793353281958737
2021-10-18,290.03668212890625,384.3089904785156,0.03212224493643445,0.0030492831639712392
2021-10-19,288.0899963378906,387.2998962402344,-0.006711860640270406,0.007782554756251336
2021-10-20,288.6000061035156,388.8045959472656,0.0017703140411262641,0.0038851022725239215
2021-10-21,298.0,389.7579650878906,0.03257101073349511,0.002452052137661198
2021-10-22,303.2266540527344,389.36541748046875,0.01753910755951127,-0.0010071573709425907
2021-10-25,341.6199951171875,391.38433837890625,0.12661598362581983,0.005185157201432089
2021-10-26,339.4766540527344,391.7582092285156,-0.006274050392506725,0.0009552524537848051
2021-10-27,345.9533386230469,390.0570373535156,0.019078438805710585,-0.004342402622143138
2021-10-28,359.0133361816406,393.87042236328125,0.03775074872979922,0.009776480474853022
2021-10-29,371.3333435058594,394.57147216796875,0.03431629436179362,0.0017798995935798256
2021-11-01,402.86334228515625,395.4032897949219,0.0849102277797451,0.002108154505906734
2021-11-02,390.6666564941406,396.93603515625,-0.03027499529203259,0.0038764102395887345
2021-11-03,404.6199951171875,399.328857421875,0.03571673801973452,0.006028231386659311
2021-11-04,409.9700012207031,401.19805908203125,0.013222297879683653,0.0046808579580852605
2021-11-05,407.36334228515625,402.5626220703125,-0.006358169933862068,0.0034012203134867747
2021-11-08,387.64666748046875,403.0487365722656,-0.04840070953386311,0.0012075500190582567
2021-11-09,341.1666564941406,401.637451171875,-0.11990303254359846,-0.003501525429388308
2021-11-10,355.98333740234375,398.40362548828125,0.043429451929624774,-0.008051603938224128
2021-11-11,354.5033264160156,398.5343017578125,-0.004157528824601631,0.0003279996997294088
2021-11-12,344.47332763671875,401.4972229003906,-0.02829310201599211,0.0074345448547579185
2021-11-15,337.7966613769531,401.68408203125,-0.01938224449936754,0.000465405786644002
2021-11-16,351.57666015625,403.21697998046875,0.04079376842602822,0.003816177981131652
2021-11-17,363.0033264160156,402.2449035644531,0.032501208284666294,-0.0024108022833332354
2021-11-18,365.4599914550781,403.6375427246094,0.006767610267700563,0.0034621673209915826
2021-11-19,379.0199890136719,402.88043212890625,0.03710391800920432,-0.0018757189695302046
2021-11-22,385.6233215332031,401.81500244140625,0.017422122080461122,-0.0026445307404731055
2021-11-23,369.6766662597656,402.33837890625,-0.041352932727292124,0.001302530920109346
2021-11-24,372.0,403.3291015625,0.006284772484400847,0.0024624115127751534
2021-11-26,360.6400146484375,394.5527038574219,-0.030537595031082,-0.02175989203625106
2021-11-29,378.9966735839844,399.3194580078125,0.050900227900227524,0.01208141296153209
2021-11-30,381.586669921875,391.67401123046875,0.006833823403773698,-0.019146191411474334
2021-12-01,365.0,387.1690673828125,-0.04346763456194869,-0.011501768609828544
2021-12-02,361.5333251953125,393.07598876953125,-0.00949773919092467,0.015256697614425718
2021-12-03,338.3233337402344,389.59906005859375,-0.06419876077133224,-0.008845436532059714
2021-12-06,336.336669921875,394.2537536621094,-0.005872086315763081,0.011947394336155659
2021-12-07,350.5833435058594,402.3570251464844,0.04235837141187604,0.020553441556627083
2021-12-08,356.32000732421875,403.488037109375,0.016363195584229162,0.0028109661126927143
2021-12-09,334.6000061035156,400.74017333984375,-0.06095644581905246,-0.006810273209627682
2021-12-10,339.010009765625,404.5628356933594,0.013179927022311633,0.009539004591570643
2021-12-13,322.13665771484375,400.97381591796875,-0.04977243020772948,-0.008871353121795211
2021-12-14,319.5033264160156,398.24462890625,-0.008174578197676419,-0.006806397084734073
2021-12-15,325.3299865722656,404.46942138671875,0.018236618133556703,0.015630574849345047
2021-12-16,308.97332763671875,400.8149719238281,-0.050277132790258694,-0.009035168716491349
2021-12-17,310.8566589355469,396.65576171875,0.006095449446181567,-0.010376883341245424
2021-12-20,299.9800109863281,392.36566162109375,-0.03498927121736173,-0.010815675736227326
2021-12-21,312.84332275390625,399.32904052734375,0.04288056302579579,0.017747166960228267
2021-12-22,336.2900085449219,403.3626708984375,0.07494705523716627,0.01010101936429919
2021-12-23,355.6666564941406,405.84869384765625,0.05761886305530961,0.006163244961863823
2021-12-27,364.64666748046875,411.6365051269531,0.025248391499066658,0.014261007530726344
2021-12-28,362.8233337402344,411.32696533203125,-0.005000275342793459,-0.0007519736249494979
2021-12-29,362.0633239746094,411.82415771484375,-0.0020947102761840197,0.0012087522207817614
2021-12-30,356.7799987792969,410.6609191894531,-0.014592268383646134,-0.0028246000230905954
2021-12-31,352.260009765625,409.53533935546875,-0.012668840823859995,-0.0027408983455401437
2022-01-03,399.9266662597656,412.0492858886719,0.1353166841897706,0.006138533825089665
2022-01-04,383.1966552734375,411.8804016113281,-0.041832696836128,-0.00040986426412437105
2022-01-05,362.7066650390625,403.9912109375,-0.05347121367683638,-0.019154081240487786
2022-01-06,354.8999938964844,403.4471130371094,-0.02152337383085412,-0.0013468062810771952
2022-01-07,342.32000732421875,402.04937744140625,-0.035446567451716815,-0.003464482829437343
2022-01-10,352.7066650390625,401.52410888671875,0.03034195341380186,-0.0013064777217919321
2022-01-11,354.79998779296875,405.0419006347656,0.005935024657598653,0.008761097204848856
2022-01-12,368.739990234375,406.251953125,0.039289748931841784,0.0029874748472640267
2022-01-13,343.85333251953125,400.6516418457031,-0.06749107331435766,-0.013785315335022474
2022-01-14,349.8699951171875,400.77362060546875,0.017497758575059086,0.0003044509170202492
2022-01-18,343.5033264160156,393.7474060058594,-0.01819724123253097,-0.017531629424597628
2022-01-19,331.8833312988281,389.6105651855469,-0.0338278969185718,-0.010506331615682929
2022-01-20,332.0899963378906,385.3235778808594,0.0006227038828787723,-0.011003262456822482
2022-01-21,314.6333312988281,377.7532958984375,-0.05256606712507206,-0.019646557898314154
2022-01-24,310.0,379.3292236328125,-0.014726129872195681,0.004171843770752082
2022-01-25,306.1333312988281,374.7232360839844,-0.012473124842489969,-0.012142453736405767
2022-01-26,312.4700012207031,373.8790588378906,0.02069905258271132,-0.0022528019743738303
2022-01-27,276.3666687011719,371.98406982421875,-0.11554175561970448,-0.005068454541321432
2022-01-28,282.1166687011719,381.1022033691406,0.020805692766870276,0.024512161365487062
2022-01-31,312.239990234375,388.0721130371094,0.10677611383930952,0.018288820180915044
2022-02-01,310.4166564941406,390.6048889160156,-0.0058395266373975074,0.006526559868176074
2022-02-02,301.88665771484375,394.3291015625,-0.02747919159891432,0.009534475251499197
2022-02-03,297.0466613769531,385.16400146484375,-0.016032495024879134,-0.023242261505276196
2022-02-04,307.7733459472656,386.9744873046875,0.03611110968421327,0.004700558289347345
2022-02-07,302.4466552734375,385.69879150390625,-0.01730718642133755,-0.003296588903487163
2022-02-08,307.3333435058594,388.8225402832031,0.0161571905234128,0.00809893328189304
2022-02-09,310.6666564941406,394.5260314941406,0.010845920427172029,0.014668622880719129
2022-02-10,301.51666259765625,387.5936584472656,-0.029452771017468238,-0.01757139578501543
2022-02-11,286.6666564941406,379.8639221191406,-0.04925102969626416,-0.019942886473145682
2022-02-14,291.9200134277344,378.6257019042969,0.01832566437213501,-0.0032596415261973988
2022-02-15,307.4766540527344,384.704345703125,0.053290764282768466,0.016054493311615126
2022-02-16,307.7966613769531,385.16400146484375,0.0010407532409399955,0.00119482861800968
2022-02-17,292.1166687011719,376.97467041015625,-0.05094269900666093,-0.021261932640491032
2022-02-18,285.6600036621094,374.5638122558594,-0.022103035296720752,-0.0063952788967858165
2022-02-22,273.84332275390625,370.4644775390625,-0.04136624223452856,-0.01094428928440283
2022-02-23,254.67999267578125,363.79473876953125,-0.06997917599526948,-0.018003720124092015
2022-02-24,266.92333984375,369.3857116699219,0.04807345500262783,0.015368482016262952
2022-02-25,269.9566650390625,377.45306396484375,0.011364031324829549,0.021839914322757448
2022-02-28,290.1433410644531,376.5055847167969,0.07477746853358713,-0.0025101909045176507
2022-03-01,288.1233215332031,370.8583984375,-0.006962143345558558,-0.01499894426146331
2022-03-02,293.2966613769531,377.6688232421875,0.01795529711451649,0.01836394924149265
2022-03-03,279.7633361816406,375.77392578125,-0.04614210448825773,-0.005017352093483085
2022-03-04,279.42999267578125,372.73455810546875,-0.0011915196265851469,-0.008088287843448061
2022-03-07,268.1933288574219,361.7309265136719,-0.04021280504200253,-0.02952136138845296
2022-03-08,274.79998779296875,359.0010986328125,0.02463394210323222,-0.007546570339365788
2022-03-09,286.3233337402344,368.56951904296875,0.04193357517885765,0.026652900079124464
2022-03-10,279.4333190917969,366.9278869628906,-0.024063755330148706,-0.004454063603362535
2022-03-11,265.1166687011719,362.2468566894531,-0.0512345859010529,-0.012757357616459686
2022-03-14,255.4566650390625,359.6015319824219,-0.036436802368687404,-0.007302547028859463
2022-03-15,267.2966613769531,367.4907531738281,0.046348355546253384,0.021938786378117747
2022-03-16,280.07666015625,375.70831298828125,0.047812040425278646,0.022361269619663338
2022-03-17,290.5333251953125,380.3048400878906,0.037335010469022656,0.012234297034978692
2022-03-18,301.7966613769531,384.50738525390625,0.03876779427650434,0.01105046458268677
2022-03-21,307.0533447265625,384.5261535644531,0.017417963888751054,4.8811313557717284e-05
2022-03-22,331.32666015625,388.991455078125,0.07905243778179138,0.011612478038957041
2022-03-23,333.03668212890625,383.9820861816406,0.005161136057840299,-0.012877837883298215
2022-03-24,337.97332763671875,389.6897277832031,0.014823128420135223,0.014864343434142668
2022-03-25,336.8800048828125,391.666259765625,-0.003234937980317265,0.005072065906549739
2022-03-28,363.9466552734375,394.36773681640625,0.0803450783611821,0.0068973953804389865
2022-03-29,366.5233459472656,399.356201171875,0.007079858095940583,0.012649270946297309
2022-03-30,364.663330078125,396.8713684082031,-0.00507475414515135,-0.0062220963550343455
2022-03-31,359.20001220703125,390.772216796875,-0.014981813142339484,-0.01536808169304571
2022-04-01,361.5299987792969,391.85467529296875,0.006486599368272561,0.002770049787486295
2022-04-04,381.8166809082031,395.1771545410156,0.05611341298759176,0.008478855702213739
2022-04-05,363.7533264160156,390.2921142578125,-0.047308971544201106,-0.012361646484541633
2022-04-06,348.586669921875,386.33892822265625,-0.041694894294368345,-0.010128787876418466
2022-04-07,352.4200134277344,388.2872619628906,0.010996816105212748,0.005043068657869076
2022-04-08,341.8299865722656,387.3460388183594,-0.03004944796541842,-0.002424038171566889
2022-04-11,325.30999755859375,380.6350402832031,-0.048328086073804455,-0.01732558968623732
2022-04-12,328.98333740234375,379.24200439453125,0.011291813566499442,-0.0036597678648697674
2022-04-13,340.7900085449219,383.5246887207031,0.03588835603591267,0.011292747840549122
2022-04-14,328.3333435058594,378.8655090332031,-0.03655231880843268,-0.012148317499562578
2022-04-18,334.7633361816406,378.931396484375,0.019583733431163042,0.00017390722987697949
2022-04-19,342.7166748046875,384.9836120605469,0.023758093445249484,0.01597179761910139
2022-04-20,325.73333740234375,384.6917419433594,-0.04955503671370076,-0.0007581364713820093
2022-04-21,336.260009765625,378.9878845214844,0.03231684066245499,-0.01482708568959823
2022-04-22,335.01666259765625,368.64373779296875,-0.003697576672395231,-0.027294135646516282
2022-04-25,332.67333984375,370.657958984375,-0.006994645387893739,0.00546386927244491
2022-04-26,292.1400146484375,360.05963134765625,-0.12184121881948873,-0.028593282242633578
2022-04-27,293.836669921875,360.99151611328125,0.005807678470473254,0.00258814008706576
2022-04-28,292.5033264160156,370.0367736816406,-0.004537702888526063,0.02505670400719584
2022-04-29,290.2533264160156,356.4453430175781,-0.007692220213591394,-0.03672994586142353
2022-05-02,300.9800109863281,358.6854553222656,0.03695628471433299,0.006284588503031818
2022-05-03,303.0833435058594,360.23846435546875,0.006988279761963367,0.004329724024654924
2022-05-04,317.5400085449219,371.1662292480469,0.04769864576468552,0.030334808672166202
2022-05-05,291.09332275390625,358.1301574707031,-0.08328615317548016,-0.03512192314412277
2022-05-06,288.54998779296875,355.880615234375,-0.008737180698190294,-0.006281353830170366
2022-05-09,262.3699951171875,344.39752197265625,-0.09072948807249681,-0.032266700601706666
2022-05-10,266.67999267578125,345.28228759765625,0.016427173986372612,0.0025690243644385102
2022-05-11,244.6666717529297,339.7196350097656,-0.08254582843646041,-0.016110448718911874
2022-05-12,242.6666717529297,339.4560546875,-0.008174386751047313,-0.0007758760315931257
2022-05-13,256.5299987792969,347.4659118652344,0.05712909369145702,0.023596153514210183
2022-05-16,241.4566650390625,346.2234802246094,-0.05875856161837267,-0.003575693609642161
2022-05-17,253.8699951171875,353.1510314941406,0.05141017778952928,0.02000890079736095
2022-05-18,236.60333251953125,339.164306640625,-0.06801379812405906,-0.03960550474492297
2022-05-19,236.47332763671875,336.8959045410156,-0.0005494634476534976,-0.006688209977274928
2022-05-20,221.3000030517578,336.9806213378906,-0.06416505716141863,0.0002514628279333131
2022-05-23,224.96665954589844,343.3716735839844,0.01656871415985961,0.018965637313860473
2022-05-24,209.3866729736328,340.8961486816406,-0.06925464690507588,-0.00720946162071312
2022-05-25,219.60000610351562,343.7386169433594,0.04877737911795821,0.008338223452249327
2022-05-26,235.91000366210938,350.572021484375,0.07427138936829314,0.019879653330139524
2022-05-27,253.2100067138672,359.3631286621094,0.07333306253742577,0.025076465430730943
2022-05-31,252.75332641601562,357.3677062988281,-0.001803563389055185,-0.005552663042282857
2022-06-01,246.7899932861328,354.3746032714844,-0.02359349020027357,-0.00837541550226406
2022-06-02,258.3333435058594,361.10443115234375,0.04677398003874078,0.0189907172205106
2022-06-03,234.51666259765625,355.2594299316406,-0.09219359988526965,-0.016186456649260106
2022-06-06,238.27999877929688,356.22882080078125,0.0160472016783606,0.0027286844133234123
2022-06-07,238.8866729736328,359.71142578125,0.0025460558898939833,0.009776314484156723
2022-06-08,241.86666870117188,355.7771301269531,0.012474516432601446,-0.010937366378485414
2022-06-09,239.7066650390625,347.4095153808594,-0.008930555308462429,-0.02351925977678193
2022-06-10,232.22999572753906,337.21588134765625,-0.031190911234383223,-0.029341838901643214
2022-06-13,215.73666381835938,324.21746826171875,-0.07102153990705962,-0.03854626607142697
2022-06-14,220.88999938964844,323.4080505371094,0.023887157055640484,-0.002496527188831088
2022-06-15,233.0,328.03887939453125,0.05482367080362738,0.014318842248147723
2022-06-16,213.10000610351562,317.2618408203125,-0.08540769912654234,-0.03285293070781781
2022-06-17,216.75999450683594,318.0900573730469,0.017174980283869212,0.002610514238311712
2022-06-21,237.0366668701172,325.8835144042969,0.0935443480214786,0.02450078790771526
2022-06-22,236.086669921875,325.1963806152344,-0.004007805884153504,-0.0021085257728319373
2022-06-23,235.07000732421875,328.613037109375,-0.004306310889948484,0.010506440716457899
2022-06-24,245.7066650390625,338.84423828125,0.04524889345059324,0.03113449564227011
2022-06-27,244.9199981689453,337.57366943359375,-0.0032016505127857586,-0.0037497135973185713
2022-06-28,232.663330078125,330.279052734375,-0.0500435578248114,-0.02160896230875531
2022-06-29,228.49000549316406,330.441650390625,-0.01793718238090891,0.0004923038712381089
2022-06-30,224.47332763671875,327.83306884765625,-0.017579227799377373,-0.007894227437385881
2022-07-01,227.26333618164062,331.1976623535156,0.012429131666979787,0.010263130311063628
2022-07-05,233.06666564941406,331.78363037109375,0.025535704813974602,0.0017692395937043415
2022-07-06,231.73333740234375,332.98382568359375,-0.005720802000385383,0.0036174036409137855
2022-07-07,244.5433349609375,337.8699645996094,0.055279044880592876,0.014673802566790517
2022-07-08,250.76333618164062,337.67156982421875,0.02543516968760029,-0.0005871926959406526
2022-07-11,234.3433380126953,333.8533935546875,-0.06548005948146851,-0.011307366715885725
2022-07-12,233.07000732421875,330.7723693847656,-0.005433611636988744,-0.009228674110862922
2022-07-13,237.0399932861328,329.23187255859375,0.017033448479672808,-0.004657271794004991
2022-07-14,238.31333923339844,328.3624267578125,0.005371861218914864,-0.002640831199070881
2022-07-15,240.06666564941406,334.5716857910156,0.0073572315408600986,0.018909773248152018
2022-07-18,240.54666137695312,331.802490234375,0.001999426810217919,-0.008276837742839827
2022-07-19,245.52999877929688,340.8092346191406,0.020716718219316865,0.027144896888517955
2022-07-20,247.5,342.992431640625,0.008023464466653252,0.006405920966091605
2022-07-21,271.7066650390625,346.4609069824219,0.09780470722853529,0.010112396140072866
2022-07-22,272.24334716796875,343.3043212890625,0.0019752262198982073,-0.009110943340916444
2022-07-25,268.4333190917969,343.6445007324219,-0.013994935471540293,0.0009908976446380002
2022-07-26,258.8599853515625,339.52392578125,-0.0356637312112531,-0.011990807192868047
2022-07-27,274.82000732421875,348.417236328125,0.061655036992220635,0.026193472305114707
2022-07-28,280.8999938964844,352.82135009765625,0.02212352234272652,0.012640344134363213
2022-07-29,297.1499938964844,357.990966796875,0.05784976985791013,0.0146522218618228
2022-08-01,297.27667236328125,356.9136047363281,0.00042631152414229767,-0.0030094671666901496
2022-08-02,300.586669921875,354.6076354980469,0.011134400598203698,-0.006460861137486784
2022-08-03,307.39666748046875,360.14581298828125,0.02265568716125621,0.015617761536510733
2022-08-04,308.6333312988281,359.86224365234375,0.004023022853486102,-0.0007873736850766422
2022-08-05,288.1700134277344,359.1156921386719,-0.0663030068235908,-0.002074548043981772
2022-08-08,290.42333984375,358.79437255859375,0.007819434052879659,-0.0008947522681744813
2022-08-09,283.3333435058594,357.3767395019531,-0.024412625864385085,-0.003951101703550619
2022-08-10,294.3566589355469,364.8618469238281,0.03890581776676605,0.02094458478832828
2022-08-11,286.6300048828125,364.8618469238281,-0.026249292544206493,0.0
2022-08-12,300.0299987792969,371.1088562011719,0.046750143628413676,0.01712157445348872
2022-08-15,309.32000732421875,372.6966552734375,0.03096359891583922,0.004278526490903545
2022-08-16,306.5633239746094,373.34869384765625,-0.008912075793144236,0.0017495154973696803
2022-08-17,303.9966735839844,370.7969970703125,-0.008372333511224461,-0.0068346208769246575
2022-08-18,302.8699951171875,371.9405212402344,-0.0037062197211366055,0.0030839628663579255
2022-08-19,296.6666564941406,366.8087158203125,-0.020481852686155544,-0.013797381911521467
2022-08-22,289.913330078125,359.07794189453125,-0.022764022407583906,-0.021075763994572894
2022-08-23,296.4533386230469,358.227294921875,0.0225584954757323,-0.0023689758501125313
2022-08-24,297.0966796875,359.3141174316406,0.002170125887066332,0.0030338908429705658
2022-08-25,296.07000732421875,364.5499572753906,-0.003455684406709514,0.014571762114930387
2022-08-26,288.0899963378906,352.0558166503906,-0.026953121859416895,-0.034272780384833834
2022-08-29,284.82000732421875,349.7309265136719,-0.01135058160727187,-0.006603754367244252
2022-08-30,277.70001220703125,345.9316101074219,-0.0249982267189629,-0.010863541420611189
2022-08-31,275.6099853515625,343.2098388671875,-0.007526203685978228,-0.007867946035313711
2022-09-01,277.1600036621094,344.2682189941406,0.005623955563764049,0.00308376977316982
2022-09-02,270.2099914550781,340.65802001953125,-0.02507581222110289,-0.010486588001522246
2022-09-06,274.4200134277344,339.5144958496094,0.015580556255471167,-0.0033568097702684208
2022-09-07,283.70001220703125,345.6008605957031,0.03381677109982606,0.01792667123347136
2022-09-08,289.260009765625,347.85968017578125,0.01959815762903916,0.006535920009529628
2022-09-09,299.67999267578125,353.2277526855469,0.03602289482946186,0.01543171806244703
2022-09-12,304.4200134277344,357.112060546875,0.01581694096302666,0.010996610067573132
2022-09-13,292.1300048828125,341.5370178222656,-0.04037188096320543,-0.04361388047426351
2022-09-14,302.6099853515625,342.8128356933594,0.03587437200418364,0.0037355185661240853
2022-09-15,303.75,338.98529052734375,0.003767273730617582,-0.011165116260230423
2022-09-16,303.3500061035156,336.320068359375,-0.0013168523341049454,-0.007862353448500947
2022-09-19,309.07000732421875,338.90020751953125,0.018856110452001085,0.0076716776752057125
2022-09-20,308.7300109863281,335.08197021484375,-0.0011000625419275156,-0.011266553457236927
2022-09-21,300.79998779296875,329.18463134765625,-0.025685948599634356,-0.017599690199404994
2022-09-22,288.5899963378906,326.4060363769531,-0.040591728559117746,-0.008440840507431213
2022-09-23,275.3299865722656,320.981201171875,-0.04594757245188685,-0.016619898532799215
2022-09-26,276.010009765625,317.8719177246094,0.0024698479153155706,-0.009686808560482318
2022-09-27,282.94000244140625,316.97406005859375,0.02510775852537339,-0.002824589452389059
2022-09-28,287.80999755859375,323.2000732421875,0.017212112374233923,0.0196420274341782
2022-09-29,268.2099914550781,316.46051025390625,-0.06810050474193607,-0.020852603530293834
2022-09-30,265.25,311.6382751464844,-0.011036096899372572,-0.015238031132392638
2022-10-03,242.39999389648438,319.8778381347656,-0.08614516909902215,0.026439509025033114
2022-10-04,249.44000244140625,329.5886535644531,0.029042940273044104,0.030357887518285276
2022-10-05,240.80999755859375,329.0190124511719,-0.034597517632881325,-0.0017283395745595342
2022-10-06,238.1300048828125,325.5543212890625,-0.011129075632041241,-0.010530367641364058
2022-10-07,223.07000732421875,316.4130859375,-0.06324275500689214,-0.02807898637427675
2022-10-10,222.9600067138672,314.0494079589844,-0.0004931214719139376,-0.007470228266673207
2022-10-11,216.5,311.98004150390625,-0.02897383620084637,-0.006589302200972091
2022-10-12,217.24000549316406,311.01190185546875,0.003418039229395209,-0.0031032102046354426
2022-10-13,221.72000122070312,319.15643310546875,0.020622332969329804,0.026187201201659738
2022-10-14,204.99000549316406,311.9705505371094,-0.07545550981161053,-0.022515236489012658
2022-10-17,219.35000610351562,319.8967590332031,0.07005219876844393,0.025406912551352967
2022-10-18,220.19000244140625,323.6653137207031,0.003829479437051919,0.011780534128852604
2022-10-19,222.0399932861328,321.4250793457031,0.008401793106927569,-0.006921453365661412
2022-10-20,207.27999877929688,318.7861328125,-0.0664744863679374,-0.008210145078209163
2022-10-21,214.44000244140625,326.4465637207031,0.03454266549727758,0.024030000428872933
2022-10-24,211.25,330.42401123046875,-0.014875967194030837,0.012184069161066624
2022-10-25,222.4199981689453,335.7967224121094,0.05287573097725584,0.016260050719780095
2022-10-26,224.63999938964844,333.2906188964844,0.009981122376490958,-0.00746315657169927
2022-10-27,225.08999633789062,331.5061340332031,0.00200319154854367,-0.005354140687156561
2022-10-28,228.52000427246094,339.2424621582031,0.015238384603380561,0.023336907920458394
2022-10-31,227.5399932861328,336.9358215332031,-0.004288512900427199,-0.006799386522328477
2022-11-01,227.82000732421875,335.57843017578125,0.0012306146011606955,-0.004028634744875581
2022-11-02,214.97999572753906,327.01617431640625,-0.05636033352596026,-0.02551491719801524
2022-11-03,215.30999755859375,323.53240966796875,0.0015350350619269815,-0.010653187585354051
2022-11-04,207.47000122070312,328.2691955566406,-0.03641259777431871,0.014640838899364406
2022-11-07,197.0800018310547,331.4206237792969,-0.05007952633400592,0.009600133869742011
2022-11-08,191.3000030517578,333.2242431640625,-0.02932818513088775,0.005442085541323083
2022-11-09,177.58999633789062,326.4180908203125,-0.07166757185130745,-0.02042514157770625
2022-11-10,190.72000122070312,344.2829895019531,0.07393437216942544,0.05473011203743283
2022-11-11,195.97000122070312,347.5768737792969,0.027527264924482875,0.00956737445003819
2022-11-14,190.9499969482422,344.78607177734375,-0.02561618738169713,-0.008029308657989787
2022-11-15,194.4199981689453,347.6337585449219,0.018172303095892017,0.00825928597665948
2022-11-16,186.9199981689453,344.99493408203125,-0.03857627852399581,-0.0075908176292655005
2022-11-17,183.1699981689453,343.99822998046875,-0.020062058831236462,-0.0028890398179746146
2022-11-18,180.19000244140625,345.5169982910156,-0.016269016527425406,0.004415046875773543
2022-11-21,167.8699951171875,344.3019104003906,-0.06837231343190053,-0.003516723914120057
2022-11-22,169.91000366210938,348.8868713378906,0.012152311933396831,0.013316687473990951
2022-11-23,183.1999969482422,351.0700988769531,0.07821783885404354,0.006257694738384334
2022-11-25,182.86000061035156,351.0321044921875,-0.0018558752377418886,-0.00010822449672354129
2022-11-28,182.9199981689453,345.4790954589844,0.0003281065208000644,-0.015819091650423944
2022-11-29,180.8300018310547,344.8714904785156,-0.011425739989130657,-0.0017587315367417755
2022-11-30,194.6999969482422,355.4841003417969,0.07670184691003823,0.030772650556171177
2022-12-01,194.6999969482422,355.5316162109375,0.0,0.00013366524436664307
2022-12-02,194.86000061035156,355.0189208984375,0.0008217959148295595,-0.00144205265895625
2022-12-05,182.4499969482422,348.6969299316406,-0.06368676805520912,-0.017807476150279444
2022-12-06,179.82000732421875,343.65643310546875,-0.01441485156488942,-0.014455237180206915
2022-12-07,174.0399932861328,342.99200439453125,-0.032143331123685615,-0.0019334097864350808
2022-12-08,173.44000244140625,345.6973876953125,-0.003447430865732959,0.007887598737343682
2022-12-09,179.0500030517578,343.17236328125,0.0323454827685834,-0.007304146643676623
2022-12-12,167.82000732421875,348.0705261230469,-0.0627198857086465,0.014273185623000062
2022-12-13,160.9499969482422,350.6429748535156,-0.04093677795344208,0.007390596265422822
2022-12-14,156.8000030517578,348.526123046875,-0.025784367661833008,-0.0060370575156253325
2022-12-15,157.6699981689453,339.9543762207031,0.005548438139381551,-0.024594273597732585
2022-12-16,150.22999572753906,335.90118408203125,-0.047187179094365206,-0.011922753234511974
2022-12-19,149.8699951171875,333.0058898925781,-0.00239632976495896,-0.008619481938908713
2022-12-20,137.8000030517578,333.51336669921875,-0.08053641461716088,0.0015239274200355979
2022-12-21,137.57000732421875,338.5016784667969,-0.0016690545895901021,0.014956857102752519
2022-12-22,125.3499984741211,333.7422180175781,-0.08882756559936855,-0.014060374739576331
2022-12-23,123.1500015258789,335.6117248535156,-0.017550833466474902,0.005601649222092275
2022-12-27,109.0999984741211,334.2763671875,-0.1140885333144338,-0.0039788766813747545
2022-12-28,112.70999908447266,330.175048828125,0.03308891531476843,-0.012269244140356794
2022-12-29,121.81999969482422,336.0313415527344,0.0808269069678893,0.0177369330159709
2022-12-30,123.18000030517578,335.10614013671875,0.011164017515666869,-0.0027533188176449563
2023-01-03,108.0999984741211,333.8185119628906,-0.12242248574195735,-0.0038424487635553284
2023-01-04,113.63999938964844,336.2220764160156,0.05124885285593783,0.00720021319066988
2023-01-05,110.33999633789062,332.54998779296875,-0.029039097760312105,-0.010921616635617082
2023-01-06,113.05999755859375,340.1136169433594,0.024651090365942707,0.022744337477165644
2023-01-09,119.7699966430664,339.8655700683594,0.059349011404278285,-0.0007293059220304654
2023-01-10,118.8499984741211,342.28826904296875,-0.007681374256751861,0.007128403663019034
2023-01-11,123.22000122070312,346.6566467285156,0.036769060182475055,0.012762276947909434
2023-01-12,123.55999755859375,347.95379638671875,0.0027592625752506095,0.0037418860144313726
2023-01-13,122.4000015258789,349.30816650390625,-0.009388119582672827,0.0038923849409082667
2023-01-17,131.49000549316406,348.7740478515625,0.07426473736900463,-0.0015290757662196341
2023-01-18,128.77999877929688,343.10845947265625,-0.020609982513142944,-0.016244294590741726
2023-01-19,127.16999816894531,340.63824462890625,-0.012501946153228194,-0.007199516000120254
2023-01-20,133.4199981689453,346.9045715332031,0.0491468120625187,0.018395840758055337
2023-01-23,143.75,351.12994384765625,0.07742468874848996,0.012180215140372486
2023-01-24,143.88999938964844,350.7579040527344,0.0009739087975544347,-0.0010595501791874629
2023-01-25,144.42999267578125,350.88189697265625,0.003752820129427681,0.0003535000023926482
2023-01-26,160.27000427246094,354.6303405761719,0.10967259156647335,0.010682921050805039
2023-01-27,177.89999389648438,355.6413269042969,0.11000180416824756,0.0028508173510546353
2023-01-30,166.66000366210938,351.19671630859375,-0.06318150994943417,-0.012497452515970342
2023-01-31,173.22000122070312,356.18505859375,0.03936155894904236,0.014203840905998133
2023-02-01,181.41000366210938,360.0860595703125,0.047280928205116535,0.01095217466999876
2023-02-02,188.27000427246094,365.24609375,0.03781489703913388,0.014330002627274574
2023-02-03,189.97999572753906,361.3450622558594,0.009082654784473565,-0.010680556372522854
2023-02-06,194.75999450683594,359.2562561035156,0.025160537355481072,-0.005780641194606195
2023-02-07,196.80999755859375,363.8917236328125,0.010525791279409002,0.012902955621630685
2023-02-08,201.2899932861328,359.90484619140625,0.022763049555982517,-0.010956219068695372
2023-02-09,207.32000732421875,356.8240966796875,0.029956849516678652,-0.008559900052249714
2023-02-10,196.88999938964844,357.6919860839844,-0.05030873801899527,0.0024322611964067153
2023-02-13,194.63999938964844,361.8219909667969,-0.011427700782035255,0.011546260591487778
2023-02-14,209.25,361.6883850097656,0.0750616556523096,-0.0003692588078304526
2023-02-15,214.24000549316406,362.8997497558594,0.02384709913101113,0.003349194489784546
2023-02-16,202.0399932861328,357.8541564941406,-0.05694553722096751,-0.013903545717827481
2023-02-17,208.30999755859375,356.9290466308594,0.031033480898909227,-0.0025851589159797683
2023-02-21,197.3699951171875,349.8423156738281,-0.05251789433835996,-0.019854733101507538
2023-02-22,200.86000061035156,349.4034729003906,0.017682553475729224,-0.0012544016368981614
2023-02-23,202.07000732421875,351.1585693359375,0.006024129792842503,0.005023122469212549
2023-02-24,196.8800048828125,347.4005432128906,-0.025684180003413215,-0.010701792441384916
2023-02-27,207.6300048828125,348.60235595703125,0.0546017865369246,0.0034594440556303674
2023-02-28,205.7100067138672,347.28607177734375,-0.009247209573726933,-0.0037758900856359467
2023-03-01,202.77000427246094,346.0176696777344,-0.014291975817664837,-0.0036523264325515337
2023-03-02,190.89999389648438,348.60235595703125,-0.05853928157947319,0.0074698100871672946
2023-03-03,197.7899932861328,354.12481689453125,0.03609219282314147,0.015841720066231302
2023-03-06,193.80999755859375,354.5540466308594,-0.020122331071529054,0.0012120860099336106
2023-03-07,187.7100067138672,349.06976318359375,-0.03147407730028162,-0.015468116918647246
2023-03-08,182.0,349.6133728027344,-0.03041929843714275,0.0015573093876215527
2023-03-09,172.9199981689453,343.2134094238281,-0.04989011995084991,-0.01830583117459117
2023-03-10,173.44000244140625,338.29180908203125,0.0030071956856769777,-0.014339767056476771
2023-03-13,174.47999572753906,337.71954345703125,0.005996271168666301,-0.0016916331097488468
2023-03-14,183.25999450683594,343.3279113769531,0.050320947926932424,0.016606583861012103
2023-03-15,180.4499969482422,341.2104187011719,-0.015333393227232373,-0.0061675517941108815
2023-03-16,184.1300048828125,347.0477294921875,0.020393505108375454,0.01710765695032279
2023-03-17,180.1300048828125,343.2515869140625,-0.02172378153438792,-0.010938387592045795
2023-03-20,183.25,346.3514099121094,0.017320796272765726,0.009030760865274434
2023-03-21,197.5800018310547,350.88189697265625,0.07819919143822474,0.013080608107518765
2023-03-22,191.14999389648438,345.0638122558594,-0.03254381959196684,-0.016581319147537132
2023-03-23,192.22000122070312,345.884033203125,0.0055977366381618765,0.002377012361578723
2023-03-24,190.41000366210938,348.1893005371094,-0.009416281069083654,0.006664856173429046
2023-03-27,191.80999755859375,348.763916015625,0.007352522816861606,0.0016502961970090713
2023-03-28,189.19000244140625,348.15093994140625,-0.013659325116185062,-0.001757567357373313
2023-03-29,193.8800048828125,353.1024475097656,0.024789906342217005,0.014222301307567076
2023-03-30,195.27999877929688,355.2093811035156,0.007220929756684091,0.005966918690620826
2023-03-31,207.4600067138672,360.1703796386719,0.06237201971890638,0.013966406291816114
2023-04-03,194.77000427246094,361.59735107421875,-0.061168427796826186,0.00396193445162929
2023-04-04,192.5800018310547,359.5574645996094,-0.011244043709844997,-0.0056413202932746875
2023-04-05,185.52000427246094,358.6859130859375,-0.036660076287605925,-0.0024239561112781027
2023-04-06,185.05999755859375,360.0554504394531,-0.002479553165553039,0.003818207806749019
2023-04-10,184.50999450683594,360.4481506347656,-0.0029720256079851515,0.001090665881694708
2023-04-11,186.7899932861328,360.4960021972656,0.012357047570192181,0.00013275574424698178
2023-04-12,180.5399932861328,359.0593566894531,-0.03346003653646468,-0.003985191233899843
2023-04-13,185.89999389648438,363.7139892578125,0.029688716127604264,0.01296340697336329
2023-04-14,185.0,362.9669494628906,-0.004841279860318459,-0.0020539209845799045
2023-04-17,187.0399932861328,364.2023620605469,0.011026990735853115,0.0034036503860319645
2023-04-18,184.30999755859375,364.451416015625,-0.014595786064655836,0.0006838339918200376
2023-04-19,180.58999633789062,364.4322814941406,-0.020183393575926356,-5.250225583852686e-05
2023-04-20,162.99000549316406,362.37310791015625,-0.09745828230593856,-0.0056503599942956395
2023-04-21,165.0800018310547,362.5838623046875,0.012822849668400638,0.000581595018865233
2023-04-24,162.5500030517578,363.062744140625,-0.015325895028073244,0.0013207477930583522
2023-04-25,160.6699981689453,357.3259582519531,-0.011565701922588656,-0.015801086675117038
2023-04-26,153.75,355.7361145019531,-0.04306963495243776,-0.004449281428580143
2023-04-27,160.19000244140625,362.7945556640625,0.041886194740853755,0.01984178967038952
2023-04-28,164.30999755859375,365.8975524902344,0.025719427270091355,0.008553041322497679
2023-05-01,161.8300018310547,365.6485900878906,-0.015093395194377579,-0.0006804155989821314
2023-05-02,160.30999755859375,361.5495300292969,-0.00939259874721976,-0.011210381141107284
2023-05-03,160.61000061035156,359.0306396484375,0.0018713932775662467,-0.006966930314237341
2023-05-04,161.1999969482422,356.4065856933594,0.003673471985857102,-0.007308718714501894
2023-05-05,170.05999755859375,362.94781494140625,0.05496278398315546,0.01835327827997757
2023-05-08,171.7899932861328,363.14892578125,0.010172855182730478,0.0005541040104517503
2023-05-09,169.14999389648438,361.5782470703125,-0.015367597024416146,-0.004325164139088344
2023-05-10,168.5399932861328,363.1584777832031,-0.0036062703657255835,0.004370369970246868
2023-05-11,172.0800018310547,362.6509094238281,0.021003967520705658,-0.001397649760163433
2023-05-12,167.97999572753906,362.1624450683594,-0.023826162598143963,-0.0013469271488794066
2023-05-15,166.35000610351562,363.41705322265625,-0.009703474612936969,0.0034642138393450317
2023-05-16,166.52000427246094,361.0132141113281,0.001021930644472091,-0.006614546813397237
2023-05-17,173.86000061035156,365.32293701171875,0.04407876621166107,0.011937853607379534
2023-05-18,176.88999938964844,368.89520263671875,0.01742780840135616,0.009778377602623456
2023-05-19,180.13999938964844,368.31109619140625,0.018373000232992265,-0.0015833939859817292
2023-05-22,188.8699951171875,368.5121154785156,0.04846228354123516,0.0005457866710725234
2023-05-23,185.77000427246094,364.3939514160156,-0.01641335799687571,-0.011175111725031162
2023-05-24,182.89999389648438,361.66448974609375,-0.015449266889003499,-0.007490414314824223
2023-05-25,184.47000122070312,364.81536865234375,0.008583965973816943,0.008712160014554104
2023-05-26,193.1699981689453,369.5560302734375,0.047162123329924865,0.01299468725401054
2023-05-30,201.16000366210938,369.6709899902344,0.041362559242642094,0.0003110752020791807
2023-05-31,203.92999267578125,367.6597595214844,0.013770078361723614,-0.005440595889883437
2023-06-01,207.52000427246094,371.1841735839844,0.017604137329555458,0.00958607509042353
2023-06-02,213.97000122070312,376.6336669921875,0.031081326211682914,0.014681373280507337
2023-06-05,217.61000061035156,375.9057312011719,0.017011727666879306,-0.0019327422235748681
2023-06-06,221.30999755859375,376.68145751953125,0.017002881015874438,0.0020636192906147155
2023-06-07,224.57000732421875,375.4460754394531,0.014730512862447087,-0.0032796466494878773
2023-06-08,234.86000061035156,377.6966857910156,0.045820870777622646,0.005994496943211303
2023-06-09,244.39999389648438,378.3287658691406,0.0406199151040636,0.0016735123762106063
2023-06-12,249.8300018310547,381.8052978515625,0.02221770896144215,0.009189182256430284
2023-06-13,258.7099914550781,384.3240966796875,0.035544128242966044,0.006597076683583003
2023-06-14,256.7900085449219,384.6210021972656,-0.007421371317580694,0.0007725394273823127
2023-06-15,255.89999389648438,389.55328369140625,-0.0034659239799892383,0.01282374458483404
2023-06-16,260.5400085449219,388.1167297363281,0.01813214052015355,-0.0036876956637750258
2023-06-20,274.45001220703125,386.3257751464844,0.05338912722001776,-0.004614474081188091
2023-06-21,259.4599914550781,384.20916748046875,-0.054618400747766804,-0.005478815554600391
2023-06-22,264.6099853515625,385.6075134277344,0.019848894111198723,0.0036395434196314635
2023-06-23,256.6000061035156,382.71514892578125,-0.030270888067223778,-0.007500799131848757
2023-06-26,241.0500030517578,381.13494873046875,-0.060600166336257755,-0.004128919902302908
2023-06-27,250.2100067138672,385.3584899902344,0.03800042956291749,0.011081485111333667
2023-06-28,256.239990234375,385.53082275390625,0.0240996896954786,0.0004472011598246617
2023-06-29,257.5,387.0077209472656,0.004917303362650394,0.0038308174241676873
2023-06-30,261.7699890136719,391.5940246582031,0.016582481606492783,0.011850677551630717
2023-07-03,279.82000732421875,392.3439025878906,0.06895373445427366,0.0019149371095281698
2023-07-05,282.4800109863281,391.4689636230469,0.009506123909958086,-0.002230030743622269
2023-07-06,276.5400085449219,388.27685546875,-0.021028045208104085,-0.008154179388204619
2023-07-07,274.42999267578125,387.373046875,-0.007630056425625198,-0.002327742642962538
2023-07-10,269.6099853515625,388.4114990234375,-0.01756370459810941,0.0026807547835732137
2023-07-11,269.7900085449219,390.9017028808594,0.000667717084456676,0.0064112516330820934
2023-07-12,271.989990234375,393.97845458984375,0.008154422401772665,0.007870908942860577
2023-07-13,277.8999938964844,397.1898498535156,0.02172875427149612,0.008151195138361489
2023-07-14,281.3800048828125,396.8725280761719,0.012522529912772917,-0.0007989171361271197
2023-07-17,290.3800048828125,398.257080078125,0.03198521516746822,0.003488656694542902
2023-07-18,293.3399963378906,401.2761535644531,0.010193509901870401,0.007580715164526186
2023-07-19,291.260009765625,402.1415710449219,-0.007090702250741598,0.0021566631178588924
2023-07-20,262.8999938964844,399.5166015625,-0.09737009860008494,-0.0065274760716759195
2023-07-21,260.0199890136719,399.564697265625,-0.010954754468143868,0.0001203847423032478
2023-07-24,269.05999755859375,401.25689697265625,0.03476659075024635,0.004235108152976563
2023-07-25,265.2799987792969,402.4396057128906,-0.014048906614123058,0.0029475100594096304
2023-07-26,264.3500061035156,402.5357360839844,-0.0035057022016762307,0.0002388690619141709
2023-07-27,255.7100067138672,399.8050842285156,-0.032683938680391544,-0.006783625926069403
2023-07-28,266.44000244140625,403.6990966796875,0.04196157931177735,0.009739777218406243
2023-07-31,267.42999267578125,404.4779052734375,0.00371562162326855,0.0019291809175583374
2023-08-01,261.07000732421875,403.22796630859375,-0.023781870118334214,-0.0030902527642363564
2023-08-02,254.11000061035156,397.6417236328125,-0.02665954157355066,-0.013853807628774528
2023-08-03,259.32000732421875,396.5168151855469,0.020502958173047814,-0.0028289497314029077
2023-08-04,253.86000061035156,394.5746154785156,-0.02105509239416581,-0.004898152190903726
2023-08-07,251.4499969482422,398.1320495605469,-0.009493435973824349,0.00901587163106532
2023-08-08,249.6999969482422,396.4110107421875,-0.006959634206558429,-0.004322783911164696
2023-08-09,242.19000244140625,393.7765808105469,-0.03007606967809695,-0.006645703222794563
2023-08-10,245.33999633789062,394.00732421875,0.013006292021680244,0.0005859754476209567
2023-08-11,242.64999389648438,393.64202880859375,-0.01096438608281991,-0.0009271284763058274
2023-08-14,239.75999450683594,395.8630065917969,-0.011910156448968756,0.005642125638680273
2023-08-15,232.9600067138672,391.32476806640625,-0.028361644764614224,-0.011464164243238706
2023-08-16,225.60000610351562,388.4306945800781,-0.03159340830287438,-0.007395579637415217
2023-08-17,219.22000122070312,385.28668212890625,-0.028280162722535862,-0.008094140074513922
2023-08-18,215.49000549316406,385.6423645019531,-0.017014851321818125,0.0009231629058175095
2023-08-21,231.27999877929688,388.1903076171875,0.073274828918382,0.006607010405936586
2023-08-22,233.19000244140625,387.10382080078125,0.008258403978685713,-0.0027988509632694836
2023-08-23,236.86000061035156,391.27667236328125,0.01573823118710882,0.010779670306192868
2023-08-24,230.0399932861328,386.0751037597656,-0.02879341090367582,-0.013293837764716598
2023-08-25,238.58999633789062,388.63262939453125,0.037167463490241914,0.00662442516976447
2023-08-28,238.82000732421875,391.19012451171875,0.0009640428763089126,0.006580752422080227
2023-08-29,257.17999267578125,396.74761962890625,0.07687791972402569,0.01420663449550097
2023-08-30,256.8999938964844,398.4013366699219,-0.0010887269121663268,0.004168183901298361
2023-08-31,258.0799865722656,397.8917236328125,0.004593198535678855,-0.0012791448978787257
2023-09-01,245.00999450683594,398.7378234863281,-0.05064318329763218,0.002126457534201931
2023-09-05,256.489990234375,396.9975280761719,0.046855214011356505,-0.004364510481950634
2023-09-06,251.9199981689453,394.2573547363281,-0.017817428513501543,-0.0069022428253456836
2023-09-07,251.49000549316406,393.0843200683594,-0.0017068620153485314,-0.0029753019287446225
2023-09-08,248.5,393.6227722167969,-0.01188916230408743,0.0013698133477924035
2023-09-11,273.5799865722656,396.2091369628906,0.10092549928477124,0.006570668489345621
2023-09-12,267.4800109863281,394.08428955078125,-0.022296863386701782,-0.005362943995681713
2023-09-13,271.29998779296875,394.5457458496094,0.014281354305895722,0.0011709583737888885
2023-09-14,276.0400085449219,397.9590148925781,0.017471511114000693,0.008651136348254429
2023-09-15,274.3900146484375,392.9977722167969,-0.005977372284481253,-0.012466717652119153
2023-09-18,265.2799987792969,393.43048095703125,-0.033200974462619715,0.0011010462929434972
2023-09-19,266.5,392.6419982910156,0.004598918977371191,-0.0020041219584654435
2023-09-20,262.5899963378906,388.9690856933594,-0.014671683535119606,-0.00935435489235159
2023-09-21,255.6999969482422,382.5945129394531,-0.026238620989897266,-0.01638837889274214
2023-09-22,244.8800048828125,381.6714782714844,-0.042315182614647506,-0.0024125664032061955
2023-09-25,246.99000549316406,383.25787353515625,0.008616467528091087,0.004156441741091976
2023-09-26,244.1199951171875,377.6332702636719,-0.011619945391094011,-0.014675767048445088
2023-09-27,240.5,377.7197570800781,-0.014828753029631048,0.00022902329645346775
2023-09-28,246.3800048828125,379.9232482910156,0.02444908475181906,0.005833666811530636
2023-09-29,250.22000122070312,379.0160217285156,0.015585665483353939,-0.002387920630234963
2023-10-02,251.60000610351562,378.9870300292969,0.005515166158101437,-7.649201499859704e-05
2023-10-03,246.52999877929688,373.89105224609375,-0.020151062008054166,-0.013446311824468427
2023-10-04,261.1600036621094,376.6416931152344,0.05934371052307452,0.007356797796086667
2023-10-05,260.04998779296875,376.3232116699219,-0.00425032873937603,-0.0008455820243327139
2023-10-06,260.5299987792969,380.8111267089844,0.001845841218459432,0.01192569286158962
2023-10-09,259.6700134277344,383.34954833984375,-0.003300907210654902,0.0066658284194496265
2023-10-10,263.6199951171875,385.32806396484375,0.015211543440507347,0.005161126792944559
2023-10-11,262.989990234375,386.9591369628906,-0.002389822071472425,0.004232946288063921
2023-10-12,258.8699951171875,384.6331787109375,-0.015665976919941982,-0.006010862723668353
2023-10-13,251.1199951171875,382.6063537597656,-0.02993780718577166,-0.005269501081431871
2023-10-16,253.9199981689453,386.6116943359375,0.01115006015531006,0.010468567855218547
2023-10-17,254.85000610351562,386.621337890625,0.0036626021631882555,2.4943773891950016e-05
2023-10-18,242.67999267578125,381.4481506347656,-0.04775363208267347,-0.013380501148963608
2023-10-19,220.11000061035156,378.21490478515625,-0.09300310180733784,-0.008476239416101428
2023-10-20,211.99000549316406,373.5049743652344,-0.036890623300491754,-0.01245305343690073
2023-10-23,212.0800018310547,372.8486022949219,0.0004245310418349302,-0.0017573315360203123
2023-10-24,216.52000427246094,375.637939453125,0.02093550737020089,0.007481152245266465
2023-10-25,212.4199981689453,370.3392639160156,-0.018935922882932887,-0.014105805033494456
2023-10-26,205.75999450683594,365.79339599609375,-0.031352997455599385,-0.012274874318896845
2023-10-27,207.3000030517578,364.1719055175781,0.00748448962886572,-0.004432804135515167
2023-10-30,197.36000061035156,368.5537414550781,-0.04794984223383958,0.012032328334807607
2023-10-31,200.83999633789062,370.7831726074219,0.017632730628176496,0.0060491344994675345
2023-11-01,205.66000366210938,374.86578369140625,0.023999240251476817,0.011010777687872508
2023-11-02,218.50999450683594,381.98858642578125,0.06248172039245192,0.01900094125485352
2023-11-03,219.9600067138672,385.5210876464844,0.006635907937775798,0.00924766170046154
2023-11-06,219.27000427246094,386.2643127441406,-0.0031369449915676917,0.0019278455095503855
2023-11-07,222.17999267578125,387.35491943359375,0.013271256198382764,0.0028234725639164626
2023-11-08,222.11000061035156,387.67340087890625,-0.00031502415940676265,0.0008221954319780345
2023-11-09,209.97999572753906,384.74896240234375,-0.054612601186257326,-0.007543562364434653
2023-11-10,214.64999389648438,390.7522277832031,0.022240205086035525,0.015603071008627012
2023-11-13,223.7100067138672,390.3564758300781,0.04220830689495392,-0.0010127951294613968
2023-11-14,237.41000366210938,397.85577392578125,0.06123998273248876,0.019211409468117946
2023-11-15,242.83999633789062,398.72442626953125,0.022871793909364557,0.0021833347677191473
2023-11-16,233.58999633789062,399.2842712402344,-0.038090924639652135,0.001404089977484091
2023-11-17,234.3000030517578,399.87298583984375,0.0030395424675642158,0.0014744247194629079
2023-11-20,235.60000610351562,402.88421630859375,0.005548455120893081,0.007530467361843929
2023-11-21,241.1999969482422,401.83221435546875,0.023769060694616817,-0.0026111768854186757
2023-11-22,234.2100067138672,403.5694885253906,-0.028980059381488954,0.004323382018309285
2023-11-24,235.4499969482422,403.7914733886719,0.00529435207219775,0.0005500536328759686
2023-11-27,236.0800018310547,403.0869140625,0.0026757481035388775,-0.0017448593459864492
2023-11-28,246.72000122070312,403.4825744628906,0.04506946504203557,0.000981575899854814
2023-11-29,244.13999938964844,403.2220458984375,-0.010457205813430348,-0.0006456996681949434
2023-11-30,240.0800018310547,404.78558349609375,-0.016629792613843564,0.003877609405439353
2023-12-01,238.8300018310547,407.1598815917969,-0.005206597761023168,0.005865569804133219
2023-12-04,235.5800018310547,405.11370849609375,-0.01360800559009756,-0.005025478167700603
2023-12-05,238.72000122070312,404.9882507324219,0.013328802806870987,-0.00030968530820052464
2023-12-06,239.3699951171875,403.2992858886719,0.002722829646282676,-0.004170404550491336
2023-12-07,242.63999938964844,406.4552917480469,0.01366087788429815,0.007825468503919408
2023-12-08,243.83999633789062,408.1829528808594,0.0049455858525417895,0.004250556378248449
2023-12-11,239.74000549316406,409.76580810546875,-0.01681426716823431,0.00387780825592543
2023-12-12,237.00999450683594,411.80224609375,-0.011387381846063915,0.004969760648641186
2023-12-13,239.2899932861328,417.4098205566406,0.009619842336358264,0.013617153660725911
2023-12-14,251.0500030517578,418.6355285644531,0.04914543063053567,0.0029364618354641436
2023-12-15,253.5,417.99853515625,0.009758999874367902,-0.001521594238280355
2023-12-18,252.0800018310547,420.3631896972656,-0.005601570686174839,0.00565708810470289
2023-12-19,257.2200012207031,422.9208679199219,0.0203903496997484,0.006084448603832948
2023-12-20,247.13999938964844,416.8162536621094,-0.03918825045959673,-0.014434412489119364
2023-12-21,254.5,420.87689208984375,0.029780693649462897,0.009742034750463757
2023-12-22,252.5399932861328,421.85577392578125,-0.007701401626197146,0.0023258151120555404
2023-12-26,256.6099853515625,423.60986328125,0.01611622781987765,0.004158030928782308
2023-12-27,261.44000244140625,424.3851623535156,0.018822405072142834,0.0018302195946529043
2023-12-28,253.17999267578125,424.4530029296875,-0.03159428430420175,0.00015985614528934988
2023-12-29,248.47999572753906,423.3191223144531,-0.018563856087399966,-0.0026713926098014262
2024-01-02,248.4199981689453,420.615234375,-0.0002414583049958896,-0.0063873512839909274
2024-01-03,238.4499969482422,417.4946594238281,-0.04013364984377277,-0.007419072577836583
2024-01-04,237.92999267578125,416.1766052246094,-0.0021807686270334248,-0.003157056430464933
2024-01-05,237.49000549316406,416.7096252441406,-0.001849229589212631,0.001280754402914086
2024-01-08,240.4499969482422,422.6697998046875,0.012463646412957496,0.014302944303374199
2024-01-09,234.9600067138672,421.642578125,-0.02283214932024613,-0.002430317188883979
2024-01-10,233.94000244140625,424.4239501953125,-0.004341182513256769,0.006596516136204711
2024-01-11,227.22000122070312,424.278564453125,-0.028725319101363445,-0.0003425483932294471
2024-01-12,218.88999938964844,424.4723815917969,-0.036660513098772496,0.00045681576895528764
2024-01-16,219.91000366210938,423.0284423828125,0.004659894354722027,-0.0034017271125379445
2024-01-17,215.5500030517578,420.67340087890625,-0.019826295019533036,-0.005567099674529952
2024-01-18,211.8800048828125,424.41424560546875,-0.017026203279914,0.008892515473397644
2024-01-19,212.19000244140625,429.6088562011719,0.0014630807600990448,0.012239482179238648
2024-01-22,208.8000030517578,430.5876770019531,-0.015976244642273096,0.002278399959992683
2024-01-23,209.13999938964844,431.866943359375,0.0016283349277841364,0.0029709776330084647
2024-01-24,207.8300018310547,432.2254638671875,-0.006263735117226887,0.000830164274727041
2024-01-25,182.6300048828125,434.6580505371094,-0.12125293136804816,0.0056280503424235295
2024-01-26,183.25,434.3963928222656,0.0033948152034783963,-0.0006019852031279305
2024-01-29,190.92999267578125,437.55572509765625,0.04190991910385411,0.007272924747059983
2024-01-30,191.58999633789062,437.24560546875,0.0034567835721344142,-0.0007087545908285309
2024-01-31,187.2899932861328,430.1224670410156,-0.02244377647032403,-0.0162909320039889
2024-02-01,188.86000061035156,435.78228759765625,0.008382761388752824,0.013158625717872408
2024-02-02,187.91000366210938,440.2596435546875,-0.0050301649114266045,0.010274295409557821
2024-02-05,181.05999755859375,438.65087890625,-0.03645365318513305,-0.003654126995261797
2024-02-06,185.10000610351562,440.0173645019531,0.0223130928940527,0.0031152008611274873
2024-02-07,187.5800018310547,443.6322937011719,0.01339813963135228,0.008215423960166612
2024-02-08,189.55999755859375,443.9327087402344,0.010555473441792307,0.0006771712594595414
2024-02-09,193.57000732421875,446.45245361328125,0.021154303741671487,0.005675961296470522
2024-02-12,188.1300048828125,446.2489013671875,-0.028103539988478476,-0.0004559326406347042
2024-02-13,184.02000427246094,439.959228515625,-0.021846598116614713,-0.01409453968915697
2024-02-14,188.7100067138672,444.1458740234375,0.025486372853585015,0.009515985201487442
2024-02-15,200.4499969482422,447.15020751953125,0.06221180550417671,0.0067642945072934335
2024-02-16,199.9499969482422,444.86309814453125,-0.0024943876658132247,-0.0051148570134569304
2024-02-20,193.75999450683594,442.42083740234375,-0.030957752117438453,-0.005489915329848327
2024-02-21,194.77000427246094,442.86663818359375,0.00521268473502845,0.0010076396579046243
2024-02-22,197.41000366210938,452.1703796386719,0.013554445406056326,0.021007998013210516
2024-02-23,191.97000122070312,452.3738708496094,-0.027556873210526134,0.0004500321562419529
2024-02-26,199.39999389648438,450.7166748046875,0.03870392576202142,-0.003663332813209297
2024-02-27,199.72999572753906,451.5500793457031,0.0016549741281637331,0.0018490652500859905
2024-02-28,202.0399932861328,450.8523254394531,0.01156560160219966,-0.0015452414652679103
2024-02-29,201.8800048828125,452.51922607421875,-0.0007918650199801869,0.003697220887439956
2024-03-01,202.63999938964844,456.88037109375,0.003764585340074067,0.009637480063258153
2024-03-04,188.13999938964844,456.3376770019531,-0.07155546804023882,-0.001187825361150252
2024-03-05,180.74000549316406,451.7633361816406,-0.03933237971984138,-0.010024026178081513
2024-03-06,176.5399932861328,454.1571044921875,-0.02323786698783792,0.005298721960881769
2024-03-07,178.64999389648438,458.6539306640625,0.011951969472048907,0.00990147710427891
2024-03-08,175.33999633789062,455.8724365234375,-0.018527834714126334,-0.0060644724805863914
2024-03-11,177.77000427246094,455.4944763183594,0.013858834181150304,-0.0008290920327636009
2024-03-12,177.5399932861328,460.3692321777344,-0.0012938683737420131,0.010702118494995583
2024-03-13,169.47999572753906,459.6714782714844,-0.04539820808488959,-0.001515639746273556
2024-03-14,162.5,458.66357421875,-0.04118477639544138,-0.002192661716851396
2024-03-15,163.57000732421875,455.50421142578125,0.006584660456730784,-0.006888192066156873
2024-03-18,173.8000030517578,458.35345458984375,0.06254200201423088,0.006255141209658754
2024-03-19,171.32000732421875,460.92169189453125,-0.014269250195585559,0.005603180861777579
2024-03-20,175.66000366210938,464.9435729980469,0.025332688257929448,0.00872573622426942
2024-03-21,172.82000732421875,466.49420166015625,-0.016167575308454918,0.0033350900026656305
2024-03-22,170.8300018310547,465.8845520019531,-0.01151490226146512,-0.0013068751037709214
2024-03-25,172.6300048828125,464.6790466308594,0.010536808713131895,-0.0025875624463476132
2024-03-26,177.6699981689453,463.3761901855469,0.029195349264770964,-0.0028037770473164914
2024-03-27,179.8300018310547,467.4207763671875,0.012157391142962881,0.008728515334422093
2024-03-28,175.7899932861328,467.3623962402344,-0.022465709302040393,-0.0001248984424844224
2024-04-01,175.22000122070312,466.74993896484375,-0.003242460249155976,-0.0013104547569886549
2024-04-02,166.6300048828125,463.6969909667969,-0.049024062767074494,-0.006540864268386848
2024-04-03,168.3800048828125,464.11505126953125,0.01050231020055925,0.0009015807971122225
2024-04-04,171.11000061035156,458.3982238769531,0.016213301154368365,-0.012317694453003458
2024-04-05,164.89999389648438,463.2691955566406,-0.036292482565110196,0.010626070141569688
2024-04-08,172.97999572753906,463.45391845703125,0.04899940648952894,0.00039873771483689424
2024-04-09,176.8800048828125,464.0276184082031,0.02254601255405486,0.0012378791684011237
2024-04-10,171.75999450683594,459.5357666015625,-0.028946236061948905,-0.009680138915113323
2024-04-11,174.60000610351562,462.8511962890625,0.01653476762638495,0.007214736976881797
2024-04-12,171.0500030517578,456.54119873046875,-0.020332204625772565,-0.013632885923563598
2024-04-15,161.47999572753906,450.7466125488281,-0.05594859487563397,-0.012692362042580063
2024-04-16,157.11000061035156,449.93963623046875,-0.027062145360474688,-0.001790310333773082
2024-04-17,155.4499969482422,447.2270202636719,-0.010565868854054306,-0.006028844201241723
2024-04-18,149.92999267578125,446.2061767578125,-0.03550983840996058,-0.0022826069526333814
2024-04-19,147.0500030517578,442.47271728515625,-0.0192088959161848,-0.008367117415953307
2024-04-22,142.0500030517578,446.3131408691406,-0.03400203941675628,0.00867945849305185
2024-04-23,144.67999267578125,451.9424743652344,0.018514534090260826,0.012612968296499938
2024-04-24,162.1300048828125,451.6119079589844,0.12061109407252757,-0.0007314346957857376
2024-04-25,170.17999267578125,449.74517822265625,0.04965143743002587,-0.004133482096972618
2024-04-26,168.2899932861328,454.2467346191406,-0.011105884774887609,0.010009126533104817
2024-04-29,194.0500030517578,455.8315124511719,0.1530691710339953,0.003488804016081648
2024-04-30,183.27999877929688,448.6270751953125,-0.05550118063944742,-0.015805044318060624
2024-05-01,179.99000549316406,447.16876220703125,-0.017950640048260635,-0.003250612967677813
2024-05-02,180.00999450683594,451.3396911621094,0.0001110562423569661,0.009327415749016632
2024-05-03,181.19000244140625,456.9398498535156,0.006555235656792835,0.012407857764485497
2024-05-06,184.75999450683594,461.54833984375,0.019703030064167848,0.010085550629282514
2024-05-07,177.80999755859375,462.20947265625,-0.03761635178001177,0.0014324237689249397
2024-05-08,174.72000122070312,462.22894287109375,-0.017378079862311324,4.212422288074613e-05
2024-05-09,171.97000122070312,464.8831787109375,-0.01573946875450305,0.005742253661913166
2024-05-10,168.47000122070312,465.4567565917969,-0.02035238689978358,0.0012338107875828896
2024-05-13,171.88999938964844,465.4859313964844,0.020300339194899042,6.267994668540666e-05
2024-05-14,177.5500030517578,467.6929931640625,0.03292805679333921,0.00474141454921484
2024-05-15,173.99000549316406,473.3903503417969,-0.02005067585133169,0.012181831374445728
2024-05-16,174.83999633789062,472.4862060546875,0.004885285464054867,-0.0019099339191357423
2024-05-17,177.4600067138672,473.1862487792969,0.014985188920464187,0.0014816151575192116
2024-05-20,174.9499969482422,473.6529235839844,-0.014144086952910362,0.0009862391519013247
2024-05-21,186.60000610351562,474.9265441894531,0.06659050790792542,0.0026889322160870144
2024-05-22,180.11000061035156,473.54595947265625,-0.03478030697150003,-0.0029069436814762595
2024-05-23,173.74000549316406,470.02642822265625,-0.03536724832380789,-0.00743229074094387
2024-05-24,179.24000549316406,473.2251281738281,0.03165649721483632,0.006805361909685281
2024-05-28,176.75,473.604248046875,-0.01389201861667555,0.0008011406209764704
2024-05-29,176.19000244140625,470.26947021484375,-0.0031683030189180172,-0.00704127516968811
2024-05-30,178.7899932861328,467.109619140625,0.014756744473008343,-0.006719234979840727
2024-05-31,178.0800018310547,471.1736145019531,-0.003971091681523098,0.008700303300978707
2024-06-03,176.2899932861328,471.68890380859375,-0.0100517100545634,0.0010936293773269323
2024-06-04,174.77000427246094,472.2626037597656,-0.008622094682395387,0.0012162676428035812
2024-06-05,175.0,477.9113464355469,0.0013159908560766986,0.011961020480577123
2024-06-06,177.94000244140625,477.8044128417969,0.01680001395089281,-0.00022375194593626802
2024-06-07,177.47999572753906,477.18218994140625,-0.0025851787543875737,-0.0013022544029885896
2024-06-10,173.7899932861328,478.7475280761719,-0.020791089307163446,0.003280378370696946
2024-06-11,170.66000366210938,479.8363952636719,-0.018010183238054034,0.0022744079575212073
2024-06-12,177.2899932861328,483.83245849609375,0.03884911216309472,0.008327970266253093
2024-06-13,182.47000122070312,484.7463073730469,0.029217711832219218,0.0018887713316995125
2024-06-14,178.00999450683594,485.1352233886719,-0.024442410719736185,0.000802308361527615
2024-06-17,187.44000244140625,488.9853210449219,0.052974598199923895,0.00793613300093332
2024-06-18,184.86000061035156,490.2881774902344,-0.013764414198944475,0.0026644080900597444
2024-06-20,181.57000732421875,488.9269714355469,-0.017797215597047833,-0.002776338727267458
2024-06-21,183.00999450683594,487.8575439453125,0.00793075466503601,-0.0021872949391489316
2024-06-24,182.5800018310547,486.54498291015625,-0.0023495584322592578,-0.0026904596463581676
2024-06-25,187.35000610351562,488.5672912597656,0.026125557150967316,0.0041564673784393324
2024-06-26,196.3699951171875,489.11175537109375,0.04814512260377568,0.001114409664888294
2024-06-27,197.4199981689453,489.8700866699219,0.0053470646120412635,0.0015504254201634815
2024-06-28,197.8800048828125,487.9811706542969,0.002330091774560339,-0.0038559529700326056
2024-07-01,209.86000061035156,489.1031799316406,0.060541719385108106,0.0022992880562160423
2024-07-02,231.25999450683594,492.2742614746094,0.10197271435359379,0.006483461308536054
2024-07-03,246.38999938964844,494.4988098144531,0.06542422054051067,0.004518920678850957
2024-07-05,251.52000427246094,497.4552917480469,0.02082067005771515,0.005978744285963122
2024-07-08,252.94000244140625,497.933349609375,0.005645666924397386,0.0009610066859440103
2024-07-09,262.3299865722656,498.4797668457031,0.03712336538398886,0.0010973702339014402
2024-07-10,263.260009765625,503.2803039550781,0.003545241645880992,0.009630354988632739
2024-07-11,241.02999877929688,498.9676208496094,-0.08444127539962887,-0.008569147394756116
2024-07-12,248.22999572753906,502.0508728027344,0.029871787680814776,0.006179262589975254
2024-07-15,252.63999938964844,503.57293701171875,0.01776579679334911,0.0030316931837750527
2024-07-16,256.55999755859375,506.4317626953125,0.015516142251486675,0.005677083642656511
2024-07-17,248.5,499.35791015625,-0.031415644041518975,-0.013968027008049999
2024-07-18,249.22999572753906,495.6014404296875,0.002937608561525362,-0.007522599823014953
2024-07-19,239.1999969482422,492.2937316894531,-0.040243947162209914,-0.006674130602539408
2024-07-22,251.50999450683594,497.406494140625,0.05146320115237035,0.010385593238463331
2024-07-23,246.3800048828125,496.5771484375,-0.020396762498772203,-0.0016673399179435444
2024-07-24,215.99000549316406,485.2101135253906,-0.12334604589403697,-0.022890773262273956
2024-07-25,220.25,482.7611083984375,0.01972310939623889,-0.0050473084931379475
2024-07-26,219.8000030517578,488.1762390136719,-0.0020431189477511102,0.011216998471975215
2024-07-29,232.10000610351562,488.5373229980469,0.055959976710561854,0.0007396590729293884
2024-07-30,222.6199951171875,485.9809265136719,-0.04084450985365373,-0.005232755746658158
2024-07-31,232.07000732421875,493.6402282714844,0.04244907202543402,0.015760498694380454
2024-08-01,216.86000061035156,486.90777587890625,-0.06554059651757449,-0.013638378736174461
2024-08-02,207.6699981689453,478.0093994140625,-0.042377581921705376,-0.01827528108127152
2024-08-05,198.8800048828125,463.65667724609375,-0.04232673647438423,-0.030026024981019472
2024-08-06,200.63999938964844,468.2815856933594,0.008849529684359148,0.00997485569438017
2024-08-07,191.75999450683594,465.032470703125,-0.044258397676563366,-0.006938378722331273
2024-08-08,198.83999633789062,475.88238525390625,0.036921162045623124,0.023331520343893963
2024-08-09,200.0,477.92156982421875,0.005833854775063374,0.00428505999276374
2024-08-12,197.49000549316406,478.1654968261719,-0.012549972534179665,0.0005103912803994248
2024-08-13,207.8300018310547,486.1077575683594,0.05235706137163754,0.016609857455011534
2024-08-14,201.3800048828125,487.6591491699219,-0.0310349655555765,0.0031914561687371723
2024-08-15,214.13999938964844,496.03076171875,0.06336276788880446,0.01716693424716431
2024-08-16,216.1199951171875,497.07476806640625,0.009246267550119258,0.0021047209734306183
2024-08-19,222.72000122070312,501.855712890625,0.030538618603692225,0.00961816034802232
2024-08-20,221.10000610351562,501.0263671875,-0.007273684933137958,-0.0016525580596623568
2024-08-21,223.27000427246094,502.7826232910156,0.009814554993405888,0.003505316722898888
2024-08-22,210.66000366210938,498.71392822265625,-0.056478704568676985,-0.00809235419022103
2024-08-23,220.32000732421875,504.10955810546875,0.04585589810206048,0.010819088013125588
2024-08-26,213.2100067138672,502.8704528808594,-0.0322712435275504,-0.002458007797483841
2024-08-27,209.2100067138672,503.543701171875,-0.018760845523390857,0.0013388105965634889
2024-08-28,205.75,500.6653137207031,-0.01653843794670573,-0.005716261457492378
2024-08-29,206.27999877929688,500.743408203125,0.002575935743848623,0.00015598141169692603
2024-08-30,214.11000061035156,505.45611572265625,0.03795812428442069,0.009411421982452817
2024-09-03,210.60000610351562,495.23065185546875,-0.016393416920415627,-0.020230171421643628
2024-09-04,219.41000366210938,494.0012512207031,0.04183284569452206,-0.0024824809008882065
2024-09-05,230.1699981689453,492.7816162109375,0.04904058305110959,-0.0024688905276086803
2024-09-06,210.72999572753906,484.575927734375,-0.0844593239607937,-0.01665177475502666
2024-09-09,216.27000427246094,490.0301208496094,0.026289605928169646,0.011255600625345474
2024-09-10,226.1699981689453,492.0498352050781,0.04577608406578748,0.004121612671414976
2024-09-11,228.1300048828125,497.0845031738281,0.008666077418469476,0.01023202856404093
2024-09-12,229.80999755859375,501.35809326171875,0.007364189890953776,0.008597311041893763
2024-09-13,230.2899932861328,504.0217590332031,0.0020886633855721204,0.005312900713649871
2024-09-16,226.77999877929688,504.7828063964844,-0.015241628421408637,0.001509949421114376
2024-09-17,227.8699951171875,505.0169982910156,0.004806404196833203,0.0004639458625841364
2024-09-18,227.1999969482422,503.3777770996094,-0.0029402649901351108,-0.0032458733012025176
2024-09-19,243.9199981689453,512.1590576171875,0.07359155565707187,0.01744471233548417
2024-09-20,238.25,511.1541748046875,-0.02324531900421767,-0.001962052213183907
2024-09-23,250.0,512.412841796875,0.04931794333683115,0.0024624018627421584
2024-09-24,254.27000427246094,513.88623046875,0.017080017089843746,0.002875393728830611
2024-09-25,257.0199890136719,512.8421630859375,0.010815214909361437,-0.0020317092011983284
2024-09-26,254.22000122070312,514.8814086914062,-0.01089404681602335,0.003976361056583055
2024-09-27,260.4599914550781,514.2149658203125,0.024545630573566513,-0.0012943618857544914
2024-09-30,261.6300048828125,516.4562377929688,0.004492104223754234,0.0043586284368071215
2024-10-01,258.0199890136719,511.63092041015625,-0.013798172234708361,-0.009343129252215254
2024-10-02,249.02000427246094,511.7191467285156,-0.03488095932262847,0.0001724413338597408
2024-10-03,240.66000366210938,510.7501525878906,-0.03357160254966751,-0.001893605402142784
2024-10-04,250.0800018310547,515.4578857421875,0.03914235030998814,0.009217291723641274
2024-10-07,240.8300018310547,510.818603515625,-0.03698816351676526,-0.009000312838133406
2024-10-08,244.5,515.6536254882812,0.015238957526229946,0.009465242533024387
2024-10-09,241.0500030517578,519.1771850585938,-0.014110416966225725,0.006833190723668503
2024-10-10,238.77000427246094,518.3060913085938,-0.009458613360014412,-0.0016778351881963083
2024-10-11,217.8000030517578,521.3890991210938,-0.08782510719719305,0.005948237661487221
2024-10-14,219.16000366210938,525.6565551757812,0.00624426350457119,0.008184781887233816
2024-10-15,219.57000732421875,521.6533813476562,0.0018707960177875016,-0.007615569117722321
2024-10-16,221.3300018310547,523.845703125,0.008015641700267029,0.004202640787413392
2024-10-17,220.88999938964844,523.9241333007812,-0.001987992760882462,0.00014971999448198936
2024-10-18,220.6999969482422,525.9403076171875,-0.0008601676940163117,0.003848218068719378
2024-10-21,218.85000610351562,525.1279296875,-0.008382378207102636,-0.001544620022314036
2024-10-22,217.97000122070312,524.7657470703125,-0.004021041161846095,-0.000689703587853363
2024-10-23,213.64999389648438,519.9797973632812,-0.019819274670942355,-0.009120164061298786
2024-10-24,260.4800109863281,521.1542358398438,0.21919035070290427,0.0022586232821311114
2024-10-25,269.19000244140625,520.94873046875,0.03343823359841336,-0.00039432735447808565
2024-10-28,262.510009765625,522.5733642578125,-0.024815158866218545,0.003118605908878358
2024-10-29,259.5199890136719,523.4053955078125,-0.01139012091242797,0.0015921807480212546
2024-10-30,257.54998779296875,521.8295288085938,-0.007590942139718337,-0.003010795671469557
2024-10-31,249.85000610351562,511.56243896484375,-0.029897037679701755,-0.01967517987567924
2024-11-01,248.97999572753906,513.7842407226562,-0.003482130697311625,0.004343168279337339
2024-11-04,242.83999633789062,512.6685180664062,-0.024660613282231236,-0.002171578199208102
2024-11-05,251.44000244140625,518.83447265625,0.03541429020427711,0.01202717618218374
2024-11-06,288.5299987792969,531.7540283203125,0.14751032444224466,0.024901112676493753
2024-11-07,296.9100036621094,535.8942260742188,0.02904379065700735,0.0077859264498365555
2024-11-08,321.2200012207031,538.2627563476562,0.08187665372925301,0.004419771959083274
2024-11-11,350.0,538.703125,0.08959591143118995,0.0008181295234539476
2024-11-12,328.489990234375,537.0881958007812,-0.06145717075892854,-0.0029978092278910573
2024-11-13,330.239990234375,537.3623657226562,0.005327407385385952,0.0005104746743991306
2024-11-14,311.17999267578125,533.9464721679688,-0.05771559508909463,-0.006356778540108077
2024-11-15,320.7200012207031,527.0560913085938,0.030657525449785616,-0.012904628494684434
2024-11-18,338.739990234375,529.2386474609375,0.056186046847983784,0.004141032023602609
2024-11-19,346.0,531.1668090820312,0.021432396454288627,0.0036432744100307612
2024-11-20,342.0299987792969,531.362548828125,-0.011473991967350106,0.00036850899330853615
2024-11-21,339.6400146484375,534.0443725585938,-0.006987644766217049,0.005047069531684656
2024-11-22,352.55999755859375,535.8353881835938,0.038040225983177356,0.0033536831713425475
2024-11-25,338.5899963378906,537.5580444335938,-0.039624464821427674,0.003214898246716391
2024-11-26,338.2300109863281,540.5726318359375,-0.001063189566898104,0.005607929103768061
2024-11-27,332.8900146484375,538.8499755859375,-0.015788061864523528,-0.0031867248701610285
2024-11-29,345.1600036621094,541.6884155273438,0.03685898787510977,0.005267588512590571
2024-12-02,357.0899963378906,543.2152709960938,0.034563659025395044,0.0028186969205601375
2024-12-03,351.4200134277344,543.342529296875,-0.01587830229999254,0.00023426863635100936
2024-12-04,357.92999267578125,546.7681274414062,0.018524782309774723,0.006304675153929518
2024-12-05,369.489990234375,545.8577880859375,0.03229681165351517,-0.001664945906281412
2024-12-06,389.2200012207031,546.9442749023438,0.053397958017247005,0.00199042102195901
2024-12-09,389.7900085449219,544.0960083007812,0.0014644862094215227,-0.005207599260584783
2024-12-10,400.989990234375,542.5496826171875,0.02873337295448497,-0.002842008873439328
2024-12-11,424.7699890136719,546.660400390625,0.05930322291934931,0.007576666073433103
2024-12-12,418.1000061035156,543.8416748046875,-0.015702575706076027,-0.005156264444842407
2024-12-13,436.2300109863281,543.802490234375,0.04336284290396253,-7.205142990662772e-05
2024-12-16,463.0199890136719,545.93603515625,0.06141250567967771,0.003923382037025025
2024-12-17,479.8599853515625,543.6458129882812,0.036369912179738284,-0.004195037551080971
2024-12-18,440.1300048828125,527.6824951171875,-0.0827949436951747,-0.02936345225091963
2024-12-19,436.1700134277344,527.4867553710938,-0.008997322180141931,-0.00037094227666256696
2024-12-20,421.05999755859375,533.4570922851562,-0.034642491239586515,0.011318458431932132
2024-12-23,430.6000061035156,537.275634765625,0.022657123925894362,0.007158106126420316
2024-12-24,462.2799987792969,542.8036499023438,0.07357174228224572,0.010288974185717947
2024-12-26,454.1300048828125,542.7937622070312,-0.017629994630971146,-1.821597057105606e-05
2024-12-27,431.6600036621094,537.1676025390625,-0.04947922616674816,-0.010365188511180512
2024-12-30,417.4100036621094,531.1878662109375,-0.03301209257078741,-0.011131975010890915
2024-12-31,403.8399963378906,529.0474853515625,-0.03251001941775111,-0.004029423478067673
2025-01-02,379.2799987792969,527.7218627929688,-0.06081615932376483,-0.002505677836674436
2025-01-03,410.44000244140625,534.5362548828125,0.08215567328200035,0.012912847790270687
2025-01-06,411.04998779296875,537.6487426757812,0.0014861742226248698,0.005822781456893189
2025-01-07,394.3599853515625,531.600341796875,-0.040603340073111505,-0.01124972570158811
2025-01-08,394.94000244140625,532.3170776367188,0.0014707807875757872,0.0013482606828676413
2025-01-10,394.739990234375,524.2166137695312,-0.0005064369418008585,-0.015217366129131937
2025-01-13,403.30999755859375,524.89404296875,0.021710512074366584,0.0012922696103572218
2025-01-14,396.3599853515625,525.5618286132812,-0.017232432245921525,0.001272229421302562
2025-01-15,428.2200012207031,535.1743774414062,0.08038151439752794,0.018290043729941585
2025-01-16,413.82000732421875,534.3790893554688,-0.03362756026209679,-0.001486035429684951
2025-01-17,426.5,539.5044555664062,0.030641323404759335,0.00959125518387971
2025-01-21,424.07000732421875,544.4139404296875,-0.00569752092797482,0.009099989467421521
2025-01-22,415.1099853515625,547.5068359375,-0.021128638710367298,0.005681146785792013
2025-01-23,412.3800048828125,550.540771484375,-0.006576523247056931,0.005541365600814752
2025-01-24,406.5799865722656,548.8814697265625,-0.014064741844588391,-0.0030139489094307415
2025-01-27,397.1499938964844,541.242431640625,-0.023193450212053546,-0.013917463983149303
2025-01-28,398.0899963378906,545.7786865234375,0.0023668700890153715,0.008381188572119447
2025-01-29,389.1000061035156,543.3829345703125,-0.02258280870425211,-0.004389603354403082
2025-01-30,400.2799987792969,546.2205200195312,0.028732954254456988,0.0052220731802381515
2025-01-31,404.6000061035156,543.304443359375,0.010792463618949588,-0.00533864355746283
2025-02-03,383.67999267578125,539.7401123046875,-0.05170542044525339,-0.006560467336965692
2025-02-04,392.2099914550781,543.323974609375,0.022232065633156273,0.006639977691086152
2025-02-05,378.1700134277344,545.5528564453125,-0.035797094243459227,0.004102307168646346
2025-02-06,374.32000732421875,547.5166015625,-0.010180622383618276,0.003599550609967972
2025-02-07,361.6199951171875,542.1948852539062,-0.0339282217314959,-0.009719735060830459
2025-02-10,350.7300109863281,546.0733032226562,-0.030114441341470455,0.007153180662952563
2025-02-11,328.5,546.5642700195312,-0.06338211812502892,0.0008990858809203583
2025-02-12,336.510009765625,544.7575073242188,0.0243835913717656,-0.003305672899635237
2025-02-13,355.94000244140625,550.5114135742188,0.05773971683431944,0.010562325755293367
2025-02-14,355.8399963378906,550.5310668945312,-0.0002809633725618932,3.5700114162651175e-05
2025-02-18,354.1099853515625,552.1216430664062,-0.004861766535893763,0.0028891669653581253
2025-02-19,360.55999755859375,553.45703125,0.018214714280444966,0.0024186484995900592
2025-02-20,354.3999938964844,551.1299438476562,-0.01708454543992588,-0.004204639693686674
2025-02-21,337.79998779296875,541.7529907226562,-0.046839747148427646,-0.017014051277155717
2025-02-24,330.5299987792969,539.190185546875,-0.021521578674915554,-0.004730578731762414
2025-02-25,302.79998779296875,536.509765625,-0.0838955952220366,-0.004971195681457652
2025-02-26,290.79998779296875,536.8435668945312,-0.039630120487999076,0.0006221718427481537
2025-02-27,281.95001220703125,528.22265625,-0.030433204805490277,-0.016058515322071365
2025-02-28,292.9800109863281,536.43115234375,0.03912040539724382,0.015539841005731247
2025-03-03,284.6499938964844,527.1917724609375,-0.02843203214376444,-0.01722379440948618
2025-03-04,272.0400085449219,520.8389892578125,-0.04429996705409467,-0.012050232069195865
2025-03-05,279.1000061035156,526.68115234375,0.025952056083059283,0.011216831317222509
2025-03-06,263.45001220703125,517.1273803710938,-0.056073068986891905,-0.018139574446781714
2025-03-07,262.6700134277344,519.916015625,-0.0029607088371812473,0.005392549997845997
2025-03-10,222.14999389648438,506.1696472167969,-0.1542620682219512,-0.02643959407882135
2025-03-11,230.5800018310547,502.0162353515625,0.037947369642955975,-0.008205572752282064
2025-03-12,248.08999633789062,504.4513244628906,0.0759389121683911,0.004850618246684535
2025-03-13,240.67999267578125,497.8628845214844,-0.02986820819658198,-0.013060605893782218
2025-03-14,249.97999572753906,508.0843200683594,0.038640532386444715,0.020530623721226382
2025-03-17,238.00999450683594,511.9626159667969,-0.04788383640805238,0.007633173757292333
2025-03-18,225.30999755859375,506.56231689453125,-0.05335909096824687,-0.010548229311758694
2025-03-19,235.86000061035156,511.8841857910156,0.046824389357219776,0.010505852328515086
2025-03-20,236.25999450683594,510.7059326171875,0.0016958954271570903,-0.0023017963956190046
2025-03-21,248.7100067138672,510.83355712890625,0.05269623506518384,0.00024989823608412287
2025-03-24,278.3900146484375,519.7980346679688,0.11933580126800525,0.017548724851684572
2025-03-25,288.1400146484375,521.0353393554688,0.03502280788451673,0.0023803566096403106
2025-03-26,272.05999755859375,514.95751953125,-0.05580626179068926,-0.011664889816758173
2025-03-27,273.1300048828125,513.5406494140625,0.0039329829222258805,-0.002751431066541632
2025-03-28,263.54998779296875,503.2837829589844,-0.03507493471452938,-0.019972842396762447
2025-03-31,259.1600036621094,506.3480224609375,-0.016657121359109794,0.006088492428540704
2025-04-01,268.4599914550781,508.2101745605469,0.035885119854736525,0.003677613058621132
2025-04-02,282.760009765625,511.2744445800781,0.05326685079977622,0.006029533002130272
2025-04-03,267.2799987792969,486.8886413574219,-0.05474611137253549,-0.047696112100194865
2025-04-04,239.42999267578125,458.6700744628906,-0.10419786826814681,-0.05795692176317624
2025-04-07,233.2899932861328,456.73895263671875,-0.025644236634809525,-0.004210263397788183
2025-04-08,221.86000061035156,450.0192565917969,-0.048994783337158565,-0.014712334050182463
2025-04-09,272.20001220703125,491.75592041015625,0.22689989839624536,0.09274417307039329
2025-04-10,252.39999389648438,474.9667053222656,-0.07274069589492627,-0.03414135832647902
2025-04-11,252.30999755859375,483.3317565917969,-0.00035656236159631316,0.017611868739000558
2025-04-14,252.35000610351562,488.1891784667969,0.00015856900364230597,0.010049871146998512
2025-04-15,254.11000061035156,486.8196716308594,0.0069744183248166,-0.0028052789704158254
2025-04-16,241.5500030517578,476.11944580078125,-0.049427403598542585,-0.021979855074944044
2025-04-17,241.3699951171875,476.77960205078125,-0.0007452201709629014,0.0013865349458468401
2025-04-21,227.5,465.4192810058594,-0.05746362595919796,-0.023827196037870535
2025-04-22,237.97000122070312,477.16387939453125,0.04602198338770602,0.025234447449812514
2025-04-23,250.74000549316406,484.82940673828125,0.0536622440095611,0.016064768677538366
2025-04-24,259.510009765625,495.01727294921875,0.0349764859229853,0.021013300904078713
2025-04-25,284.95001220703125,498.66278076171875,0.09803091011549903,0.007364405267680452
2025-04-28,285.8800048828125,498.96826171875,0.0032637046356942534,0.0006126002758108928
2025-04-29,292.0299987792969,501.9930419921875,0.021512501019458785,0.006062069485177846
2025-04-30,282.1600036621094,502.2393798828125,-0.03379788089732105,0.000490719731188749
2025-05-01,280.5199890136719,505.7962646484375,-0.005812356915055328,0.007082050727394096
2025-05-02,287.2099914550781,513.0479125976562,0.023848576584252656,0.014337092730922318
2025-05-05,280.260009765625,510.36798095703125,-0.024198258752220814,-0.00522355042252487
2025-05-06,275.3500061035156,506.0229187011719,-0.017519458684867262,-0.008513587093985753
2025-05-07,276.2200012207031,508.3087463378906,0.003159597232260225,0.004517241319001553
2025-05-08,284.82000732421875,511.69818115234375,0.031134624811778533,0.006668063138539848
2025-05-09,298.260009765625,511.0182800292969,0.04718770485146129,-0.001328715145157866
2025-05-12,318.3800048828125,528.0341796875,0.06745790403815088,0.03329802538028104
2025-05-13,334.07000732421875,531.5023803710938,0.049280740626853614,0.0065681367172978344
2025-05-14,347.67999267578125,532.1624755859375,0.04073991993646375,0.0012419421609792813
2025-05-15,342.82000732421875,534.7734985351562,-0.013978329078298546,0.004906439422178055
2025-05-16,349.9800109863281,538.2220458984375,0.0208856061756566,0.006448613053428254
2025-05-19,342.0899963378906,538.7738037109375,-0.022544186527114873,0.001025149037845452
2025-05-20,343.82000732421875,536.8623046875,0.005057180873010214,-0.0035478692732860972
2025-05-21,334.6199951171875,527.8863525390625,-0.026758222357769146,-0.016719281778709072
2025-05-22,341.0400085449219,528.1327514648438,0.019185982671137136,0.0004667650993364081
2025-05-23,339.3399963378906,524.56591796875,-0.004984788190348977,-0.006753668440748428
2025-05-27,362.8900146484375,535.344970703125,0.06939947711644767,0.020548519004273347
2025-05-28,356.8999938964844,532.2905883789062,-0.016506435862546853,-0.005705446938648051
2025-05-29,358.42999267578125,534.3400268554688,0.004286911755287504,0.003850224898403809
2025-05-30,346.4599914550781,533.7882690429688,-0.03339564619395741,-0.001032596819944498
2025-06-02,342.69000244140625,536.891845703125,-0.01088145559849063,0.005814246659486599
2025-06-03,344.2699890136719,539.9364624023438,0.004610541775392996,0.0056708194091334985
2025-06-04,332.04998779296875,539.591552734375,-0.03549540073392177,-0.0006387967695942187
2025-06-05,284.70001220703125,537.0692749023438,-0.14259893789082123,-0.004674420530213275
2025-06-06,295.1400146484375,542.5572509765625,0.036670186138995975,0.010218376531065942
2025-06-09,308.5799865722656,543.1385498046875,0.04553761352840424,0.0010714055098861586
2025-06-10,326.0899963378906,546.232421875,0.05674382827003055,0.005696285177005045
2025-06-11,326.42999267578125,544.724853515625,0.0010426457165473302,-0.002759939357316221
2025-06-12,319.1099853515625,546.7841186523438,-0.022424432461661592,0.0037803766863735433
2025-06-13,325.30999755859375,540.6950073242188,0.019429076154419578,-0.011136225651785181
2025-06-16,329.1300048828125,545.9170532226562,0.011742668079331553,0.00965802500060109
2025-06-17,316.3500061035156,541.2664794921875,-0.03882963749794621,-0.008518828461238748
2025-06-18,322.04998779296875,541.1581420898438,0.0180179597897272,-0.00020015538823947576
2025-06-20,322.1600036621094,539.6604614257812,0.0003416111576173275,-0.0027675471319321687
2025-06-23,348.67999267578125,545.217529296875,0.0823193093872907,0.010297341140041993
2025-06-24,340.4700012207031,551.2080078125,-0.023545920693855638,0.010987318260567314
2025-06-25,327.54998779296875,551.48388671875,-0.037947582404945,0.0005004987270500472
2025-06-26,325.7799987792969,555.8487548828125,-0.0054037218123500486,0.007914770076117517
2025-06-27,323.6300048828125,558.6075439453125,-0.006599526995335614,0.004963200939582357
2025-06-30,317.6600036621094,561.3995971679688,-0.018446995428822777,0.004998237587227505
2025-07-01,300.7099914550781,561.1426391601562,-0.05335897504131726,-0.0004577096405283809
2025-07-02,315.6499938964844,563.6331787109375,0.04968242780731846,0.004438335954132455
2025-07-03,315.3500061035156,568.5056762695312,-0.0009503811144286889,0.008644802581951438
2025-07-07,293.94000244140625,563.9494018554688,-0.06789282780315342,-0.008014474796382398
2025-07-08,297.80999755859375,563.5739135742188,0.013165935514200422,-0.000665819096561826
2025-07-09,295.8800048828125,566.9144897460938,-0.0064806174796113725,0.005927485448517178
2025-07-10,309.8699951171875,568.5748901367188,0.0472826483827995,0.00292883745372019
2025-07-11,313.510009765625,566.5289916992188,0.01174690904506881,-0.0035982919277495196
2025-07-14,316.8999938964844,567.6458129882812,0.010813001260769006,0.001971340046892811
2025-07-15,310.7799987792969,565.1848754882812,-0.01931207079538977,-0.004335339825805806
2025-07-16,321.6700134277344,567.04296875,0.03504091219258654,0.003287584898858942
2025-07-17,319.4100036621094,570.4427490234375,-0.007025863995037018,0.005995630773681926
2025-07-18,329.6499938964844,570.185791015625,0.03205907804067243,-0.00045045363141593686
2025-07-21,328.489990234375,571.203857421875,-0.0035188948387289143,0.0017854994324508766
2025-07-22,332.1099853515625,571.203857421875,0.0110201078413521,0.0
2025-07-23,332.55999755859375,576.0565185546875,0.0013550095657464123,0.008495497832796461
2025-07-24,305.29998779296875,576.4518432617188,-0.08197020076301287,0.0006862602788058059
2025-07-25,316.05999755859375,578.7447509765625,0.03524405566934252,0.003977622314242035
2025-07-28,325.5899963378906,578.6064453125,0.030152499060024596,-0.0002389752370610676
2025-07-29,321.20001220703125,577.1040649414062,-0.013483166498468035,-0.0025965496638779006
2025-07-30,319.0400085449219,576.4024658203125,-0.006724793213012448,-0.0012157237554113465
2025-07-31,308.2699890136719,574.238037109375,-0.03375758288237862,-0.003755064975055511
2025-08-01,302.6300048828125,564.7796630859375,-0.01829559909125389,-0.01647117294954803
2025-08-04,309.260009765625,573.3682861328125,0.021907956170373222,0.015207033128542546
2025-08-05,308.7200012207031,570.6107788085938,-0.0017461311772288823,-0.004809312602232052
2025-08-06,319.9100036621094,574.8507690429688,0.03624644466558724,0.007430617141912288
2025-08-07,322.2699890136719,574.5048217773438,0.007377028928595486,-0.0006018036058313969
2025-08-08,329.6499938964844,578.90283203125,0.02290006868278205,0.007655306077850144
2025-08-11,339.0299987792969,577.7168579101562,0.02845443669493286,-0.0020486583507156597
2025-08-12,340.8399963378906,583.8840942382812,0.005338753399730889,0.010675188448601824
2025-08-13,339.3800048828125,585.9200439453125,-0.004283509772223915,0.0034869072939678336
2025-08-14,335.5799865722656,585.9298706054688,-0.011196942235471519,1.6771332979281794e-05
2025-08-15,330.55999755859375,584.6648559570312,-0.014959143019665277,-0.002158986445136013
2025-08-18,335.1600036621094,584.457275390625,0.013915797850586165,-0.0003550419771108926
2025-08-19,329.30999755859375,581.264892578125,-0.017454368181154756,-0.005462132044410484
2025-08-20,323.8999938964844,579.7330932617188,-0.016428300696053943,-0.002635286142282145
2025-08-21,320.1099853515625,577.4500122070312,-0.011701168929731831,-0.003938158923863289
2025-08-22,340.010009765625,586.2857055664062,0.062166209505171155,0.015301226379067279
2025-08-25,346.6000061035156,583.8050537109375,0.019381771561470362,-0.004231131395353027
2025-08-26,351.6700134277344,586.1373901367188,0.01462783391499567,0.003995060356116964
2025-08-27,349.6000061035156,587.4815673828125,-0.0058862207330171445,0.0022932801570296757
2025-08-28,345.9800109863281,589.55712890625,-0.010354676927882056,0.003532981524312362
2025-08-29,333.8699951171875,586.1572265625,-0.03500206799409333,-0.005766875128891291
2025-09-02,329.3599853515625,581.8381958007812,-0.01350828116207925,-0.0073683826898246485
2025-09-03,334.0899963378906,584.8130493164062,0.014361219324440011,0.005112853602762701
2025-09-04,338.5299987792969,589.626220703125,0.01328983953448204,0.008230273576051106
2025-09-05,350.8399963378906,588.0151977539062,0.036363092201525005,-0.002732278336091687
2025-09-08,346.3999938964844,589.537353515625,-0.01265534855703887,0.002588633367867077
2025-09-09,346.9700012207031,590.9703369140625,0.001645517708609212,0.002430691439468724
2025-09-10,347.7900085449219,592.68017578125,0.0023633378140295314,0.002893273588173484
2025-09-11,368.80999755859375,597.5131225585938,0.06043873744853956,0.008154392495030027
2025-09-12,395.94000244140625,597.3845825195312,0.07356092584909457,-0.00021512504781828756
2025-09-15,410.0400085449219,600.4978637695312,0.03561147147692467,0.005211519247566576
2025-09-16,421.6199951171875,599.7070922851562,0.028241113869250656,-0.0013168597793354886
2025-09-17,425.8599853515625,599.0153198242188,0.01005642588937583,-0.001153517225053191
2025-09-18,416.8500061035156,601.83203125,-0.021157139806429193,0.0047022360406538954
2025-09-19,426.07000732421875,604.6389770507812,0.022118270566640064,0.004664002005594803
2025-09-22,434.2099914550781,607.5841064453125,0.019104804353584193,0.0048708890864042065
2025-09-23,425.8500061035156,604.4016723632812,-0.019253323313789705,-0.005237849457008004
2025-09-24,442.7900085449219,602.385498046875,0.03977927016229388,-0.003335818560069148
2025-09-25,423.3900146484375,599.5094604492188,-0.04381307961359793,-0.004774413738347416
2025-09-26,440.3999938964844,603.0377807617188,0.0401756741055197,0.00588534551207287
2025-09-29,443.2099914550781,604.732666015625,0.00638055766924972,0.0028105788857297753
2025-09-30,444.7200012207031,606.9628295898438,0.0034069849388267404,0.0036878503503250393
2025-10-01,459.4599914550781,609.1334228515625,0.033144428390707636,0.003576155171125528
2025-10-02,436.0,609.8074340820312,-0.051059922281332826,0.0011065083694037359
2025-10-03,429.8299865722656,609.85693359375,-0.014151406944344913,8.117236516347326e-05
2025-10-06,453.25,611.9384155273438,0.054486690457546505,0.0034130659486448778
2025-10-07,433.0899963378906,609.7578735351562,-0.044478772558432134,-0.003563335683556268
2025-10-08,438.69000244140625,613.2963256835938,0.012930352007360923,0.005803044621503384
2025-10-09,435.5400085449219,611.6410522460938,-0.007180455170972544,-0.002698978239687011
2025-10-10,413.489990234375,595.1978149414062,-0.05062684914805626,-0.02688380259026757
2025-10-13,435.8999938964844,604.21728515625,0.054197209585187034,0.015153735427828607
2025-10-14,429.239990234375,603.3649291992188,-0.015278742269702716,-0.0014106778769343853
2025-10-15,435.1499938964844,606.021240234375,0.013768529951932784,0.004402494919089284
2025-10-16,428.75,602.0169067382812,-0.01470755828163206,-0.006607579454715351
2025-10-17,439.30999755859375,605.3571166992188,0.02462973191508744,0.005548365707924496
2025-10-20,447.42999267578125,611.71044921875,0.018483519979771268,0.010495181016741961
2025-10-21,442.6000061035156,611.631103515625,-0.010794954856246153,-0.00012971121095994853
2025-10-22,438.9700012207031,608.5386962890625,-0.008201547294971134,-0.005056000600341393
2025-10-23,448.9800109863281,611.97802734375,0.022803402824313368,0.0056517869375618535
2025-10-24,433.7200012207031,617.0427856445312,-0.03398817183887881,0.008276045992638759
2025-10-27,452.4200134277344,624.4269409179688,0.043115401997602554,0.011967006900055477
2025-10-28,460.54998779296875,626.1019287109375,0.017969970655449252,0.002682439983301199
2025-10-29,461.510009765625,626.3596801757812,0.0020845119924046696,0.00041167652266205224
2025-10-30,440.1000061035156,619.7090454101562,-0.04639120107705208,-0.010617916472143607
2025-10-31,456.55999755859375,621.4931030273438,0.03740057084027071,0.0028788632833440797
2025-11-03,468.3699951171875,622.7122802734375,0.02586735066967427,0.001961690709285424
2025-11-04,444.260009765625,615.49658203125,-0.05147636612701911,-0.011587531626996439
2025-11-05,462.07000732421875,617.35009765625,0.040089130615176494,0.0030114149763156295
2025-11-06,445.9100036621094,610.7886352539062,-0.03497306340156037,-0.010628430168318048
2025-11-07,429.5199890136719,611.4329223632812,-0.03675632866235745,0.0010548446257634403
2025-11-10,445.2300109863281,620.9281616210938,0.03657576451501576,0.01552948640892926
2025-11-11,439.6199951171875,622.3553466796875,-0.01260026442672324,0.0022984704943447287
2025-11-12,430.6000061035156,622.6626586914062,-0.02051769508633805,0.0004937886584541751
2025-11-13,401.989990234375,612.523193359375,-0.06644220962287406,-0.016284042716389058
2025-11-14,404.3500061035156,612.3645629882812,0.005870832424868633,-0.00025897855430379035
2025-11-17,408.9200134277344,606.625732421875,0.011302107716671506,-0.009371591553896108
2025-11-18,401.25,601.63037109375,-0.018756757252943457,-0.00823466770554171
2025-11-19,403.989990234375,603.8109741210938,0.006828636098130891,0.003624489607097825
2025-11-20,395.2300109863281,594.6527099609375,-0.02168365419886953,-0.015167435758329795
2025-11-21,391.0899963378906,600.56982421875,-0.010474950113494086,0.009950537782298596
2025-11-24,417.7799987792969,609.5001220703125,0.0682451678419993,0.014869707886471684
2025-11-25,419.3999938964844,615.1694946289062,0.0038776272725380423,0.009301675837793733
2025-11-26,426.5799865722656,619.421630859375,0.017119677587676296,0.00691213765896137
2025-11-28,430.1700134277344,622.8510131835938,0.008415835173881447,0.005536426487820378
2025-12-01,430.1400146484375,619.9866333007812,-6.973703038437584e-05,-0.004598820299210438
2025-12-02,429.239990234375,621.0371704101562,-0.0020923987153301793,0.001694451223540172
2025-12-03,446.739990234375,623.2078247070312,0.04076973347810542,0.003495208339045819
2025-12-04,454.5299987792969,623.7330932617188,0.017437455153354264,0.0008428465334728852
2025-12-05,455.0,624.9026489257812,0.0010340378456106247,0.001875089965078569
2025-12-08,439.5799865722656,623.0491943359375,-0.033890139401614006,-0.002965989331346064
2025-12-09,445.1700134277344,622.543701171875,0.01271674558948499,-0.000811321431209433
2025-12-10,451.45001220703125,626.5678100585938,0.014106967203253218,0.0064639781579087785
2025-12-11,446.8900146484375,628.1041259765625,-0.010100780674035192,0.002451954749838059
2025-12-12,458.9599914550781,621.3246459960938,0.027008830833098685,-0.0107935606535432
2025-12-15,475.30999755859375,620.4227294921875,0.035624033484225714,-0.0014516026520408065
2025-12-16,489.8800048828125,618.6881713867188,0.030653694218629735,-0.0027957681480955676
2025-12-17,467.260009765625,611.8887939453125,-0.04617456293730249,-0.010989991009794475
2025-12-18,483.3699951171875,616.507568359375,0.034477560704677446,0.00754838862840046
2025-12-19,481.20001220703125,622.0084838867188,-0.00448927929345333,0.008922705591405178
2025-12-22,488.7300109863281,625.9256591796875,0.01564837611861325,0.0062976235765976885
2025-12-23,485.55999755859375,628.8479614257812,-0.00648622625268469,0.004668768891698205
2025-12-24,485.3999938964844,630.9451904296875,-0.00032952397832164415,0.003335033477966931
2025-12-26,475.19000244140625,631.0048828125,-0.021034181259704576,9.460787358062106e-05
2025-12-29,459.6400146484375,628.7783813476562,-0.03272372674735757,-0.003528501166139675
2025-12-30,454.42999267578125,627.9036865234375,-0.011335005235871831,-0.0013911019369718947
2025-12-31,449.7200012207031,623.3414306640625,-0.010364613980130777,-0.007265852960085639
2026-01-02,438.07000732421875,624.5043334960938,-0.02590499391813139,0.0018655952818544819
2026-01-05,451.6700134277344,628.6392822265625,0.031045280151877908,0.006621168995450288
2026-01-06,432.9599914550781,632.3665771484375,-0.041424095947095174,0.00592914733020411
2026-01-07,431.4100036621094,630.3388671875,-0.0035799792672750463,-0.0032065419555871166
2026-01-08,435.79998779296875,630.2295532226562,0.010175897854927118,-0.00017342094948313846
2026-01-09,445.010009765625,634.453857421875,0.02113359850994656,0.006702802459227719
2026-01-12,448.9599914550781,635.4776611328125,0.00887616368794375,0.0016136771791375182
2026-01-13,447.20001220703125,634.1755981445312,-0.003920124914344347,-0.002048951627914297
2026-01-14,439.20001220703125,631.104248046875,-0.017889087168218576,-0.0048430594091642964
2026-01-15,438.57000732421875,632.7740478515625,-0.0014344373071545347,0.002645838322044458
2026-01-16,437.5,632.247314453125,-0.0024397640202233895,-0.0008324194082008907
2026-01-20,419.25,619.385498046875,-0.041714285714285704,-0.02034301469097588
2026-01-21,431.44000244140625,626.4822998046875,0.02907573629435012,0.011457810652963252
2026-01-22,449.3599853515625,629.7424926757812,0.041535283721378935,0.005203966452220765
2026-01-23,449.05999755859375,630.0009765625,-0.0006675890216037983,0.000410459655692641
2026-01-26,435.20001220703125,633.2412719726562,-0.030864440001147186,0.005143318075213843
2026-01-27,430.8999938964844,635.83544921875,-0.009880556502607107,0.004096664827313745
2026-01-28,431.4599914550781,635.736083984375,0.0012995998294869082,-0.00015627507792637108
2026-01-29,416.55999755859375,634.4141235351562,-0.03453389466363932,-0.0020794170450945115
2026-01-30,430.4100036621094,632.37646484375,0.033248526466028494,-0.003211874729477593
2026-02-02,421.80999755859375,635.8155517578125,-0.019980962408733927,0.005438353742200475
2026-02-03,421.9599914550781,630.3190307617188,0.0003555958781265023,-0.008644835724602395
2026-02-04,406.010009765625,627.0985717773438,-0.03779974882085746,-0.005109252342394233
2026-02-05,397.2099914550781,619.335693359375,-0.02167438757390938,-0.012379040181780265
2026-02-06,411.1099853515625,631.4024047851562,0.03499406912088299,0.01948331341978604
2026-02-09,417.32000732421875,634.3743286132812,0.015105500216312517,0.004706861750291003
2026-02-10,425.2099914550781,632.59521484375,0.018906316477488305,-0.002804517284645369
2026-02-11,428.2699890136719,632.5056762695312,0.00719643851293883,-0.00014154165589264078
2026-02-12,417.07000732421875,622.705322265625,-0.02615168463063977,-0.015494491783390685
2026-02-13,417.44000244140625,623.1029052734375,0.0008871295242764976,0.0006384769707217242
2026-02-17,410.6300048828125,624.1961669921875,-0.016313715788533356,0.0017545444091136009
2026-02-18,411.32000732421875,627.337158203125,0.0016803507615161806,0.005032057832192294
2026-02-19,411.7099914550781,625.7269287109375,0.0009481282794785439,-0.0025667688756069174
2026-02-20,411.82000732421875,630.1898193359375,0.00026721690370390405,0.007132329487871125
2026-02-23,399.8299865722656,623.8384399414062,-0.02911471161845125,-0.01007851793166703
2026-02-24,409.3800048828125,628.3907470703125,0.023885197787236967,0.007297253323045982
2026-02-25,417.3999938964844,633.6785888671875,0.019590573349979934,0.008414894429187525
2026-02-26,408.5799865722656,630.1202392578125,-0.021130827631028026,-0.0056153855785725515
2026-02-27,402.510009765625,627.227783203125,-0.014856275407819197,-0.004590323996090606
2026-03-02,403.32000732421875,627.4663696289062,0.0020123662491409178,0.00038038242592319804
2026-03-03,392.42999267578125,621.9398803710938,-0.027000928420799375,-0.008807626233547694
2026-03-04,405.94000244140625,626.3729858398438,0.03442654745501761,0.007127868156814321
2026-03-05,405.54998779296875,623.0233154296875,-0.0009607691927178141,-0.005347724895359285
2026-03-06,396.7300109863281,614.6939697265625,-0.021748186591348584,-0.013369235944854507
2026-03-09,398.67999267578125,620.031494140625,0.004915135319874642,0.00868322234629515
2026-03-10,399.239990234375,618.9580078125,0.0014046291985592152,-0.0017313416145301463
2026-03-11,407.82000732421875,618.272216796875,0.02149087591352461,-0.0011079766429530347
2026-03-12,395.010009765625,608.7998046875,-0.03141091003024221,-0.015320779184368583
2026-03-13,391.20001220703125,605.4104614257812,-0.009645319015724074,-0.005567254187045179
2026-03-16,395.55999755859375,611.4735717773438,0.011145156481373375,0.01001487542399504
2026-03-17,399.2699890136719,613.1632690429688,0.00937908655570907,0.0027633201884975644
2026-03-18,392.7799987792969,604.7046508789062,-0.016254640751756533,-0.013795050341591342
2026-03-19,380.29998779296875,603.0845336914062,-0.03177353995904619,-0.0026791875755300953
2026-03-20,367.9599914550781,594.3277587890625,-0.03244805872728129,-0.014519979228690527
2026-03-23,380.8500061035156,600.778564453125,0.035031022251806876,0.010853953174265296
2026-03-24,383.0299987792969,598.7409057617188,0.005724019012326664,-0.003391696728163196
2026-03-25,385.95001220703125,602.0010375976562,0.007623458833617036,0.005444979296662433
2026-03-26,372.1099853515625,591.3259887695312,-0.03585963575004292,-0.017732608685733897
2026-03-27,361.8299865722656,581.267333984375,-0.027626237359861583,-0.017010337742954462
2026-03-30,355.2799987792969,579.2431640625,-0.018102390725044493,-0.0034823390263478693
2026-03-31,371.75,595.81494140625,0.04635780589195071,0.02860936196039754
2026-04-01,381.260009765625,600.5511474609375,0.025581734406523227,0.007949122664680175
2026-04-02,360.5899963378906,601.2391357421875,-0.05421500524128142,0.0011455948159597718
2026-04-06,352.82000732421875,603.9113159179688,-0.021547988276388597,0.004444454821595389
2026-04-07,346.6499938964844,604.2802734375,-0.017487708462248674,0.0006109465244419354
2026-04-08,343.25,619.535888671875,-0.009808146419583275,0.025245926277871256
2026-04-09,345.6199951171875,623.2052001953125,0.006904574267115882,0.0059226779118535244
2026-04-10,348.95001220703125,622.786376953125,0.009634908676839249,-0.000672047091481609
2026-04-13,352.4200134277344,628.8886108398438,0.009944121218842028,0.009798277728187976
2026-04-14,364.20001220703125,636.4964599609375,0.03342602102735692,0.012097291936856491
2026-04-15,391.95001220703125,641.5816650390625,0.07619439612820611,0.007989368987907808
2026-04-16,388.8999938964844,642.987548828125,-0.007781651270713175,0.0021912780019623934
2026-04-17,400.6199951171875,650.8845825195312,0.03013628543234881,0.01228178322550555
2026-04-20,392.5,649.6481323242188,-0.02026857175416885,-0.0018996458489249912
2026-04-21,386.4200134277344,645.37060546875,-0.015490411649084379,-0.006584374898709
2026-04-22,387.510009765625,652.0013427734375,0.0028207553957204645,0.01027430944096297
2026-04-23,373.7200012207031,649.3689575195312,-0.03558619957523779,-0.00403739238129297
2026-04-24,376.29998779296875,654.5139770507812,0.0069035282132037246,0.007923106689458947
2026-04-27,378.6700134277344,655.5908813476562,0.0062982346841573555,0.0016453495794352957
2026-04-28,376.0199890136719,652.3602905273438,-0.006998242057971282,-0.0049277543544711255
2026-04-29,372.79998779296875,652.34033203125,-0.008563377785179571,-3.0594284145646355e-05
2026-04-30,381.6300048828125,658.6619262695312,0.02368566893502,0.009690638349153069
2026-05-01,390.82000732421875,660.5963134765625,0.024080922159745333,0.002936843819084878
2026-05-04,392.510009765625,658.2032470703125,0.00432424750456617,-0.00362258516650793
2026-05-05,389.3699951171875,663.3682250976562,-0.007999833304410453,0.007847086823611571
2026-05-06,398.7300109863281,672.7009887695312,0.024038873016714035,0.014068752947129948
2026-05-07,411.7900085449219,670.587158203125,0.03275398690529352,-0.0031423033438270354
2026-05-08,428.3500061035156,676.0711669921875,0.040214665764012114,0.008177920978619913
2026-05-11,445.0,677.5469360351562,0.038870068073398656,0.0021828604960840714
2026-05-12,433.45001220703125,676.6993408203125,-0.025955028748244402,-0.0012509763822469155
2026-05-13,445.2699890136719,680.4285278320312,0.027269526989873505,0.005510847708523059
2026-05-14,443.29998779296875,685.7330322265625,-0.004424284747029383,0.007795828918920167
2026-05-15,422.239990234375,677.4671630859375,-0.04750732717914996,-0.012054062954770961
2026-05-18,409.989990234375,676.9386596679688,-0.029011937010514632,-0.0007801166562249051
2026-05-19,404.1099853515625,672.6312866210938,-0.014341825466156255,-0.006363018251886676
2026-05-20,417.260009765625,679.5910034179688,0.0325407064678751,0.01034700129968158
2026-05-21,417.8500061035156,680.8572998046875,0.0014139776735901943,0.0018633212922920528
2026-05-22,426.010009765625,683.5593872070312,0.019528547428303344,0.003968654522935822
2026-05-26,433.5899963378906,688.0064697265625,0.017792977626126305,0.006505773459862363
2026-05-27,440.3599853515625,687.9566040039062,0.015613803526030035,-7.247856648218143e-05
2026-05-28,442.1000061035156,691.8950805664062,0.003951359818862743,0.005724890988149545
2026-05-29,435.7900085449219,693.4705200195312,-0.014272783242432974,0.00227699184077923
2026-06-01,415.8800048828125,695.2752685546875,-0.045687150397476395,0.0026024877526233947
2026-06-02,423.739990234375,696.2325439453125,0.018899647156100485,0.00137682934216099
2026-06-03,423.70001220703125,691.3467407226562,-9.43456559803213e-05,-0.007017487569555558
2026-06-04,418.45001220703125,694.0388793945312,-0.012390842220308285,0.003894049849806125
2026-06-05,391.0,676.0313110351562,-0.06559926253138726,-0.025946051286182326
2026-06-08,408.95001220703125,677.7064208984375,0.04590795960877547,0.002477858400842914
2026-06-09,396.67999267578125,675.7322387695312,-0.03000371479396924,-0.0029130344173057265
2026-06-10,381.5899963378906,665.1130981445312,-0.038040729596927614,-0.015715012568198405
2026-06-11,399.1499938964844,676.2606201171875,0.046017971453959916,0.016760340465034496
2026-06-12,406.42999267578125,679.9698486328125,0.018238754580025995,0.005484909819208905
2026-06-15,411.1499938964844,691.8153686523438,0.011613319158924273,0.017420654817781323
2026-06-16,404.6600036621094,687.7471923828125,-0.015784969793794956,-0.005880436390790278
2026-06-17,396.3800048828125,679.431396484375,-0.02046161890071707,-0.012091355647161683
2026-06-18,400.489990234375,686.1119384765625,0.010368800900483421,0.009832548255431117
2026-06-22,405.04998779296875,684.1077880859375,0.011386046267785943,-0.0029210253870163294
2026-06-23,381.6099853515625,674.3761596679688,-0.05786940661108486,-0.014225285236405316
2026-06-24,375.5299987792969,673.72802734375,-0.0159324619523894,-0.0009610842775608086
2026-06-25,375.1199951171875,673.7479858398438,-0.00109180002514353,2.9623965879022052e-05
2026-06-26,379.7099914550781,670.260009765625,0.01223607484974698,-0.005176974399219714
2026-06-29,411.8399963378906,681.010009765625,0.08461722263269356,0.016038551969942194
2026-06-30,420.6000061035156,686.8099975585938,0.02127042017171621,0.008516743821379125
2026-07-01,425.29998779296875,685.4600219726562,0.011174468904540102,-0.0019655735803734142
2026-07-02,393.45001220703125,684.8400268554688,-0.07488825887632455,-0.000904494933786526
2026-07-06,419.7699890136719,690.6199951171875,0.06689535135353153,0.008439880899278274
2026-07-07,402.8999938964844,687.0800170898438,-0.04018866417017264,-0.005125797185676739
2026-07-08,394.05999755859375,685.260009765625,-0.021940919513048773,-0.002648901552875116
2026-07-09,406.54998779296875,690.6900024414062,0.03169565627507742,0.007923988848610009
2026-07-10,407.760009765625,693.8599853515625,0.002976317818197627,0.004589588525896193
2026-07-13,394.760009765625,688.5,-0.03188149815738972,-0.007724880328481176
2026-07-14,396.17999267578125,691.0999755859375,0.0035970789214421206,0.0037762898851669835
2026-07-15,394.4599914550781,693.7999877929688,-0.004341464113536642,0.0039068330233149595
2026-07-16,391.05999755859375,690.1400146484375,-0.00861936310433542,-0.005275256859219479
2026-07-17,380.8399963378906,683.1699829101562,-0.02613410035418373,-0.010099445895528691
2026-07-20,369.57000732421875,682.2100219726562,-0.029592451218471427,-0.0014051567860325909
2026-07-21,378.92999267578125,687.8699951171875,0.025326690927467865,0.008296525941036581
2026-07-22,374.010009765625,687.030029296875,-0.012983883580748534,-0.00122111129468494
2026-07-23,319.69000244140625,678.6099853515625,-0.14523677416617442,-0.012255714577614318
2026-07-24,313.0299987792969,679.1400146484375,-0.020832692956452514,0.0007810514261743506
2026-07-27,309.2200012207031,679.3099975585938,-0.012171349626078465,0.0002502914075004359
2026-07-28,307.44000244140625,680.9600219726562,-0.005756415407379811,0.0024289711913449974
2026-07-29,298.32000732421875,670.6300048828125,-0.029664308628561287,-0.015169784945552323
2026-07-30,308.8500061035156,681.7899780273438,0.03529766197629747,0.016641028679415193
2026-07-31,311.2099914550781,686.6500244140625,0.007641202217659959,0.007128362902576679
2026-08-03,322.0799865722656,696.4000244140625,0.03492816881091865,0.014199373266344795
2026-08-04,327.3500061035156,708.97998046875,0.01636245575931672,0.018064267107503307
2026-08-05,321.54998779296875,707.5999755859375,-0.01771809440172356,-0.0019464652329111987
2026-08-06,319.5299987792969,706.4000244140625,-0.006282037289245479,-0.0016958044280334095
2026-08-07,328.5799865722656,710.7100219726562,0.02832281108985857,0.0061013553364026585
2026-08-10,330.8800048828125,710.6500244140625,0.006999873408422008,-8.441918185875252e-05
2026-08-11,332.80999755859375,708.4199829101562,0.005832908145854354,-0.003138030573832662
2026-08-12,327.510009765625,710.1699829101562,-0.015924965691680115,0.00247028604813071
2026-08-13,339.9599914550781,714.9500122070312,0.0380140493976433,0.0067308241856227635
2026-08-14,342.2699890136719,713.6099853515625,0.006794910038403712,-0.0018742944717661247
2026-08-17,339.29998779296875,710.27001953125,-0.008677363823985429,-0.004680379883791885
2026-08-18,336.8699951171875,705.4000244140625,-0.00716178238492593,-0.006856540446971815
2026-08-19,351.1199951171875,706.9099731445312,0.04230118504630487,0.0021405566745238414
2026-08-20,345.1300048828125,701.010009765625,-0.01705966711572726,-0.008346131194983064
2026-08-21,362.8599853515625,703.7100219726562,0.05137188948486271,0.0038516029292277043
2026-08-24,348.95001220703125,701.8300170898438,-0.03833427136104406,-0.002671561899235786
2026-08-25,350.25,704.02001953125,0.003725426988085312,0.003120417178061441
2026-08-26,345.82000732421875,704.2000122070312,-0.012648087582530332,0.0002556641441830987
2026-08-27,354.80999755859375,708.75,0.025996154195747634,0.0064612151577627674
2026-08-28,348.75,707.239990234375,-0.01707955694679375,-0.002130525242504455
2026-08-31,367.95001220703125,704.8900146484375,0.05505379844310032,-0.003322741386779793
2026-09-01,356.0899963378906,700.280029296875,-0.03223268236356913,-0.006540006604947801
2026-09-02,357.010009765625,703.4099731445312,0.002583654236838928,0.004469560342594603
2026-09-03,376.3699951171875,710.719970703125,0.05422813036607077,0.01039222905230508
2026-09-04,354.0799865722656,708.010009765625,-0.05922365978717725,-0.003812979864374677
2026-09-08,368.1600036621094,704.0700073242188,0.039765074626634034,-0.005564896522734952
2026-09-09,367.80999755859375,700.8900146484375,-0.0009506901891408459,-0.004516585911487181
